OBJECTID,UIDENTSTLA,ULAND,UREGBEZ,UKREIS,UGEMEINDE,UJAHR,UMONAT,USTUNDE,UWOCHENTAG,UKATEGORIE,UART,UTYP1,IstRad,IstPKW,IstFuss,IstKrad,IstGkfz,IstSonstig,ULICHTVERH,STRZUSTAND,LINREFX,LINREFY,XGCSWGS84,YGCSWGS84,Teilnehmer,color,symbol
72402,"9,17E+18",9,1,73,137,2017,1,13,3,3,9,1,0,1,0,0,0,0,0,2,677841.9652,5310169.2288,11.380482683,47.920160269,2,#fc8d62,car
72403,"9,17E+18",9,1,90,138,2017,1,16,3,3,9,1,0,1,0,0,0,0,0,0,663272.2023,5306451.4362,11.184206729,47.890610411,2,#fc8d62,car
72407,"9,17E+18",9,1,87,165,2017,1,18,3,3,3,6,0,1,0,0,0,1,2,0,729138.7422,5300297.6189,12.06097598,47.815194329,2,#fc8d62,car
72408,"9,17E+18",9,1,87,177,2017,1,18,3,3,3,2,1,1,0,0,0,0,2,1,736201.0256,5305702.3967,12.15812077,47.861196799,1,#66c2a5,bicycle
72412,"9,17E+18",9,1,88,121,2017,1,16,3,3,8,1,0,1,0,0,0,0,0,2,670405.5858,5329175.6664,11.28857804,48.093047983,2,#fc8d62,car
72413,"9,17E+18",9,1,88,121,2017,1,15,3,2,8,1,0,1,0,0,0,0,0,1,672055.3316,5329600.7113,11.310887135,48.096425769,2,#fc8d62,car
72414,"9,17E+18",9,1,62,0,2017,1,10,3,3,3,6,0,1,0,0,0,1,0,1,683333.0298,5342540.1487,11.467791831,48.209588777,2,#fc8d62,car
72415,"9,17E+18",9,1,88,118,2017,1,14,3,3,9,1,0,1,0,0,0,0,0,2,671227.5147,5310531.1344,11.292164263,47.925214439,2,#fc8d62,car
72416,"9,17E+18",9,1,79,123,2017,1,14,3,2,2,6,0,0,0,0,0,1,0,1,674023207.0,5331929674.0,11.338245086,48.116827665,6,#ffd92f,circle
72417,"9,17E+18",9,1,79,123,2017,1,18,3,3,5,2,0,1,0,0,0,0,2,0,677442.6266,5331966.7579,11.384164349,48.116217386,2,#fc8d62,car
72418,"9,17E+18",9,1,74,136,2017,1,12,3,3,5,3,0,1,0,0,0,0,0,0,683942.9649,5362939.7585,11.484882745,48.392769583,2,#fc8d62,car
72419,"9,17E+18",9,1,78,120,2017,1,19,3,3,0,6,0,1,0,0,0,0,2,2,694263.5729,5354746.4127,11.620374692,48.316040132,2,#fc8d62,car
72420,"9,17E+18",9,1,78,120,2017,1,20,3,2,3,6,0,1,0,0,0,1,2,1,694715.4449,5353888.7887,11.626067439,48.308193498,2,#fc8d62,car
72421,"9,17E+18",9,1,77,117,2017,1,17,3,3,2,6,0,1,0,0,0,0,1,0,714567.7707,5355367.3955,11.894223042,48.315057803,2,#fc8d62,car
72424,"9,17E+18",9,1,87,130,2017,1,8,4,3,5,3,0,1,0,0,0,0,0,0,712761.6174,5310092.6392,11.847309567,47.908838039,2,#fc8d62,car
72425,"9,17E+18",9,1,62,0,2017,1,9,2,3,8,3,0,1,0,0,0,0,0,2,682764.1117,5336743.4086,11.457647539,48.157648245,2,#fc8d62,car
72426,"9,17E+18",9,1,84,149,2017,1,7,2,3,1,6,0,1,0,0,0,1,1,2,692175.1075,5350512.6243,11.590307086,48.27862702,2,#fc8d62,car
72428,"9,17E+18",9,1,62,0,2017,1,11,2,2,5,3,0,1,0,0,0,1,0,1,685232.4541,5328848.8262,11.487377054,48.085973609,2,#fc8d62,car
72429,"9,17E+18",9,7,78,116,2017,1,11,2,3,3,6,0,1,0,0,0,1,0,0,620278.5271,5322126878.0,10.613714042,48.041089504,2,#fc8d62,car
72442,"9,17E+18",9,7,72,156,2017,1,21,2,3,8,1,0,1,0,0,0,0,2,2,628391.5449,5368826.1558,10.736678157,48.459461591,2,#fc8d62,car
72443,"9,17E+18",9,7,72,130,2017,1,14,2,3,2,6,0,1,0,0,0,0,0,0,632011.55,5357652828.0,10.782104394,48.358239877,2,#fc8d62,car
72445,"9,17E+18",9,7,71,113,2017,1,10,2,3,5,3,0,1,0,0,0,0,0,0,657862929.0,5372609.33,11.136487218,48.486769464,2,#fc8d62,car
72446,"9,17E+18",9,7,71,114,2017,1,14,2,3,5,3,0,1,0,0,0,0,0,0,644271.4268,5374770.9589,10.953405743,48.509471696,2,#fc8d62,car
72447,"9,17E+18",9,1,74,146,2017,1,19,4,2,8,1,0,1,0,0,0,0,2,1,666265.9774,5351180.3715,11.241642832,48.291964083,2,#fc8d62,car
72464,"9,17E+18",9,1,88,124,2017,1,18,4,3,4,6,0,1,0,0,0,0,2,0,660697.8254,5315555.3429,11.153189578,47.973112868,2,#fc8d62,car
72465,"9,17E+18",9,1,74,113,2017,1,22,4,3,0,1,0,1,0,0,0,1,2,1,676087.9193,5347835.1362,11.372556745,48.259237305,2,#fc8d62,car
72466,"9,17E+18",9,1,84,112,2017,1,23,4,3,2,6,0,1,0,0,0,0,2,1,703088.9335,5339433.1709,11.731935807,48.175654758,2,#fc8d62,car
72468,"9,17E+18",9,1,78,145,2017,1,8,4,3,2,6,0,1,0,0,0,1,0,1,696746.1595,5356370.1421,11.654582217,48.329865157,2,#fc8d62,car
72471,"9,17E+18",9,1,77,117,2017,1,6,4,3,2,6,0,1,0,0,0,0,2,0,712790.5399,5352161.2439,11.868666082,48.286849627,2,#fc8d62,car
72474,"9,17E+18",9,1,75,115,2017,1,7,4,2,1,6,0,1,0,0,0,0,0,0,722091.4504,5329182196.0,11.98187079,48.07719654,2,#fc8d62,car
72485,"9,17E+18",9,1,62,0,2017,1,16,3,3,1,6,0,1,0,0,0,0,0,1,682770.2686,5336619244.0,11.457676916,48.156530403,2,#fc8d62,car
72486,"9,17E+18",9,1,62,0,2017,1,8,3,3,2,6,0,1,0,0,0,0,2,0,694518.1826,5335013.0492,11.614749439,48.138609887,2,#fc8d62,car
72499,"9,17E+18",9,2,61,0,2017,1,18,2,3,4,6,0,1,0,0,0,0,2,0,732597.1677,5378853.8563,12.150069316,48.519663702,2,#fc8d62,car
72507,"9,17E+18",9,1,73,126,2017,1,7,2,3,5,3,0,1,0,0,0,0,0,1,685630.2518,5303801.8483,11.481894771,47.860717094,2,#fc8d62,car
72514,"9,17E+18",9,1,62,0,2017,1,7,2,3,1,6,0,1,0,0,0,0,0,0,694656.2717,5331788.9577,11.61513134,48.109590802,2,#fc8d62,car
72515,"9,17E+18",9,1,87,169,2017,1,17,2,3,5,3,0,1,0,0,0,0,2,0,736839.5301,5299418627.0,12.163208383,47.804510239,2,#fc8d62,car
72516,"9,17E+18",9,1,87,165,2017,1,7,2,3,2,6,0,1,0,0,0,0,0,0,734885.8751,5299522.9873,12.137212632,47.806163463,2,#fc8d62,car
72522,"9,17E+18",9,7,77,121,2017,1,9,2,3,2,6,0,1,0,0,0,0,0,0,630019.6235,5321791.4846,10.744242987,48.036163769,2,#fc8d62,car
72523,"9,17E+18",9,1,81,141,2017,1,11,2,3,5,3,0,1,0,0,0,0,0,0,643853.5735,5319371.6837,10.928912542,48.01143814,2,#fc8d62,car
72524,"9,17E+18",9,1,74,143,2017,1,15,2,3,2,6,0,1,0,0,0,0,0,0,674898.41,5352664.3678,11.358542424,48.3029773,2,#fc8d62,car
72525,"9,17E+18",9,1,74,126,2017,1,8,2,3,2,6,0,1,0,0,0,0,0,0,684916887.0,5347302.9825,11.491169128,48.251939205,2,#fc8d62,car
72526,"9,17E+18",9,1,74,113,2017,1,8,2,3,1,6,0,1,0,0,0,0,0,0,678584.6877,5349908.6743,11.407042472,48.277177201,2,#fc8d62,car
72528,"9,17E+18",9,7,78,169,2017,1,10,1,3,5,3,0,1,0,0,0,0,0,0,617634.1957,5332764.5378,10.581181223,48.137253349,2,#fc8d62,car
72534,"9,17E+18",9,7,71,130,2017,1,14,1,3,3,7,0,1,0,0,0,0,0,0,645010.8595,5362994.7996,10.959331328,48.403419699,2,#fc8d62,car
72535,"9,17E+18",9,7,61,0,2017,1,15,1,3,2,6,0,1,0,0,0,0,0,0,636898.3812,5360261.6029,10.8488889,48.380657118,2,#fc8d62,car
72536,"9,17E+18",9,7,61,0,2017,1,5,1,3,4,6,0,1,0,0,0,0,2,0,641093.7476,5357197.6148,10.90448974,48.352182568,2,#fc8d62,car
72555,"9,17E+18",9,1,87,142,2017,1,14,1,2,4,2,0,1,0,0,0,0,0,0,734056.2352,5312651.9342,12.133256135,47.924415546,2,#fc8d62,car
72561,"9,17E+18",9,1,81,127,2017,1,13,1,3,3,6,0,1,0,0,0,1,0,0,631784.2584,5322182492.0,10.768024707,48.039318268,2,#fc8d62,car
72562,"9,17E+18",9,1,81,141,2017,1,4,1,3,9,1,0,1,0,0,0,0,2,2,643938.1047,5319896.5118,10.930221528,48.01613839,2,#fc8d62,car
72563,"9,17E+18",9,1,74,126,2017,1,8,1,3,3,6,0,1,0,0,0,0,0,0,683381.2007,5344208.3296,11.469160958,48.224569279,2,#fc8d62,car
72564,"9,17E+18",9,1,78,124,2017,1,16,1,3,2,6,0,1,0,0,0,0,0,0,706014.8731,5363200.0147,11.782833225,48.388285825,2,#fc8d62,car
72565,"9,17E+18",9,1,78,124,2017,1,13,1,3,2,6,0,1,0,0,0,1,0,0,702446.2929,5365538.1246,11.735813994,48.410452102,2,#fc8d62,car
72568,"9,17E+18",9,7,62,0,2017,1,13,7,3,4,6,0,1,0,0,0,0,0,1,619384.7857,5303753.3175,10.596627201,47.87601018,2,#fc8d62,car
72571,"9,17E+18",9,7,61,0,2017,1,13,7,3,2,6,0,1,0,0,0,0,0,0,636873.4931,5359580.9043,10.848331301,48.374541741,2,#fc8d62,car
72572,"9,17E+18",9,7,61,0,2017,1,17,7,3,2,7,0,1,0,0,0,0,2,1,643065.9031,5360494.0024,10.932215631,48.381378319,2,#fc8d62,car
72577,"9,17E+18",9,7,77,128,2017,1,17,3,3,8,1,0,1,0,0,0,0,2,2,614047.3239,5303321.5742,10.52515789,47.873097268,2,#fc8d62,car
72580,"9,17E+18",9,7,71,162,2017,1,16,3,3,5,3,0,1,0,0,0,0,1,1,666192066.0,5369050328.0,11.247709957,48.45262891,2,#fc8d62,car
72581,"9,17E+18",9,7,71,144,2017,1,10,3,3,8,1,0,1,0,0,0,0,0,1,660452.2848,5374463.9375,11.172217521,48.50278666,2,#fc8d62,car
72609,"9,17E+18",9,2,74,194,2017,1,14,7,3,2,6,0,1,0,0,0,0,0,0,721134.2195,5378424.4227,11.994825306,48.519946938,2,#fc8d62,car
72610,"9,17E+18",9,1,73,147,2017,1,13,7,3,5,3,1,1,0,0,0,0,0,1,681500.3421,5308913.9223,11.428877928,47.907850899,1,#66c2a5,bicycle
72616,"9,17E+18",9,1,90,158,2017,1,11,7,3,4,1,0,1,0,0,0,0,0,1,652641.4584,5303137.4753,11.040917406,47.86342891,2,#fc8d62,car
72618,"9,17E+18",9,1,83,139,2017,1,9,7,3,9,1,0,1,0,0,0,0,0,0,735179.4994,5330760.1194,12.158194619,48.086680127,2,#fc8d62,car
72620,"9,17E+18",9,1,82,133,2017,1,11,7,3,4,6,0,1,0,0,0,0,0,0,703844.4303,5308322.5529,11.727280807,47.895825762,2,#fc8d62,car
72621,"9,17E+18",9,1,82,120,2017,1,14,7,3,2,6,0,1,0,0,0,0,0,0,702968.5703,5310052.7698,11.716390154,47.911653201,2,#fc8d62,car
72623,"9,17E+18",9,1,87,117,2017,1,8,7,3,2,6,0,1,0,0,0,1,0,0,723208531.0,5306352.5688,11.984991432,47.871683375,2,#fc8d62,car
72624,"9,17E+18",9,1,86,152,2017,1,13,7,3,2,6,0,1,0,0,0,0,0,1,689874.9553,5376699.7943,11.571176132,48.514679033,2,#fc8d62,car
72627,"9,17E+18",9,1,88,120,2017,1,6,7,3,5,3,1,1,0,0,0,0,2,0,676889284.0,5326511567.0,11.374476202,48.067332985,1,#66c2a5,bicycle
72629,"9,17E+18",9,1,84,119,2017,1,15,7,3,2,6,0,1,0,0,0,0,0,0,695863.7642,5346138.1693,11.637947039,48.238182642,2,#fc8d62,car
72630,"9,17E+18",9,1,78,115,2017,1,13,7,3,9,1,0,1,0,0,0,0,0,2,701872.0896,5377509.3281,11.733839143,48.518212199,2,#fc8d62,car
72631,"9,17E+18",9,1,62,0,2017,1,7,6,3,4,7,0,1,0,0,0,0,0,0,685122.4666,5341706.0328,11.49149151,48.201572095,2,#fc8d62,car
72632,"9,17E+18",9,1,62,0,2017,1,18,6,3,1,6,0,1,0,0,0,0,2,1,689570416.0,5340348.6321,11.550687865,48.18805943,2,#fc8d62,car
72639,"9,17E+18",9,7,62,0,2017,1,14,6,3,2,6,0,1,0,0,0,0,0,0,620548.8014,5305361.0374,10.612636997,47.89025221,2,#fc8d62,car
72640,"9,17E+18",9,7,72,147,2017,1,14,6,3,2,6,0,1,0,0,0,1,0,0,638629.3725,5363613.2858,10.873360467,48.410416641,2,#fc8d62,car
72641,"9,17E+18",9,7,72,202,2017,1,14,6,3,2,6,0,1,0,0,0,0,0,0,637279.0063,5358324.6649,10.853394271,48.363157681,2,#fc8d62,car
72643,"9,17E+18",9,7,72,157,2017,1,17,6,3,5,1,1,1,0,0,0,0,2,0,627928.3163,5335914.4139,10.720434519,48.163593403,1,#66c2a5,bicycle
72645,"9,17E+18",9,7,72,147,2017,1,14,6,3,5,3,0,1,0,0,0,0,0,0,638265705.0,5365175609.0,10.868963818,48.424544534,2,#fc8d62,car
72646,"9,17E+18",9,7,72,125,2017,1,15,6,3,9,1,0,1,0,0,0,0,0,0,626621.2,5345542342.0,10.705737432,48.25043788,2,#fc8d62,car
72648,"9,17E+18",9,7,61,0,2017,1,14,6,3,1,6,0,1,0,0,0,0,0,0,639939.2505,5354051.4309,10.887869956,48.324149711,2,#fc8d62,car
72649,"9,17E+18",9,7,71,130,2017,1,14,6,3,2,6,0,1,0,0,0,0,0,0,644462.2457,5361555.4887,10.95142797,48.390604329,2,#fc8d62,car
72686,"9,17E+18",9,2,61,0,2017,1,11,6,3,4,2,0,1,0,0,0,0,0,0,734441322.0,5381959367.0,12.176751313,48.546873282,2,#fc8d62,car
72687,"9,17E+18",9,2,74,126,2017,1,14,6,3,6,7,0,1,1,0,0,0,0,0,733833.9127,5384053151.0,12.169709751,48.565907444,2,#fc8d62,car
72691,"9,17E+18",9,1,73,123,2017,1,18,6,3,8,1,0,1,0,0,0,0,2,0,679664088.0,5302265919.0,11.40156225,47.848605911,2,#fc8d62,car
72692,"9,17E+18",9,1,90,138,2017,1,8,6,3,5,3,0,1,0,0,0,1,0,0,662899.1014,5307795.1948,11.179726501,47.902786725,2,#fc8d62,car
72695,"9,17E+18",9,1,81,113,2017,1,13,6,2,4,6,0,1,0,0,0,0,0,2,632536.9422,5300869.0003,10.771554464,47.847491202,2,#fc8d62,car
72711,"9,17E+18",9,1,79,142,2017,1,11,6,3,3,6,0,1,0,0,0,1,0,0,677466.4513,5342348502.0,11.388815809,48.209533453,2,#fc8d62,car
72712,"9,17E+18",9,7,71,111,2017,1,9,6,3,2,6,0,1,0,0,0,1,0,0,658367.9893,5357323.4107,11.137546042,48.349218264,2,#fc8d62,car
72713,"9,17E+18",9,1,88,139,2017,1,14,6,3,1,6,0,1,0,0,0,0,0,0,674278.7939,5318420.0374,11.336172884,47.995311624,2,#fc8d62,car
72714,"9,17E+18",9,1,81,130,2017,1,14,6,3,8,1,0,1,0,0,0,0,0,0,636835.5514,5323406.2721,10.836148946,48.04926048,2,#fc8d62,car
72715,"9,17E+18",9,1,79,121,2017,1,10,6,3,5,3,0,1,0,0,0,0,0,0,668400.21,5338054824.0,11.265177263,48.17340421,2,#fc8d62,car
72716,"9,17E+18",9,1,74,115,2017,1,8,6,3,5,3,0,1,0,0,0,0,0,2,680424.4709,5345131.3624,11.429780093,48.233713958,2,#fc8d62,car
72717,"9,17E+18",9,1,74,137,2017,1,16,6,3,8,1,0,1,0,0,0,0,1,1,658925.7676,5350372.3845,11.142449687,48.28658578,2,#fc8d62,car
72718,"9,17E+18",9,1,74,115,2017,1,14,6,3,2,6,0,1,0,0,0,0,0,0,682416.6564,5350676.9296,11.458974123,48.28299038,2,#fc8d62,car
72719,"9,17E+18",9,1,74,115,2017,1,7,6,3,2,6,0,1,0,0,0,1,1,2,679861718.0,5348593619.0,11.423679521,48.264995134,2,#fc8d62,car
72720,"9,17E+18",9,1,84,140,2017,1,15,6,3,2,6,0,1,0,0,0,0,0,0,702663.0704,5327558307.0,11.720568688,48.069073443,2,#fc8d62,car
72721,"9,17E+18",9,1,78,145,2017,1,16,6,3,2,6,0,1,0,0,0,0,0,0,694028.8268,5355443.9124,11.617532586,48.322380828,2,#fc8d62,car
72722,"9,17E+18",9,1,77,117,2017,1,20,6,3,5,2,0,1,0,0,0,0,2,2,715973.9704,5353092.4145,11.912001367,48.294138325,2,#fc8d62,car
72723,"9,17E+18",9,1,75,115,2017,1,14,6,3,5,3,0,1,0,0,0,0,0,0,721351.2937,5328941357.0,11.971822361,48.075289933,2,#fc8d62,car
72724,"9,17E+18",9,1,75,112,2017,1,11,6,3,1,3,0,1,0,0,0,0,0,0,724142.9782,5319652.5842,12.004390154,47.990857843,2,#fc8d62,car
72725,"9,17E+18",9,1,62,0,2017,1,15,5,3,2,6,0,1,0,0,0,0,0,0,684876.5021,5342094199.0,11.4883535,48.205132745,2,#fc8d62,car
72726,"9,17E+18",9,1,62,0,2017,1,7,5,3,5,3,0,1,0,0,0,1,0,0,686184937.0,5335220728.0,11.502936546,48.142969485,2,#fc8d62,car
72727,"9,17E+18",9,1,84,118,2017,1,20,5,3,2,6,0,1,0,0,0,0,2,2,704232.0096,5336176.6486,11.745730742,48.146023439,2,#fc8d62,car
72728,"9,17E+18",9,1,84,136,2017,1,18,5,3,4,1,0,1,0,0,0,1,2,2,696906.9637,5326548.7807,11.642919758,48.061803159,2,#fc8d62,car
72729,"9,17E+18",9,1,62,0,2017,1,9,5,3,6,4,0,1,1,0,0,0,0,1,691299.2466,5331103201.0,11.56977099,48.1044443,2,#fc8d62,car
72736,"9,17E+18",9,7,77,128,2017,1,16,5,3,3,6,0,1,0,0,0,0,0,0,617275.5269,5303289.5873,10.568303556,47.872228115,2,#fc8d62,car
72740,"9,17E+18",9,7,72,184,2017,1,7,5,3,1,6,0,1,0,0,0,0,0,0,633088.1861,5358893099.0,10.797023559,48.369166599,2,#fc8d62,car
72742,"9,17E+18",9,7,71,142,2017,1,7,5,3,2,6,0,1,0,0,0,0,0,1,645724.6962,5351167.8229,10.964876526,48.296914853,2,#fc8d62,car
72743,"9,17E+18",9,7,61,0,2017,1,17,5,3,5,3,0,1,0,0,0,0,2,0,641327.0514,5365087.6231,10.910291288,48.423074027,2,#fc8d62,car
72800,"9,17E+18",9,7,72,202,2017,1,16,3,3,5,7,0,1,0,0,0,1,0,1,636722.6058,5358814.1441,10.846045515,48.367679799,2,#fc8d62,car
72801,"9,17E+18",9,1,81,130,2017,1,18,2,3,4,2,1,1,0,0,0,0,2,1,639668.3967,5323245.3303,10.874088534,48.047199606,1,#66c2a5,bicycle
72802,"9,17E+18",9,1,88,121,2017,1,6,2,2,5,2,0,0,0,1,0,1,2,1,672301.1854,5329478.3144,11.314137022,48.09525903,4,#e78ac3,marker
72804,"9,17E+18",9,1,78,144,2017,1,15,2,2,8,6,0,1,0,0,0,0,1,2,707451.2067,5376803.5607,11.808949789,48.510052295,2,#fc8d62,car
72805,"9,17E+18",9,1,78,156,2017,1,17,2,3,9,1,0,1,0,0,0,0,2,2,700171.7179,5372054637.0,11.708225147,48.469738806,2,#fc8d62,car
72806,"9,17E+18",9,1,77,142,2017,1,9,2,3,8,1,0,1,0,0,0,0,0,0,718502.9594,5350954.0346,11.944947815,48.274057341,2,#fc8d62,car
72807,"9,17E+18",9,1,75,115,2017,1,12,2,3,5,3,0,1,0,0,0,1,0,1,721354329.0,5328937.6428,11.971861132,48.075255508,2,#fc8d62,car
72808,"9,17E+18",9,1,77,115,2017,1,9,2,2,8,1,0,1,0,0,0,0,0,0,738692.2757,5354204.0314,12.218464858,48.295965239,2,#fc8d62,car
72809,"9,17E+18",9,1,77,139,2017,1,6,2,3,2,6,0,1,0,0,0,0,1,0,732166.9867,5359559.0028,12.133565907,48.346497381,2,#fc8d62,car
72810,"9,17E+18",9,1,62,0,2017,1,16,1,2,6,4,0,1,1,0,0,0,0,0,689466.2381,5340636.8808,11.549416162,48.190681283,2,#fc8d62,car
72831,"9,17E+18",9,2,61,0,2017,1,21,1,3,4,3,0,1,0,0,0,0,2,1,731856.3945,5379834.8654,12.140598049,48.52874987,2,#fc8d62,car
72836,"9,17E+18",9,1,90,157,2017,1,12,1,3,2,6,0,1,0,0,0,0,0,0,660629.33,5301089.9608,11.14688455,47.843071928,2,#fc8d62,car
72841,"9,17E+18",9,1,82,120,2017,1,19,1,3,5,2,0,1,0,0,0,1,2,0,703659202.0,5307868159.0,11.724591103,47.891800855,2,#fc8d62,car
72847,"9,17E+18",9,1,81,130,2017,1,17,1,3,2,6,0,1,0,0,0,0,0,0,636660.8566,5323158.8583,10.833727014,48.047073043,2,#fc8d62,car
72848,"9,17E+18",9,1,88,117,2017,1,14,1,3,2,6,0,1,0,0,0,0,0,0,663418798.0,5315068947.0,11.189435609,47.968050825,2,#fc8d62,car
72850,"9,17E+18",9,1,79,113,2017,1,17,1,3,5,3,0,1,0,0,0,0,1,1,671856.4084,5335750.9164,11.310697395,48.151767789,2,#fc8d62,car
72851,"9,17E+18",9,1,79,136,2017,1,16,1,3,9,7,0,1,0,0,0,0,0,0,661650.7667,5341786.9038,11.17587941,48.208709777,2,#fc8d62,car
72852,"9,17E+18",9,1,74,115,2017,1,12,1,3,8,1,0,1,0,0,0,0,0,0,681085.3584,5348849.0363,11.44026224,48.266942392,2,#fc8d62,car
72853,"9,17E+18",9,1,84,149,2017,1,12,7,3,5,3,0,1,0,0,0,0,0,0,692292.0724,5349786.0196,11.59155147,48.272061125,2,#fc8d62,car
72857,"9,17E+18",9,7,62,0,2017,1,15,7,2,2,6,0,1,0,0,0,0,0,0,621292.4127,5304477.1799,10.6223322,47.8821629,2,#fc8d62,car
72861,"9,17E+18",9,7,73,182,2017,1,14,7,3,2,1,0,1,0,0,0,0,0,0,623141906.0,5379397421.0,10.668820457,48.55557392,2,#fc8d62,car
72862,"9,17E+18",9,7,61,0,2017,1,9,7,3,0,1,1,0,0,0,0,0,0,1,640604.31,5354181.5426,10.896880332,48.325172065,1,#66c2a5,bicycle
72863,"9,17E+18",9,7,61,0,2017,1,15,7,3,5,3,1,1,0,0,0,0,0,1,640860.6258,5360470.3673,10.902440944,48.381662046,1,#66c2a5,bicycle
72881,"9,17E+18",9,7,77,155,2017,1,14,3,3,3,6,0,1,0,0,0,0,0,1,629328.2572,5310794.3148,10.731660257,47.937405688,2,#fc8d62,car
72898,"9,17E+18",9,1,62,0,2017,1,10,2,3,3,6,0,1,0,0,0,1,2,0,687328.4772,5332243.9188,11.51698551,48.115877397,2,#fc8d62,car
72900,"9,17E+18",9,1,73,123,2017,1,7,3,3,8,1,0,1,0,0,0,0,0,2,681565.1862,5303688.7166,11.427547946,47.860861728,2,#fc8d62,car
72902,"9,17E+18",9,2,74,146,2017,1,15,7,3,3,6,1,1,0,0,0,0,0,0,735546.3547,5375433.68,12.188016943,48.487842964,1,#66c2a5,bicycle
72904,"9,17E+18",9,1,73,126,2017,1,13,7,3,6,6,0,1,1,0,0,0,0,0,682754.0903,5307219.1594,11.444922276,47.892260465,2,#fc8d62,car
72914,"9,17E+18",9,1,84,114,2017,1,13,7,3,2,6,0,1,0,0,0,0,0,0,701094.9061,5314677.1143,11.693502094,47.953803963,2,#fc8d62,car
72916,"9,17E+18",9,1,87,165,2017,1,9,7,3,2,6,0,1,0,0,0,0,0,1,729498.3002,5300240.3938,12.065741783,47.81455208,2,#fc8d62,car
72917,"9,17E+18",9,1,63,0,2017,1,10,7,2,1,6,0,1,0,0,0,0,0,0,732599.5398,5306874.5016,12.110671754,47.873040843,2,#fc8d62,car
72918,"9,17E+18",9,1,63,0,2017,1,10,7,3,1,6,0,1,0,0,0,0,0,0,733981.5774,5304301.0818,12.127733684,47.849419363,2,#fc8d62,car
72919,"9,17E+18",9,1,82,120,2017,1,11,7,3,2,6,0,1,0,0,0,0,0,0,703237.5265,5305601.6628,11.717889955,47.871564979,2,#fc8d62,car
72924,"9,17E+18",9,1,82,133,2017,1,9,7,3,4,6,0,1,0,0,0,0,0,0,708247.5507,5305913811.0,11.784958428,47.872765444,2,#fc8d62,car
72925,"9,17E+18",9,1,82,136,2017,1,20,7,3,2,6,0,1,0,0,0,0,2,1,703282.0292,5301065.5691,11.716353068,47.830783705,2,#fc8d62,car
72930,"9,17E+18",9,1,88,139,2017,1,16,7,3,8,1,0,1,0,0,0,0,1,2,672276405.0,5322633841.0,11.311047017,48.033735629,2,#fc8d62,car
72931,"9,17E+18",9,1,79,142,2017,1,10,7,3,0,3,0,1,0,0,0,1,0,1,670848.6223,5341150.3164,11.299328966,48.200578097,2,#fc8d62,car
72932,"9,17E+18",9,1,79,134,2017,1,13,7,2,2,6,0,1,0,0,0,0,0,0,667284.8101,5343081.0257,11.252166346,48.218883972,2,#fc8d62,car
72933,"9,17E+18",9,1,88,145,2017,1,20,7,3,5,2,0,1,0,0,0,0,2,0,665559.9215,5328420.4558,11.223258617,48.08753571,2,#fc8d62,car
72935,"9,17E+18",9,1,75,132,2017,1,10,7,3,6,7,0,1,1,0,0,0,0,0,705377.0517,5333799.4222,11.759960386,48.124291836,2,#fc8d62,car
72936,"9,17E+18",9,1,78,140,2017,1,22,7,3,0,3,0,1,0,0,0,0,2,2,707659.7037,5366279.4852,11.806546929,48.415417906,2,#fc8d62,car
72937,"9,17E+18",9,1,75,114,2017,1,16,7,3,5,1,1,1,0,0,0,0,0,0,718045952.0,5324939583.0,11.925466366,48.040471197,1,#66c2a5,bicycle
72938,"9,17E+18",9,1,84,136,2017,1,20,6,3,5,3,0,1,0,0,0,0,2,1,698363.4475,5326736.0377,11.662533993,48.063034968,2,#fc8d62,car
72939,"9,17E+18",9,1,62,0,2017,1,12,6,3,2,6,0,1,0,0,0,0,0,0,687681.5794,5333417.4112,11.522241717,48.126321099,2,#fc8d62,car
72940,"9,17E+18",9,1,62,0,2017,1,13,6,3,5,2,0,1,0,0,0,0,0,0,680305.3867,5335020.0572,11.423885686,48.142859159,2,#fc8d62,car
72941,"9,17E+18",9,1,62,0,2017,1,15,6,3,8,1,0,1,0,0,0,0,0,2,684474.8866,5343054.1814,11.483370621,48.213878279,2,#fc8d62,car
72942,"9,17E+18",9,7,78,203,2017,1,8,6,2,3,6,0,1,0,0,0,0,0,1,620994.51,5322137.0848,10.623318912,48.041045999,2,#fc8d62,car
72947,"9,17E+18",9,1,62,0,2017,1,16,3,3,2,6,0,1,0,0,0,0,0,0,682868.8051,5342270.8151,11.461432951,48.207301771,2,#fc8d62,car
72948,"9,17E+18",9,1,87,134,2017,1,16,3,3,2,2,0,1,0,0,0,0,0,1,737018.5124,5318307.7183,12.175963453,47.974135833,2,#fc8d62,car
72963,"9,17E+18",9,7,61,0,2017,1,8,6,3,3,6,0,1,0,0,0,1,0,0,638063.7315,5362034.0984,10.865201504,48.396341105,2,#fc8d62,car
72964,"9,17E+18",9,7,71,130,2017,1,9,6,3,0,7,0,0,0,1,0,0,0,0,648692.6116,5362704.7496,11.0089436,48.399954206,4,#e78ac3,marker
72965,"9,17E+18",9,7,71,122,2017,1,12,6,3,9,1,0,1,0,0,0,0,0,0,654156.9816,5363078.2412,11.082858449,48.401999765,2,#fc8d62,car