OBJECTID,UIDENTSTLA,ULAND,UREGBEZ,UKREIS,UGEMEINDE,UJAHR,UMONAT,USTUNDE,UWOCHENTAG,UKATEGORIE,UART,UTYP1,IstRad,IstPKW,IstFuss,IstKrad,IstGkfz,IstSonstig,ULICHTVERH,STRZUSTAND,LINREFX,LINREFY,XGCSWGS84,YGCSWGS84,Teilnehmer,color,symbol
72966,"9,17E+18",9,7,72,202,2017,1,7,6,3,5,3,0,1,0,1,0,0,1,0,636723.5258,5359058.7954,10.846137469,48.369879487,2,#fc8d62,car
72967,"9,17E+18",9,7,61,0,2017,1,9,6,3,5,3,0,1,0,0,0,0,0,0,641757112.0,5361810.5271,10.914993935,48.393511354,2,#fc8d62,car
72968,"9,17E+18",9,7,61,0,2017,1,10,6,3,5,2,1,1,0,0,0,0,0,0,641237.4245,5360945.6749,10.907686756,48.385851574,1,#66c2a5,bicycle
72988,"9,17E+18",9,1,79,123,2017,1,6,3,3,5,2,0,1,0,0,0,0,2,1,676716.1221,5333789.8278,11.375167417,48.132807448,2,#fc8d62,car
72989,"9,17E+18",9,1,87,117,2017,1,21,3,3,3,6,0,1,0,1,0,0,2,2,726681.3844,5304900.6525,12.030606376,47.857422079,2,#fc8d62,car
72993,"9,17E+18",9,2,74,154,2017,1,2,3,3,8,1,0,1,0,0,0,0,2,2,737129.1835,5364158.2381,12.203025434,48.385967451,2,#fc8d62,car
72997,"9,17E+18",9,7,61,0,2017,1,19,3,3,2,6,0,1,0,0,0,0,2,1,641145.9749,5356533.7908,10.904971744,48.346202019,2,#fc8d62,car
73018,"9,17E+18",9,1,62,0,2017,1,15,2,3,2,6,0,1,0,0,0,0,0,1,685490.6874,5340898.0336,11.496089341,48.194202067,2,#fc8d62,car
73019,"9,17E+18",9,1,62,0,2017,1,16,3,3,2,6,0,1,0,0,0,0,2,0,679200.1267,5337373.4877,11.410032122,48.164326373,2,#fc8d62,car
73022,"9,17E+18",9,1,84,121,2017,1,7,2,3,1,5,0,1,0,0,0,0,0,0,704397.9519,5328701.1258,11.744376822,48.078790132,2,#fc8d62,car
73051,"9,17E+18",9,2,74,111,2017,1,11,6,2,8,3,0,1,0,0,0,0,0,0,738220.4322,5381189.6197,12.227435363,48.538535946,2,#fc8d62,car
73055,"9,17E+18",9,1,73,120,2017,1,17,6,3,2,6,0,1,0,0,0,0,1,0,683376.5899,5310166.1074,11.454495144,47.918573243,2,#fc8d62,car
73056,"9,17E+18",9,1,73,147,2017,1,7,6,3,2,6,0,1,0,0,0,0,0,2,682095.1935,5308275.2925,11.436561331,47.901941545,2,#fc8d62,car
73057,"9,17E+18",9,1,90,157,2017,1,12,6,3,1,3,1,1,0,0,0,0,0,0,660536.8314,5300889.8918,11.14557495,47.84129619,1,#66c2a5,bicycle
73060,"9,17E+18",9,1,88,144,2017,1,6,3,2,0,1,1,0,0,0,0,0,2,2,669773.7703,5328932.5818,11.280002965,48.091031299,1,#66c2a5,bicycle
73065,"9,17E+18",9,1,63,0,2017,1,3,2,3,3,2,1,1,0,0,0,0,2,0,732590.8551,5306189.6067,12.110187247,47.86689081,1,#66c2a5,bicycle
73074,"9,17E+18",9,1,87,181,2017,1,12,6,3,2,6,0,1,0,0,0,0,0,0,737745.2432,5313827.9152,12.183210659,47.933622692,2,#fc8d62,car
73077,"9,17E+18",9,1,87,150,2017,1,17,6,3,5,3,0,1,0,0,0,0,2,1,725581017.0,5304051324.0,12.015473315,47.850178088,2,#fc8d62,car
73078,"9,17E+18",9,1,86,152,2017,1,14,6,3,2,6,0,1,0,0,0,0,0,0,690811.6904,5376453.1998,11.583734693,48.51217893,2,#fc8d62,car
73086,"9,17E+18",9,1,85,158,2017,1,9,6,3,5,3,1,1,0,0,0,0,0,0,660471.6599,5382908.5708,11.175732248,48.578697722,1,#66c2a5,bicycle
73088,"9,17E+18",9,1,81,132,2017,1,7,6,3,9,6,0,1,0,0,0,0,0,0,645711.0406,5324583.9046,10.955577444,48.057885059,2,#fc8d62,car
73089,"9,17E+18",9,1,62,0,2017,1,13,6,3,2,6,0,1,0,0,0,0,0,0,678283.1717,5334555.1166,11.396530755,48.139249661,2,#fc8d62,car
73090,"9,17E+18",9,1,88,144,2017,1,13,6,3,2,6,0,1,0,0,0,0,0,0,669152.8988,5329182.2103,11.271770579,48.093440532,2,#fc8d62,car
73091,"9,17E+18",9,1,88,144,2017,1,10,6,2,2,6,0,1,0,0,0,1,0,0,666326.6197,5328715.7529,11.233661316,48.089990893,2,#fc8d62,car
73092,"9,17E+18",9,1,88,144,2017,1,8,6,3,2,6,0,1,0,0,0,0,0,0,669051.3853,5329140.0082,11.270391624,48.093088073,2,#fc8d62,car
73093,"9,17E+18",9,1,88,141,2017,1,12,6,3,5,2,0,1,0,0,0,0,0,0,667765.14,5306744069.0,11.244378579,47.892082638,2,#fc8d62,car
73094,"9,17E+18",9,1,79,142,2017,1,21,6,3,2,3,0,1,0,0,0,0,2,1,670848.1536,5341143538.0,11.299319935,48.200517288,2,#fc8d62,car
73095,"9,17E+18",9,1,81,145,2017,1,7,6,3,4,1,0,1,0,0,0,1,0,2,648404.5899,5329638.1579,10.993460612,48.102710151,2,#fc8d62,car
73097,"9,17E+18",9,1,62,0,2017,1,8,2,3,5,3,0,1,0,0,0,0,0,1,684674.0884,5342422.5752,11.485774679,48.208143231,2,#fc8d62,car
73100,"9,17E+18",9,7,72,147,2017,1,6,3,3,8,1,0,1,0,0,0,0,2,0,638931.1434,5364043.8093,10.877578723,48.41422133,2,#fc8d62,car
73101,"9,17E+18",9,1,79,125,2017,1,12,6,3,0,1,1,0,0,0,0,0,0,2,661281.0,5332359.9502,11.167330539,48.124051095,1,#66c2a5,bicycle
73102,"9,17E+18",9,1,87,177,2017,1,14,2,3,1,2,0,1,0,0,0,0,0,0,736119188.0,5304207.5095,12.156212381,47.847797187,2,#fc8d62,car
73103,"9,17E+18",9,1,74,150,2017,1,6,6,3,8,1,0,1,0,0,0,0,2,2,685251.9105,5358721.1925,11.500689242,48.354469941,2,#fc8d62,car
73104,"9,17E+18",9,2,74,126,2017,1,14,2,2,5,3,0,1,0,1,0,0,0,1,733064.2413,5382821699.0,12.158603633,48.55513235,2,#fc8d62,car
73105,"9,17E+18",9,1,62,0,2017,1,14,6,3,1,6,0,1,0,0,0,0,0,0,695006.9168,5343256.2384,11.625093662,48.212545725,2,#fc8d62,car
73106,"9,17E+18",9,1,62,0,2017,1,7,6,3,2,6,0,1,0,0,0,0,1,0,694267241.0,5340799959.0,11.614023083,48.190696764,2,#fc8d62,car
73107,"9,17E+18",9,1,84,149,2017,1,12,6,3,2,6,0,1,0,0,0,0,0,0,690860.2557,5352106.5166,11.573322983,48.293350047,2,#fc8d62,car
73109,"9,17E+18",9,1,75,133,2017,1,17,6,3,5,3,0,1,0,0,0,0,2,0,710531.5958,5342160.8394,11.833280886,48.197743493,2,#fc8d62,car
73110,"9,17E+18",9,1,63,0,2017,1,9,2,3,2,6,0,1,0,0,0,0,0,0,733974.2033,5304283.4108,12.127625708,47.84926329,2,#fc8d62,car
73113,"9,17E+18",9,1,78,124,2017,1,23,6,3,9,1,0,1,0,0,0,0,2,0,704362.5326,5368976.6732,11.763354302,48.440732735,2,#fc8d62,car
73115,"9,17E+18",9,1,77,135,2017,1,13,6,3,1,6,0,1,0,0,0,0,0,0,720217.1841,5342811003.0,11.963787308,48.200300585,2,#fc8d62,car
73116,"9,17E+18",9,1,77,124,2017,1,16,6,3,4,1,0,1,0,0,0,0,1,2,728086.5367,5365618.6063,12.081862088,48.402420587,2,#fc8d62,car
73117,"9,17E+18",9,1,84,130,2017,1,6,5,2,0,6,0,1,0,0,0,1,2,0,700459383.0,5347552.3214,11.70044092,48.249455308,2,#fc8d62,car
73118,"9,17E+18",9,1,84,149,2017,1,12,5,3,4,6,0,1,0,0,0,0,0,0,690714.8649,5351944.8018,11.571291743,48.291940437,2,#fc8d62,car
73125,"9,17E+18",9,7,72,147,2017,1,23,5,2,8,7,0,1,0,0,0,1,2,0,638700.9932,5364068.1556,10.874478152,48.414490944,2,#fc8d62,car
73126,"9,17E+18",9,7,72,207,2017,1,8,5,3,2,6,0,1,0,0,0,0,0,1,639941.5798,5380990.0205,10.89690318,48.566369519,2,#fc8d62,car
73127,"9,17E+18",9,7,61,0,2017,1,17,5,3,4,7,0,1,0,0,0,0,2,1,642962.3145,5359673.5952,10.930538386,48.374025127,2,#fc8d62,car
73129,"9,17E+18",9,1,74,126,2017,1,13,3,3,2,6,0,1,0,0,0,0,0,1,683681248.0,5347008078.0,11.474411021,48.249647789,2,#fc8d62,car
73132,"9,17E+18",9,1,62,0,2017,1,10,2,3,8,7,0,1,0,0,0,0,2,0,694503147.0,5334977532.0,11.614531327,48.138295269,2,#fc8d62,car
73133,"9,17E+18",9,1,62,0,2017,1,8,3,3,2,6,0,1,0,0,0,1,0,1,680143.9655,5339937.1455,11.423800437,48.187103976,2,#fc8d62,car
73134,"9,17E+18",9,1,63,0,2017,1,17,3,3,2,6,0,1,0,0,0,0,2,1,733942.7512,5304217617.0,12.127170355,47.848683644,2,#fc8d62,car
73137,"9,17E+18",9,7,61,0,2017,1,8,5,3,2,6,0,1,0,0,0,0,0,1,641504.2683,5358261.9728,10.910385669,48.36166102,2,#fc8d62,car
73164,"9,17E+18",9,7,61,0,2017,1,16,2,3,4,2,0,1,0,0,0,0,0,1,641358.2395,5352523.8081,10.906490031,48.310098066,2,#fc8d62,car
73165,"9,17E+18",9,1,79,121,2017,1,12,3,3,5,3,0,1,0,0,0,0,0,0,665467.8847,5339738.4018,11.226420909,48.189310004,2,#fc8d62,car
73186,"9,17E+18",9,2,61,0,2017,1,10,5,3,4,2,1,1,0,0,0,0,0,0,732795.0938,5383060.9652,12.155095552,48.557381547,1,#66c2a5,bicycle
73190,"9,17E+18",9,1,73,120,2017,1,17,5,3,2,6,0,1,0,0,0,0,1,0,686631.8059,5312067.8679,11.498847488,47.9347285,2,#fc8d62,car
73191,"9,17E+18",9,1,90,157,2017,1,18,5,3,4,2,0,1,0,0,0,0,2,0,661740.7701,5300022.9762,11.161329914,47.833199969,2,#fc8d62,car
73194,"9,17E+18",9,1,83,139,2017,1,17,5,3,8,1,0,1,0,0,0,0,2,2,734772.0906,5330979.5384,12.152852767,48.088801406,2,#fc8d62,car
73197,"9,17E+18",9,1,87,177,2017,1,16,5,3,2,6,0,1,0,0,0,0,0,0,736127.1272,5304210.6573,12.156320055,47.84782255,2,#fc8d62,car
73202,"9,17E+18",9,1,82,120,2017,1,14,5,2,6,2,0,1,1,0,0,0,0,0,701714.5533,5306655.2137,11.698038597,47.881513751,2,#fc8d62,car
73204,"9,17E+18",9,1,84,148,2017,1,5,2,3,5,3,0,1,0,0,0,0,2,0,695627959.0,5326297493.0,11.625656546,48.059938108,2,#fc8d62,car
73207,"9,17E+18",9,7,61,0,2017,1,9,3,3,5,2,0,1,0,0,0,0,0,1,641423.9791,5352716.8444,10.907440857,48.311819095,2,#fc8d62,car
73208,"9,17E+18",9,1,87,179,2017,1,7,5,3,4,3,0,1,0,0,0,0,2,1,727480.9333,5317432.0401,12.047891028,47.969729162,2,#fc8d62,car
73212,"9,17E+18",9,1,85,158,2017,1,12,5,2,5,3,0,1,0,0,0,1,0,0,668962.5055,5381579.0654,11.290220629,48.564514673,2,#fc8d62,car
73213,"9,17E+18",9,1,86,143,2017,1,7,5,1,4,6,0,1,0,0,0,1,0,1,684414283.0,5382773.6254,11.499993877,48.570896483,2,#fc8d62,car
73214,"9,17E+18",9,1,81,132,2017,1,20,5,3,3,6,0,1,0,0,0,0,2,0,645839.6839,5324602.6016,10.957309288,48.058023788,2,#fc8d62,car
73215,"9,17E+18",9,1,88,126,2017,1,7,5,3,2,6,0,1,0,0,0,0,0,1,659657.6348,5327687.3505,11.143782984,48.082450296,2,#fc8d62,car
73216,"9,17E+18",9,1,88,145,2017,1,14,5,3,2,6,0,1,0,0,0,0,0,0,665776.7785,5328396.9102,11.226159313,48.087267667,2,#fc8d62,car
73217,"9,17E+18",9,1,88,139,2017,1,12,5,3,5,3,0,1,0,0,0,0,0,0,674107778.0,5318121698.0,11.333761414,47.992676219,2,#fc8d62,car
73218,"9,17E+18",9,1,81,130,2017,1,15,5,3,2,2,0,1,0,0,0,0,0,0,642592.2077,5321620.5179,10.912757069,48.031942645,2,#fc8d62,car
73220,"9,17E+18",9,1,79,121,2017,1,16,5,2,0,7,0,1,0,0,0,0,0,0,664955.6475,5338590.4746,11.219088251,48.179123216,2,#fc8d62,car
73222,"9,17E+18",9,1,84,131,2017,1,11,5,3,3,6,0,1,0,0,0,1,0,0,704546.0883,5337287.4581,11.750482026,48.155904907,2,#fc8d62,car
73224,"9,17E+18",9,1,78,145,2017,1,13,5,3,3,6,0,1,0,0,0,1,0,0,696118.6752,5356068.8348,11.64598515,48.327352283,2,#fc8d62,car
73225,"9,17E+18",9,1,78,124,2017,1,21,5,3,9,1,0,1,0,0,0,0,2,2,701207165.0,5359302.8918,11.716103378,48.35481622,2,#fc8d62,car
73226,"9,17E+18",9,1,77,112,2017,1,6,5,3,8,1,0,1,0,0,0,0,2,2,716993724.0,5361306968.0,11.929961046,48.36759655,2,#fc8d62,car
73233,"9,17E+18",9,7,72,163,2017,1,11,4,2,2,6,0,0,0,0,0,1,0,1,639021.1587,5349974.8913,10.874148243,48.287696517,6,#ffd92f,circle
73234,"9,17E+18",9,7,72,115,2017,1,6,4,3,9,7,0,1,0,0,0,0,2,1,615388.8794,5366612.8666,10.560260304,48.442076459,2,#fc8d62,car
73235,"9,17E+18",9,7,72,171,2017,1,7,4,3,4,2,0,1,0,0,0,1,1,2,637736.4643,5372045588.0,10.864074676,48.486433334,2,#fc8d62,car
73236,"9,17E+18",9,7,61,0,2017,1,13,4,2,5,2,0,1,0,0,0,1,0,0,639830.1317,5352478.6898,10.885877245,48.310032072,2,#fc8d62,car
73247,"9,17E+18",9,1,79,145,2017,1,10,3,3,9,7,0,1,0,0,0,0,0,1,673782.5293,5335589.6174,11.336507001,48.149794427,2,#fc8d62,car
73296,"9,17E+18",9,1,90,152,2017,2,11,2,3,6,4,0,1,1,0,0,0,0,1,672367686.0,5299372421.0,11.302962771,47.824591004,2,#fc8d62,car
73298,"9,17E+18",9,1,82,123,2017,2,13,2,3,3,6,0,1,0,0,0,1,0,1,714614.1875,5302848.4802,11.86847161,47.843124348,2,#fc8d62,car
73299,"9,17E+18",9,1,63,0,2017,2,19,2,3,2,6,1,1,0,0,0,0,2,1,734226.4842,5304581.5462,12.131154226,47.851849864,1,#66c2a5,bicycle
73300,"9,17E+18",9,1,87,150,2017,2,17,2,3,5,3,0,1,0,0,0,0,2,1,728809.3065,5303657.9959,12.058356671,47.845503269,2,#fc8d62,car
73302,"9,17E+18",9,1,81,130,2017,2,16,2,3,0,6,0,1,0,0,0,0,0,0,637431.3123,5323923.4905,10.844305098,48.053783527,2,#fc8d62,car
73303,"9,17E+18",9,1,74,113,2017,2,7,2,3,2,6,0,1,0,0,0,0,1,0,673896.7061,5345305.7395,11.342019813,48.237105043,2,#fc8d62,car
73304,"9,17E+18",9,1,88,141,2017,2,17,2,3,1,5,0,1,0,0,0,0,2,1,670649.6499,5309281.2655,11.283940079,47.914132014,2,#fc8d62,car
73305,"9,17E+18",9,1,88,141,2017,2,17,2,3,2,6,0,1,0,0,0,1,1,0,669638.0098,5307410.6935,11.269675821,47.897583479,2,#fc8d62,car
73306,"9,17E+18",9,1,77,113,2017,2,16,2,3,8,7,0,1,0,0,0,0,0,0,722945.9087,5358016.5158,12.008474469,48.335960623,2,#fc8d62,car
73307,"9,17E+18",9,1,62,0,2017,2,19,1,3,2,3,0,1,0,0,0,0,2,0,696963.1691,5329972.6546,11.645251351,48.092557781,2,#fc8d62,car
73316,"9,17E+18",9,7,71,145,2017,2,15,1,3,6,7,1,0,1,0,0,0,0,0,643494.2553,5347756.1373,10.933661777,48.266748059,1,#66c2a5,bicycle
73322,"9,17E+18",9,1,73,137,2017,2,15,5,2,4,2,0,1,0,0,0,0,0,0,679029.8646,5308236.0807,11.395566215,47.902451745,2,#fc8d62,car
73350,"9,17E+18",9,1,87,137,2017,2,13,5,3,2,6,0,1,0,0,0,0,0,0,730506.4279,5307781.4231,12.083205444,47.881943474,2,#fc8d62,car
73352,"9,17E+18",9,1,86,162,2017,2,20,5,2,2,6,0,0,0,0,0,1,2,0,689538303.0,5384952.0629,11.570378393,48.588946089,6,#ffd92f,circle
73354,"9,17E+18",9,1,79,123,2017,2,14,5,3,5,3,1,1,0,0,0,0,0,0,677841753.0,5334207528.0,11.390457315,48.13624867,1,#66c2a5,bicycle
73356,"9,17E+18",9,1,78,143,2017,2,19,5,3,2,6,0,0,0,0,0,1,2,0,719972.7814,5371827.0265,11.975644966,48.461082155,6,#ffd92f,circle
73357,"9,17E+18",9,1,75,133,2017,2,7,5,2,4,6,0,1,0,0,0,0,0,0,708641.0257,5341325.3046,11.807459403,48.190859265,2,#fc8d62,car
73358,"9,17E+18",9,1,78,143,2017,2,17,5,3,2,6,0,1,0,0,0,0,2,0,718289.7044,5372242.6777,11.953125841,48.465402678,2,#fc8d62,car
73359,"9,17E+18",9,1,62,0,2017,2,7,4,3,1,6,0,1,0,0,0,0,0,0,687845.2583,5343465995.0,11.528878933,48.216591095,2,#fc8d62,car
73365,"9,17E+18",9,1,84,147,2017,2,12,4,3,1,6,0,1,0,0,0,0,0,0,695720.2104,5340036.4652,11.633200847,48.183388917,2,#fc8d62,car
73366,"9,17E+18",9,1,62,0,2017,2,7,4,2,2,6,0,1,0,0,0,1,0,1,684571.7574,5342644.9541,11.484495355,48.210171822,2,#fc8d62,car
73371,"9,17E+18",9,1,73,123,2017,2,11,1,3,4,6,0,1,0,0,0,0,0,0,682388.0316,5299580.7828,11.436808172,47.823701297,2,#fc8d62,car
73372,"9,17E+18",9,1,73,120,2017,2,18,1,2,4,6,0,1,0,0,0,1,2,0,683995.7112,5310446884.0,11.462894034,47.920919786,2,#fc8d62,car
73373,"9,17E+18",9,1,73,120,2017,2,5,1,3,8,1,0,1,0,0,0,0,2,1,685335.5938,5310647.5458,11.480898134,47.922337607,2,#fc8d62,car
73377,"9,17E+18",9,1,62,0,2017,2,22,4,3,1,6,0,1,0,0,0,0,2,0,688021.5643,5327859.0568,11.524357388,48.076260746,2,#fc8d62,car
73378,"9,17E+18",9,1,62,0,2017,2,6,4,3,2,6,0,1,0,0,0,0,2,0,693503146.0,5337222.9589,11.602124307,48.158781292,2,#fc8d62,car
73382,"9,17E+18",9,1,62,0,2017,2,19,7,3,4,2,0,1,0,0,0,0,2,1,696793.2958,5333691.6575,11.644688011,48.126034517,2,#fc8d62,car
73383,"9,17E+18",9,1,62,0,2017,2,11,7,3,5,2,1,1,0,0,0,0,0,1,698300113.0,5333221936.0,11.664696858,48.121345446,1,#66c2a5,bicycle
73384,"9,17E+18",9,1,62,0,2017,2,18,7,2,4,2,0,1,1,0,0,0,2,1,682733.9837,5336232.0447,11.457023193,48.153060427,2,#fc8d62,car
73388,"9,17E+18",9,7,77,158,2017,2,3,4,2,8,1,0,1,0,0,0,0,2,1,620046.5044,5307556.8754,10.606531315,47.910095304,2,#fc8d62,car
73390,"9,17E+18",9,7,71,130,2017,2,15,4,3,2,6,0,1,0,0,0,0,0,0,646089331.0,5363217.5651,10.973971793,48.405173627,2,#fc8d62,car
73396,"9,17E+18",9,7,72,163,2017,2,18,7,3,2,6,0,1,0,0,0,1,2,0,638806.9066,5344662.2732,10.869518016,48.239972624,2,#fc8d62,car
73397,"9,17E+18",9,7,71,146,2017,2,19,7,3,1,2,0,1,0,0,0,0,2,1,646778.7381,5348732.1817,10.978233679,48.274771484,2,#fc8d62,car
73398,"9,17E+18",9,7,71,113,2017,2,5,7,2,8,1,0,1,0,0,0,0,2,1,660158.2947,5366383.4832,11.165146753,48.430218284,2,#fc8d62,car
73456,"9,17E+18",9,1,84,114,2017,2,9,7,3,2,6,0,1,0,0,0,0,0,0,699459.3724,5319903.0837,11.674046159,48.001283394,2,#fc8d62,car
73462,"9,17E+18",9,7,71,129,2017,2,11,7,3,3,6,0,1,0,0,0,0,0,0,660283894.0,5355613.6763,11.162735983,48.33336407,2,#fc8d62,car
73463,"9,17E+18",9,1,88,137,2017,2,11,7,3,4,6,0,1,0,0,0,0,0,1,672119.1422,5313748.8962,11.30537661,47.953903323,2,#fc8d62,car
73464,"9,17E+18",9,1,88,120,2017,2,10,7,3,2,6,0,1,0,0,0,0,0,1,677355.8477,5326450.5943,11.38070824,48.066655333,2,#fc8d62,car
73465,"9,17E+18",9,1,75,123,2017,2,16,7,2,0,1,0,1,0,0,0,0,0,0,722180.6536,5336671201.0,11.986967097,48.144452602,2,#fc8d62,car
73475,"9,17E+18",9,2,61,0,2017,2,18,4,3,5,3,0,1,0,0,0,0,2,0,731595.8244,5381547.5774,12.138025661,48.544231066,2,#fc8d62,car
73477,"9,17E+18",9,1,63,0,2017,2,7,4,2,4,2,0,1,0,0,0,0,0,0,733756.0846,5303288.4252,12.124177169,47.840403648,2,#fc8d62,car
73478,"9,17E+18",9,1,75,136,2017,2,11,7,3,2,6,0,1,0,0,0,0,0,1,727972.6616,5320299.7281,12.055991486,47.995318724,2,#fc8d62,car
73479,"9,17E+18",9,1,84,135,2017,2,10,6,3,1,6,0,1,0,0,0,1,0,0,692098088.0,5344780092.0,11.586668411,48.227128675,2,#fc8d62,car
73480,"9,17E+18",9,1,84,129,2017,2,10,6,3,0,7,1,0,0,0,0,0,0,2,701906.0319,5326849.7533,11.710083384,48.062945732,1,#66c2a5,bicycle
73481,"9,17E+18",9,1,84,135,2017,2,18,6,3,4,7,0,1,0,0,0,0,2,1,688468.0728,5347403.4149,11.539006497,48.251795888,2,#fc8d62,car
73482,"9,17E+18",9,1,62,0,2017,2,18,6,3,3,6,0,1,0,0,0,1,2,0,687417.2706,5332824.6523,11.518432626,48.121071079,2,#fc8d62,car
73483,"9,17E+18",9,1,82,120,2017,2,14,4,3,2,6,0,1,0,0,0,1,0,0,701574.5871,5306936.8384,11.696300059,47.88408878,2,#fc8d62,car
73488,"9,17E+18",9,7,78,169,2017,2,6,6,3,5,3,0,1,0,0,0,0,1,1,617635.1845,5332765.6912,10.581194827,48.137263539,2,#fc8d62,car
73490,"9,17E+18",9,7,72,202,2017,2,16,6,3,5,3,1,1,0,0,0,0,0,1,636830.8572,5359368.6266,10.847686773,48.372642204,1,#66c2a5,bicycle
73497,"9,17E+18",9,1,74,113,2017,2,19,4,3,2,6,0,0,0,0,0,1,2,0,670827.0315,5347455.1665,11.301580006,48.257261783,6,#ffd92f,circle
73498,"9,17E+18",9,1,88,139,2017,2,18,4,3,6,7,1,0,1,0,0,0,1,0,674701.4991,5318879.7802,11.342021407,47.99932922,1,#66c2a5,bicycle
73499,"9,17E+18",9,1,79,123,2017,2,15,4,3,5,2,0,1,0,0,0,0,0,0,676550.9256,5334262.3707,11.373144903,48.137101102,2,#fc8d62,car
73500,"9,17E+18",9,1,88,120,2017,2,19,4,3,5,3,0,1,0,0,0,0,2,0,678003.6597,5326794519.0,11.389539409,48.069566519,2,#fc8d62,car
73502,"9,17E+18",9,1,74,115,2017,2,13,4,3,2,6,0,1,0,0,0,1,0,0,683368.7383,5347712.0083,11.470510161,48.256065491,2,#fc8d62,car
73503,"9,17E+18",9,1,84,135,2017,2,17,4,3,2,6,0,1,0,0,0,0,2,0,692244.2086,5344969704.0,11.588719893,48.228788574,2,#fc8d62,car
73504,"9,17E+18",9,1,75,132,2017,2,10,4,3,2,6,0,1,0,0,0,0,0,0,707259.88,5336746321.0,11.786665725,48.150163495,2,#fc8d62,car
73505,"9,17E+18",9,1,62,0,2017,2,14,3,3,6,4,0,1,1,0,0,0,0,0,688603.2426,5342107.8824,11.538469214,48.204159539,2,#fc8d62,car
73535,"9,17E+18",9,2,61,0,2017,2,22,6,3,4,2,0,1,0,0,0,0,2,1,731854.5521,5379828.0788,12.140569359,48.528689587,2,#fc8d62,car
73554,"9,17E+18",9,1,62,0,2017,2,22,6,3,2,6,0,1,0,0,0,0,2,1,678962.9067,5341018.0665,11.408379672,48.197154134,2,#fc8d62,car
73555,"9,17E+18",9,1,79,142,2017,2,7,6,3,7,1,0,1,0,0,0,0,1,1,670379.0607,5341752.7123,11.293256575,48.206119606,2,#fc8d62,car
73556,"9,17E+18",9,1,79,123,2017,2,16,6,3,5,3,1,1,0,0,0,0,0,0,675400.3897,5333185.2714,11.357249926,48.127736851,1,#66c2a5,bicycle
73557,"9,17E+18",9,1,79,121,2017,2,13,6,3,2,6,0,1,0,0,0,0,0,2,668591.9982,5337805.6743,11.267656132,48.17111354,2,#fc8d62,car
73558,"9,17E+18",9,1,78,137,2017,2,19,6,3,2,6,0,1,0,0,0,0,2,1,691848.12,5363752767.0,11.591933426,48.397721431,2,#fc8d62,car
73559,"9,17E+18",9,1,77,120,2017,2,8,6,2,0,1,0,1,0,0,0,0,0,1,725344.86,5360947.7266,12.04236774,48.361443721,2,#fc8d62,car
73560,"9,17E+18",9,1,77,115,2017,2,15,6,3,4,3,0,1,0,0,0,0,0,0,733774.9231,5351812.7761,12.150942941,48.276319677,2,#fc8d62,car
73565,"9,17E+18",9,1,62,0,2017,2,15,5,3,5,3,0,1,0,0,0,0,0,0,700588.2003,5332666.5793,11.695147153,48.115637747,2,#fc8d62,car
73566,"9,17E+18",9,1,62,0,2017,2,21,5,3,5,3,0,1,0,0,0,0,2,1,694723335.0,5332193149.0,11.616215849,48.113203023,2,#fc8d62,car
73567,"9,17E+18",9,1,84,119,2017,2,18,5,3,4,2,0,1,0,0,0,0,2,1,696395127.0,5346608801.0,11.645313885,48.242247965,2,#fc8d62,car
73568,"9,17E+18",9,1,84,135,2017,2,11,5,3,1,6,0,1,0,0,0,0,0,0,693167.3176,5347205.3269,11.602156472,48.248600864,2,#fc8d62,car
73569,"9,17E+18",9,1,62,0,2017,2,15,5,3,2,6,0,1,0,0,0,0,0,1,692072.98,5340394842.0,11.584345678,48.187723005,2,#fc8d62,car
73570,"9,17E+18",9,1,62,0,2017,2,8,5,3,2,6,0,1,0,0,0,0,0,1,691056828.0,5332022.7568,11.566929727,48.112781992,2,#fc8d62,car
73571,"9,17E+18",9,7,74,198,2017,2,6,5,3,8,6,0,1,0,0,0,1,2,2,617035.6272,5347194.0677,10.577118235,48.267135208,2,#fc8d62,car
73575,"9,17E+18",9,7,61,0,2017,2,18,5,3,1,6,0,1,0,0,0,0,2,0,643200.7504,5360558.9158,10.934057889,48.381931391,2,#fc8d62,car
73576,"9,17E+18",9,7,72,177,2017,2,13,5,3,5,3,1,1,0,0,0,0,0,0,636926178.0,5378227541.0,10.855143466,48.542196403,1,#66c2a5,bicycle
73584,"9,17E+18",9,7,61,0,2017,2,11,5,3,2,6,0,1,0,0,0,0,0,1,637446.9112,5359478.3166,10.856036948,48.373494647,2,#fc8d62,car
73586,"9,17E+18",9,7,61,0,2017,2,18,5,3,3,6,0,1,0,0,0,0,2,0,643344466.0,5360647.4149,10.936027936,48.382694488,2,#fc8d62,car
73588,"9,17E+18",9,7,61,0,2017,2,15,5,3,5,3,1,1,0,0,0,0,0,0,641471637.0,5358397751.0,10.909991043,48.362889198,1,#66c2a5,bicycle
73589,"9,17E+18",9,7,71,113,2017,2,8,5,3,1,6,0,1,0,0,0,1,0,1,658490.9652,5367682.5637,11.143114338,48.442319056,2,#fc8d62,car
73613,"9,17E+18",9,2,74,134,2017,2,9,3,2,9,7,0,1,0,0,0,0,0,0,738544.8192,5375118.4379,12.228353285,48.483880941,2,#fc8d62,car