OBJECTID,UIDENTSTLA,ULAND,UREGBEZ,UKREIS,UGEMEINDE,UJAHR,UMONAT,USTUNDE,UWOCHENTAG,UKATEGORIE,UART,UTYP1,IstRad,IstPKW,IstFuss,IstKrad,IstGkfz,IstSonstig,ULICHTVERH,STRZUSTAND,LINREFX,LINREFY,XGCSWGS84,YGCSWGS84,Teilnehmer,color,symbol
73617,"9,17E+18",9,1,87,117,2017,2,13,3,3,0,1,1,0,0,0,0,0,0,0,726681.2019,5304900.7913,12.030604013,47.857423391,1,#66c2a5,bicycle
73621,"9,17E+18",9,1,86,152,2017,2,17,3,2,8,1,0,1,0,0,0,0,1,1,693146942.0,5374424785.0,11.614383359,48.493235757,2,#fc8d62,car
73623,"9,17E+18",9,1,62,0,2017,2,12,3,3,2,6,0,1,0,0,0,0,0,0,680826149.0,5339331639.0,11.432712787,48.18146739,2,#fc8d62,car
73642,"9,17E+18",9,2,61,0,2017,2,14,5,3,5,3,1,1,0,0,0,0,0,0,730888.1005,5381875.7894,12.128633118,48.547440181,1,#66c2a5,bicycle
73643,"9,17E+18",9,1,79,118,2017,2,16,3,3,6,7,0,1,1,0,0,0,0,0,672661.9077,5337943.9636,11.322408729,48.171264102,2,#fc8d62,car
73644,"9,17E+18",9,2,74,113,2017,2,7,5,3,9,1,0,1,0,0,0,0,0,0,729408.4564,5383893.3446,12.109725834,48.566106765,2,#fc8d62,car
73647,"9,17E+18",9,1,90,157,2017,2,9,5,3,2,6,0,1,0,0,0,0,0,0,659493.8275,5301235.0223,11.131772401,47.844658925,2,#fc8d62,car
73649,"9,17E+18",9,1,88,124,2017,2,16,3,3,5,3,0,1,0,0,0,0,0,0,661727.3697,5317110.6289,11.167559788,47.986836743,2,#fc8d62,car
73650,"9,17E+18",9,1,74,131,2017,2,19,3,3,4,1,0,1,0,0,0,0,2,2,676069435.0,5361900221.0,11.378181122,48.385672649,2,#fc8d62,car
73651,"9,17E+18",9,1,74,115,2017,2,15,3,3,1,6,0,1,0,0,0,1,0,0,683032.1201,5350155.4664,11.467036751,48.278125634,2,#fc8d62,car
73652,"9,17E+18",9,1,84,147,2017,2,11,3,3,3,6,0,0,0,0,0,1,0,0,699887.9427,5341345.1021,11.689825483,48.193852088,6,#ffd92f,circle
73653,"9,17E+18",9,1,84,129,2017,2,20,3,3,3,6,0,1,0,0,0,0,2,0,701195.7184,5326374.0312,11.70033643,48.05889476,2,#fc8d62,car
73657,"9,17E+18",9,1,78,124,2017,2,8,3,3,1,6,0,1,0,1,0,0,0,0,702879.6367,5363606.2262,11.740729637,48.39295226,2,#fc8d62,car
73660,"9,17E+18",9,1,87,124,2017,2,15,5,3,8,1,0,1,0,0,0,0,0,1,732983.0345,5329600.4331,12.128112054,48.077068352,2,#fc8d62,car
73663,"9,17E+18",9,1,81,130,2017,2,21,5,3,9,1,0,0,0,0,0,1,2,1,637005.8239,5323105.2254,10.838336181,48.046516796,6,#ffd92f,circle
73664,"9,17E+18",9,1,74,113,2017,2,18,5,3,5,3,0,1,0,0,0,0,2,1,678981.1079,5342767.0961,11.409362062,48.212870862,2,#fc8d62,car
73665,"9,17E+18",9,1,74,135,2017,2,15,5,3,5,3,0,1,0,0,0,0,0,0,662700.5969,5353012.9959,11.194316766,48.30936621,2,#fc8d62,car
73666,"9,17E+18",9,1,78,136,2017,2,7,5,3,6,4,0,1,1,0,0,0,0,1,694405.0344,5370504.1865,11.629571218,48.457613661,2,#fc8d62,car
73667,"9,17E+18",9,1,75,124,2017,2,7,5,3,2,6,0,1,0,0,0,0,0,1,712902.6282,5329362.9589,11.85875139,48.081954737,2,#fc8d62,car
73668,"9,17E+18",9,1,62,0,2017,2,17,4,3,2,6,0,1,0,0,0,0,2,0,688475.3047,5331662.2547,11.532121934,48.110310899,2,#fc8d62,car
73669,"9,17E+18",9,1,62,0,2017,2,13,4,2,5,2,0,1,0,0,0,0,0,0,701304.9558,5332321768.0,11.704603784,48.112312784,2,#fc8d62,car
73670,"9,17E+18",9,1,62,0,2017,2,22,4,3,4,2,0,1,0,0,0,0,2,1,679403553.0,5334799514.0,11.411680386,48.141131643,2,#fc8d62,car
73671,"9,17E+18",9,1,62,0,2017,2,17,4,3,5,2,0,1,0,0,0,0,2,1,693512.3217,5331531.1956,11.599662349,48.107622657,2,#fc8d62,car
73672,"9,17E+18",9,1,77,137,2017,2,6,3,2,4,6,0,1,0,0,0,1,2,1,730315.4118,5345489871.0,12.100946118,48.22078476,2,#fc8d62,car
73674,"9,17E+18",9,1,84,119,2017,2,7,2,3,2,6,0,1,0,0,0,0,0,1,693364.1606,5347318.4477,11.604856965,48.249557522,2,#fc8d62,car
73676,"9,17E+18",9,1,84,140,2017,2,16,2,3,2,6,0,1,0,0,0,0,0,0,700553.0066,5328904.6423,11.692907334,48.081840015,2,#fc8d62,car
73682,"9,17E+18",9,7,77,177,2017,2,7,4,3,9,1,0,1,0,0,0,0,1,2,634806983.0,5316106.3942,10.806646896,47.984046743,2,#fc8d62,car
73693,"9,17E+18",9,7,71,122,2017,2,20,2,3,3,6,0,1,0,0,0,1,2,0,652558.8893,5362301173.0,11.060998437,48.395402098,2,#fc8d62,car
73694,"9,17E+18",9,7,71,146,2017,2,16,2,3,4,2,0,1,0,0,0,0,0,0,646781.4869,5348718.2703,10.978265873,48.274645764,2,#fc8d62,car
73717,"9,17E+18",9,1,62,0,2017,2,8,4,2,2,6,0,1,0,0,0,0,0,1,686741.9476,5331110.6879,11.508616504,48.105863753,2,#fc8d62,car
73718,"9,17E+18",9,1,73,147,2017,2,8,4,3,2,6,0,1,0,0,0,0,0,1,681971.4117,5308428.4624,11.4349712,47.90335354,2,#fc8d62,car
73719,"9,17E+18",9,1,90,152,2017,2,11,4,3,4,1,0,1,0,0,0,0,0,1,667643.5937,5299456.0689,11.239928251,47.826591518,2,#fc8d62,car
73723,"9,17E+18",9,1,87,182,2017,2,15,4,3,2,6,0,1,0,0,0,1,0,0,737200.1561,5327801.2034,12.183644783,48.059351178,2,#fc8d62,car
73724,"9,17E+18",9,1,87,186,2017,2,10,4,3,5,3,0,1,0,0,0,1,0,1,731567.0976,5332843.0562,12.110888561,48.106715014,2,#fc8d62,car
73725,"9,17E+18",9,1,63,0,2017,2,9,4,3,2,6,0,1,0,0,0,0,0,1,734673.2792,5303748.1093,12.136665822,47.844199374,2,#fc8d62,car
73727,"9,17E+18",9,1,87,179,2017,2,17,4,3,2,6,0,1,0,0,0,1,1,1,723305.2671,5311642.9437,11.989020231,47.919184333,2,#fc8d62,car
73729,"9,17E+18",9,1,85,166,2017,2,7,4,3,5,1,0,1,0,0,0,0,0,0,672430.2847,5384399.7232,11.338354307,48.588924749,2,#fc8d62,car
73744,"9,17E+18",9,1,79,134,2017,2,15,4,3,4,6,0,1,0,0,0,0,0,1,666216862.0,5343409.7676,11.23792879,48.222120013,2,#fc8d62,car
73745,"9,17E+18",9,1,81,138,2017,2,19,4,2,9,1,0,1,0,0,0,0,2,1,638858.9773,5334757.4259,10.866979272,48.15089595,2,#fc8d62,car
73746,"9,17E+18",9,1,74,131,2017,2,7,4,3,5,3,0,1,0,0,0,0,1,1,676672584.0,5357594005.0,11.38451193,48.346796284,2,#fc8d62,car
73747,"9,17E+18",9,1,75,139,2017,2,3,4,2,9,1,0,1,0,0,0,0,2,2,709521.98,5332697295.0,11.815051437,48.11303748,2,#fc8d62,car
73748,"9,17E+18",9,1,78,113,2017,2,15,4,3,2,6,0,1,0,0,0,0,0,0,692242235.0,5367645451.0,11.599036079,48.432586027,2,#fc8d62,car
73749,"9,17E+18",9,1,75,123,2017,2,9,4,3,2,2,0,1,0,0,0,0,0,1,719502.4186,5338268.5414,11.951834857,48.159734303,2,#fc8d62,car
73750,"9,17E+18",9,1,77,137,2017,2,19,4,3,5,3,0,1,0,0,0,0,1,0,732809.6091,5344655.7712,12.13401809,48.212381626,2,#fc8d62,car
73751,"9,17E+18",9,1,62,0,2017,1,8,3,3,1,6,0,1,0,0,0,0,0,1,689771.5811,5339890.1546,11.553186966,48.183878592,2,#fc8d62,car
73752,"9,17E+18",9,1,62,0,2017,1,17,3,3,3,6,0,1,0,0,0,1,2,1,692580.5959,5330337.5412,11.58662007,48.097176631,2,#fc8d62,car
73753,"9,17E+18",9,1,62,0,2017,1,17,3,3,6,2,0,1,1,0,0,0,2,1,701642.7374,5332247.9872,11.709101867,48.111542875,2,#fc8d62,car
73754,"9,17E+18",9,1,62,0,2017,1,17,3,3,2,6,0,1,0,0,0,1,2,1,684586.6545,5342908.7607,11.484810473,48.212538685,2,#fc8d62,car
73755,"9,17E+18",9,1,84,127,2017,1,18,3,3,6,4,0,1,1,0,0,0,2,1,702774061.0,5322050352.0,11.719448165,48.01953839,2,#fc8d62,car
73768,"9,17E+18",9,7,72,147,2017,2,8,4,3,2,6,0,1,0,0,0,0,0,1,638353.7738,5364375.5436,10.869889637,48.417331227,2,#fc8d62,car
73769,"9,17E+18",9,7,72,141,2017,2,6,4,3,6,2,0,1,1,0,0,0,2,0,621871.0968,5345988.6331,10.641904259,48.25538269,2,#fc8d62,car
73771,"9,17E+18",9,7,71,111,2017,2,9,4,3,8,1,0,1,0,0,0,0,0,0,657823.8149,5358041.8316,11.130475786,48.35581337,2,#fc8d62,car
73772,"9,17E+18",9,7,71,130,2017,2,7,4,3,4,2,0,1,0,1,0,0,0,0,648797.9131,5354984.2808,11.007634305,48.330514043,2,#fc8d62,car
73773,"9,17E+18",9,7,61,0,2017,2,13,4,3,2,6,0,1,0,0,0,1,0,0,642165.5587,5362357898.0,10.920693726,48.398341094,2,#fc8d62,car
73774,"9,17E+18",9,7,61,0,2017,2,8,4,3,2,6,0,1,0,0,0,0,0,1,644460.0784,5357619.6448,10.95004643,48.355216156,2,#fc8d62,car
73805,"9,17E+18",9,2,74,126,2017,2,14,4,3,2,3,0,1,0,0,0,1,0,0,735248.3904,5385468.8564,12.189653241,48.578094684,2,#fc8d62,car
73816,"9,17E+18",9,1,63,0,2017,2,15,4,3,1,5,1,1,0,0,0,0,0,0,733625.9871,5303417.6574,12.12251081,47.841611954,1,#66c2a5,bicycle
73818,"9,17E+18",9,1,63,0,2017,2,6,4,3,3,2,1,1,0,0,0,0,1,0,732597.7282,5306897.3441,12.110659857,47.873246719,1,#66c2a5,bicycle
73819,"9,17E+18",9,1,63,0,2017,2,9,4,3,5,2,1,0,0,0,0,1,0,0,734566.0889,5304281377.0,12.135524341,47.849029332,1,#66c2a5,bicycle
73822,"9,17E+18",9,1,86,162,2017,2,14,4,1,4,6,0,1,0,0,0,1,0,0,693442.4201,5383302.1311,11.622498214,48.57292497,2,#fc8d62,car
73823,"9,17E+18",9,1,62,0,2017,2,19,4,3,2,6,0,1,0,0,0,0,2,0,681214.5042,5341844.8059,11.439005008,48.203946915,2,#fc8d62,car
73824,"9,17E+18",9,1,88,139,2017,2,15,4,3,2,6,0,1,0,0,0,0,0,0,674833.9825,5319164.2319,11.343911816,48.001850129,2,#fc8d62,car
73825,"9,17E+18",9,1,79,134,2017,2,14,4,3,5,3,0,1,0,0,0,0,0,0,667362479.0,5342983018.0,11.253172486,48.217982413,2,#fc8d62,car
73826,"9,17E+18",9,1,79,123,2017,2,19,4,3,5,2,0,1,0,0,0,0,2,0,677442.6334,5331966.7338,11.384164431,48.116217168,2,#fc8d62,car
73828,"9,17E+18",9,1,79,130,2017,2,13,4,3,5,3,0,1,0,0,0,0,0,0,659268.4302,5337128.2809,11.142088816,48.167428273,2,#fc8d62,car
73829,"9,17E+18",9,1,86,152,2017,2,19,4,2,2,6,0,1,0,0,0,0,2,0,691522.2574,5373814.0885,11.592135672,48.488244494,2,#fc8d62,car
73830,"9,17E+18",9,1,62,0,2017,2,20,4,3,2,6,0,1,0,0,0,0,2,0,694413.7882,5341248.7628,11.616198324,48.194685549,2,#fc8d62,car
73831,"9,17E+18",9,1,75,139,2017,2,16,4,3,5,3,0,1,0,0,0,0,0,0,710421.5669,5328571.9918,11.825089676,48.075670614,2,#fc8d62,car
73832,"9,17E+18",9,1,75,132,2017,2,16,4,3,2,2,0,1,0,0,0,0,0,0,705673.39,5334930.5194,11.764483822,48.134360783,2,#fc8d62,car
73833,"9,17E+18",9,1,75,127,2017,2,19,4,3,5,2,1,1,0,0,0,0,2,0,712859.1221,5341707.0126,11.864336249,48.192889718,1,#66c2a5,bicycle
73834,"9,17E+18",9,1,77,130,2017,2,6,4,3,5,3,0,1,0,0,0,0,0,0,712350.3043,5351999.7951,11.862657756,48.285546745,2,#fc8d62,car
73835,"9,17E+18",9,1,75,137,2017,2,19,4,3,4,1,0,1,0,0,0,0,2,0,725869.9904,5330315.1956,12.033128528,48.086048938,2,#fc8d62,car
73836,"9,17E+18",9,1,62,0,2017,2,16,3,3,2,6,0,1,0,0,0,1,0,0,692093.1741,5341760.0654,11.585234685,48.199987138,2,#fc8d62,car
73837,"9,17E+18",9,1,62,0,2017,2,18,3,3,3,2,1,1,0,0,0,0,2,0,681146.4416,5335922.3638,11.435565544,48.150730919,1,#66c2a5,bicycle
73838,"9,17E+18",9,1,84,135,2017,2,13,3,2,5,3,0,1,0,0,0,1,0,0,692564141.0,5349017.4,11.594864305,48.265070478,2,#fc8d62,car
73839,"9,17E+18",9,1,62,0,2017,2,17,3,3,3,6,1,0,0,0,0,0,1,0,687587.1129,5335040.8292,11.521688277,48.140940639,1,#66c2a5,bicycle
73895,"9,17E+18",9,2,61,0,2017,2,19,6,3,4,2,0,1,0,0,0,0,2,0,731820423.0,5381192039.0,12.14086631,48.540954397,2,#fc8d62,car
73896,"9,17E+18",9,2,61,0,2017,2,22,6,2,1,6,0,1,0,0,0,0,2,0,731822.3823,5379818004.0,12.140128686,48.528610967,2,#fc8d62,car
73916,"9,17E+18",9,2,61,0,2017,2,11,3,3,3,2,1,1,0,0,0,0,0,0,730723.8094,5380955.6083,12.125900809,48.539234699,1,#66c2a5,bicycle
73921,"9,17E+18",9,1,73,123,2017,2,15,6,3,8,1,0,1,0,0,0,0,0,2,677897.8969,5302112.1291,11.377911543,47.847714641,2,#fc8d62,car
73927,"9,17E+18",9,1,84,145,2017,2,23,3,3,2,6,0,1,0,0,0,1,2,0,693860.9874,5323966.3187,11.600910333,48.039525208,2,#fc8d62,car
73931,"9,17E+18",9,1,87,177,2017,2,18,3,3,4,2,0,1,0,0,0,0,1,0,736335744.0,5305683169.0,12.159908681,47.860974532,2,#fc8d62,car
73933,"9,17E+18",9,1,87,137,2017,2,21,3,3,9,1,0,1,0,0,0,0,2,1,726802.0682,5308801.6051,12.034264954,47.892428631,2,#fc8d62,car
73934,"9,17E+18",9,1,86,151,2017,2,13,3,2,4,6,0,1,0,0,0,0,0,0,678507.6921,5376349.6391,11.417244691,48.514865795,2,#fc8d62,car
73938,"9,17E+18",9,1,74,113,2017,2,7,3,3,2,6,0,1,0,0,0,0,1,1,669994.4321,5348543.3194,11.290808867,48.267267727,2,#fc8d62,car
73939,"9,17E+18",9,1,81,113,2017,2,19,3,1,9,1,0,1,0,0,0,0,2,0,638209.1995,5308697.2105,10.849838071,47.916693152,2,#fc8d62,car
73940,"9,17E+18",9,1,79,126,2017,2,8,3,3,5,3,1,1,0,0,0,0,0,1,677270.9864,5339658.9961,11.385064053,48.18541192,1,#66c2a5,bicycle
73941,"9,17E+18",9,1,78,120,2017,2,15,3,3,2,6,0,1,0,0,0,0,0,0,695032.7731,5352967.8968,11.629916964,48.299819485,2,#fc8d62,car
73942,"9,17E+18",9,1,77,126,2017,2,16,3,3,4,2,0,1,0,0,0,0,0,0,720906.5967,5369487.9728,11.987025283,48.439740425,2,#fc8d62,car
73943,"9,17E+18",9,1,75,132,2017,2,8,3,3,2,3,0,1,0,0,0,0,0,0,707294.5965,5336540376.0,11.787031639,48.1483015,2,#fc8d62,car
73944,"9,17E+18",9,1,77,130,2017,2,9,3,3,2,5,0,1,0,0,0,0,0,0,706004.0458,5350770.8501,11.776611917,48.276600077,2,#fc8d62,car
73945,"9,17E+18",9,1,77,115,2017,2,8,3,3,5,6,0,1,0,0,0,1,0,0,733866.7792,5351304325.0,12.151897869,48.271718286,2,#fc8d62,car
73946,"9,17E+18",9,1,84,145,2017,2,17,2,3,5,3,0,1,0,0,0,0,1,0,695897.4814,5325116.3465,11.628729278,48.049239726,2,#fc8d62,car
73949,"9,17E+18",9,1,84,148,2017,2,8,2,3,5,3,0,1,0,0,0,0,0,0,694902.0886,5326954.4863,11.616224092,48.066065094,2,#fc8d62,car
73950,"9,17E+18",9,1,84,147,2017,2,12,2,3,2,5,0,1,0,0,0,0,0,0,696355.7977,5341290.6988,11.642322357,48.194464997,2,#fc8d62,car
73953,"9,17E+18",9,7,61,0,2017,2,7,2,3,4,2,0,1,0,0,0,0,0,1,641228928.0,5360921194.0,10.907563832,48.385633354,2,#fc8d62,car
73954,"9,17E+18",9,7,71,155,2017,2,13,2,3,4,6,0,1,0,0,0,1,0,0,648368482.0,5377896526.0,11.009956015,48.536618663,2,#fc8d62,car
73961,"9,17E+18",9,1,87,130,2017,2,18,6,3,4,1,0,1,0,0,0,0,2,1,712424.8407,5313063.8536,11.844272794,47.935649623,2,#fc8d62,car
73963,"9,17E+18",9,1,86,152,2017,2,18,6,3,2,6,0,1,0,0,0,0,2,1,690829.5223,5376355.9607,11.58393143,48.511299603,2,#fc8d62,car
73966,"9,17E+18",9,1,85,131,2017,2,19,6,3,9,1,0,1,0,0,0,0,2,1,663698.4,5374981451.0,11.216332757,48.506601501,2,#fc8d62,car
73967,"9,17E+18",9,1,86,126,2017,2,12,6,2,5,3,0,1,0,0,0,0,0,1,685265.2294,5376336.1828,11.508655564,48.512787785,2,#fc8d62,car
73970,"9,17E+18",9,1,62,0,2017,2,17,6,3,2,6,0,1,0,0,0,1,0,1,680525.1936,5339583.9037,11.428774897,48.183820531,2,#fc8d62,car
73971,"9,17E+18",9,1,62,0,2017,2,17,6,3,3,6,0,1,0,0,0,1,2,1,694752.7727,5342387.4975,11.621277461,48.204816009,2,#fc8d62,car
73972,"9,17E+18",9,1,62,0,2017,2,15,6,3,3,6,0,1,0,0,0,0,0,0,684788916.0,5342547.4138,11.487373156,48.20923191,2,#fc8d62,car
73978,"9,17E+18",9,1,62,0,2017,2,9,6,3,1,6,0,0,0,0,0,1,0,1,695931509.0,5343719.2447,11.637740311,48.21642216,6,#ffd92f,circle
73979,"9,17E+18",9,1,78,143,2017,2,8,6,3,5,3,0,1,0,0,0,1,0,1,716948376.0,5372374978.0,11.93507318,48.467055293,2,#fc8d62,car
73980,"9,17E+18",9,1,77,117,2017,2,14,6,3,9,1,0,0,0,0,0,1,0,1,717110.2769,5351490426.0,11.926478444,48.279355732,6,#ffd92f,circle
73993,"9,17E+18",9,1,87,169,2017,2,12,7,2,8,1,0,1,0,0,0,0,0,1,736847.4315,5299346.5292,12.163274383,47.803859623,2,#fc8d62,car
73994,"9,17E+18",9,1,62,0,2017,2,18,5,3,6,2,0,1,1,0,0,0,2,1,696038779.0,5333806034.0,11.634611873,48.127295262,2,#fc8d62,car
73995,"9,17E+18",9,1,84,142,2017,2,12,5,3,2,2,0,1,0,0,0,0,0,0,683451.1086,5317524.9997,11.458629231,47.984700867,2,#fc8d62,car
73996,"9,17E+18",9,1,84,138,2017,2,8,5,3,2,6,0,1,0,0,0,0,0,0,678715985.0,5331127.0705,11.400906154,48.108313266,2,#fc8d62,car
73997,"9,17E+18",9,1,62,0,2017,2,12,5,2,6,4,0,1,1,0,0,0,0,0,689942.7494,5328019.6741,11.550196052,48.077135074,2,#fc8d62,car
74000,"9,17E+18",9,1,77,114,2017,2,8,7,3,8,1,0,1,0,0,0,0,0,1,723764.7052,5344961.8073,12.01259779,48.218384203,2,#fc8d62,car
74001,"9,17E+18",9,1,77,133,2017,2,19,7,3,3,6,0,1,0,0,0,0,2,0,713756.4779,5355738.4413,11.883482273,48.318666467,2,#fc8d62,car
74002,"9,17E+18",9,1,75,124,2017,2,18,7,3,5,3,0,1,0,0,0,0,2,1,712626.0991,5329405.3395,11.855064166,48.082427835,2,#fc8d62,car
74004,"9,17E+18",9,7,78,203,2017,2,13,5,3,8,6,0,1,0,0,0,1,0,0,619152.5934,5327493.4635,10.600109726,48.089565436,2,#fc8d62,car
74010,"9,17E+18",9,1,62,0,2017,2,16,6,3,2,1,0,1,0,0,0,0,0,1,682199.1427,5335473.8375,11.449514052,48.146398562,2,#fc8d62,car
74012,"9,17E+18",9,7,72,149,2017,2,10,5,3,5,3,0,1,0,0,0,0,0,0,637746454.0,5340314161.0,10.85383041,48.20110516,2,#fc8d62,car
74013,"9,17E+18",9,7,72,117,2017,2,16,5,3,5,2,0,1,0,0,0,0,0,0,629823.2361,5362655.7753,10.754123007,48.403681987,2,#fc8d62,car
74032,"9,17E+18",9,1,90,159,2017,2,10,2,3,2,6,0,1,0,0,0,0,0,0,661933.8326,5303856.6977,11.165342928,47.86762035,2,#fc8d62,car
74040,"9,17E+18",9,1,81,128,2017,2,21,2,3,4,2,0,1,0,0,0,0,2,1,640085.4592,5328193732.0,10.881303249,48.091605355,2,#fc8d62,car
74041,"9,17E+18",9,1,79,123,2017,2,19,2,3,5,2,0,1,0,0,0,0,2,0,676716.1221,5333789.8278,11.375167417,48.132807448,2,#fc8d62,car
74042,"9,17E+18",9,1,62,0,2017,2,18,6,2,2,5,0,1,0,0,0,0,2,1,695389.4824,5334007.7455,11.625987823,48.129307769,2,#fc8d62,car
74043,"9,17E+18",9,1,62,0,2017,2,9,6,3,2,6,0,1,0,0,0,0,0,1,690971.1895,5332035.1959,11.565785904,48.112919479,2,#fc8d62,car
74052,"9,17E+18",9,1,74,143,2017,2,4,2,3,0,1,1,0,0,0,0,0,2,0,672152.8842,5353203.1196,11.321770026,48.308573357,1,#66c2a5,bicycle
74054,"9,17E+18",9,1,62,0,2017,2,18,2,3,2,6,0,1,0,0,0,0,2,0,685641144.0,5342962.2722,11.499014909,48.212712107,2,#fc8d62,car
74056,"9,17E+18",9,1,62,0,2017,2,0,1,3,9,1,0,1,0,0,0,0,2,1,681627.9987,5335369.7418,11.441798337,48.145626195,2,#fc8d62,car
74057,"9,17E+18",9,1,62,0,2017,2,3,1,3,5,3,0,1,0,0,0,0,2,0,692192.1109,5342934.9118,11.587096857,48.210516348,2,#fc8d62,car
74058,"9,17E+18",9,7,77,130,2017,2,18,1,3,3,6,0,1,0,1,0,0,2,0,623647.7728,5307191.8892,10.654600411,47.906128551,2,#fc8d62,car
74059,"9,17E+18",9,7,71,122,2017,2,20,1,3,2,6,0,1,0,0,0,0,2,1,653124.6262,5362447.3794,11.068689415,48.396579473,2,#fc8d62,car
74065,"9,17E+18",9,1,84,149,2017,2,7,6,3,4,2,0,1,0,0,0,0,0,1,692305.0435,5349791.3509,11.591728522,48.272105102,2,#fc8d62,car
74067,"9,17E+18",9,1,62,0,2017,2,7,6,3,3,6,0,1,0,0,0,1,0,1,695570.8623,5338540372.0,11.630505348,48.169988897,2,#fc8d62,car
74078,"9,17E+18",9,2,61,0,2017,2,17,1,3,1,6,0,1,0,0,0,0,0,0,730843.7926,5384667.1132,12.129581561,48.572530609,2,#fc8d62,car
74082,"9,17E+18",9,1,83,119,2017,2,6,1,3,8,1,0,1,0,0,0,0,2,1,736795.8007,5337738.0912,12.183739595,48.148765818,2,#fc8d62,car
74093,"9,17E+18",9,1,87,182,2017,2,16,1,3,1,3,0,1,0,0,0,0,0,0,738187.2719,5328283.6876,12.197140933,48.063317723,2,#fc8d62,car
74097,"9,17E+18",9,1,79,142,2017,2,23,1,2,2,6,0,1,0,0,0,0,2,0,676087.4412,5343491.0647,11.370744336,48.220188173,2,#fc8d62,car
74099,"9,17E+18",9,1,88,141,2017,2,18,1,2,8,1,0,1,0,0,0,0,2,0,668970.0865,5307336.4395,11.26071746,47.897092144,2,#fc8d62,car
74100,"9,17E+18",9,1,62,0,2017,2,9,7,3,0,7,0,1,0,0,0,0,0,0,691303.3913,5331110.5658,11.569829911,48.10450925,2,#fc8d62,car
74106,"9,17E+18",9,1,62,0,2017,2,12,7,3,2,6,0,1,0,0,0,0,0,0,692148.6191,5339240.2806,11.584840216,48.177323241,2,#fc8d62,car
74110,"9,17E+18",9,1,62,0,2017,2,14,7,3,2,6,0,1,0,0,0,0,0,0,680494.3534,5335064.5639,11.426442512,48.143205643,2,#fc8d62,car
74118,"9,17E+18",9,7,73,140,2017,2,1,7,3,8,1,0,0,0,1,0,0,2,0,616784.1682,5371971.9941,10.580615864,48.490013954,4,#e78ac3,marker
74120,"9,17E+18",9,7,72,148,2017,2,9,7,3,5,2,0,1,0,0,0,1,0,0,628236.6754,5353060.3738,10.729771517,48.317720018,2,#fc8d62,car
74121,"9,17E+18",9,7,71,160,2017,2,9,7,3,8,1,0,1,0,0,0,0,0,0,654024.1564,5349724.7255,11.076181636,48.281974486,2,#fc8d62,car
74130,"9,17E+18",9,7,77,177,2017,2,14,6,3,8,1,0,1,0,0,0,0,0,2,635065905.0,5315967732.0,10.810071499,47.982745175,2,#fc8d62,car
74133,"9,17E+18",9,2,61,0,2017,2,13,5,2,0,6,0,1,0,0,0,1,0,0,726770.7662,5380314999.0,12.072076406,48.534920747,2,#fc8d62,car
74134,"9,17E+18",9,2,61,0,2017,2,13,5,3,2,6,0,1,0,0,0,0,0,0,726770.8654,5380323.9388,12.072082611,48.535001021,2,#fc8d62,car
74135,"9,17E+18",9,2,74,132,2017,2,15,5,3,2,6,0,1,0,0,0,0,0,0,725624846.0,5385847.8231,12.05957453,48.585037726,2,#fc8d62,car
74138,"9,17E+18",9,2,74,128,2017,2,15,5,3,5,3,0,1,0,0,0,0,0,0,735673.4197,5385742228.0,12.195561665,48.580390503,2,#fc8d62,car
74142,"9,17E+18",9,7,61,0,2017,2,15,6,3,4,2,0,1,0,0,0,0,0,1,640989.8362,5360402.4307,10.904162245,48.381022323,2,#fc8d62,car
74158,"9,17E+18",9,2,74,124,2017,2,11,7,3,5,3,0,1,0,0,0,1,0,0,726066899.0,5375914.7992,12.060171483,48.495645365,2,#fc8d62,car
74166,"9,17E+18",9,1,82,123,2017,2,9,7,3,2,6,0,1,0,0,0,0,0,0,720014874.0,5301035.7316,11.939637666,47.825010462,2,#fc8d62,car
74167,"9,17E+18",9,1,87,186,2017,2,12,7,3,5,3,0,1,0,0,0,0,0,0,731563.5951,5332842.0004,12.110841007,48.106706802,2,#fc8d62,car
74168,"9,17E+18",9,1,82,120,2017,2,17,7,3,0,1,1,0,0,0,0,0,0,0,701609.3321,5306889.7381,11.696742295,47.883654561,1,#66c2a5,bicycle
74169,"9,17E+18",9,1,73,147,2017,2,16,5,3,1,6,0,1,0,0,0,0,0,0,681633.3478,5308824.6512,11.430618588,47.907010773,2,#fc8d62,car
74174,"9,17E+18",9,1,87,177,2017,2,13,5,3,5,3,1,1,0,0,0,0,0,0,735961.4633,5305612.2459,12.154873543,47.860474916,1,#66c2a5,bicycle
74179,"9,17E+18",9,1,87,117,2017,2,13,7,3,0,6,0,1,0,1,0,0,0,0,723067.0729,5303772.8292,11.981771705,47.848553027,2,#fc8d62,car
74184,"9,17E+18",9,1,86,143,2017,2,23,7,3,8,1,0,1,0,0,0,0,2,2,685399.8425,5377682469.0,11.511074863,48.524848112,2,#fc8d62,car
74186,"9,17E+18",9,1,84,118,2017,2,11,7,3,2,6,0,1,0,0,0,0,0,0,704233.8159,5336019.0906,11.745679421,48.144606946,2,#fc8d62,car
74187,"9,17E+18",9,1,84,130,2017,2,12,7,3,2,6,0,1,0,0,0,0,0,0,697273.5506,5342519.2978,11.655229595,48.205222263,2,#fc8d62,car