OBJECTID,UIDENTSTLA,ULAND,UREGBEZ,UKREIS,UGEMEINDE,UJAHR,UMONAT,USTUNDE,UWOCHENTAG,UKATEGORIE,UART,UTYP1,IstRad,IstPKW,IstFuss,IstKrad,IstGkfz,IstSonstig,ULICHTVERH,STRZUSTAND,LINREFX,LINREFY,XGCSWGS84,YGCSWGS84,Teilnehmer,color,symbol
74188,"9,17E+18",9,1,75,132,2017,2,9,7,3,2,6,0,1,0,0,0,0,0,0,707218.6348,5336613.0486,11.786046977,48.148979306,2,#fc8d62,car
74189,"9,17E+18",9,1,62,0,2017,2,20,6,3,5,3,0,1,0,0,0,0,2,1,694647604.0,5332059449.0,11.615138446,48.112024526,2,#fc8d62,car
74190,"9,17E+18",9,1,62,0,2017,2,23,6,3,5,2,0,1,0,0,0,0,2,1,692091.8298,5341877.8844,11.585269929,48.201046467,2,#fc8d62,car
74193,"9,17E+18",9,7,77,158,2017,2,14,6,3,5,3,0,1,0,0,0,0,0,0,621557.9624,5309219.5632,10.62721907,47.924764286,2,#fc8d62,car
74195,"9,17E+18",9,1,82,120,2017,2,7,5,3,2,6,0,1,0,0,0,0,1,1,703443.6898,5306962.4971,11.721284587,47.883729833,2,#fc8d62,car
74197,"9,17E+18",9,1,87,179,2017,2,10,5,3,4,2,0,1,0,0,0,1,0,0,722607.7204,5313826797.0,11.980824756,47.939049019,2,#fc8d62,car
74198,"9,17E+18",9,7,61,0,2017,2,16,6,3,2,6,0,1,0,0,0,1,0,0,637849.0445,5361383.2344,10.862089106,48.39053563,2,#fc8d62,car
74200,"9,17E+18",9,7,72,111,2017,2,19,6,3,2,6,0,1,0,0,0,1,2,0,627030.9358,5365569.0573,10.717294655,48.430448526,2,#fc8d62,car
74201,"9,17E+18",9,7,72,125,2017,2,7,6,3,8,1,0,1,0,0,0,0,0,2,626619.5741,5345541.7244,10.705715354,48.250432651,2,#fc8d62,car
74216,"9,17E+18",9,1,86,162,2017,2,11,5,3,0,6,0,0,1,1,0,0,0,0,693466.6517,5382575.8782,11.622488613,48.56639076,3,#8da0cb,toilet
74217,"9,17E+18",9,1,86,143,2017,2,14,5,2,8,1,1,0,0,0,0,0,0,0,684564.1762,5381779.9875,11.501583102,48.561921834,1,#66c2a5,bicycle
74219,"9,17E+18",9,1,74,113,2017,2,15,5,3,2,6,0,1,0,0,0,0,0,0,671346.6639,5347066.3646,11.30841778,48.253626361,2,#fc8d62,car
74234,"9,17E+18",9,1,79,118,2017,2,15,5,3,1,6,0,1,0,0,0,1,0,0,673068.3764,5338435.8491,11.328071568,48.175575345,2,#fc8d62,car
74236,"9,17E+18",9,1,79,121,2017,2,7,5,3,5,3,1,1,0,0,0,0,0,1,666855.8735,5338326.9774,11.244527606,48.176258215,1,#66c2a5,bicycle
74238,"9,17E+18",9,1,62,0,2017,2,19,5,3,2,6,0,1,0,0,0,0,2,0,695234.2668,5344074065.0,11.628527264,48.219825944,2,#fc8d62,car
74240,"9,17E+18",9,1,62,0,2017,2,19,5,3,9,6,0,1,0,0,0,0,2,0,685126245.0,5342632.3614,11.491946425,48.209897155,2,#fc8d62,car
74250,"9,17E+18",9,2,61,0,2017,2,14,6,3,2,6,0,1,0,0,0,0,0,0,730437717.0,5381717.8606,12.122452318,48.546187097,2,#fc8d62,car
74262,"9,17E+18",9,1,77,126,2017,2,18,5,3,5,3,0,1,0,0,0,0,2,0,719517427.0,5369768439.0,11.968414656,48.442746025,2,#fc8d62,car
74263,"9,17E+18",9,1,77,115,2017,2,16,5,3,0,1,1,0,0,0,0,0,0,0,734110.5252,5351205.5864,12.155123083,48.270741274,1,#66c2a5,bicycle
74264,"9,17E+18",9,1,84,112,2017,2,15,4,3,4,6,0,1,0,0,0,0,0,0,700740.6953,5342383999.0,11.701778705,48.202919562,2,#fc8d62,car
74265,"9,17E+18",9,1,84,136,2017,2,16,4,2,2,6,0,1,0,0,0,1,0,0,696625.9747,5326466.8443,11.639114757,48.061153406,2,#fc8d62,car
74266,"9,17E+18",9,1,62,0,2017,2,6,4,2,6,4,0,1,1,0,0,0,2,0,693113645.0,5337635.2656,11.597079264,48.162605381,2,#fc8d62,car
74267,"9,17E+18",9,1,84,148,2017,2,16,4,3,2,6,0,1,0,0,0,1,0,0,696614.7615,5326462.4896,11.638962417,48.061117724,2,#fc8d62,car
74276,"9,17E+18",9,1,62,0,2017,2,6,6,3,3,6,0,1,0,0,0,1,1,0,683470.4868,5342557.4636,11.469647804,48.209704695,2,#fc8d62,car
74278,"9,17E+18",9,1,88,121,2017,2,9,6,3,5,2,0,1,0,0,0,0,0,0,670067.7078,5329286.1384,11.284088024,48.094131367,2,#fc8d62,car
74279,"9,17E+18",9,1,84,119,2017,2,12,6,3,2,6,0,1,0,0,0,0,0,0,695687.9039,5345547.4019,11.635308246,48.232927538,2,#fc8d62,car
74280,"9,17E+18",9,1,62,0,2017,2,6,5,3,5,2,0,1,0,0,0,0,2,0,677952.0713,5335310.7241,11.392399823,48.146134586,2,#fc8d62,car
74281,"9,17E+18",9,1,62,0,2017,2,7,5,3,2,6,0,1,0,0,0,0,0,0,692047.1131,5341422.6076,11.584462783,48.196968098,2,#fc8d62,car
74282,"9,17E+18",9,1,84,148,2017,2,13,5,3,2,6,0,1,0,0,0,0,0,0,695201.8724,5326342.3927,11.61996444,48.060472141,2,#fc8d62,car
74283,"9,17E+18",9,1,62,0,2017,2,18,5,3,2,6,0,1,0,0,0,0,0,0,692513.8146,5330522.6533,11.585807538,48.098860571,2,#fc8d62,car
74286,"9,17E+18",9,7,71,130,2017,2,22,5,3,1,6,0,1,0,0,0,0,2,0,644667.9959,5357652.4699,10.952862669,48.3554637,2,#fc8d62,car
74301,"9,17E+18",9,7,71,113,2017,2,18,7,3,2,2,0,1,0,0,0,0,2,0,658979.0513,5366816.1021,11.149380627,48.434406365,2,#fc8d62,car
74302,"9,17E+18",9,1,73,137,2017,2,13,7,2,5,3,0,1,0,0,0,0,0,0,680440.8138,5307540.7264,11.414137816,47.89580569,2,#fc8d62,car
74318,"9,17E+18",9,1,83,126,2017,2,16,5,3,5,3,0,1,0,0,0,0,0,0,732923.1806,5336964.3489,12.131329978,48.143244542,2,#fc8d62,car
74322,"9,17E+18",9,1,87,150,2017,2,13,5,3,1,6,0,1,0,0,0,0,0,0,730341.2933,5303408.9335,12.078670821,47.842718575,2,#fc8d62,car
74327,"9,17E+18",9,1,88,121,2017,2,13,5,3,2,6,0,1,0,0,0,0,0,0,674222.0892,5330597.7512,11.340371011,48.104799968,2,#fc8d62,car
74328,"9,17E+18",9,1,88,121,2017,2,7,5,2,3,7,0,1,0,0,0,1,0,0,672278.5362,5329608.4397,11.313885598,48.096434939,2,#fc8d62,car
74329,"9,17E+18",9,1,74,113,2017,2,7,5,3,2,6,0,1,0,0,0,0,0,0,670102.3199,5348398.5459,11.292203305,48.265937315,2,#fc8d62,car
74330,"9,17E+18",9,1,81,145,2017,2,9,5,3,8,7,0,0,0,0,0,1,0,0,641395.3794,5334393.4223,10.900941347,48.147063979,6,#ffd92f,circle
74331,"9,17E+18",9,1,74,122,2017,2,9,5,3,5,3,1,0,0,0,0,1,0,0,683153.9748,5351245.2263,11.469149946,48.287885576,1,#66c2a5,bicycle
74332,"9,17E+18",9,1,75,132,2017,2,10,5,3,2,6,0,0,0,0,0,1,0,0,705293.6497,5333642.0283,11.758765137,48.122904305,6,#ffd92f,circle
74333,"9,17E+18",9,1,78,120,2017,2,11,5,3,2,5,0,1,0,0,0,0,0,0,695293.9839,5352551.4811,11.633242795,48.295996507,2,#fc8d62,car
74334,"9,17E+18",9,1,75,127,2017,2,5,5,3,5,3,0,1,0,0,0,0,2,0,712940.6254,5341501.7659,11.865328668,48.19101813,2,#fc8d62,car
74335,"9,17E+18",9,1,78,143,2017,2,10,5,3,5,3,1,1,0,0,0,0,0,0,716583.0615,5371925.8618,11.929905141,48.463145996,1,#66c2a5,bicycle
74336,"9,17E+18",9,1,84,144,2017,2,22,4,2,9,1,0,1,0,0,0,0,2,0,685153.3874,5316500.4382,11.480979718,47.975000916,2,#fc8d62,car
74337,"9,17E+18",9,1,62,0,2017,2,19,4,3,0,7,0,0,0,0,0,1,1,0,692043.1607,5341282.2912,11.584346184,48.195708169,6,#ffd92f,circle
74338,"9,17E+18",9,1,62,0,2017,2,19,4,3,2,6,0,1,0,0,0,1,2,0,692104.0852,5340028.2433,11.584597981,48.184418709,2,#fc8d62,car
74340,"9,17E+18",9,7,61,0,2017,2,11,4,3,5,2,1,1,0,0,0,0,0,0,641132.2039,5356585697.0,10.904803389,48.346671819,1,#66c2a5,bicycle
74373,"9,17E+18",9,1,90,157,2017,2,13,4,3,2,6,0,1,0,0,0,1,0,0,660483.2709,5300719.1167,11.144796314,47.839774101,2,#fc8d62,car
74375,"9,17E+18",9,1,86,162,2017,2,20,4,3,4,2,0,1,0,0,0,0,2,0,694048.7868,5385787.1944,11.631869789,48.595070226,2,#fc8d62,car
74377,"9,17E+18",9,1,62,0,2017,2,7,4,3,2,6,0,1,0,0,0,1,0,0,685594051.0,5333158002.0,11.494102309,48.12460144,2,#fc8d62,car
74378,"9,17E+18",9,1,81,141,2017,2,7,4,3,5,3,0,1,0,0,0,0,0,0,643079.1811,5321493.4996,10.9192432,48.030691568,2,#fc8d62,car
74379,"9,17E+18",9,1,88,132,2017,2,16,4,3,2,6,0,1,0,0,0,0,0,0,664122974.0,5321993.9375,11.201511241,48.030130108,2,#fc8d62,car
74380,"9,17E+18",9,1,79,145,2017,2,10,4,1,6,4,0,0,1,0,0,1,0,0,673862.3204,5336666.1427,11.338018715,48.159449987,3,#8da0cb,toilet
74381,"9,17E+18",9,1,74,131,2017,2,19,4,3,1,6,0,1,0,0,0,1,2,0,676346.8762,5358577.5118,11.380531849,48.3557279,2,#fc8d62,car
74382,"9,17E+18",9,1,84,112,2017,2,16,4,3,3,6,0,1,0,0,0,0,0,0,701507.3247,5340783.8034,11.711325436,48.188296095,2,#fc8d62,car
74383,"9,17E+18",9,1,75,111,2017,2,15,4,3,3,6,0,1,0,0,0,0,0,0,710370.8098,5337771.7083,11.828947394,48.158356395,2,#fc8d62,car
74384,"9,17E+18",9,1,78,142,2017,2,8,4,2,9,1,0,1,0,0,0,0,0,0,715364.1259,5375369.8915,11.915211803,48.49450825,2,#fc8d62,car
74385,"9,17E+18",9,1,62,0,2017,2,16,3,3,2,6,0,1,0,0,0,0,0,1,684743.8517,5342306.0392,11.486662059,48.207075461,2,#fc8d62,car
74386,"9,17E+18",9,1,84,148,2017,2,19,3,3,5,2,0,1,0,0,0,0,2,1,696140.0787,5326328.2403,11.632536645,48.06005724,2,#fc8d62,car
74387,"9,17E+18",9,1,62,0,2017,2,14,3,3,2,7,0,1,0,0,0,0,0,1,687377.1624,5335080939.0,11.518886442,48.141363019,2,#fc8d62,car
74388,"9,17E+18",9,1,62,0,2017,2,18,3,2,4,2,0,1,0,0,0,0,2,1,685730442.0,5335286856.0,11.496861511,48.143696712,2,#fc8d62,car
74389,"9,17E+18",9,1,84,139,2017,2,18,3,3,2,6,0,1,0,0,0,0,1,1,687451.1747,5324126.4354,11.515071334,48.042878334,2,#fc8d62,car
74394,"9,17E+18",9,7,61,0,2017,2,15,3,3,5,3,0,1,0,1,0,0,0,1,641750.0901,5359749.7441,10.914203933,48.374983291,2,#fc8d62,car
74395,"9,17E+18",9,7,61,0,2017,2,6,3,3,4,2,0,1,0,0,0,0,1,1,640990.7803,5360401.3859,10.904174638,48.381012718,2,#fc8d62,car
74427,"9,17E+18",9,2,74,121,2017,2,1,3,3,9,1,0,1,0,0,0,0,2,1,721821.46,5371325.2599,12.000351212,48.455925282,2,#fc8d62,car
74428,"9,17E+18",9,2,61,0,2017,2,7,3,3,5,3,0,1,0,0,0,0,0,0,731672.6259,5379743.0254,12.138061689,48.527992725,2,#fc8d62,car
74434,"9,17E+18",9,1,63,0,2017,2,8,3,3,5,3,1,1,0,0,0,0,0,1,733558.3374,5305098.6423,12.122515297,47.856738585,1,#66c2a5,bicycle
74440,"9,17E+18",9,1,81,146,2017,2,13,3,3,2,7,0,0,0,0,0,1,0,0,650426.9253,5325593122.0,11.019183897,48.065865068,6,#ffd92f,circle
74441,"9,17E+18",9,1,81,122,2017,2,12,3,3,0,3,1,1,0,0,0,0,0,1,651628.8523,5330186.0351,11.036937496,48.106877046,1,#66c2a5,bicycle
74442,"9,17E+18",9,1,79,123,2017,2,17,3,3,5,2,1,1,0,0,0,0,2,1,676401.0788,5333678948.0,11.370890906,48.131898119,1,#66c2a5,bicycle
74443,"9,17E+18",9,1,78,130,2017,2,5,3,3,4,1,0,1,0,0,0,0,2,0,702778.78,5358696282.0,11.737001425,48.34886237,2,#fc8d62,car
74444,"9,17E+18",9,1,78,124,2017,2,13,3,3,9,1,0,1,0,0,0,0,0,1,704447.4773,5362625.7725,11.761407258,48.383635541,2,#fc8d62,car
74445,"9,17E+18",9,1,75,115,2017,2,11,3,2,8,1,0,1,0,0,0,0,0,1,716477.0366,5337360.7581,11.910743045,48.152614683,2,#fc8d62,car
74448,"9,17E+18",9,7,71,130,2017,2,19,2,3,3,6,0,1,0,0,0,0,2,1,643557.5305,5363303.5099,10.939811858,48.406528069,2,#fc8d62,car
74449,"9,17E+18",9,7,61,0,2017,2,7,2,3,2,6,0,1,0,0,0,0,0,1,638139594.0,5361338378.0,10.865996985,48.390068717,2,#fc8d62,car
74487,"9,17E+18",9,2,74,126,2017,2,6,2,2,8,1,0,1,0,0,0,0,1,0,732165.6798,5385356.2946,12.147859155,48.578233129,2,#fc8d62,car
74491,"9,17E+18",9,1,83,140,2017,2,7,2,3,1,6,0,1,0,0,0,0,0,1,739642.0245,5340206.8813,12.223335272,48.169876497,2,#fc8d62,car
74493,"9,17E+18",9,1,84,114,2017,2,10,2,3,2,6,0,0,0,0,0,1,0,0,698927.8625,5320961.8119,11.667419414,48.010964208,6,#ffd92f,circle
74497,"9,17E+18",9,1,86,125,2017,2,19,2,3,4,6,0,1,0,0,0,1,2,0,675082.7385,5377148793.0,11.371243206,48.523013325,2,#fc8d62,car
74498,"9,17E+18",9,1,85,158,2017,2,18,2,3,3,6,0,1,0,0,0,0,2,0,668444.7187,5382141.3604,11.283435713,48.569708565,2,#fc8d62,car
74499,"9,17E+18",9,1,81,130,2017,2,6,2,3,2,6,0,1,0,0,0,0,2,1,638914.5395,5325452904.0,10.864695667,48.067215348,2,#fc8d62,car
74500,"9,17E+18",9,1,74,113,2017,2,10,2,2,4,1,0,1,0,0,0,0,0,1,677025.5377,5347786.0596,11.385158067,48.258534899,2,#fc8d62,car
74501,"9,17E+18",9,1,84,123,2017,2,2,2,3,8,7,0,1,0,0,0,1,2,1,705170.7707,5332459.5633,11.756546923,48.112317602,2,#fc8d62,car
74502,"9,17E+18",9,1,84,135,2017,2,16,2,3,3,6,0,1,0,0,0,0,0,0,693263.3546,5344969.0597,11.602428545,48.228473102,2,#fc8d62,car
74503,"9,17E+18",9,1,75,118,2017,2,7,2,3,5,2,0,1,0,0,0,0,0,1,715554.4026,5338113.0174,11.898734888,48.15968738,2,#fc8d62,car
74504,"9,17E+18",9,1,75,121,2017,2,18,2,1,4,6,0,1,0,0,0,0,1,0,712288.0529,5320486766.0,11.846109121,48.002398256,2,#fc8d62,car
74505,"9,17E+18",9,1,77,122,2017,2,9,2,3,8,1,0,1,0,0,0,0,0,1,727506.5143,5359014.7666,12.070464253,48.343303514,2,#fc8d62,car
74506,"9,17E+18",9,1,62,0,2017,2,18,1,3,5,2,1,1,0,0,0,0,2,0,690182684.0,5331913.6686,11.555148728,48.112063126,1,#66c2a5,bicycle
74509,"9,17E+18",9,7,62,0,2017,2,16,1,2,4,2,0,1,0,0,0,0,0,0,620545.5704,5305368.3226,10.612595827,47.890318338,2,#fc8d62,car
74510,"9,17E+18",9,7,73,182,2017,2,2,1,3,9,7,0,1,0,0,0,0,2,0,624414.3525,5379144344.0,10.685981288,48.553046961,2,#fc8d62,car
74511,"9,17E+18",9,7,72,147,2017,2,20,1,3,7,7,0,1,0,0,0,0,2,0,637534.1324,5364150.8063,10.85874435,48.41548988,2,#fc8d62,car
74535,"9,17E+18",9,1,84,141,2017,2,11,1,3,2,6,0,1,0,0,0,0,0,0,700398.75,5317066.8931,11.685302054,47.975499953,2,#fc8d62,car
74536,"9,17E+18",9,1,87,164,2017,2,15,1,3,4,2,0,1,0,0,0,0,0,0,735463612.0,5321082186.0,12.15668216,47.999634262,2,#fc8d62,car
74537,"9,17E+18",9,1,63,0,2017,2,5,1,3,0,1,1,0,0,0,0,0,2,2,733742847.0,5303743026.0,12.124245981,47.844492613,1,#66c2a5,bicycle
74538,"9,17E+18",9,1,86,144,2017,2,4,1,3,9,1,0,1,0,0,0,0,2,1,683130412.0,5385729.3512,11.483908545,48.597838413,2,#fc8d62,car
74540,"9,17E+18",9,1,62,0,2017,2,0,1,3,3,6,0,1,0,0,0,0,2,0,681224259.0,5338916728.0,11.437886724,48.177624431,2,#fc8d62,car
74541,"9,17E+18",9,1,88,117,2017,2,15,1,2,8,1,0,0,0,1,0,0,0,0,664638.8701,5319001.0441,11.207276718,48.003089804,4,#e78ac3,marker
74542,"9,17E+18",9,1,74,131,2017,2,4,1,2,9,1,0,1,0,0,0,0,2,2,678126.3168,5358663.9096,11.404567455,48.356005094,2,#fc8d62,car
74543,"9,17E+18",9,1,74,113,2017,2,13,1,3,5,3,0,1,0,0,0,0,0,0,678981.4458,5342768308.0,11.409367118,48.21288166,2,#fc8d62,car
74544,"9,17E+18",9,1,74,131,2017,2,4,1,2,9,1,0,1,0,0,0,0,2,2,678126.3168,5358663.9096,11.404567455,48.356005094,2,#fc8d62,car
74545,"9,17E+18",9,1,74,131,2017,2,3,1,3,8,1,0,1,0,0,0,0,2,2,676701133.0,5357608.21,11.384902863,48.346915985,2,#fc8d62,car
74546,"9,17E+18",9,1,75,111,2017,2,2,1,1,4,7,0,1,0,0,0,0,2,1,710934.5825,5337957.9236,11.836611383,48.159842959,2,#fc8d62,car
74547,"9,17E+18",9,1,78,145,2017,2,12,1,3,2,6,0,1,0,0,0,0,0,0,695769207.0,5355869878.0,11.641183033,48.325672558,2,#fc8d62,car
74548,"9,17E+18",9,1,77,135,2017,2,6,1,3,9,1,0,1,0,0,0,0,2,2,720520.8191,5343891.1086,11.968429286,48.209899727,2,#fc8d62,car
74549,"9,17E+18",9,1,84,112,2017,2,22,7,3,1,5,0,1,0,0,0,0,2,0,701721.3462,5339434.7822,11.71356138,48.176104791,2,#fc8d62,car
74550,"9,17E+18",9,1,84,134,2017,2,13,7,3,4,2,0,1,0,0,0,0,0,0,694264849.0,5323339882.0,11.606038749,48.033772173,2,#fc8d62,car
74556,"9,17E+18",9,7,72,156,2017,2,10,7,3,4,2,0,1,0,0,0,0,0,1,626047365.0,5370199.34,10.705398328,48.472283925,2,#fc8d62,car
74557,"9,17E+18",9,7,61,0,2017,2,8,7,3,3,7,0,1,0,0,0,0,0,1,643350.0926,5360658.3897,10.936107628,48.382791889,2,#fc8d62,car
74570,"9,17E+18",9,1,85,158,2017,2,19,3,3,5,3,0,1,0,0,0,0,2,0,667242.2717,5380591.8232,11.266525928,48.556101382,2,#fc8d62,car
74581,"9,17E+18",9,7,72,147,2017,2,19,3,3,9,1,0,1,0,0,0,0,2,1,638447.0772,5367506.0312,10.872184082,48.445459147,2,#fc8d62,car
74582,"9,17E+18",9,7,72,111,2017,2,7,3,3,8,7,0,1,0,0,0,0,0,1,625693.2393,5364217016.0,10.698813691,48.418558618,2,#fc8d62,car
74583,"9,17E+18",9,7,72,200,2017,2,8,3,3,9,6,0,1,0,0,0,0,0,1,627791.8931,5339710.9866,10.719742616,48.197762844,2,#fc8d62,car
74584,"9,17E+18",9,7,71,130,2017,2,17,3,3,5,3,0,1,0,0,0,0,2,1,645894.3993,5357836.4821,10.969471464,48.356836049,2,#fc8d62,car
74585,"9,17E+18",9,7,71,112,2017,2,7,3,3,8,1,0,1,0,0,0,0,1,2,650142.9329,5369764.5217,11.031054826,48.463083896,2,#fc8d62,car
74596,"9,17E+18",9,1,81,145,2017,2,9,3,3,8,1,0,0,0,0,0,1,0,1,649521.4321,5329054.9691,11.00824887,48.097205261,6,#ffd92f,circle
74597,"9,17E+18",9,1,81,137,2017,2,8,3,3,2,2,0,1,0,0,0,0,0,1,647301.9374,5307656.0038,10.971110376,47.905306282,2,#fc8d62,car
74598,"9,17E+18",9,1,74,126,2017,2,13,3,3,5,3,1,1,0,0,0,0,0,1,683680.8518,5343948.6589,11.473079246,48.222148557,1,#66c2a5,bicycle
74599,"9,17E+18",9,1,78,123,2017,2,15,3,3,6,4,0,1,1,0,0,0,0,1,685956525.0,5360540.9522,11.510995545,48.370618811,2,#fc8d62,car
74608,"9,17E+18",9,2,61,0,2017,2,12,3,3,5,3,0,1,0,0,0,0,0,1,731975.8369,5380947.9013,12.142832771,48.538703929,2,#fc8d62,car
74610,"9,17E+18",9,1,75,124,2017,2,8,3,3,5,3,0,1,0,0,0,0,0,1,715048271.0,5328657.5059,11.887169301,48.074895786,2,#fc8d62,car
74611,"9,17E+18",9,1,84,130,2017,2,10,2,3,0,7,0,1,0,0,0,1,0,0,699490.3338,5345772.2605,11.686563136,48.233763782,2,#fc8d62,car
74612,"9,17E+18",9,1,62,0,2017,2,10,2,2,3,6,0,1,0,0,0,1,2,0,688540.1728,5334508.3178,11.534251339,48.135872648,2,#fc8d62,car
74616,"9,17E+18",9,7,61,0,2017,2,17,2,3,2,6,0,1,0,0,0,0,0,0,638562.7442,5362816.0865,10.872197377,48.403263086,2,#fc8d62,car
74617,"9,17E+18",9,7,72,163,2017,2,8,2,3,3,6,0,1,0,0,0,0,0,0,638565.6855,5347921.7771,10.867338233,48.269334867,2,#fc8d62,car
74618,"9,17E+18",9,7,72,141,2017,2,11,2,3,1,6,0,1,0,0,0,0,0,0,622949.8232,5350002.3305,10.657598455,48.291269436,2,#fc8d62,car
74649,"9,17E+18",9,2,74,146,2017,2,19,2,3,0,1,1,0,0,0,0,0,2,0,733408.7385,5373836.4307,12.158239514,48.474292508,1,#66c2a5,bicycle
74650,"9,17E+18",9,1,73,137,2017,2,19,2,3,2,3,0,1,0,0,0,0,2,0,679132.3619,5308337.2958,11.3969785,47.903333004,2,#fc8d62,car
74651,"9,17E+18",9,1,90,138,2017,2,10,2,3,2,2,0,1,0,0,0,0,0,0,660208334.0,5308276284.0,11.143926767,47.907789822,2,#fc8d62,car
74661,"9,17E+18",9,1,87,159,2017,2,9,2,3,2,6,0,1,0,0,0,0,0,0,730108.0115,5330027.0584,12.089799241,48.081944917,2,#fc8d62,car
74663,"9,17E+18",9,1,86,143,2017,2,15,2,3,5,3,1,1,0,0,0,0,0,0,685511801.0,5379396823.0,11.513352679,48.540223116,1,#66c2a5,bicycle
74665,"9,17E+18",9,1,62,0,2017,2,12,2,2,2,6,0,1,0,0,0,1,0,0,679960.5794,5338169.3199,11.420586676,48.171265211,2,#fc8d62,car
74666,"9,17E+18",9,1,88,126,2017,2,5,2,3,0,7,0,1,0,0,0,0,2,0,659742.5579,5330015.0642,11.145793375,48.10335686,2,#fc8d62,car
74667,"9,17E+18",9,1,74,126,2017,2,18,2,3,4,2,0,1,0,0,0,0,2,0,682896.3784,5344622.4167,11.462817946,48.228431261,2,#fc8d62,car
74668,"9,17E+18",9,1,77,133,2017,2,17,2,3,4,2,0,1,0,0,0,0,1,0,711330507.0,5361550.5767,11.853715715,48.371706682,2,#fc8d62,car
74669,"9,17E+18",9,1,75,133,2017,2,15,2,2,2,6,0,1,0,0,0,1,0,0,711251258.0,5343118633.0,11.843430227,48.206111031,2,#fc8d62,car
74670,"9,17E+18",9,1,77,115,2017,2,8,2,3,2,6,0,1,0,0,0,0,0,0,732804933.0,5352613018.0,12.138330043,48.283865717,2,#fc8d62,car
74671,"9,17E+18",9,1,62,0,2017,2,18,1,3,2,6,0,1,0,0,0,0,2,0,697202.4633,5330816.0336,11.64885114,48.100063582,2,#fc8d62,car
74697,"9,17E+18",9,1,87,179,2017,2,19,1,3,0,7,0,0,0,0,0,1,2,0,721593659.0,5315138206.0,11.967939955,47.95118373,6,#ffd92f,circle
74699,"9,17E+18",9,1,85,158,2017,2,12,1,2,8,7,0,1,0,0,0,0,0,0,669497.7637,5382088.1935,11.297677196,48.568946763,2,#fc8d62,car
74703,"9,17E+18",9,1,81,140,2017,2,13,1,2,0,1,0,0,0,1,0,0,0,0,645200743.0,5322925697.0,10.948170221,48.043090957,4,#e78ac3,marker
74704,"9,17E+18",9,1,74,135,2017,2,2,1,3,8,1,0,0,0,0,0,1,2,0,662577119.0,5355852408.0,11.193747532,48.334924507,6,#ffd92f,circle
74705,"9,17E+18",9,1,78,145,2017,2,8,1,3,3,6,0,1,0,0,0,0,0,0,693349.9226,5357110657.0,11.60914833,48.337568391,2,#fc8d62,car
74706,"9,17E+18",9,1,62,0,2017,2,16,7,3,1,6,0,1,0,0,0,0,0,0,685082.4757,5341753.4436,11.49097449,48.202009899,2,#fc8d62,car
74707,"9,17E+18",9,1,62,0,2017,2,17,7,3,0,7,1,0,0,0,0,0,0,0,698103.2685,5333325.5598,11.662102836,48.122338015,1,#66c2a5,bicycle
74712,"9,17E+18",9,7,77,121,2017,2,10,7,3,2,6,0,1,0,0,0,0,0,0,627869.8859,5319350.9411,10.714688941,48.014649827,2,#fc8d62,car
74713,"9,17E+18",9,7,72,111,2017,2,2,7,3,2,7,0,1,0,0,0,0,2,0,626372.7945,5364172.8452,10.707980712,48.418025473,2,#fc8d62,car
74714,"9,17E+18",9,7,61,0,2017,2,11,7,3,3,2,1,1,0,0,0,0,0,0,640577207.0,5360225993.0,10.898533583,48.379527937,1,#66c2a5,bicycle
74754,"9,17E+18",9,1,86,162,2017,2,17,7,3,2,6,0,1,0,0,0,1,0,0,689023.7386,5384487424.0,11.563196215,48.58492575,2,#fc8d62,car
74757,"9,17E+18",9,1,62,0,2017,2,13,7,3,2,6,0,1,0,0,0,0,0,0,678148.8955,5334920.3617,11.39488021,48.142570494,2,#fc8d62,car
74758,"9,17E+18",9,1,81,121,2017,2,12,7,3,0,7,0,1,0,0,0,0,0,0,636500562.0,5310246.3092,10.827471974,47.9309898,2,#fc8d62,car
74759,"9,17E+18",9,1,78,120,2017,2,11,7,3,2,6,0,1,0,0,0,0,0,0,695018.5931,5353155.8558,11.629812788,48.301513085,2,#fc8d62,car
74760,"9,17E+18",9,1,62,0,2017,2,18,7,3,3,6,0,1,0,0,0,0,2,0,694296.5373,5340895.8689,11.61446074,48.191549795,2,#fc8d62,car
74761,"9,17E+18",9,1,62,0,2017,2,14,7,3,2,6,0,1,0,0,0,0,0,0,694651.2427,5342107.5511,11.619784008,48.202331142,2,#fc8d62,car
74762,"9,17E+18",9,1,62,0,2017,2,7,6,3,9,6,0,1,0,0,0,0,0,0,688082723.0,5340211558.0,11.530630464,48.187269623,2,#fc8d62,car
74763,"9,17E+18",9,1,84,114,2017,2,16,6,3,5,2,0,1,0,0,0,0,0,1,700964.2313,5322846.5257,11.695577387,48.027265502,2,#fc8d62,car
74764,"9,17E+18",9,1,62,0,2017,2,13,6,2,4,3,0,1,0,0,0,1,0,1,684614.0169,5342655.9869,11.48506845,48.210258699,2,#fc8d62,car
74765,"9,17E+18",9,1,84,135,2017,2,19,6,3,6,2,0,1,1,0,0,0,2,0,689797.2071,5348165613.0,11.557235702,48.258249773,2,#fc8d62,car
74766,"9,17E+18",9,1,84,137,2017,2,16,6,3,1,6,0,1,0,0,0,0,0,0,707149.4148,5316012.3525,11.775143331,47.9638738,2,#fc8d62,car