OBJECTID,UIDENTSTLA,ULAND,UREGBEZ,UKREIS,UGEMEINDE,UJAHR,UMONAT,USTUNDE,UWOCHENTAG,UKATEGORIE,UART,UTYP1,IstRad,IstPKW,IstFuss,IstKrad,IstGkfz,IstSonstig,ULICHTVERH,STRZUSTAND,LINREFX,LINREFY,XGCSWGS84,YGCSWGS84,Teilnehmer,color,symbol
74767,"9,17E+18",9,1,84,137,2017,2,13,6,3,9,1,0,1,0,0,0,0,0,1,709124285.0,5312933914.0,11.800071793,47.93556741,2,#fc8d62,car
74768,"9,17E+18",9,1,62,0,2017,2,15,6,3,5,6,0,1,0,0,0,1,2,0,689431627.0,5331858.1304,11.545043779,48.111787763,2,#fc8d62,car
74773,"9,17E+18",9,7,62,0,2017,2,8,6,3,5,3,0,1,0,0,0,0,0,1,620688.6014,5303927.2756,10.614105647,47.877330975,2,#fc8d62,car
74818,"9,17E+18",9,2,61,0,2017,2,19,6,3,3,6,0,1,0,0,0,1,1,0,731921.5534,5379790.5715,12.141454639,48.528327919,2,#fc8d62,car
74822,"9,17E+18",9,1,84,114,2017,2,22,6,3,3,6,0,1,0,0,0,0,2,1,700607.5335,5316141.1633,11.687664471,47.967114712,2,#fc8d62,car
74823,"9,17E+18",9,1,82,123,2017,2,14,6,3,2,6,0,1,0,0,0,0,0,0,715245.9222,5302150.2324,11.876557048,47.836638661,2,#fc8d62,car
74824,"9,17E+18",9,1,87,177,2017,2,19,6,3,2,6,0,1,0,0,0,0,2,1,736057.8634,5304245.8963,12.155414877,47.848164564,2,#fc8d62,car
74825,"9,17E+18",9,1,63,0,2017,2,17,6,3,2,6,0,1,0,0,0,0,0,1,733851.8581,5304035.7698,12.125858971,47.847082994,2,#fc8d62,car
74826,"9,17E+18",9,1,82,120,2017,2,19,6,3,5,3,0,1,0,0,0,0,2,1,703273401.0,5308438544.0,11.719704424,47.89704932,2,#fc8d62,car
74828,"9,17E+18",9,1,62,0,2017,2,13,6,3,9,1,0,1,0,0,0,0,0,1,678081.6519,5335120.2623,11.39406067,48.144386245,2,#fc8d62,car
74829,"9,17E+18",9,1,81,138,2017,2,5,6,3,4,6,0,1,0,0,0,0,2,0,639768311.0,5334756.7773,10.879198384,48.150690924,2,#fc8d62,car
74830,"9,17E+18",9,1,79,123,2017,2,20,6,2,2,6,0,1,0,0,0,0,2,0,677368.4078,5332261.3014,11.383290545,48.118885776,2,#fc8d62,car
74831,"9,17E+18",9,1,74,126,2017,2,6,6,3,4,2,1,1,0,0,0,0,2,1,683692.7717,5343938.0721,11.473234993,48.222049947,1,#66c2a5,bicycle
74832,"9,17E+18",9,1,78,138,2017,2,14,6,3,4,2,0,1,0,0,0,0,0,0,711361199.0,5369227697.0,11.857995181,48.440678087,2,#fc8d62,car
74833,"9,17E+18",9,1,75,115,2017,2,15,6,3,5,3,0,1,0,0,0,0,0,0,721343.3328,5328961.9326,11.971726283,48.075477567,2,#fc8d62,car
74834,"9,17E+18",9,1,84,141,2017,2,7,5,2,4,6,0,0,0,0,0,1,0,0,697982.8144,5314712.0762,11.651880834,47.955087785,6,#ffd92f,circle
74835,"9,17E+18",9,1,84,145,2017,2,9,5,3,5,3,0,1,0,0,0,0,0,0,695137.3772,5325581.8492,11.618752835,48.053656341,2,#fc8d62,car
74842,"9,17E+18",9,7,61,0,2017,2,14,5,3,5,7,0,1,0,0,0,0,0,0,641490.4261,5352967.2324,10.908420522,48.314055646,2,#fc8d62,car
74894,"9,17E+18",9,1,73,120,2017,3,17,2,3,0,7,0,0,0,1,0,0,0,0,687002.6645,5311425.2985,11.50352911,47.928844531,4,#e78ac3,marker
74900,"9,17E+18",9,1,87,167,2017,3,11,2,2,5,3,0,1,0,0,0,0,0,0,737822.1969,5302801.3752,12.178168042,47.834537375,2,#fc8d62,car
74901,"9,17E+18",9,1,87,142,2017,3,16,2,3,1,7,1,1,0,0,0,0,0,0,733539.44,5308881054.0,12.124307051,47.890726651,1,#66c2a5,bicycle
74906,"9,17E+18",9,1,85,143,2017,3,9,2,2,5,3,0,1,0,0,0,0,0,0,662429.2339,5386078.2079,11.203492669,48.606687084,2,#fc8d62,car
74907,"9,17E+18",9,1,74,146,2017,3,6,2,3,2,6,0,1,0,0,0,0,0,0,667882.8575,5350334.5549,11.263088321,48.28393361,2,#fc8d62,car
74908,"9,17E+18",9,1,79,145,2017,3,5,2,3,5,3,0,1,0,0,0,0,1,1,675243789.0,5337614394.0,11.356970517,48.167594869,2,#fc8d62,car
74909,"9,17E+18",9,1,79,113,2017,3,18,2,3,5,3,0,1,0,0,0,0,1,1,671864.5382,5335750.5584,11.310806467,48.151762374,2,#fc8d62,car
74910,"9,17E+18",9,1,79,121,2017,3,16,2,3,0,7,1,0,0,0,0,0,0,0,667477.1946,5339073.2164,11.253172965,48.182803411,1,#66c2a5,bicycle
74911,"9,17E+18",9,1,78,143,2017,3,6,2,3,8,6,0,1,0,0,0,0,0,1,714467.9428,5370190.9156,11.900441661,48.448282132,2,#fc8d62,car
74912,"9,17E+18",9,1,77,118,2017,3,13,2,3,4,6,0,1,0,0,0,1,0,0,711311.9758,5343199.9097,11.844286911,48.206821158,2,#fc8d62,car
74913,"9,17E+18",9,1,77,115,2017,3,7,2,3,5,3,0,1,0,0,0,0,0,0,730239689.0,5347604359.0,12.101076747,48.239808032,2,#fc8d62,car
74914,"9,17E+18",9,1,62,0,2017,3,17,1,3,5,7,0,1,0,1,0,0,0,0,692115.0241,5340011.7941,11.584737562,48.18426756,2,#fc8d62,car
74916,"9,17E+18",9,7,72,207,2017,3,16,1,2,8,7,0,1,0,0,0,0,0,0,642682.1388,5380713.8517,10.933934809,48.563268603,2,#fc8d62,car
74929,"9,17E+18",9,1,78,124,2017,3,16,1,3,5,3,0,1,0,0,0,0,0,0,698540.6411,5362709.1273,11.681757115,48.386271081,2,#fc8d62,car
74930,"9,17E+18",9,1,77,144,2017,3,13,1,3,8,6,0,1,0,1,0,0,0,0,717218.8913,5349034.9161,11.926679409,48.257255704,2,#fc8d62,car
74931,"9,17E+18",9,1,77,127,2017,3,17,1,2,4,6,0,1,0,0,0,0,0,0,725996781.0,5353165.4699,12.046984995,48.291295565,2,#fc8d62,car
74932,"9,17E+18",9,1,84,141,2017,3,10,7,3,2,6,0,1,0,0,0,0,0,0,698064.3758,5315767.8565,11.6534583,47.964551489,2,#fc8d62,car
74933,"9,17E+18",9,1,62,0,2017,3,17,7,3,5,2,0,1,0,0,0,0,0,0,701303.6898,5332336.7395,11.704593861,48.112447733,2,#fc8d62,car
74943,"9,17E+18",9,7,61,0,2017,3,15,7,3,5,3,0,1,0,0,0,0,0,0,639963519.0,5352466.2953,10.887671103,48.309891118,2,#fc8d62,car
74979,"9,17E+18",9,1,84,132,2017,3,11,7,3,2,6,0,1,0,0,0,0,0,0,684563.6556,5326597.7137,11.477432704,48.06593314,2,#fc8d62,car
74980,"9,17E+18",9,1,90,157,2017,3,14,7,2,2,6,0,1,0,1,0,0,0,0,657110.8132,5301913.4092,11.100189992,47.8513454,2,#fc8d62,car
74990,"9,17E+18",9,1,87,179,2017,3,9,7,3,9,1,0,0,0,1,0,0,0,1,720424.8325,5318639.7987,11.954101893,47.98304977,4,#e78ac3,marker
74996,"9,17E+18",9,1,79,117,2017,3,17,7,3,8,1,0,1,0,0,0,0,1,0,662705.4184,5344593.6438,11.191141804,48.233673616,2,#fc8d62,car
74997,"9,17E+18",9,1,79,142,2017,3,8,7,3,2,6,0,1,0,0,0,0,0,0,673187986.0,5341428662.0,11.3308995,48.20244647,2,#fc8d62,car
74998,"9,17E+18",9,1,81,128,2017,3,15,7,3,5,2,0,1,0,0,0,0,0,0,638561.2421,5327020.1535,10.860463985,48.081385409,2,#fc8d62,car
74999,"9,17E+18",9,1,74,143,2017,3,12,7,2,5,3,1,1,0,0,0,0,0,0,671412.4751,5353064.1172,11.311736369,48.307524893,1,#66c2a5,bicycle
75000,"9,17E+18",9,1,77,113,2017,3,19,7,2,8,1,0,0,0,1,0,0,2,0,718088.0795,5353382.6323,11.940617185,48.296020991,4,#e78ac3,marker
75001,"9,17E+18",9,1,75,118,2017,3,15,7,3,3,6,1,0,0,0,0,0,0,0,714775.4705,5339425.5657,11.88893659,48.171744812,1,#66c2a5,bicycle
75002,"9,17E+18",9,1,78,123,2017,3,12,7,3,5,3,1,1,0,0,0,0,0,0,689126.7364,5358782.7452,11.552969189,48.353874696,1,#66c2a5,bicycle
75003,"9,17E+18",9,1,78,123,2017,3,15,7,2,8,1,0,0,0,1,0,0,0,0,686087.2416,5361336.6308,11.513111004,48.377731795,4,#e78ac3,marker
75004,"9,17E+18",9,1,78,125,2017,3,9,7,2,0,1,0,0,0,1,0,0,0,0,717330923.0,5381491845.0,11.944987924,48.548833854,4,#e78ac3,marker
75005,"9,17E+18",9,1,84,145,2017,3,8,6,2,0,1,0,0,0,1,0,0,0,0,695960.4233,5324818.9139,11.629436799,48.046547193,4,#e78ac3,marker
75006,"9,17E+18",9,1,84,148,2017,3,13,6,2,5,3,1,1,0,0,0,0,0,0,695610612.0,5326311699.0,11.62543047,48.060071105,1,#66c2a5,bicycle
75007,"9,17E+18",9,1,62,0,2017,3,14,6,3,2,6,0,1,0,0,0,0,0,0,700129.0597,5332903.8322,11.689096436,48.117914406,2,#fc8d62,car
75008,"9,17E+18",9,1,84,132,2017,3,13,6,3,5,3,1,1,0,0,0,0,0,0,680765.4115,5322444.8311,11.424742093,48.02969032,1,#66c2a5,bicycle
75009,"9,17E+18",9,1,62,0,2017,3,14,6,3,3,6,0,1,0,0,0,0,0,0,693584.1704,5339574.0281,11.604283076,48.179887148,2,#fc8d62,car
75013,"9,17E+18",9,7,73,188,2017,3,6,6,2,5,3,0,1,0,0,0,0,0,0,618123955.0,5377399599.0,10.600278678,48.538573299,2,#fc8d62,car
75014,"9,17E+18",9,7,72,223,2017,3,11,6,3,2,3,0,1,0,0,0,0,0,0,618436.8964,5363094.5571,10.600464321,48.409870224,2,#fc8d62,car
75015,"9,17E+18",9,7,61,0,2017,3,17,6,3,0,1,0,1,0,0,0,0,0,0,641705.4076,5363715.3826,10.914938888,48.410650533,2,#fc8d62,car
75016,"9,17E+18",9,7,72,159,2017,3,13,6,3,4,2,0,1,0,0,0,0,0,0,626021.58,5361251043.0,10.702358772,48.391821302,2,#fc8d62,car
75054,"9,17E+18",9,2,61,0,2017,3,6,6,3,5,3,0,1,0,0,0,0,0,0,732088.1257,5381977615.0,12.144925253,48.547912095,2,#fc8d62,car
75064,"9,17E+18",9,1,84,148,2017,3,12,6,3,2,6,0,1,0,0,0,0,0,0,693346.7648,5328877.6964,11.59623887,48.083823847,2,#fc8d62,car
75065,"9,17E+18",9,1,82,133,2017,3,19,6,3,2,6,0,1,0,0,0,0,2,0,705498.4314,5307094823.0,11.748799444,47.88426468,2,#fc8d62,car
75072,"9,17E+18",9,1,86,143,2017,3,19,6,3,3,6,1,1,0,0,0,0,2,0,688958.3901,5377022.2975,11.558923525,48.517853938,1,#66c2a5,bicycle
75074,"9,17E+18",9,1,79,142,2017,3,12,6,3,4,6,0,1,0,0,0,0,0,0,670581525.0,5340746.3814,11.295574974,48.197018681,2,#fc8d62,car
75075,"9,17E+18",9,1,81,144,2017,3,14,6,3,2,6,0,1,0,0,0,0,0,0,655563673.0,5321714486.0,11.086678149,48.029759712,2,#fc8d62,car
75076,"9,17E+18",9,1,84,129,2017,3,7,6,2,3,6,0,1,0,0,0,1,0,0,701186.1233,5326342.7533,11.700193088,48.058616688,2,#fc8d62,car
75077,"9,17E+18",9,1,78,116,2017,3,11,6,2,2,1,0,1,0,0,0,0,0,0,703546.8186,5378675.2164,11.7570608,48.52814821,2,#fc8d62,car
75078,"9,17E+18",9,1,78,124,2017,3,23,6,3,8,1,0,1,0,0,0,0,2,0,704323.87,5362587245.0,11.759721017,48.383329369,2,#fc8d62,car
75079,"9,17E+18",9,1,77,130,2017,3,9,6,2,5,3,1,1,0,0,0,0,0,0,711107275.0,5350031.6684,11.844939396,48.268277555,1,#66c2a5,bicycle
75080,"9,17E+18",9,1,62,0,2017,3,17,5,3,5,2,0,1,0,0,0,0,2,0,691313.7385,5331128.3637,11.569976742,48.10466611,2,#fc8d62,car
75081,"9,17E+18",9,1,84,135,2017,3,8,5,3,0,7,1,0,0,0,0,0,0,0,689487.4053,5347486.1419,11.552761669,48.252235508,1,#66c2a5,bicycle
75082,"9,17E+18",9,1,84,136,2017,3,22,5,3,7,7,1,0,1,0,0,0,2,0,698334.0209,5326789.9169,11.662164442,48.063528348,1,#66c2a5,bicycle
75087,"9,17E+18",9,7,61,0,2017,3,8,5,3,2,6,0,1,0,0,0,0,0,1,640956.8908,5363896.2335,10.904890382,48.412444521,2,#fc8d62,car
75088,"9,17E+18",9,7,72,223,2017,3,16,5,3,5,3,0,1,0,0,0,0,0,0,619127.3892,5361963.5759,10.609470269,48.399569173,2,#fc8d62,car
75089,"9,17E+18",9,7,72,216,2017,3,18,5,2,5,3,0,1,0,0,0,0,2,0,622112.8511,5369649.1618,10.652027819,48.468112668,2,#fc8d62,car
75090,"9,17E+18",9,7,72,148,2017,3,12,5,3,2,6,0,1,0,0,0,0,0,0,627411.7065,5354249.0287,10.719008054,48.328575929,2,#fc8d62,car
75091,"9,17E+18",9,7,61,0,2017,3,14,5,3,2,6,0,1,0,0,0,1,0,0,644960.0241,5355609676.0,10.956099082,48.337029169,2,#fc8d62,car
75092,"9,17E+18",9,7,61,0,2017,3,11,5,3,4,3,1,1,0,0,0,0,0,0,642411.1774,5359303.5132,10.922974946,48.370822144,1,#66c2a5,bicycle
75093,"9,17E+18",9,7,61,0,2017,3,13,5,3,5,3,0,1,0,0,0,0,0,0,639458.1289,5354288.1216,10.881461265,48.326384316,2,#fc8d62,car
75126,"9,17E+18",9,2,61,0,2017,3,12,5,3,4,2,0,1,0,0,0,0,0,0,732019.8075,5379916.2287,12.142853356,48.52942037,2,#fc8d62,car
75128,"9,17E+18",9,1,90,138,2017,3,19,5,3,5,3,0,1,0,0,0,0,2,0,662832.2234,5307846.5468,11.178851671,47.9032654,2,#fc8d62,car
75134,"9,17E+18",9,1,87,169,2017,3,7,5,3,4,7,0,0,0,0,0,1,0,1,736849042.0,5299324738.0,12.163283961,47.803663263,6,#ffd92f,circle
75135,"9,17E+18",9,1,87,182,2017,3,17,5,3,2,2,0,1,0,0,0,1,0,0,738549.7984,5328454.1571,12.20209426,48.064713632,2,#fc8d62,car
75137,"9,17E+18",9,1,86,128,2017,3,17,5,3,2,6,0,1,0,0,0,0,0,0,677877.3656,5385524.0272,11.412637194,48.597507173,2,#fc8d62,car
75139,"9,17E+18",9,1,79,142,2017,3,16,5,3,3,6,0,1,0,0,0,0,0,0,673244.1732,5343793.0363,11.33262074,48.223685424,2,#fc8d62,car
75140,"9,17E+18",9,1,75,127,2017,3,18,5,3,4,2,0,1,0,1,0,0,2,0,713266.3524,5340878.5931,11.869393094,48.185309277,2,#fc8d62,car
75141,"9,17E+18",9,1,78,145,2017,3,18,5,3,4,1,0,1,0,0,0,0,2,0,699737.6682,5356450.8666,11.694937106,48.329652432,2,#fc8d62,car
75142,"9,17E+18",9,1,78,133,2017,3,9,5,3,2,1,0,1,0,0,0,0,0,0,686768576.0,5366349042.0,11.52453278,48.422581172,2,#fc8d62,car
75143,"9,17E+18",9,1,77,115,2017,3,12,5,3,5,3,0,1,0,0,0,0,0,0,730244.4301,5347608772.0,12.101142906,48.239845956,2,#fc8d62,car
75144,"9,17E+18",9,1,84,139,2017,3,10,4,3,2,6,0,1,0,0,0,1,0,0,687155.5067,5325791.6135,11.511836455,48.057932452,2,#fc8d62,car
75145,"9,17E+18",9,1,62,0,2017,3,19,4,3,6,4,1,0,1,0,0,0,2,0,694665.4757,5334436.9913,11.616463994,48.133387478,1,#66c2a5,bicycle
75151,"9,17E+18",9,7,62,0,2017,3,6,4,2,0,1,1,0,0,0,0,0,1,2,620142.1561,5303663.4396,10.606727011,47.875060563,1,#66c2a5,bicycle
75153,"9,17E+18",9,7,61,0,2017,3,10,4,3,4,2,0,1,0,0,0,0,0,0,641266.2369,5352289.5492,10.905171477,48.308012232,2,#fc8d62,car
75192,"9,17E+18",9,1,87,165,2017,3,12,4,3,2,6,0,1,0,0,0,1,0,0,728056615.0,5300430542.0,12.046611358,47.816772949,2,#fc8d62,car
75193,"9,17E+18",9,1,63,0,2017,3,7,4,3,5,3,0,1,0,0,0,0,0,0,732860.6359,5305504.9816,12.113420534,47.860642346,2,#fc8d62,car
75194,"9,17E+18",9,1,87,142,2017,3,10,4,3,5,3,0,1,0,0,0,0,0,0,731156.4642,5309831805.0,12.092984869,47.900130927,2,#fc8d62,car
75196,"9,17E+18",9,1,82,120,2017,3,12,4,3,6,2,0,1,1,0,0,0,0,0,701870588.0,5306316046.0,11.699964745,47.878416486,2,#fc8d62,car
75199,"9,17E+18",9,1,86,130,2017,3,6,4,3,9,1,0,1,0,0,0,0,0,2,683233.9868,5374315.2792,11.480290773,48.495219896,2,#fc8d62,car
75202,"9,17E+18",9,1,88,145,2017,3,20,4,3,9,7,0,1,0,0,0,0,2,1,664272.7589,5325294032.0,11.204785322,48.059760939,2,#fc8d62,car
75203,"9,17E+18",9,1,79,145,2017,3,7,4,2,4,6,0,1,0,0,0,0,0,1,672642.7421,5335676.4837,11.32123088,48.15088571,2,#fc8d62,car
75204,"9,17E+18",9,1,79,121,2017,3,9,4,3,2,6,0,1,0,0,0,1,0,0,666691.6449,5339318131.0,11.242709003,48.185211791,2,#fc8d62,car
75205,"9,17E+18",9,1,74,136,2017,3,5,4,3,9,1,0,1,0,0,0,0,2,2,680733.0445,5365960.0092,11.442861872,48.420844718,2,#fc8d62,car
75206,"9,17E+18",9,1,74,147,2017,3,7,4,3,8,1,0,1,0,0,0,0,0,2,668756.0496,5367071.6212,11.281561644,48.434159347,2,#fc8d62,car
75207,"9,17E+18",9,1,86,152,2017,3,11,4,3,2,6,0,1,0,0,0,0,0,0,691674551.0,5374736.5358,11.594617896,48.496488276,2,#fc8d62,car
75208,"9,17E+18",9,1,78,115,2017,3,15,4,2,0,1,1,0,0,0,0,0,0,0,703589.0825,5376851273.0,11.756742415,48.511744656,1,#66c2a5,bicycle
75209,"9,17E+18",9,1,78,124,2017,3,8,4,3,9,1,0,1,0,0,0,0,0,1,700621.9473,5366459.4893,11.711629622,48.419315185,2,#fc8d62,car
75210,"9,17E+18",9,1,77,144,2017,3,10,4,2,4,2,0,1,0,0,0,0,0,0,718081.0452,5347302.6013,11.93738746,48.241394848,2,#fc8d62,car
75211,"9,17E+18",9,1,62,0,2017,2,6,3,3,5,3,1,1,0,0,0,0,1,0,694816.0276,5332381.4314,11.617545883,48.114866886,1,#66c2a5,bicycle
75212,"9,17E+18",9,1,62,0,2017,2,18,3,3,5,3,1,1,0,0,0,0,1,1,698743847.0,5329537702.0,11.668936981,48.088095988,1,#66c2a5,bicycle
75220,"9,17E+18",9,1,90,157,2017,3,12,7,2,0,1,0,0,0,1,0,0,0,0,660957.0984,5301660.4423,11.151474335,47.848119192,4,#e78ac3,marker
75221,"9,17E+18",9,1,90,115,2017,3,2,7,3,8,7,0,1,0,0,0,0,2,1,670533.3755,5302441.1803,11.279684046,47.852668993,2,#fc8d62,car
75227,"9,17E+18",9,1,62,0,2017,3,19,7,3,2,6,0,1,0,0,0,0,2,0,694625.2184,5331541.1573,11.614601555,48.10737315,2,#fc8d62,car
75228,"9,17E+18",9,1,82,123,2017,3,13,7,3,2,6,0,1,0,0,0,0,0,0,715915.8139,5301627.2778,11.885237063,47.831714823,2,#fc8d62,car
75229,"9,17E+18",9,1,87,129,2017,3,8,7,3,2,6,0,1,0,0,0,0,0,0,725279.3196,5300749.7713,12.009728579,47.820619398,2,#fc8d62,car
75230,"9,17E+18",9,1,87,150,2017,3,22,7,3,0,1,1,0,0,0,0,0,2,0,728553.9638,5304424.1072,12.05535331,47.852477306,1,#66c2a5,bicycle
75231,"9,17E+18",9,1,86,162,2017,3,11,7,3,2,6,0,1,0,0,0,0,0,0,691054.3597,5382019.5955,11.589569017,48.562131211,2,#fc8d62,car
75234,"9,17E+18",9,1,74,113,2017,3,12,7,3,5,3,0,1,0,0,0,0,0,0,679190.1784,5343317.7475,11.412406532,48.217761599,2,#fc8d62,car
75235,"9,17E+18",9,1,77,137,2017,3,16,7,3,2,6,0,1,0,0,0,0,0,0,733154.7497,5346956.5395,12.139922116,48.232923485,2,#fc8d62,car
75236,"9,17E+18",9,1,84,136,2017,3,16,6,3,5,2,1,1,0,0,0,0,0,0,697901532.0,5327548.1404,11.656716704,48.070477103,1,#66c2a5,bicycle
75237,"9,17E+18",9,1,62,0,2017,3,16,6,3,3,6,0,1,0,1,0,0,0,0,693260.7421,5338488.2414,11.599443003,48.170226939,2,#fc8d62,car
75238,"9,17E+18",9,1,62,0,2017,3,13,6,3,1,6,0,1,0,0,0,0,0,0,685236.1276,5335344.1132,11.490247639,48.14435548,2,#fc8d62,car
75239,"9,17E+18",9,1,84,136,2017,3,6,6,3,2,6,0,1,0,0,0,0,0,1,697642.7208,5326709.8926,11.65285872,48.06302366,2,#fc8d62,car
75245,"9,17E+18",9,7,72,223,2017,3,16,6,3,3,6,0,1,0,0,0,0,0,0,615950.7718,5362579.5029,10.566739652,48.405700566,2,#fc8d62,car
75246,"9,17E+18",9,7,72,184,2017,3,8,6,3,4,2,1,1,0,0,0,0,0,0,635877.1104,5361523439.0,10.835511551,48.392224279,1,#66c2a5,bicycle
75247,"9,17E+18",9,7,71,130,2017,3,13,6,3,5,2,0,1,0,0,0,0,0,0,645412065.0,5357702.9427,10.962918129,48.355746613,2,#fc8d62,car
75248,"9,17E+18",9,7,71,144,2017,3,18,6,3,0,1,0,1,0,0,0,0,2,0,660359963.0,5373030.88,11.170418347,48.489927127,2,#fc8d62,car
75292,"9,17E+18",9,2,61,0,2017,3,17,6,3,2,6,0,1,0,0,0,0,0,0,730099.0078,5381670.4338,12.117843667,48.54588537,2,#fc8d62,car
75293,"9,17E+18",9,2,61,0,2017,3,10,6,3,5,3,0,1,0,0,0,0,0,0,736096.4134,5383021.9265,12.199744342,48.555796877,2,#fc8d62,car
75295,"9,17E+18",9,1,73,126,2017,3,14,6,3,0,7,0,1,0,0,0,0,0,0,687431504.0,5303523059.0,11.505833151,47.857688195,2,#fc8d62,car
75298,"9,17E+18",9,1,62,0,2017,3,15,6,3,8,6,0,1,0,0,0,0,0,0,694612.6024,5331440.6867,11.614386427,48.106474011,2,#fc8d62,car
75302,"9,17E+18",9,1,79,142,2017,3,9,6,2,9,1,0,1,0,0,0,0,0,0,673627646.0,5341132.8237,11.336690669,48.199666982,2,#fc8d62,car
75303,"9,17E+18",9,1,74,131,2017,3,18,6,3,0,1,0,0,0,1,0,1,1,1,676055.9736,5364549.8133,11.379110325,48.409493063,4,#e78ac3,marker
75306,"9,17E+18",9,1,75,118,2017,3,20,6,3,2,6,0,1,0,0,0,1,2,0,716092141.0,5340359.9971,11.907098503,48.179694735,2,#fc8d62,car
75307,"9,17E+18",9,1,62,0,2017,3,16,6,3,2,6,0,1,0,0,0,1,0,0,695565.7538,5344008.1471,11.632954935,48.21913144,2,#fc8d62,car
75308,"9,17E+18",9,1,77,112,2017,3,23,7,3,3,6,0,1,0,0,0,0,2,0,714631.8271,5365877.9854,11.900447115,48.409474756,2,#fc8d62,car
75309,"9,17E+18",9,1,78,113,2017,3,13,6,3,2,6,0,1,0,0,0,0,0,0,691636295.0,5365231.0976,11.589749514,48.411072118,2,#fc8d62,car
75311,"9,17E+18",9,1,78,137,2017,3,12,6,3,2,6,0,1,0,0,0,0,0,0,692292.4209,5362613.6106,11.597408196,48.387348151,2,#fc8d62,car
75312,"9,17E+18",9,1,77,112,2017,3,16,6,3,2,6,0,1,0,0,0,0,0,0,716973.2898,5362916.6193,11.93051607,48.382066001,2,#fc8d62,car
75313,"9,17E+18",9,1,75,132,2017,3,8,6,2,2,6,0,1,0,0,0,0,0,0,706136.88,5330798162.0,11.768708723,48.097075484,2,#fc8d62,car
75314,"9,17E+18",9,1,75,115,2017,3,18,6,2,5,3,0,1,0,0,0,0,2,0,718386792.0,5327806989.0,11.931496427,48.066119284,2,#fc8d62,car
75315,"9,17E+18",9,1,62,0,2017,3,15,5,3,5,2,0,1,0,0,0,0,0,1,694058.8949,5340271.0066,11.610980985,48.186006472,2,#fc8d62,car
75316,"9,17E+18",9,1,62,0,2017,3,19,5,3,2,6,0,1,0,0,0,0,2,1,691527.3156,5331946705.0,11.573210176,48.111957136,2,#fc8d62,car
75317,"9,17E+18",9,1,84,130,2017,3,9,5,3,3,6,0,1,0,0,0,0,0,1,699477.3437,5345955.0342,11.686474444,48.235410439,2,#fc8d62,car
75318,"9,17E+18",9,1,62,0,2017,3,16,5,3,2,6,0,1,0,0,0,0,0,1,680971.8519,5335180.0467,11.432904763,48.144108053,2,#fc8d62,car
75319,"9,17E+18",9,1,62,0,2017,3,7,5,3,2,6,0,1,0,0,0,0,0,1,688824.6356,5340140.5844,11.540571097,48.186411613,2,#fc8d62,car
75320,"9,17E+18",9,1,84,135,2017,3,16,5,2,6,4,0,1,1,0,0,0,0,1,689785.5682,5348348.3097,11.557160992,48.259895302,2,#fc8d62,car
75321,"9,17E+18",9,1,84,135,2017,3,13,5,3,5,3,0,1,0,0,0,0,0,1,691187.4327,5347498.6567,11.575646051,48.251837465,2,#fc8d62,car
75328,"9,17E+18",9,7,61,0,2017,3,7,5,3,2,6,0,1,0,0,0,0,0,1,639632187.0,5352265.7027,10.883138594,48.30816066,2,#fc8d62,car
75329,"9,17E+18",9,7,61,0,2017,3,16,5,2,2,2,0,1,0,0,0,0,0,1,641330.4063,5365088.3387,10.910336851,48.423079709,2,#fc8d62,car
75330,"9,17E+18",9,7,72,151,2017,3,14,5,3,4,6,0,0,0,0,0,1,0,1,622500.8136,5342901.4825,10.649491395,48.227498291,6,#ffd92f,circle
75331,"9,17E+18",9,7,72,184,2017,3,13,5,3,6,4,0,1,1,0,0,0,0,1,636314.9845,5360981.4365,10.841247564,48.387256137,2,#fc8d62,car
75332,"9,17E+18",9,7,71,130,2017,3,6,5,3,3,3,0,1,0,0,0,0,1,1,645109606.0,5360755493.0,10.959891036,48.383262706,2,#fc8d62,car
75392,"9,17E+18",9,2,61,0,2017,3,9,5,3,2,6,0,1,0,0,0,1,0,1,736974.7916,5381459.5182,12.210740443,48.541431799,2,#fc8d62,car
75395,"9,17E+18",9,1,90,144,2017,3,17,5,3,9,7,0,1,0,0,0,0,0,1,657677.5648,5309760434.0,11.110626521,47.921761257,2,#fc8d62,car
75396,"9,17E+18",9,1,90,138,2017,3,7,5,3,9,7,0,1,0,0,0,0,0,1,659231.7093,5310855.3514,11.131819706,47.931221617,2,#fc8d62,car
75397,"9,17E+18",9,1,90,138,2017,3,8,5,2,5,3,0,1,0,0,0,0,0,1,660987.8275,5310612.6591,11.155223074,47.928600875,2,#fc8d62,car
75398,"9,17E+18",9,1,83,119,2017,3,22,5,2,8,1,0,1,0,0,0,0,2,1,738136.4163,5339712.0566,12.202839774,48.165997317,2,#fc8d62,car
75402,"9,17E+18",9,1,62,0,2017,3,6,5,3,9,1,0,1,0,0,0,0,2,1,694560.0306,5331145.3557,11.61354629,48.103835737,2,#fc8d62,car
75404,"9,17E+18",9,1,82,136,2017,3,17,5,3,2,6,0,1,0,0,0,0,0,1,703321.3357,5304313.1436,11.718403409,47.859958201,2,#fc8d62,car
75407,"9,17E+18",9,1,85,143,2017,3,10,5,2,3,3,1,0,0,0,0,1,0,1,663028.8588,5386042.8381,11.211606901,48.606213245,1,#66c2a5,bicycle