OBJECTID,UIDENTSTLA,ULAND,UREGBEZ,UKREIS,UGEMEINDE,UJAHR,UMONAT,USTUNDE,UWOCHENTAG,UKATEGORIE,UART,UTYP1,IstRad,IstPKW,IstFuss,IstKrad,IstGkfz,IstSonstig,ULICHTVERH,STRZUSTAND,LINREFX,LINREFY,XGCSWGS84,YGCSWGS84,Teilnehmer,color,symbol
76609,"9,17E+18",9,1,85,113,2017,3,16,4,3,0,7,0,0,0,1,0,1,0,0,669455.2657,5377510.3858,11.295238905,48.527807917,4,#e78ac3,marker
76613,"9,17E+18",9,1,86,151,2017,3,9,4,3,1,6,0,1,0,0,0,0,0,0,678125.0633,5376339.1373,11.412063664,48.514880045,2,#fc8d62,car
76617,"9,17E+18",9,1,88,139,2017,3,15,4,3,2,6,0,1,0,0,0,0,0,0,675102.4442,5319252.9022,11.347544007,48.002573772,2,#fc8d62,car
76618,"9,17E+18",9,1,81,145,2017,3,12,4,3,2,2,0,0,0,0,0,1,0,0,642977.7219,5334576.9151,10.922263889,48.148360208,6,#ffd92f,circle
76619,"9,17E+18",9,1,81,130,2017,3,6,4,3,9,1,0,1,0,0,0,0,2,0,640716.9472,5325958.4381,10.889042852,48.07136611,2,#fc8d62,car
76620,"9,17E+18",9,1,88,120,2017,3,16,4,2,6,3,0,0,1,0,0,1,0,0,677022.2379,5326606.7829,11.376298744,48.06815203,3,#8da0cb,toilet
76622,"9,17E+18",9,1,84,130,2017,3,20,4,3,3,6,0,1,0,0,0,0,2,0,696955.3845,5342759.2066,11.651063306,48.207477161,2,#fc8d62,car
76624,"9,17E+18",9,1,75,132,2017,3,7,4,2,5,3,0,1,0,1,0,0,0,0,706374.7787,5332413.8246,11.772681513,48.111517608,2,#fc8d62,car
76626,"9,17E+18",9,1,78,145,2017,3,14,4,3,2,1,0,1,0,0,0,0,0,0,699020.9216,5353395.3966,11.683835946,48.302419595,2,#fc8d62,car
76628,"9,17E+18",9,1,78,122,2017,3,17,4,3,4,1,0,1,0,1,0,0,0,0,708114.8256,5385346.5173,11.822192643,48.58659481,2,#fc8d62,car
76629,"9,17E+18",9,1,77,118,2017,3,18,4,3,2,6,0,1,0,0,0,0,0,0,708068.7807,5344641.0826,11.801394547,48.220842891,2,#fc8d62,car
76631,"9,17E+18",9,1,62,0,2017,3,6,3,3,2,6,0,1,0,0,0,0,0,0,694043.6381,5340248.1195,11.610765479,48.185805433,2,#fc8d62,car
76632,"9,17E+18",9,1,84,141,2017,3,17,3,3,5,3,1,1,0,0,0,0,0,0,697019.5271,5319423.1216,11.641152322,47.997726135,1,#66c2a5,bicycle
76633,"9,17E+18",9,1,62,0,2017,3,23,3,3,5,3,0,1,0,0,0,0,2,0,694984.6431,5332996347.0,11.620090125,48.120341891,2,#fc8d62,car
76636,"9,17E+18",9,7,78,173,2017,3,16,3,3,5,3,0,1,0,0,0,0,0,0,614142221.0,5320260409.0,10.53092028,48.025429315,2,#fc8d62,car
76643,"9,17E+18",9,7,77,140,2017,3,14,3,2,2,6,1,0,0,0,0,0,0,0,624590.4783,5316989.1715,10.670046925,47.994057452,1,#66c2a5,bicycle
76644,"9,17E+18",9,7,72,162,2017,3,8,3,3,2,6,0,1,0,1,0,0,0,0,636901.1231,5335399.6746,10.840876469,48.157095712,2,#fc8d62,car
76645,"9,17E+18",9,7,72,202,2017,3,11,3,3,4,1,0,1,0,0,0,1,0,0,636614.7158,5358644629.0,10.844534494,48.36617889,2,#fc8d62,car
76647,"9,17E+18",9,7,72,216,2017,3,19,3,3,7,7,1,0,0,0,0,1,0,0,622407.8257,5368915.6093,10.655802061,48.461458714,1,#66c2a5,bicycle
76649,"9,17E+18",9,7,61,0,2017,3,7,3,3,2,6,0,1,0,0,0,0,0,0,641050.4768,5355556.1027,10.903356164,48.337432294,2,#fc8d62,car
76665,"9,17E+18",9,2,74,111,2017,3,19,6,2,9,1,0,1,0,0,0,0,1,0,738607.9888,5379651.3474,12.231796999,48.524571929,2,#fc8d62,car
76673,"9,17E+18",9,2,61,0,2017,3,11,6,3,5,3,1,1,0,0,0,0,0,0,732727.6813,5382083.9401,12.153637338,48.548630268,1,#66c2a5,bicycle
76674,"9,17E+18",9,2,61,0,2017,3,14,6,3,5,7,0,1,0,0,0,0,0,0,731819.6116,5381193.2456,12.140856005,48.540965535,2,#fc8d62,car
76694,"9,17E+18",9,1,90,151,2017,3,17,6,2,2,6,0,1,0,1,0,1,0,0,636985.0049,5300106.4043,10.830737201,47.839700692,2,#fc8d62,car
76699,"9,17E+18",9,1,73,118,2017,3,13,6,3,5,3,1,1,0,0,0,0,0,0,686358.1259,5307025.6297,11.493007513,47.889484517,1,#66c2a5,bicycle
76700,"9,17E+18",9,1,73,118,2017,3,16,6,3,5,3,0,1,0,0,0,0,0,0,692707.9723,5310741.4893,11.579525124,47.921008557,2,#fc8d62,car
76716,"9,17E+18",9,1,90,151,2017,3,13,3,3,8,1,0,0,0,1,0,0,0,0,633311.9857,5299959.1768,10.781628635,47.839148799,4,#e78ac3,marker
76728,"9,17E+18",9,1,82,133,2017,3,16,6,3,2,6,0,1,0,0,0,0,0,0,706249.2365,5306655.8155,11.758620753,47.880078598,2,#fc8d62,car
76729,"9,17E+18",9,1,87,176,2017,3,13,6,3,5,3,0,1,0,0,0,0,0,0,738687.9285,5330792.9667,12.205251346,48.08567146,2,#fc8d62,car
76732,"9,17E+18",9,1,63,0,2017,3,19,6,3,5,3,1,1,0,0,0,0,0,0,732621.3402,5307121.7838,12.111095966,47.875254558,1,#66c2a5,bicycle
76738,"9,17E+18",9,1,63,0,2017,3,7,3,3,3,3,1,1,0,0,0,0,0,0,731894.4694,5301562.2025,12.098409993,47.825568792,1,#66c2a5,bicycle
76739,"9,17E+18",9,1,85,158,2017,3,16,6,3,0,7,1,0,0,0,0,0,0,0,666122.7516,5381515.4879,11.251734736,48.564702106,1,#66c2a5,bicycle
76742,"9,17E+18",9,1,86,151,2017,3,15,6,3,0,7,1,0,0,0,0,0,0,0,681285.3389,5376647.2444,11.454951554,48.516745043,1,#66c2a5,bicycle
76749,"9,17E+18",9,1,86,143,2017,3,10,3,2,5,6,0,1,0,0,0,1,0,0,684525.8375,5383482.8427,11.501819322,48.577237884,2,#fc8d62,car
76750,"9,17E+18",9,1,88,126,2017,3,18,3,3,9,1,0,1,0,0,0,0,0,0,660283.8518,5327937.2014,11.152279049,48.084539498,2,#fc8d62,car
76751,"9,17E+18",9,1,81,130,2017,3,11,3,3,0,7,1,0,0,0,0,0,0,0,639332.7666,5322891.0497,10.869472165,48.044087156,1,#66c2a5,bicycle
76753,"9,17E+18",9,1,88,145,2017,3,12,3,2,0,7,1,0,0,0,0,0,0,0,663865.4734,5328085.2828,11.20039323,48.084960226,1,#66c2a5,bicycle
76754,"9,17E+18",9,1,74,126,2017,3,13,3,2,5,3,0,1,0,0,0,1,0,0,683837.1929,5346479.0034,11.47628003,48.244847053,2,#fc8d62,car
76756,"9,17E+18",9,1,84,140,2017,3,13,3,3,2,6,0,1,0,0,0,0,0,0,703336.5386,5328271.1445,11.729937844,48.075265291,2,#fc8d62,car
76757,"9,17E+18",9,1,75,132,2017,3,16,3,3,2,6,0,1,0,0,0,0,0,0,704696.0963,5335838.3019,11.751799895,48.142833712,2,#fc8d62,car
76758,"9,17E+18",9,1,84,147,2017,3,10,3,3,2,6,0,0,0,0,0,1,0,0,699793.9231,5341372.1627,11.68857447,48.194124864,6,#ffd92f,circle
76759,"9,17E+18",9,1,84,131,2017,3,10,3,2,2,6,0,0,0,0,0,1,0,0,704010.2784,5338180.6406,11.743714004,48.164103694,6,#ffd92f,circle
76760,"9,17E+18",9,1,84,119,2017,3,9,3,3,2,6,0,1,0,0,0,0,0,0,696347.45,5349209.5028,11.645878876,48.265635728,2,#fc8d62,car
76762,"9,17E+18",9,1,84,119,2017,3,8,3,3,2,6,0,1,0,0,0,1,0,0,696121.4627,5346514.1376,11.641588042,48.241481911,2,#fc8d62,car
76763,"9,17E+18",9,1,74,113,2017,3,14,6,3,2,6,0,1,0,0,0,0,0,0,670936.1235,5347350.7879,11.303006423,48.256294052,2,#fc8d62,car
76764,"9,17E+18",9,1,78,145,2017,3,8,3,3,2,6,0,1,0,0,0,0,0,0,695762.2915,5355881.6764,11.641095315,48.325780733,2,#fc8d62,car
76765,"9,17E+18",9,1,81,132,2017,3,9,6,3,2,6,0,1,0,0,0,0,0,0,647345.8357,5324802.6398,10.977579795,48.059476438,2,#fc8d62,car
76766,"9,17E+18",9,1,79,142,2017,3,8,6,3,2,6,0,1,0,0,0,1,0,0,671828.1709,5342577.7435,11.313078934,48.213145649,2,#fc8d62,car
76767,"9,17E+18",9,1,77,115,2017,3,15,3,3,4,6,0,1,0,0,0,1,0,0,731065589.0,5348518.9884,12.112682683,48.247724238,2,#fc8d62,car
76768,"9,17E+18",9,1,81,122,2017,3,19,6,2,0,1,0,0,0,1,0,0,1,0,647644.55,5333409.0876,10.984563662,48.136793439,4,#e78ac3,marker
76769,"9,17E+18",9,1,62,0,2017,3,11,2,3,1,5,0,1,0,0,0,0,0,0,688348.6059,5340195.5401,11.534197156,48.187046875,2,#fc8d62,car
76770,"9,17E+18",9,1,81,130,2017,3,20,6,3,3,6,0,1,0,0,0,0,2,0,640505456.0,5325509908.0,10.886057874,48.067379469,2,#fc8d62,car
76771,"9,17E+18",9,1,84,148,2017,3,8,2,3,2,6,0,1,0,0,0,0,0,0,696410.2838,5326381.0901,11.636183553,48.060449116,2,#fc8d62,car
76772,"9,17E+18",9,1,79,123,2017,3,15,6,1,5,3,0,1,0,0,0,1,0,0,676274.7277,5334930.0202,11.369711983,48.14317935,2,#fc8d62,car
76773,"9,17E+18",9,1,84,127,2017,3,20,2,2,9,7,1,0,0,0,0,0,2,0,702792.9415,5322054.8524,11.719703209,48.019572843,1,#66c2a5,bicycle
76774,"9,17E+18",9,1,84,149,2017,3,8,2,2,4,2,1,1,0,0,0,0,0,0,690317.8628,5350760.4652,11.565411287,48.281415468,1,#66c2a5,bicycle
76775,"9,17E+18",9,1,88,120,2017,3,9,6,3,0,2,0,1,0,0,0,0,0,0,678334837.0,5326984142.0,11.394060253,48.071178572,2,#fc8d62,car
76778,"9,17E+18",9,1,88,120,2017,3,9,6,3,5,2,1,1,0,0,0,0,0,0,677946.7287,5326738.4983,11.388752532,48.06907882,1,#66c2a5,bicycle
76781,"9,17E+18",9,7,61,0,2017,3,22,2,3,5,3,0,1,0,1,0,0,2,0,636914.0399,5359580.9196,10.848878551,48.374533082,2,#fc8d62,car
76782,"9,17E+18",9,7,61,0,2017,3,13,2,3,0,7,1,0,0,0,0,0,0,0,643440.7103,5360823.3217,10.937387097,48.384254266,1,#66c2a5,bicycle
76785,"9,17E+18",9,1,84,149,2017,3,15,6,3,2,6,0,1,0,0,0,0,0,0,688585.4588,5349450.1863,11.541498613,48.270157187,2,#fc8d62,car
76787,"9,17E+18",9,1,78,145,2017,3,20,6,3,2,1,0,1,0,0,0,0,2,0,699428.9724,5354893.5696,11.690040323,48.315754859,2,#fc8d62,car
76789,"9,17E+18",9,1,77,121,2017,3,18,6,3,9,6,0,1,0,0,0,0,0,0,732531.1926,5362944.2703,12.140344493,48.37677364,2,#fc8d62,car
76792,"9,17E+18",9,1,62,0,2017,3,18,5,3,1,6,0,1,0,0,0,0,0,0,690574.4919,5331989.3358,11.560441122,48.112626111,2,#fc8d62,car
76795,"9,17E+18",9,1,62,0,2017,3,15,5,3,6,4,0,1,1,0,0,0,0,0,688329.1007,5340197.2145,11.533935725,48.187067708,2,#fc8d62,car
76803,"9,17E+18",9,1,62,0,2017,3,15,5,3,2,6,0,1,0,0,0,0,0,0,690461.9434,5339045.9564,11.56208712,48.176084441,2,#fc8d62,car
76805,"9,17E+18",9,1,62,0,2017,3,13,5,3,6,4,0,1,1,0,0,0,0,0,687302.2178,5335089.0452,11.517883546,48.141457946,2,#fc8d62,car
76807,"9,17E+18",9,1,84,120,2017,3,5,5,3,4,2,0,1,0,0,0,0,1,0,682104.49,5332986767.0,11.447179534,48.124069997,2,#fc8d62,car
76810,"9,17E+18",9,1,62,0,2017,3,17,5,3,5,3,1,1,0,0,0,0,0,0,692119.2224,5342020.93,11.585702948,48.20232383,1,#66c2a5,bicycle
76811,"9,17E+18",9,7,77,121,2017,3,15,5,3,2,6,0,1,0,0,0,0,0,0,629534.7396,5321231.3689,10.737571859,48.031225207,2,#fc8d62,car
76835,"9,17E+18",9,7,77,158,2017,3,8,5,3,5,3,0,1,0,1,0,0,0,0,620478089.0,5309749703.0,10.612917717,47.929736103,2,#fc8d62,car
76837,"9,17E+18",9,7,72,163,2017,3,11,5,3,1,6,0,1,0,0,0,1,0,0,638542.9544,5347762.2932,10.86697982,48.267905764,2,#fc8d62,car
76839,"9,17E+18",9,7,61,0,2017,3,11,5,3,2,6,0,1,0,0,0,0,0,0,642506182.0,5359379337.0,10.924282736,48.37148247,2,#fc8d62,car
76842,"9,17E+18",9,7,72,145,2017,3,14,5,3,5,3,0,1,0,1,0,0,0,0,635487.7041,5368765.1619,10.832594278,48.457425036,2,#fc8d62,car
76845,"9,17E+18",9,7,72,125,2017,3,7,5,3,5,3,0,1,0,1,0,0,0,0,636681147.0,5349179.7111,10.842362315,48.281055838,2,#fc8d62,car
76853,"9,17E+18",9,7,61,0,2017,3,17,5,3,5,3,1,1,0,0,0,0,0,0,642049.0854,5364861.3677,10.919968554,48.420877264,1,#66c2a5,bicycle
76857,"9,17E+18",9,1,90,157,2017,3,13,2,2,2,6,0,1,0,1,0,1,0,0,656098.9034,5302438.0002,11.08686185,47.856308809,2,#fc8d62,car
76858,"9,17E+18",9,1,73,126,2017,3,15,2,3,2,6,0,1,0,0,0,0,0,0,684714.7771,5304732.4254,11.4700642,47.869345919,2,#fc8d62,car
76862,"9,17E+18",9,1,63,0,2017,3,15,2,3,5,3,0,1,0,1,0,0,0,0,734180.8698,5304452.7407,12.130475679,47.850709298,2,#fc8d62,car
76863,"9,17E+18",9,1,82,120,2017,3,14,2,3,5,7,1,1,0,0,0,0,0,0,701562.2376,5306951.0097,11.696141673,47.88422002,1,#66c2a5,bicycle
76866,"9,17E+18",9,7,71,165,2017,3,15,5,3,3,6,0,1,0,0,0,0,0,0,661668.8529,5363172.6602,11.184314875,48.400967111,2,#fc8d62,car
76868,"9,17E+18",9,7,71,141,2017,3,18,5,3,9,1,0,1,0,0,0,0,0,0,655392.3263,5376655.3477,11.104580377,48.523760078,2,#fc8d62,car
76869,"9,17E+18",9,1,81,130,2017,3,13,2,3,3,2,1,1,0,0,0,0,0,0,639501482.0,5323158652.0,10.871821838,48.04645667,1,#66c2a5,bicycle
76871,"9,17E+18",9,1,81,130,2017,3,16,2,3,2,6,0,1,0,0,0,0,0,0,639820.5605,5323324.0816,10.876154882,48.047874445,2,#fc8d62,car
76872,"9,17E+18",9,1,79,121,2017,3,11,2,3,2,6,0,1,0,0,0,0,0,0,665846.7949,5338581.4898,11.231063619,48.178810464,2,#fc8d62,car
76874,"9,17E+18",9,1,79,138,2017,3,20,2,3,9,1,0,1,0,0,0,0,2,0,653803.1996,5334543.1153,11.067699945,48.145530807,2,#fc8d62,car
76875,"9,17E+18",9,1,74,147,2017,3,16,2,3,5,2,0,1,0,1,0,0,0,0,670121.7117,5366381.3177,11.299729641,48.427586602,2,#fc8d62,car
76877,"9,17E+18",9,1,84,121,2017,3,8,2,3,7,7,0,1,0,0,0,1,0,0,704921.6621,5331386.32,11.752688591,48.102752965,2,#fc8d62,car
76878,"9,17E+18",9,1,75,111,2017,3,7,2,3,2,6,0,1,0,0,0,0,0,0,712098.5356,5338185.0113,11.852357166,48.161496363,2,#fc8d62,car
76879,"9,17E+18",9,1,84,131,2017,3,8,2,3,2,6,0,1,0,0,0,0,0,0,704447.6425,5337490.7198,11.749257491,48.157763188,2,#fc8d62,car
76880,"9,17E+18",9,1,77,116,2017,3,8,2,3,2,6,0,1,0,0,0,0,0,0,708887.5574,5363711328.0,11.821842836,48.391935654,2,#fc8d62,car
76881,"9,17E+18",9,1,78,116,2017,3,17,2,3,2,6,0,0,0,1,0,1,0,0,704426.7181,5382096.6026,11.770643444,48.55860622,4,#e78ac3,marker
76882,"9,17E+18",9,1,62,0,2017,3,13,1,3,5,3,0,1,0,1,0,0,0,0,694591152.0,5332007257.0,11.614357008,48.111572693,2,#fc8d62,car
76884,"9,17E+18",9,1,62,0,2017,3,18,1,3,2,6,0,1,0,0,0,0,0,0,690324.1944,5331951.2557,11.557064762,48.11235869,2,#fc8d62,car
76889,"9,17E+18",9,7,78,116,2017,3,15,1,2,4,6,0,1,0,0,0,0,0,0,619192.5116,5322318.2286,10.599202726,48.04301413,2,#fc8d62,car
76891,"9,17E+18",9,7,72,147,2017,3,20,1,3,9,6,0,1,0,0,0,0,1,0,635230.1972,5364368.8868,10.827694093,48.417949512,2,#fc8d62,car
76893,"9,17E+18",9,7,61,0,2017,3,14,1,3,5,3,1,1,0,0,0,0,0,0,638519.7619,5362322.9394,10.871454221,48.398838276,1,#66c2a5,bicycle
76895,"9,17E+18",9,7,72,184,2017,3,8,1,3,2,7,0,1,0,0,0,0,0,0,634505.5399,5362755.7871,10.81738806,48.403599622,2,#fc8d62,car
76896,"9,17E+18",9,7,71,145,2017,3,7,1,2,9,1,0,1,0,0,0,0,0,0,650642.5809,5344154.0957,11.028646149,48.232701911,2,#fc8d62,car
76898,"9,17E+18",9,7,71,176,2017,3,19,1,2,4,2,0,1,0,0,0,0,0,0,646034878.0,5381131.9568,10.979497145,48.566255704,2,#fc8d62,car
76948,"9,17E+18",9,1,73,123,2017,3,17,1,3,2,2,0,1,0,0,0,0,0,0,680575.6754,5300787.8688,11.413119617,47.835063616,2,#fc8d62,car
76949,"9,17E+18",9,1,73,134,2017,3,15,1,2,5,3,0,1,0,1,0,0,0,0,685196.8802,5301260268.0,11.475018248,47.837995848,2,#fc8d62,car
76958,"9,17E+18",9,1,74,115,2017,3,15,1,3,5,3,1,1,0,0,0,0,0,0,680966308.0,5348617405.0,11.438560351,48.26489437,1,#66c2a5,bicycle
76960,"9,17E+18",9,1,74,143,2017,3,15,1,3,5,3,0,1,0,1,0,0,0,0,674091.96,5350715582.0,11.346873388,48.285681771,2,#fc8d62,car
76961,"9,17E+18",9,1,78,124,2017,3,17,1,3,2,6,0,1,0,0,0,1,0,0,700588.8752,5357281.2418,11.706803857,48.336845158,2,#fc8d62,car
76963,"9,17E+18",9,1,78,145,2017,3,17,1,3,2,6,0,1,0,0,0,0,0,0,697591.0786,5356613.0865,11.666083313,48.331784932,2,#fc8d62,car
76964,"9,17E+18",9,1,75,132,2017,3,13,1,2,0,7,1,0,0,0,0,0,0,0,710631.5956,5336885.4898,11.832011239,48.150306566,1,#66c2a5,bicycle
76966,"9,17E+18",9,1,62,0,2017,3,11,7,3,5,3,0,1,0,0,0,0,0,0,697127.6982,5330653.8729,11.647773106,48.098629311,2,#fc8d62,car
76967,"9,17E+18",9,1,62,0,2017,3,11,7,3,2,2,0,1,0,0,0,0,0,0,682602.7471,5335560871.0,11.454972343,48.147065154,2,#fc8d62,car
76973,"9,17E+18",9,7,77,114,2017,3,10,7,2,8,1,0,1,0,0,0,0,0,0,616384.9631,5311955.2159,10.558738062,47.950328787,2,#fc8d62,car
76978,"9,17E+18",9,1,90,149,2017,3,20,5,2,4,6,0,1,0,0,0,1,2,0,637291.9669,5298927.6748,10.834463649,47.8290351,2,#fc8d62,car
76979,"9,17E+18",9,7,72,163,2017,3,16,7,3,3,6,0,1,0,0,0,0,0,0,638869.2667,5349392.5857,10.871910311,48.282493809,2,#fc8d62,car
76980,"9,17E+18",9,7,72,149,2017,3,14,7,3,5,3,0,1,0,0,0,0,0,0,637747.5621,5340313.7848,10.853845193,48.201101536,2,#fc8d62,car
76981,"9,17E+18",9,1,84,129,2017,4,14,3,3,0,2,0,1,0,1,0,0,0,1,700753.0395,5325071.8397,11.693790949,48.047331195,2,#fc8d62,car
76983,"9,17E+18",9,1,84,136,2017,4,10,3,3,1,5,0,1,0,1,0,0,0,1,697997.0645,5327388322.0,11.657923729,48.069011107,2,#fc8d62,car
76984,"9,17E+18",9,1,84,123,2017,4,9,3,3,8,7,0,0,0,0,0,1,0,0,703432.6672,5331301.3301,11.732670258,48.102466332,6,#ffd92f,circle
76985,"9,17E+18",9,1,62,0,2017,4,9,3,3,5,3,1,1,0,0,0,0,0,0,693520.2259,5331534.2658,11.599769814,48.10764785,1,#66c2a5,bicycle
76993,"9,17E+18",9,7,72,159,2017,4,13,3,3,4,6,0,1,0,0,0,0,0,0,622062014.0,5361729.9282,10.649033704,48.39690668,2,#fc8d62,car
76996,"9,17E+18",9,7,61,0,2017,4,13,3,3,2,6,0,1,0,0,0,0,0,0,638408408.0,5361304.2117,10.869614872,48.389702565,2,#fc8d62,car
76998,"9,17E+18",9,1,87,117,2017,4,14,7,3,2,6,0,1,0,0,0,0,0,0,723698638.0,5307027451.0,11.991885822,47.877576771,2,#fc8d62,car
76999,"9,17E+18",9,7,61,0,2017,4,16,3,3,1,6,0,1,0,0,0,0,0,0,642685.8746,5359620.2595,10.926789485,48.373608126,2,#fc8d62,car
77000,"9,17E+18",9,7,71,113,2017,4,16,3,3,8,1,0,1,0,0,0,0,0,0,660253.4631,5366355.5537,11.16642168,48.429942989,2,#fc8d62,car
77003,"9,17E+18",9,7,71,113,2017,4,20,3,3,9,1,0,1,0,0,0,0,2,0,656451.9879,5371342.2344,11.116931162,48.475730681,2,#fc8d62,car
77006,"9,17E+18",9,1,86,149,2017,4,14,7,3,2,6,0,1,0,0,0,1,0,0,688878424.0,5385730213.0,11.561792693,48.596138843,2,#fc8d62,car
77037,"9,17E+18",9,1,87,165,2017,4,17,6,3,3,6,0,0,0,0,0,1,0,0,731745.8579,5299524.6634,12.095338102,47.807316419,6,#ffd92f,circle
77050,"9,17E+18",9,1,87,177,2017,4,12,6,3,5,2,1,1,0,0,0,0,0,0,736713.1648,5305967.0625,12.165102402,47.863386022,1,#66c2a5,bicycle
77062,"9,17E+18",9,2,61,0,2017,4,8,3,3,5,3,1,1,0,0,0,0,0,0,732757.2135,5381574.4123,12.15375221,48.544042384,1,#66c2a5,bicycle
77065,"9,17E+18",9,1,81,130,2017,4,19,7,3,3,6,0,1,0,0,0,0,1,0,637034.9123,5323362.0017,10.838808498,48.048819606,2,#fc8d62,car
77068,"9,17E+18",9,1,90,157,2017,4,10,3,3,9,7,0,1,0,0,0,0,0,1,660351.9893,5300805.2446,11.143074963,47.840581244,2,#fc8d62,car
77069,"9,17E+18",9,1,85,113,2017,4,23,6,2,7,7,0,0,0,1,0,0,2,0,668842.4568,5378991.0994,11.287545289,48.541283439,4,#e78ac3,marker
77071,"9,17E+18",9,1,81,140,2017,4,19,6,3,8,1,0,1,0,0,0,0,0,0,643110195.0,5324324263.0,10.920605325,48.056139015,2,#fc8d62,car
77073,"9,17E+18",9,1,78,145,2017,4,13,6,3,2,6,0,1,0,0,0,0,0,0,693075.7066,5357723.3031,11.605732714,48.34315829,2,#fc8d62,car
77075,"9,17E+18",9,1,77,113,2017,4,22,6,2,8,1,0,1,0,0,0,0,2,0,718612.8079,5353394294.0,11.947688744,48.29594474,2,#fc8d62,car
77076,"9,17E+18",9,1,88,113,2017,4,15,7,3,5,3,1,1,0,0,0,0,0,0,677309.1091,5312273.4041,11.374222646,47.939223471,1,#66c2a5,bicycle
77077,"9,17E+18",9,1,77,117,2017,4,5,6,3,8,1,0,1,0,0,0,0,2,0,716224.9323,5352105.2884,11.914875333,48.28518324,2,#fc8d62,car
77078,"9,17E+18",9,1,81,129,2017,4,17,7,2,5,3,0,1,0,0,0,1,0,0,641481.2117,5304655.4802,10.892282025,47.879634542,2,#fc8d62,car
77080,"9,17E+18",9,1,77,115,2017,4,14,6,3,5,3,1,1,0,0,0,0,0,0,733965.5983,5351533.19,12.153354215,48.273737717,1,#66c2a5,bicycle
77081,"9,17E+18",9,1,81,126,2017,4,14,7,2,5,3,0,1,0,1,0,0,0,0,635164.9329,5331930.0009,10.816441148,48.126266351,2,#fc8d62,car
77083,"9,17E+18",9,1,63,0,2017,4,12,3,3,4,3,0,1,0,0,0,0,0,1,733564.5162,5300850.7887,12.120306483,47.818573301,2,#fc8d62,car
77084,"9,17E+18",9,1,87,159,2017,4,8,3,3,0,6,0,1,0,0,0,1,0,0,730430.4663,5329883.3002,12.094044974,48.080536964,2,#fc8d62,car
77085,"9,17E+18",9,1,87,164,2017,4,10,3,1,4,6,0,1,0,0,0,1,0,0,736592.4266,5322973618.0,12.172834407,48.016209089,2,#fc8d62,car
77086,"9,17E+18",9,1,84,127,2017,4,10,5,3,1,2,0,1,0,0,0,0,0,0,702941.2668,5322105.2886,11.721713986,48.019979024,2,#fc8d62,car
77087,"9,17E+18",9,1,87,142,2017,4,18,3,3,5,3,0,1,0,0,0,0,0,0,733658887.0,5311459.2345,12.12729868,47.913845379,2,#fc8d62,car
77088,"9,17E+18",9,1,84,127,2017,4,7,5,3,5,3,1,1,0,0,0,0,0,0,702906.3455,5322092.6431,11.721240206,48.019876469,1,#66c2a5,bicycle
77089,"9,17E+18",9,1,82,137,2017,4,13,3,3,9,1,0,0,0,0,0,1,0,1,712450.8114,5299605.9049,11.83800311,47.814703744,6,#ffd92f,circle
77090,"9,17E+18",9,1,81,130,2017,4,11,3,3,0,7,0,1,0,0,0,0,0,0,637730.9003,5324663.9999,10.848561787,48.060377899,2,#fc8d62,car
77091,"9,17E+18",9,1,81,142,2017,4,8,3,3,4,6,0,1,0,0,0,0,0,0,646155.0877,5316539.6646,10.95879014,47.985450645,2,#fc8d62,car
77092,"9,17E+18",9,1,81,130,2017,4,7,3,2,6,6,1,0,1,0,0,0,0,0,641243.8417,5323834.8499,10.895410718,48.05215399,1,#66c2a5,bicycle
77093,"9,17E+18",9,1,84,131,2017,4,7,5,3,5,3,0,1,0,0,0,0,0,0,704865457.0,5336965.6821,11.754616455,48.152910459,2,#fc8d62,car
77094,"9,17E+18",9,1,74,115,2017,4,12,3,3,3,6,0,1,0,0,0,0,0,1,681187.2016,5347234.7583,11.440942074,48.252403168,2,#fc8d62,car
77095,"9,17E+18",9,1,62,0,2017,4,18,5,3,2,6,0,1,0,0,0,0,0,1,689095.3073,5331717.4502,11.540467516,48.110623245,2,#fc8d62,car
77096,"9,17E+18",9,1,74,113,2017,4,13,3,3,5,3,0,1,0,0,0,0,0,1,678613.6985,5342085.6473,11.404133794,48.206848875,2,#fc8d62,car
77097,"9,17E+18",9,1,78,124,2017,4,8,3,3,4,2,0,1,0,0,0,0,0,0,702935.8416,5359451.7842,11.739483019,48.355601133,2,#fc8d62,car
77098,"9,17E+18",9,1,77,113,2017,4,16,3,3,9,7,0,0,0,0,0,1,0,0,721446.7219,5355255.2565,11.986822751,48.311679328,6,#ffd92f,circle
77099,"9,17E+18",9,1,77,126,2017,4,5,3,3,5,2,0,1,0,0,0,0,2,0,720907.0771,5369488.4823,11.987032038,48.439744834,2,#fc8d62,car
77100,"9,17E+18",9,1,62,0,2017,4,9,2,3,5,2,0,1,0,0,0,0,0,0,694984884.0,5332997.2736,11.620093782,48.120350145,2,#fc8d62,car
77101,"9,17E+18",9,1,84,135,2017,4,10,2,3,5,2,0,1,0,0,0,0,0,0,692026.3092,5345069.7182,11.585834125,48.229753467,2,#fc8d62,car
77102,"9,17E+18",9,1,81,115,2017,4,15,7,3,4,6,1,0,0,0,0,0,0,0,658532.4935,5327193.9069,11.128503034,48.078294604,1,#66c2a5,bicycle