OBJECTID,UIDENTSTLA,ULAND,UREGBEZ,UKREIS,UGEMEINDE,UJAHR,UMONAT,USTUNDE,UWOCHENTAG,UKATEGORIE,UART,UTYP1,IstRad,IstPKW,IstFuss,IstKrad,IstGkfz,IstSonstig,ULICHTVERH,STRZUSTAND,LINREFX,LINREFY,XGCSWGS84,YGCSWGS84,Teilnehmer,color,symbol
77103,"9,17E+18",9,1,74,115,2017,4,16,7,3,2,6,0,1,0,1,0,0,0,0,680645.36,5348412675.0,11.434152133,48.263145724,2,#fc8d62,car
77104,"9,17E+18",9,1,86,152,2017,4,16,7,3,2,6,0,1,0,0,0,0,0,0,690970.6497,5376078.2334,11.585713265,48.508760716,2,#fc8d62,car
77109,"9,17E+18",9,1,62,0,2017,4,19,2,3,4,7,0,1,0,0,0,0,0,1,686254051.0,5331794.8105,11.502367475,48.112155771,2,#fc8d62,car
77112,"9,17E+18",9,7,62,0,2017,4,11,5,3,6,4,0,1,1,0,0,0,0,0,622280.7326,5307158.4801,10.636305566,47.90609016,2,#fc8d62,car
77113,"9,17E+18",9,7,62,0,2017,4,16,5,3,5,3,0,1,0,0,0,0,0,0,620460.9268,5303096.3739,10.610830262,47.869900748,2,#fc8d62,car
77115,"9,17E+18",9,1,75,132,2017,4,10,7,3,2,6,0,1,0,0,0,0,0,0,707792.1867,5330137.7534,11.790593202,48.090603249,2,#fc8d62,car
77116,"9,17E+18",9,1,62,0,2017,4,8,2,3,0,7,1,0,0,0,0,0,0,0,688750.5367,5329064.9143,11.534667321,48.086883947,1,#66c2a5,bicycle
77119,"9,17E+18",9,1,78,124,2017,4,0,7,2,6,4,0,1,1,0,0,0,2,0,702709442.0,5364206771.0,11.738723034,48.398403643,2,#fc8d62,car
77122,"9,17E+18",9,1,75,115,2017,4,17,7,2,8,1,0,1,0,0,0,0,0,0,717096.8387,5336853.9734,11.918807225,48.14784985,2,#fc8d62,car
77127,"9,17E+18",9,7,72,147,2017,4,20,5,3,3,6,0,1,0,0,0,0,2,0,637325.7688,5364171.5145,10.855936679,48.415721528,2,#fc8d62,car
77129,"9,17E+18",9,7,61,0,2017,4,5,5,3,0,1,1,0,0,0,0,0,2,0,636949.1845,5359552.2872,10.849343557,48.374267996,1,#66c2a5,bicycle
77131,"9,17E+18",9,7,61,0,2017,4,7,5,3,5,3,1,1,0,0,0,0,0,0,641149.9694,5360217.9559,10.906261753,48.379327792,1,#66c2a5,bicycle
77132,"9,17E+18",9,7,72,147,2017,4,17,2,3,3,6,0,1,0,0,0,1,0,0,630711.7795,5364283.3196,10.7666298,48.418133671,2,#fc8d62,car
77133,"9,17E+18",9,7,61,0,2017,4,6,2,3,4,2,0,1,0,0,0,0,0,0,643240.5756,5359507829.0,10.934237276,48.372471545,2,#fc8d62,car
77134,"9,17E+18",9,7,61,0,2017,4,18,2,3,5,3,1,1,0,0,0,0,0,0,642151.5472,5357580.3209,10.918888927,48.355386484,1,#66c2a5,bicycle
77135,"9,17E+18",9,7,71,113,2017,4,15,2,3,0,7,1,0,0,0,0,0,0,0,657187.4947,5370762.6027,11.126658207,48.47033623,1,#66c2a5,bicycle
77137,"9,17E+18",9,7,71,114,2017,4,23,5,3,8,7,0,1,0,0,0,0,2,0,638636.8568,5372485.4511,10.876399432,48.490190457,2,#fc8d62,car
77142,"9,17E+18",9,1,62,0,2017,4,13,6,3,0,7,0,0,0,0,0,1,0,0,688967.2103,5341714433.0,11.543187794,48.20051499,6,#ffd92f,circle
77143,"9,17E+18",9,1,84,149,2017,4,12,6,3,3,2,0,1,0,0,0,1,0,0,691167236.0,5352525.1215,11.577647072,48.297019656,2,#fc8d62,car
77148,"9,17E+18",9,1,62,0,2017,4,16,6,3,2,6,0,1,0,0,0,0,0,0,697127.7124,5329145.4286,11.647076934,48.085072274,2,#fc8d62,car
77162,"9,17E+18",9,7,61,0,2017,4,15,6,3,2,6,0,1,0,0,0,1,0,0,637464846.0,5359769116.0,10.856374088,48.37610557,2,#fc8d62,car
77164,"9,17E+18",9,7,71,145,2017,4,18,6,2,0,1,1,0,0,0,0,0,0,1,643687.8563,5347726.2529,10.936258954,48.266435462,1,#66c2a5,bicycle
77198,"9,17E+18",9,7,61,0,2017,4,18,6,3,5,3,0,1,0,1,0,0,0,0,637724139.0,5355571632.0,10.858499987,48.338305743,2,#fc8d62,car
77199,"9,17E+18",9,7,61,0,2017,4,17,6,3,2,6,0,1,0,0,0,0,0,0,641595.6715,5359676.8814,10.912095321,48.374362809,2,#fc8d62,car
77200,"9,17E+18",9,7,71,162,2017,4,12,6,3,9,1,0,1,0,0,0,0,0,0,663652.2426,5371683.0837,11.214416182,48.476962251,2,#fc8d62,car
77210,"9,17E+18",9,2,61,0,2017,4,16,2,3,2,6,0,1,0,0,0,0,0,1,732257.3506,5382022.5418,12.147239792,48.548253037,2,#fc8d62,car
77216,"9,17E+18",9,1,90,157,2017,4,16,2,3,6,2,0,0,1,0,0,1,0,0,659968.2048,5301022.7214,11.138029829,47.84263222,3,#8da0cb,toilet
77232,"9,17E+18",9,1,86,125,2017,4,16,2,3,2,6,0,1,0,0,0,0,0,0,673209.5791,5373560.9419,11.344407379,48.491282274,2,#fc8d62,car
77236,"9,17E+18",9,1,74,146,2017,4,16,2,3,2,6,0,1,0,0,0,0,0,0,665941.6462,5351313.9955,11.237326082,48.293250466,2,#fc8d62,car
77238,"9,17E+18",9,1,62,0,2017,4,18,2,3,2,6,0,1,0,0,0,0,0,1,687476.6255,5333136.0242,11.519366349,48.123852305,2,#fc8d62,car
77240,"9,17E+18",9,1,88,139,2017,4,8,2,2,5,2,0,1,0,1,0,1,0,0,674503.7399,5319417.3922,11.33959121,48.00421618,2,#fc8d62,car
77241,"9,17E+18",9,1,79,142,2017,4,18,2,2,2,6,0,1,0,1,0,0,0,1,672261.8561,5341018.78,11.318279191,48.199013799,2,#fc8d62,car
77242,"9,17E+18",9,1,81,126,2017,4,17,2,3,2,6,0,1,0,0,0,0,0,0,636419.4388,5332166.9544,10.833367026,48.128129495,2,#fc8d62,car
77243,"9,17E+18",9,1,81,122,2017,4,9,2,3,5,3,0,1,0,0,0,0,0,0,645768.5797,5333623.8556,10.959436717,48.139157102,2,#fc8d62,car
77244,"9,17E+18",9,1,79,123,2017,4,20,2,3,5,2,0,1,0,0,0,0,2,1,677442.6334,5331966.7338,11.384164431,48.116217168,2,#fc8d62,car
77245,"9,17E+18",9,1,88,120,2017,4,12,2,2,2,6,0,0,0,1,0,0,0,0,676716.5645,5323317.4311,11.370840597,48.038667531,4,#e78ac3,marker
77246,"9,17E+18",9,1,79,121,2017,4,15,2,3,2,6,0,1,0,0,0,0,0,0,667784.3338,5338337.7835,11.257011394,48.176110891,2,#fc8d62,car
77248,"9,17E+18",9,1,77,126,2017,4,6,2,3,2,6,0,0,0,0,0,1,0,0,719170.0585,5370348.3039,11.964027327,48.448076789,6,#ffd92f,circle
77250,"9,17E+18",9,1,78,124,2017,4,17,2,3,1,6,0,1,0,0,0,0,0,1,703184.2647,5362061.8046,11.744093244,48.378975646,2,#fc8d62,car
77259,"9,17E+18",9,1,78,137,2017,4,9,2,3,2,6,0,1,0,0,0,0,0,0,697785.4754,5366073.7042,11.673153365,48.416744928,2,#fc8d62,car
77261,"9,17E+18",9,1,62,0,2017,4,15,1,3,0,2,1,1,0,0,0,0,0,0,696792807.0,5333691742.0,11.644681488,48.126035427,1,#66c2a5,bicycle
77263,"9,17E+18",9,1,84,122,2017,4,13,1,2,8,1,0,1,0,0,0,0,0,0,687803.9623,5322299.4085,11.518998956,48.026352565,2,#fc8d62,car
77265,"9,17E+18",9,1,62,0,2017,4,16,1,2,0,1,1,0,0,0,0,0,0,0,694907.9164,5333606.5954,11.619339254,48.125850039,1,#66c2a5,bicycle
77267,"9,17E+18",9,7,78,203,2017,4,19,1,2,0,6,0,1,0,1,0,0,0,0,620846.0524,5322376.4034,10.62139552,48.043226435,2,#fc8d62,car
77270,"9,17E+18",9,1,90,157,2017,4,22,5,3,8,1,0,0,0,1,0,0,2,0,657381512.0,5301767364.0,11.103752926,47.849966024,4,#e78ac3,marker
77274,"9,17E+18",9,7,72,171,2017,4,18,1,2,2,6,0,1,0,0,0,0,0,0,637731.1072,5372042.3571,10.86400115,48.486405457,2,#fc8d62,car
77276,"9,17E+18",9,7,71,122,2017,4,16,1,3,4,2,0,1,0,0,0,1,0,0,655096008.0,5362001499.0,11.095139401,48.392088962,2,#fc8d62,car
77297,"9,17E+18",9,1,81,146,2017,4,17,5,3,2,6,0,1,0,0,0,0,0,0,649342284.0,5325592.8794,11.004633917,48.066117751,2,#fc8d62,car
77299,"9,17E+18",9,1,81,137,2017,4,22,5,3,9,1,0,1,0,0,0,0,2,0,646091.4134,5306101.4543,10.954395266,47.891604452,2,#fc8d62,car
77301,"9,17E+18",9,1,79,121,2017,4,7,5,3,2,6,0,1,0,0,0,0,0,0,666805.8064,5338341.5809,11.243860376,48.176402645,2,#fc8d62,car
77304,"9,17E+18",9,1,79,121,2017,4,19,5,3,2,6,0,1,0,0,0,1,1,0,667160.4716,5339868.6843,11.24922834,48.190038046,2,#fc8d62,car
77307,"9,17E+18",9,1,81,115,2017,4,0,5,3,5,3,0,1,0,0,0,0,2,0,656254016.0,5326750283.0,11.097770731,48.074868412,2,#fc8d62,car
77318,"9,17E+18",9,1,78,113,2017,4,10,5,2,2,6,0,0,0,0,0,1,0,0,691515.9418,5368013.6285,11.589395595,48.436116215,6,#ffd92f,circle
77321,"9,17E+18",9,1,77,133,2017,4,7,5,3,2,6,0,0,0,1,0,1,0,0,711124.5128,5354270.2489,11.847289397,48.306358094,4,#e78ac3,marker
77327,"9,17E+18",9,1,77,119,2017,4,17,5,3,5,3,0,1,0,0,0,0,0,0,718018.6769,5339248.6227,11.93241127,48.169050883,2,#fc8d62,car
77329,"9,17E+18",9,1,62,0,2017,4,8,4,3,2,6,0,1,0,0,0,0,0,0,693125.2682,5338165.02,11.597475963,48.167363109,2,#fc8d62,car
77333,"9,17E+18",9,1,84,142,2017,4,7,4,2,6,4,0,0,1,0,0,1,0,0,683293.6176,5316911.8192,11.456258884,47.979234168,3,#8da0cb,toilet
77340,"9,17E+18",9,7,77,130,2017,4,18,4,3,2,6,0,1,0,1,0,0,0,0,624558.2807,5308711.5829,10.667218193,47.919619763,2,#fc8d62,car
77343,"9,17E+18",9,7,72,147,2017,4,6,4,3,2,6,0,1,0,0,0,0,0,0,638655.9838,5363569.5738,10.873705433,48.410017741,2,#fc8d62,car
77346,"9,17E+18",9,7,61,0,2017,4,7,4,3,2,6,0,1,0,0,0,0,0,0,637558.0201,5360410.1414,10.857841451,48.381849273,2,#fc8d62,car
77352,"9,17E+18",9,1,82,123,2017,4,17,1,3,2,6,0,1,0,0,0,1,0,0,719917.9078,5300938.3878,11.938294447,47.824168919,2,#fc8d62,car
77353,"9,17E+18",9,1,87,165,2017,4,10,1,3,9,7,0,1,0,0,0,0,0,0,729381.9503,5300242.0481,12.064190702,47.814608418,2,#fc8d62,car
77354,"9,17E+18",9,7,72,209,2017,4,17,4,2,1,6,0,1,0,0,0,0,0,0,634880616.0,5337311486.0,10.814327859,48.174719336,2,#fc8d62,car
77356,"9,17E+18",9,7,61,0,2017,4,15,4,3,3,6,0,1,0,0,0,0,0,0,642028.2407,5359584.3485,10.917902039,48.373433584,2,#fc8d62,car
77358,"9,17E+18",9,7,71,144,2017,4,16,4,3,5,3,0,1,0,1,0,0,0,0,661701784.0,5373258731.0,11.188653897,48.491631693,2,#fc8d62,car
77362,"9,17E+18",9,1,87,179,2017,4,12,1,3,1,3,1,1,0,0,0,0,0,0,723430.1995,5312076.0888,11.990914662,47.923032644,1,#66c2a5,bicycle
77363,"9,17E+18",9,1,86,152,2017,4,22,1,3,8,7,0,1,0,0,0,0,2,0,690916924.0,5377904.3917,11.585822266,48.525189106,2,#fc8d62,car
77366,"9,17E+18",9,1,62,0,2017,4,13,1,3,2,6,0,1,0,0,0,0,0,0,687306.7333,5333122.2332,11.517079513,48.123778353,2,#fc8d62,car
77367,"9,17E+18",9,1,79,134,2017,4,14,1,2,1,6,0,1,0,1,0,0,0,0,667893.4441,5342918.0881,11.260289306,48.217258436,2,#fc8d62,car
77368,"9,17E+18",9,1,81,114,2017,4,13,1,2,8,1,0,0,0,1,0,0,0,0,651661.8853,5311300.9651,11.030698138,47.937064525,4,#e78ac3,marker
77369,"9,17E+18",9,1,79,121,2017,4,19,1,3,4,2,0,1,0,0,0,0,1,0,666131.6524,5338491.2043,11.234857363,48.177924377,2,#fc8d62,car
77370,"9,17E+18",9,1,79,137,2017,4,2,1,3,8,1,0,1,0,0,0,0,2,0,654925.1319,5344846.2991,11.086531613,48.23789369,2,#fc8d62,car
77371,"9,17E+18",9,1,74,143,2017,4,16,1,2,9,1,0,1,0,0,0,0,0,0,672577.7018,5356238.6323,11.328736893,48.335744562,2,#fc8d62,car
77373,"9,17E+18",9,1,84,130,2017,4,11,1,3,2,6,0,1,0,0,0,0,0,0,696800.6426,5342915.5649,11.649055277,48.20893038,2,#fc8d62,car
77375,"9,17E+18",9,1,84,135,2017,4,12,1,2,2,6,0,1,0,1,0,0,0,0,692421.9224,5344985.0941,11.591117398,48.228873011,2,#fc8d62,car
77378,"9,17E+18",9,1,78,120,2017,4,19,1,3,8,1,0,0,0,1,0,0,0,0,693266.5373,5356151.8725,11.607584601,48.328976982,4,#e78ac3,marker
77379,"9,17E+18",9,1,78,130,2017,4,6,1,3,4,1,0,1,0,0,0,1,1,0,702774.9351,5358676.6399,11.736940131,48.348687093,2,#fc8d62,car
77385,"9,17E+18",9,1,78,142,2017,4,14,1,2,8,1,0,1,0,0,0,0,0,0,713116.9393,5379251.7193,11.886816108,48.5301523,2,#fc8d62,car
77387,"9,17E+18",9,1,84,122,2017,4,16,7,3,5,3,0,1,0,1,0,0,0,0,687942856.0,5323275781.0,11.521288377,48.035087762,2,#fc8d62,car
77389,"9,17E+18",9,1,62,0,2017,4,4,7,3,1,6,0,1,0,0,0,1,2,0,700172223.0,5332885646.0,11.689667214,48.117737399,2,#fc8d62,car
77391,"9,17E+18",9,1,84,135,2017,4,15,7,3,5,2,0,1,0,0,0,0,0,0,692566.2359,5349011.5219,11.594889829,48.265017012,2,#fc8d62,car
77392,"9,17E+18",9,1,84,123,2017,4,11,7,3,1,6,0,1,0,0,0,0,0,0,703023.8523,5331904.5431,11.727472188,48.108017692,2,#fc8d62,car
77402,"9,17E+18",9,7,73,182,2017,4,15,7,2,5,3,1,1,0,0,0,0,0,0,625135.8382,5380012.7824,10.696015029,48.560712719,1,#66c2a5,bicycle
77403,"9,17E+18",9,7,61,0,2017,4,10,7,3,0,1,1,0,0,0,0,0,0,0,642441.0017,5357556.6619,10.92278595,48.355108525,1,#66c2a5,bicycle
77473,"9,17E+18",9,2,74,113,2017,4,17,4,3,4,6,1,0,0,0,0,0,0,0,727786869.0,5381283689.0,12.086350314,48.543254827,1,#66c2a5,bicycle
77486,"9,17E+18",9,2,61,0,2017,4,14,7,2,3,2,0,0,0,1,0,1,0,0,725755063.0,5378963221.0,12.057605214,48.523143157,4,#e78ac3,marker
77488,"9,17E+18",9,2,61,0,2017,4,17,7,2,5,2,1,1,0,0,0,0,0,0,730616.0688,5380930.8733,12.124429688,48.539052106,1,#66c2a5,bicycle
77492,"9,17E+18",9,1,84,145,2017,4,7,4,3,9,1,0,0,0,1,0,0,0,1,694173.7931,5323550.9604,11.60491424,48.035696999,4,#e78ac3,marker
77493,"9,17E+18",9,1,73,137,2017,4,18,7,3,5,3,0,1,0,0,0,0,0,0,680772.4779,5307813.1487,11.418685219,47.898161239,2,#fc8d62,car
77495,"9,17E+18",9,1,90,159,2017,4,15,7,3,5,3,0,1,0,1,0,0,0,0,663274.9867,5305805.3193,11.183999599,47.884800582,2,#fc8d62,car
77496,"9,17E+18",9,1,87,134,2017,4,7,4,3,4,6,0,1,0,0,0,1,0,1,739044.6327,5319556524.0,12.203763713,47.984600596,2,#fc8d62,car
77499,"9,17E+18",9,1,63,0,2017,4,8,4,3,4,2,0,1,0,0,0,0,0,0,734560535.0,5304277.2632,12.135447986,47.848994401,2,#fc8d62,car
77505,"9,17E+18",9,1,82,137,2017,4,15,7,3,9,1,0,1,0,0,0,0,0,0,709189.4278,5304731709.0,11.7969669,47.861836226,2,#fc8d62,car
77510,"9,17E+18",9,1,87,165,2017,4,6,4,3,5,3,0,1,0,1,0,0,1,1,733594.9237,5299288.1621,12.119870292,47.80452343,2,#fc8d62,car
77511,"9,17E+18",9,1,87,117,2017,4,22,7,3,5,3,1,1,0,0,0,0,2,0,726791.9922,5304811.1494,12.032036073,47.85657889,1,#66c2a5,bicycle
77512,"9,17E+18",9,1,87,122,2017,4,15,4,3,5,3,0,1,0,0,0,0,0,0,717868.4568,5308240.5392,11.914626991,47.890481632,2,#fc8d62,car
77514,"9,17E+18",9,1,87,117,2017,4,11,4,2,5,3,0,1,0,0,0,0,0,0,725669812.0,5307391004.0,12.018401773,47.880153638,2,#fc8d62,car
77518,"9,17E+18",9,1,74,146,2017,4,10,7,3,2,6,0,1,0,0,0,0,0,0,667915.7486,5350312.8557,11.263522715,48.283729818,2,#fc8d62,car
77519,"9,17E+18",9,1,86,151,2017,4,17,4,3,5,3,0,1,0,0,0,0,0,0,681326.6289,5375774794.0,11.455131054,48.508891441,2,#fc8d62,car
77520,"9,17E+18",9,1,88,139,2017,4,15,7,3,5,2,0,1,0,1,0,0,0,0,676176.61,5322279.43,11.363175988,48.029485659,2,#fc8d62,car
77521,"9,17E+18",9,1,79,123,2017,4,19,7,3,5,3,1,0,0,1,0,0,1,0,675392664.0,5333200466.0,11.357152443,48.127875569,1,#66c2a5,bicycle
77523,"9,17E+18",9,1,74,121,2017,4,16,7,2,4,2,0,1,0,0,0,0,0,0,690682.7547,5354259.7306,11.57190496,48.312755861,2,#fc8d62,car
77524,"9,17E+18",9,1,84,119,2017,4,18,7,3,1,3,0,1,0,1,0,0,0,0,696636.6082,5349039.8133,11.649692219,48.264021021,2,#fc8d62,car
77525,"9,17E+18",9,1,75,131,2017,4,14,7,3,8,1,0,0,0,1,0,0,0,0,709968.4694,5322452.1736,11.816012142,48.020825909,4,#e78ac3,marker
77526,"9,17E+18",9,1,75,121,2017,4,11,7,2,3,6,0,1,0,1,0,0,0,0,712006.3283,5321128.7628,11.842654136,48.008260773,2,#fc8d62,car
77527,"9,17E+18",9,1,75,121,2017,4,13,7,2,9,1,0,0,0,1,0,0,0,0,714665.5783,5321181.0324,11.878290125,48.007843045,4,#e78ac3,marker
77528,"9,17E+18",9,1,62,0,2017,3,11,6,3,3,6,0,1,0,0,0,1,0,0,684007.6163,5335416.5524,11.473779305,48.145363118,2,#fc8d62,car
77529,"9,17E+18",9,1,62,0,2017,3,11,6,3,1,3,0,1,0,1,0,0,0,0,700072.1262,5332896.3612,11.6883288,48.117865153,2,#fc8d62,car
77530,"9,17E+18",9,1,84,148,2017,3,22,6,3,0,1,1,0,0,0,0,0,2,0,695219.5957,5327757.4116,11.620848094,48.073184429,1,#66c2a5,bicycle
77531,"9,17E+18",9,1,62,0,2017,3,12,6,3,2,6,0,1,0,0,0,0,0,0,695001.8005,5333028.7009,11.620335224,48.12062742,2,#fc8d62,car
77532,"9,17E+18",9,1,84,137,2017,3,7,6,3,4,6,0,1,0,0,0,1,0,0,707906.2477,5315048.6132,11.784804263,47.954967738,2,#fc8d62,car
77533,"9,17E+18",9,1,84,139,2017,3,0,6,3,9,6,0,1,0,0,0,0,2,0,687137.62,5325758.3756,11.511582095,48.057638941,2,#fc8d62,car
77534,"9,17E+18",9,1,62,0,2017,3,8,6,3,5,2,1,0,0,1,0,0,0,0,689219972.0,5330165522.0,11.541452505,48.096637243,1,#66c2a5,bicycle
77536,"9,17E+18",9,1,84,127,2017,3,16,6,3,5,3,0,1,0,0,0,0,0,0,702908046.0,5322093242.0,11.721263269,48.019881311,2,#fc8d62,car
77539,"9,17E+18",9,1,84,131,2017,3,19,6,3,5,2,0,1,0,1,0,0,0,0,705527.6217,5339529.0672,11.764747813,48.175732562,2,#fc8d62,car
77540,"9,17E+18",9,1,88,113,2017,4,7,4,3,6,7,1,0,1,0,0,0,0,1,675885.1542,5315329.7162,11.356421715,47.967091097,1,#66c2a5,bicycle
77542,"9,17E+18",9,1,75,139,2017,4,19,4,3,5,3,0,1,0,0,0,0,1,0,709692.2391,5329401.4266,11.81571712,48.083364283,2,#fc8d62,car
77544,"9,17E+18",9,1,78,144,2017,4,18,4,3,5,7,1,1,0,0,0,0,0,0,706998668.0,5379649094.0,11.804242147,48.535770359,1,#66c2a5,bicycle
77547,"9,17E+18",9,1,78,124,2017,4,17,4,3,0,1,0,1,0,1,0,0,0,0,704359127.0,5362587.9032,11.760196965,48.383323865,2,#fc8d62,car
77550,"9,17E+18",9,1,77,117,2017,4,9,4,3,2,6,0,1,0,0,0,1,0,0,715139.3529,5355199.0105,11.901836768,48.313350673,2,#fc8d62,car
77554,"9,17E+18",9,1,62,0,2017,4,14,3,3,2,6,0,1,0,0,0,0,0,0,689027.0845,5329516.2802,11.538576992,48.090858974,2,#fc8d62,car
77557,"9,17E+18",9,7,62,0,2017,3,12,6,3,2,6,0,1,0,0,0,1,0,0,622671.4898,5306484.4484,10.641340592,47.899953544,2,#fc8d62,car
77558,"9,17E+18",9,7,77,130,2017,3,15,6,3,2,6,0,1,0,0,0,0,0,0,624606.3318,5309022.5831,10.667951008,47.922407404,2,#fc8d62,car
77559,"9,17E+18",9,1,62,0,2017,4,7,3,2,3,2,0,1,0,1,0,0,0,0,693095.0558,5338829.5717,11.59737185,48.173345055,2,#fc8d62,car
77561,"9,17E+18",9,1,84,135,2017,4,19,3,2,0,1,0,0,0,1,0,0,1,1,692106.0536,5344740.9593,11.586757822,48.226774552,4,#e78ac3,marker
77563,"9,17E+18",9,1,62,0,2017,4,16,3,3,5,2,1,1,0,0,0,0,0,1,688324.2397,5340190.1771,11.533867268,48.187005896,1,#66c2a5,bicycle
77567,"9,17E+18",9,7,72,147,2017,4,10,5,3,0,7,0,1,0,0,0,0,0,0,638467.3984,5364150.9781,10.871350321,48.415287035,2,#fc8d62,car
77576,"9,17E+18",9,7,61,0,2017,4,18,3,3,3,2,1,0,0,0,0,0,0,0,642820.6191,5359882.9801,10.928697216,48.375939896,1,#66c2a5,bicycle
77578,"9,17E+18",9,1,75,111,2017,4,18,4,3,5,3,1,1,0,0,0,0,0,0,712234.0083,5337201.9655,11.853686389,48.15261774,1,#66c2a5,bicycle
77579,"9,17E+18",9,1,62,0,2017,4,22,4,3,5,2,0,1,0,0,0,0,2,0,682476.3995,5335541.2514,11.453266889,48.146925055,2,#fc8d62,car
77581,"9,17E+18",9,1,73,126,2017,4,9,5,3,5,3,0,1,0,0,0,0,0,0,684648.5888,5303594.1493,11.46869378,47.859132943,2,#fc8d62,car
77604,"9,17E+18",9,1,84,144,2017,4,8,5,3,2,2,0,1,0,0,0,0,0,0,687531.3085,5319901.9005,11.514296939,48.004882696,2,#fc8d62,car
77619,"9,17E+18",9,1,84,138,2017,4,6,5,3,3,6,0,1,0,1,0,0,0,0,678468.3411,5331227.2862,11.397624205,48.10928355,2,#fc8d62,car
77622,"9,17E+18",9,2,74,132,2017,4,17,3,3,2,6,0,1,0,0,0,0,0,0,726035.3966,5385637.7719,12.065019278,48.583002783,2,#fc8d62,car
77626,"9,17E+18",9,7,61,0,2017,4,14,3,3,8,1,0,0,0,1,0,0,0,0,640235826.0,5360549221.0,10.894033618,48.382510268,4,#e78ac3,marker
77628,"9,17E+18",9,7,61,0,2017,4,7,3,3,2,6,0,1,0,0,0,1,0,0,639790.2401,5364066.8031,10.889190063,48.41423809,2,#fc8d62,car
77640,"9,17E+18",9,1,84,141,2017,4,13,3,3,2,6,0,1,0,0,0,1,0,0,700354.9198,5317163.2613,11.684760337,47.97637977,2,#fc8d62,car
77641,"9,17E+18",9,1,63,0,2017,4,9,3,3,0,1,1,0,0,0,0,0,0,0,732597.0875,5306917.4427,12.110662119,47.873427519,1,#66c2a5,bicycle
77644,"9,17E+18",9,1,86,143,2017,4,14,3,2,8,1,0,1,0,0,0,0,0,0,689818.7013,5378346.6033,11.571164645,48.529496405,2,#fc8d62,car
77651,"9,17E+18",9,1,81,122,2017,4,18,3,3,6,4,0,1,1,0,0,0,0,0,651400.1257,5330156.1631,11.033856258,48.106662863,2,#fc8d62,car
77654,"9,17E+18",9,1,75,127,2017,4,18,3,3,1,6,0,1,0,0,0,0,0,0,711651.1415,5341454.1784,11.847975976,48.191021483,2,#fc8d62,car
77656,"9,17E+18",9,1,78,120,2017,4,5,3,3,5,3,0,1,0,1,0,0,1,0,694782.5346,5352818.8895,11.626477569,48.298557398,2,#fc8d62,car
77657,"9,17E+18",9,1,78,133,2017,4,16,3,3,1,1,0,1,0,1,0,0,0,0,686694.3312,5366504.5417,11.523599462,48.424000774,2,#fc8d62,car
77658,"9,17E+18",9,1,77,135,2017,4,15,3,3,4,6,0,0,0,0,0,1,0,0,718632.5313,5345723.7992,11.943990803,48.227019525,6,#ffd92f,circle
77659,"9,17E+18",9,1,75,122,2017,4,5,3,2,5,3,0,1,0,0,0,0,2,1,719767661.0,5327273975.0,11.949733147,48.060855916,2,#fc8d62,car
77661,"9,17E+18",9,1,62,0,2017,4,9,2,3,4,2,0,1,0,0,0,0,0,0,689011707.0,5331959549.0,11.539452783,48.112824083,2,#fc8d62,car
77663,"9,17E+18",9,1,62,0,2017,4,18,2,3,1,6,0,1,0,0,0,0,0,0,682884637.0,5339609438.0,11.460499515,48.183375235,2,#fc8d62,car
77664,"9,17E+18",9,1,84,135,2017,4,19,2,3,5,3,0,1,0,1,0,0,0,0,689840.71,5347318542.0,11.557441283,48.250623426,2,#fc8d62,car
77666,"9,17E+18",9,1,62,0,2017,4,8,2,3,4,2,1,1,0,0,0,0,0,0,688069.94,5334992731.0,11.528151018,48.140365792,1,#66c2a5,bicycle
77667,"9,17E+18",9,1,62,0,2017,4,8,2,3,5,2,1,1,0,0,0,0,0,0,688512.9246,5334206096.0,11.533751721,48.1331643,1,#66c2a5,bicycle
77684,"9,17E+18",9,7,72,159,2017,4,17,4,3,1,6,0,1,0,0,0,0,0,0,629214.6448,5360340.7204,10.745191642,48.382989158,2,#fc8d62,car
77685,"9,17E+18",9,1,75,122,2017,4,16,5,3,2,6,0,1,0,0,0,1,0,0,720488.3638,5324456.8766,11.957942086,48.035295383,2,#fc8d62,car
77686,"9,17E+18",9,1,82,137,2017,4,17,5,3,1,6,0,1,0,0,0,0,0,0,709160171.0,5304749.32,11.796584722,47.862004015,2,#fc8d62,car
77693,"9,17E+18",9,7,72,147,2017,4,18,4,3,2,6,0,1,0,0,0,0,0,0,639090.3815,5364063.7057,10.879736132,48.414365104,2,#fc8d62,car
77694,"9,17E+18",9,1,78,143,2017,4,15,5,3,2,6,0,1,0,0,0,0,0,0,719071.3121,5373020.6174,11.96409247,48.472120339,2,#fc8d62,car
77710,"9,17E+18",9,7,72,223,2017,4,11,2,2,8,7,1,0,0,0,0,0,0,0,616081.3153,5363494.2168,10.568755947,48.413902713,1,#66c2a5,bicycle
77712,"9,17E+18",9,7,72,147,2017,4,17,2,2,2,6,0,1,0,0,0,1,0,0,639703.6178,5365239.9185,10.888410859,48.424805527,2,#fc8d62,car
77714,"9,17E+18",9,7,72,184,2017,4,7,2,3,2,6,0,1,0,0,0,0,0,0,633755.9943,5359053.9633,10.806087161,48.370471938,2,#fc8d62,car