OBJECTID,UIDENTSTLA,ULAND,UREGBEZ,UKREIS,UGEMEINDE,UJAHR,UMONAT,USTUNDE,UWOCHENTAG,UKATEGORIE,UART,UTYP1,IstRad,IstPKW,IstFuss,IstKrad,IstGkfz,IstSonstig,ULICHTVERH,STRZUSTAND,LINREFX,LINREFY,XGCSWGS84,YGCSWGS84,Teilnehmer,color,symbol
77715,"9,17E+18",9,7,71,142,2017,4,5,2,3,4,1,0,1,0,0,0,1,1,0,645796.5276,5350751.1065,10.965700585,48.293151433,2,#fc8d62,car
77717,"9,17E+18",9,7,71,112,2017,4,16,2,3,1,6,1,0,0,0,0,1,0,0,643163.3782,5367137636.0,10.935798218,48.441091812,1,#66c2a5,bicycle
77726,"9,17E+18",9,1,62,0,2017,4,16,5,3,5,2,0,1,0,0,0,0,0,0,693274996.0,5331426459.0,11.596430044,48.106753358,2,#fc8d62,car
77733,"9,17E+18",9,1,62,0,2017,4,16,6,3,3,6,0,1,0,0,0,0,0,0,700414.6858,5335551.0566,11.694174948,48.141615264,2,#fc8d62,car
77739,"9,17E+18",9,7,71,113,2017,4,12,3,3,5,3,1,1,0,0,0,0,0,0,657679.2712,5369708.1274,11.132909426,48.460733175,1,#66c2a5,bicycle
77743,"9,17E+18",9,1,62,0,2017,4,13,4,2,3,2,1,1,0,0,0,0,0,0,699224.2939,5333034.4198,11.677014075,48.119371716,1,#66c2a5,bicycle
77746,"9,17E+18",9,2,61,0,2017,4,22,2,2,8,1,0,1,0,0,0,0,2,1,725734.3781,5378088.4773,12.056852181,48.515292289,2,#fc8d62,car
77748,"9,17E+18",9,1,84,132,2017,4,18,2,2,8,1,0,1,0,0,0,0,0,1,681508.6976,5323613.2883,11.435198193,48.039982795,2,#fc8d62,car
77752,"9,17E+18",9,1,82,136,2017,4,18,2,3,5,3,0,1,0,0,0,0,0,1,703484241.0,5302469.9071,11.719711968,47.843340971,2,#fc8d62,car
77757,"9,17E+18",9,1,85,166,2017,4,19,2,2,4,2,0,1,0,0,0,0,0,1,674381298.0,5383571662.0,11.364441533,48.580941525,2,#fc8d62,car
77759,"9,17E+18",9,1,62,0,2017,4,21,1,2,6,4,0,1,1,0,0,0,2,1,688513.2111,5334843.9078,11.534037827,48.138896973,2,#fc8d62,car
77761,"9,17E+18",9,1,62,0,2017,4,14,1,3,0,7,1,0,0,0,0,0,0,1,687832.1571,5343375.7871,11.528662784,48.215784177,1,#66c2a5,bicycle
77779,"9,17E+18",9,7,62,0,2017,4,12,1,2,4,1,0,1,0,0,0,0,0,1,623964.3575,5305202.9426,10.658263543,47.888179702,2,#fc8d62,car
77786,"9,17E+18",9,7,71,130,2017,4,21,1,3,8,6,0,1,0,0,0,0,2,1,644932.2327,5363012.0883,10.958275568,48.403593228,2,#fc8d62,car
77789,"9,17E+18",9,7,72,121,2017,4,17,1,3,8,1,0,1,0,0,0,0,0,1,629949.7909,5372445.4871,10.758870341,48.491687411,2,#fc8d62,car
77801,"9,17E+18",9,1,78,143,2017,4,19,5,2,0,7,0,0,0,0,0,1,1,0,713306.0312,5372121.8794,11.885732838,48.4660267,6,#ffd92f,circle
77802,"9,17E+18",9,7,71,146,2017,4,17,1,2,0,3,0,1,0,0,0,0,0,1,645921.0834,5345729.8988,10.965645964,48.247974757,2,#fc8d62,car
77839,"9,17E+18",9,2,61,0,2017,4,12,2,3,6,4,0,1,1,0,0,0,0,0,732132.2256,5379972.3753,12.144404998,48.529883166,2,#fc8d62,car
77841,"9,17E+18",9,1,84,132,2017,4,5,2,2,9,7,0,1,0,0,0,0,0,0,681555.8444,5323633.2584,11.43583861,48.040148901,2,#fc8d62,car
77842,"9,17E+18",9,1,73,134,2017,4,14,2,3,5,3,0,1,0,0,0,0,0,0,685476.8097,5300547.8437,11.478450515,47.83151117,2,#fc8d62,car
77851,"9,17E+18",9,1,87,179,2017,4,16,4,3,1,6,0,1,0,0,0,1,0,0,723315.6568,5308874.5288,11.98772593,47.894306281,2,#fc8d62,car
77857,"9,17E+18",9,1,87,159,2017,4,13,1,3,8,1,0,1,0,0,0,0,0,1,731479.6878,5329567.6259,12.107940703,48.077321019,2,#fc8d62,car
77860,"9,17E+18",9,7,72,147,2017,4,12,4,3,3,6,1,1,0,0,0,0,0,0,638955.5742,5365238.8863,10.878304682,48.424961703,1,#66c2a5,bicycle
77861,"9,17E+18",9,1,62,0,2017,4,19,4,3,3,2,1,0,0,0,0,1,1,0,692051.2461,5331461.0711,11.580023271,48.107434552,1,#66c2a5,bicycle
77865,"9,17E+18",9,1,86,143,2017,4,18,1,3,8,1,0,1,0,0,0,0,0,1,682743528.0,5379809511.0,11.476065322,48.544744683,2,#fc8d62,car
77866,"9,17E+18",9,1,79,123,2017,4,12,1,3,5,2,0,1,0,0,0,0,0,1,677442.6334,5331966.7338,11.384164431,48.116217168,2,#fc8d62,car
77868,"9,17E+18",9,1,74,126,2017,4,18,1,3,1,3,0,1,0,0,0,0,0,1,683072.1038,5344478167.0,11.465119623,48.227083983,2,#fc8d62,car
77870,"9,17E+18",9,1,82,120,2017,4,11,2,3,2,6,0,1,0,0,0,0,0,0,703173.0911,5309384.9506,11.718809538,47.905586633,2,#fc8d62,car
77874,"9,17E+18",9,1,84,130,2017,4,4,1,2,0,7,0,1,0,0,0,0,2,1,697467.1993,5342391.4018,11.657773617,48.204012637,2,#fc8d62,car
77876,"9,17E+18",9,1,78,124,2017,4,13,1,3,9,6,0,1,0,0,0,0,0,0,702389.7309,5359618.6615,11.7321999,48.357276001,2,#fc8d62,car
77878,"9,17E+18",9,1,78,120,2017,4,18,1,3,3,6,0,1,0,0,0,0,0,1,695170.9433,5352773.1451,11.631688052,48.298026607,2,#fc8d62,car
77879,"9,17E+18",9,1,82,120,2017,4,11,2,3,6,7,1,0,1,0,0,0,0,0,701920.6045,5306261.7336,11.700607548,47.877912635,1,#66c2a5,bicycle
77881,"9,17E+18",9,1,84,145,2017,4,14,7,3,2,6,0,1,0,0,0,0,0,1,698202.9372,5324438.8328,11.659317948,48.042438956,2,#fc8d62,car
77884,"9,17E+18",9,1,88,127,2017,4,9,7,2,2,6,0,1,0,0,0,0,0,0,679537.4117,5329569.9895,11.411276211,48.094085595,2,#fc8d62,car
77886,"9,17E+18",9,1,86,151,2017,4,9,2,3,9,1,0,1,0,0,0,0,0,0,678483.4165,5373842.9438,11.415844632,48.492341551,2,#fc8d62,car
77890,"9,17E+18",9,1,84,132,2017,4,12,7,3,2,6,0,1,0,0,0,0,0,0,683126.3724,5328836.7507,11.45911771,48.086473548,2,#fc8d62,car
77893,"9,17E+18",9,1,75,115,2017,4,21,4,3,8,1,0,1,0,0,0,0,2,0,718751785.0,5334938.6,11.940043584,48.130073121,2,#fc8d62,car
77897,"9,17E+18",9,1,86,162,2017,4,17,2,3,5,3,0,1,0,0,0,0,0,0,694050.5043,5385783.4973,11.631891331,48.595036469,2,#fc8d62,car
77904,"9,17E+18",9,1,62,0,2017,4,19,7,3,5,3,1,1,0,0,0,0,0,0,692069.4391,5340534.4263,11.584361202,48.188978621,1,#66c2a5,bicycle
77905,"9,17E+18",9,1,62,0,2017,4,18,7,3,5,2,0,1,0,0,0,1,0,1,686254.6022,5331784.8049,11.502370504,48.112065675,2,#fc8d62,car
77906,"9,17E+18",9,1,84,142,2017,4,12,7,2,5,3,1,1,0,0,0,0,0,0,682989627.0,5318282509.0,11.452773093,47.991642249,1,#66c2a5,bicycle
77908,"9,17E+18",9,1,88,145,2017,4,18,2,2,0,7,1,0,0,0,0,0,0,1,664199.6783,5325443.8063,11.203862723,48.061126285,1,#66c2a5,bicycle
77910,"9,17E+18",9,1,88,132,2017,4,11,2,2,5,2,0,1,0,1,0,0,0,0,664454.5091,5322052.7325,11.205977542,48.030573423,2,#fc8d62,car
77912,"9,17E+18",9,1,88,124,2017,4,10,2,2,5,2,0,0,0,1,0,1,0,0,661878.7943,5316211.9308,11.169249047,47.978718463,4,#e78ac3,marker
77914,"9,17E+18",9,1,88,120,2017,4,11,2,3,0,5,1,1,0,0,0,0,0,0,678370.9128,5327661.4386,11.394826779,48.077256841,1,#66c2a5,bicycle
77915,"9,17E+18",9,1,74,115,2017,4,19,2,3,3,2,0,1,0,1,0,0,0,0,681107.5776,5347364.9262,11.439926092,48.253595956,2,#fc8d62,car
77917,"9,17E+18",9,1,75,132,2017,4,18,2,3,0,7,1,0,0,0,0,0,0,0,706226.9122,5331030.6055,11.770028811,48.099135211,1,#66c2a5,bicycle
77918,"9,17E+18",9,1,78,157,2017,4,17,2,3,7,7,0,0,0,1,0,0,0,0,698930.1174,5370981.1627,11.690935865,48.460485885,4,#e78ac3,marker
77920,"9,17E+18",9,1,88,120,2017,4,12,1,3,5,3,1,0,0,0,0,0,0,0,678643.2326,5328253.7788,11.398727316,48.082505255,1,#66c2a5,bicycle
77921,"9,17E+18",9,1,62,0,2017,4,20,1,3,2,6,0,1,0,0,0,0,2,0,688897.6941,5340109.3697,11.541539191,48.186109335,2,#fc8d62,car
77922,"9,17E+18",9,1,62,0,2017,4,19,1,3,1,5,0,1,0,0,0,1,1,0,701576.8412,5332251.3466,11.708219154,48.111593923,2,#fc8d62,car
77935,"9,17E+18",9,7,71,129,2017,4,4,7,2,8,1,0,1,0,0,0,0,2,0,657906.3885,5356240572.0,11.130914122,48.339598666,2,#fc8d62,car
77939,"9,17E+18",9,7,73,182,2017,4,1,1,1,9,1,0,1,0,0,0,0,2,0,626535125.0,5380247.7388,10.715042753,48.562544646,2,#fc8d62,car
77941,"9,17E+18",9,7,61,0,2017,4,20,1,3,2,6,0,1,0,0,0,0,2,0,638435.6565,5356733.8172,10.868478214,48.348600452,2,#fc8d62,car
77942,"9,17E+18",9,7,61,0,2017,4,18,7,3,2,6,0,1,0,0,0,0,0,0,640446.5857,5360316.0373,10.896800602,48.380366675,2,#fc8d62,car
77944,"9,17E+18",9,7,72,159,2017,4,15,1,2,2,6,1,1,0,0,0,0,0,0,626728.9811,5361908.1715,10.712108562,48.3975888,1,#66c2a5,bicycle
77947,"9,17E+18",9,7,72,177,2017,4,15,1,2,5,3,0,1,0,1,0,0,0,0,637404.9821,5379957.9301,10.862197987,48.557650624,2,#fc8d62,car
77948,"9,17E+18",9,1,84,123,2017,4,16,3,3,2,6,0,1,0,0,0,0,0,0,703764.9858,5334538.1686,11.7386756,48.131448703,2,#fc8d62,car
77949,"9,17E+18",9,1,87,117,2017,4,11,4,3,4,7,0,0,0,0,0,1,0,0,725609.0355,5300820.1034,12.014163896,47.82113582,6,#ffd92f,circle
77950,"9,17E+18",9,2,61,0,2017,4,12,4,3,2,6,0,1,0,0,0,1,0,0,737582.7577,5381133.0617,12.218778063,48.538269651,2,#fc8d62,car
77953,"9,17E+18",9,7,72,117,2017,4,16,4,3,1,6,0,1,0,1,0,0,0,0,631037.1367,5362707.0194,10.770532667,48.40389162,2,#fc8d62,car
77994,"9,17E+18",9,1,74,141,2017,4,14,4,3,5,2,1,1,0,0,0,0,0,0,680495.4524,5356398.2241,11.435548021,48.334967279,1,#66c2a5,bicycle
78034,"9,17E+18",9,7,62,0,2017,4,18,3,2,0,1,1,0,0,0,0,0,0,0,621437669.0,5304318.3528,10.624229588,47.880706986,1,#66c2a5,bicycle
78035,"9,17E+18",9,1,84,130,2017,4,0,3,3,4,6,0,1,0,0,0,1,2,0,700833298.0,5348064.2905,11.705715094,48.253937891,2,#fc8d62,car
78039,"9,17E+18",9,1,75,128,2017,4,14,4,1,2,6,1,1,0,0,0,0,0,0,713323709.0,5324648.3866,11.862046999,48.039449586,1,#66c2a5,bicycle
78040,"9,17E+18",9,1,87,177,2017,4,8,4,3,0,7,0,1,0,1,0,0,0,0,735676.8753,5305405.5666,12.150961848,47.858722585,2,#fc8d62,car
78053,"9,17E+18",9,1,63,0,2017,4,11,7,3,3,6,1,0,0,0,0,1,0,0,732725456.0,5305585033.0,12.111658972,47.861410508,1,#66c2a5,bicycle
78056,"9,17E+18",9,1,82,120,2017,4,18,7,3,3,2,1,1,0,0,0,0,0,0,701686.0193,5305758.8575,11.697238923,47.873466805,1,#66c2a5,bicycle
78058,"9,17E+18",9,1,73,120,2017,4,13,1,3,0,1,1,0,0,0,0,0,0,0,683610.2754,5310355.0994,11.457700557,47.920205225,1,#66c2a5,bicycle
78059,"9,17E+18",9,1,90,157,2017,4,18,1,3,2,6,0,1,0,0,0,0,0,0,660905.6533,5301597.4624,11.15076376,47.847565816,2,#fc8d62,car
78060,"9,17E+18",9,1,90,140,2017,4,12,1,2,8,1,0,0,0,1,0,0,0,0,647187.8085,5301664.0089,10.967542253,47.851452094,4,#e78ac3,marker
78071,"9,17E+18",9,1,87,124,2017,4,13,1,3,5,3,0,1,0,0,0,0,0,0,733019.1267,5329592.9673,12.128591821,48.076988096,2,#fc8d62,car
78072,"9,17E+18",9,1,63,0,2017,4,16,1,3,1,2,1,1,0,0,0,0,0,0,729575.0036,5300761428.0,12.067040844,47.819205995,1,#66c2a5,bicycle
78075,"9,17E+18",9,1,62,0,2017,4,8,3,3,2,6,0,1,0,0,0,0,0,0,691573.6825,5331536138.0,11.573648092,48.108253046,2,#fc8d62,car
78076,"9,17E+18",9,1,88,121,2017,4,17,4,3,2,6,0,1,0,0,0,0,0,0,672414.7111,5329162.6153,11.315532976,48.09239029,2,#fc8d62,car
78077,"9,17E+18",9,1,82,137,2017,4,18,1,3,0,7,0,0,0,1,0,0,0,0,709148.7317,5304799.4386,11.796456203,47.862458138,4,#e78ac3,marker
78084,"9,17E+18",9,1,62,0,2017,4,18,3,3,3,6,0,1,0,0,0,0,0,0,700256011.0,5332873891.0,11.690786246,48.117605413,2,#fc8d62,car
78085,"9,17E+18",9,1,81,115,2017,4,18,4,3,2,6,0,1,0,0,0,0,0,0,657341.1921,5326995.9656,11.112446702,48.076810012,2,#fc8d62,car
78088,"9,17E+18",9,1,87,129,2017,4,10,5,2,2,6,0,1,0,0,0,0,0,0,725550.2359,5300735.1491,12.013335237,47.820393117,2,#fc8d62,car
78089,"9,17E+18",9,1,86,151,2017,4,9,7,2,5,3,0,1,0,0,0,0,0,0,680727.25,5374997779.0,11.446686897,48.502080229,2,#fc8d62,car
78091,"9,17E+18",9,1,74,113,2017,4,16,7,3,2,6,0,1,0,0,0,0,0,0,671140.8715,5347191.0303,11.305698047,48.254802649,2,#fc8d62,car
78093,"9,17E+18",9,1,81,146,2017,4,12,7,3,3,6,0,1,0,0,0,0,0,0,651219.0259,5326125.1125,11.029997558,48.070461135,2,#fc8d62,car
78095,"9,17E+18",9,1,88,113,2017,4,14,1,3,0,7,1,0,0,0,0,0,0,0,678168.5694,5314104.6381,11.386478907,47.955446866,1,#66c2a5,bicycle
78096,"9,17E+18",9,1,74,111,2017,4,14,7,3,8,1,0,0,0,1,0,0,0,1,667437.2804,5358909.1539,11.260491802,48.361134519,4,#e78ac3,marker
78097,"9,17E+18",9,1,88,139,2017,4,16,1,3,5,3,1,1,0,0,0,0,0,0,667804.4971,5317048.7575,11.248920845,47.984715181,1,#66c2a5,bicycle
78098,"9,17E+18",9,1,88,120,2017,4,16,1,2,2,6,0,1,0,1,0,0,0,0,676701.8573,5323306.4895,11.370638945,48.038573242,2,#fc8d62,car
78099,"9,17E+18",9,1,75,139,2017,4,13,7,2,5,3,0,1,0,0,0,0,0,0,710111.5737,5330698.3915,11.821978861,48.094880924,2,#fc8d62,car
78100,"9,17E+18",9,1,79,119,2017,4,15,1,3,0,7,1,0,0,0,0,0,0,0,671094.4463,5339048.5179,11.301787791,48.181617542,1,#66c2a5,bicycle
78101,"9,17E+18",9,1,74,115,2017,4,15,1,3,3,6,0,1,0,1,0,0,0,0,683287.1974,5348534.42,11.469768894,48.263481255,2,#fc8d62,car
78102,"9,17E+18",9,1,62,0,2017,4,7,1,3,2,6,0,1,0,0,0,0,0,0,695364.1502,5344455.5755,11.630449815,48.223214735,2,#fc8d62,car
78103,"9,17E+18",9,1,75,132,2017,4,9,1,3,4,6,1,0,0,0,0,0,0,0,707261805.0,5336517734.0,11.786580282,48.148108717,1,#66c2a5,bicycle
78104,"9,17E+18",9,1,78,157,2017,4,15,1,3,5,3,0,1,0,0,0,0,0,0,704468.5796,5370199.5877,11.76538351,48.451687416,2,#fc8d62,car
78105,"9,17E+18",9,1,77,144,2017,4,17,1,3,4,6,0,1,0,0,0,0,0,0,714467.1592,5345917.1236,11.888074604,48.230178425,2,#fc8d62,car
78106,"9,17E+18",9,1,75,122,2017,4,14,7,3,2,6,0,1,0,0,0,0,0,0,719723.0105,5327271.6182,11.949133458,48.060850115,2,#fc8d62,car
78107,"9,17E+18",9,1,62,0,2017,4,14,7,3,0,3,0,1,0,1,0,0,0,0,693514.9085,5331532.2004,11.599697519,48.107630902,2,#fc8d62,car
78108,"9,17E+18",9,1,84,136,2017,4,20,7,3,5,3,1,1,0,0,0,0,2,0,698611.3902,5326266.7944,11.665640389,48.058740584,1,#66c2a5,bicycle
78109,"9,17E+18",9,1,62,0,2017,4,15,7,2,0,7,1,0,0,0,0,0,0,0,696818.4303,5333697.5266,11.645028128,48.126079495,1,#66c2a5,bicycle
78110,"9,17E+18",9,1,62,0,2017,4,11,6,3,1,6,0,1,0,0,0,0,0,0,688731.6731,5338431.2598,11.5385625,48.171075722,2,#fc8d62,car
78112,"9,17E+18",9,1,62,0,2017,4,16,6,3,6,7,0,1,1,0,0,0,0,0,702048.6077,5332175.1469,11.714513957,48.11075965,2,#fc8d62,car
78113,"9,17E+18",9,1,84,148,2017,4,13,7,3,4,2,0,1,0,0,0,0,0,0,693355.2345,5328846.7266,11.596338462,48.083542928,2,#fc8d62,car
78124,"9,17E+18",9,7,73,182,2017,4,21,6,2,0,7,0,0,0,1,0,0,2,0,626126.7033,5380066.7172,10.709454754,48.560999153,4,#e78ac3,marker
78129,"9,17E+18",9,1,82,120,2017,4,18,6,3,3,2,1,1,0,0,0,0,0,0,701063.2675,5307217.6672,11.689599109,47.886773047,1,#66c2a5,bicycle
78132,"9,17E+18",9,7,62,0,2017,4,17,7,3,1,6,0,1,0,1,0,0,0,0,623186.1576,5306270.5898,10.648162827,47.897931563,2,#fc8d62,car
78136,"9,17E+18",9,7,77,112,2017,4,2,3,3,9,1,0,1,0,0,0,0,2,0,622674.9422,5299997.0337,10.639544925,47.841607034,2,#fc8d62,car
78137,"9,17E+18",9,1,75,122,2017,4,17,4,3,2,6,0,1,0,0,0,1,0,0,723630.6683,5325115.1603,12.000381638,48.040117435,2,#fc8d62,car
78138,"9,17E+18",9,1,87,165,2017,4,18,4,3,2,6,0,1,0,0,0,0,0,0,733137.5322,5299664.6414,12.113973107,47.808071567,2,#fc8d62,car
78139,"9,17E+18",9,1,62,0,2017,4,8,4,3,5,3,1,1,0,0,0,0,0,0,688646.4743,5328898.1153,11.533197651,48.085415519,1,#66c2a5,bicycle
78142,"9,17E+18",9,7,71,122,2017,4,12,6,3,9,7,0,1,0,0,0,0,0,0,653359.9005,5361758.2807,11.071614149,48.390326829,2,#fc8d62,car
78143,"9,17E+18",9,7,61,0,2017,4,12,7,3,9,1,0,1,0,0,0,0,0,0,639840.3553,5364050.6475,10.889861574,48.414081705,2,#fc8d62,car
78144,"9,17E+18",9,7,71,130,2017,4,18,6,3,0,7,1,0,0,0,0,0,0,0,649456648.0,5356172486.0,11.016937983,48.341041858,1,#66c2a5,bicycle
78145,"9,17E+18",9,7,72,147,2017,4,14,7,3,2,6,0,1,0,0,0,1,0,0,638642.5976,5363617.9608,10.873540629,48.410455768,2,#fc8d62,car
78146,"9,17E+18",9,7,71,146,2017,4,16,6,3,0,1,1,0,0,0,0,0,0,0,646536.3515,5349151.7272,10.975114345,48.278599922,1,#66c2a5,bicycle
78147,"9,17E+18",9,7,72,223,2017,4,15,7,2,9,1,0,0,0,1,0,0,0,0,618356779.0,5363094775.0,10.599382177,48.409887235,4,#e78ac3,marker
78148,"9,17E+18",9,7,72,200,2017,4,19,7,2,9,1,0,1,0,0,0,0,0,0,624429.7541,5341296.1953,10.674982282,48.212686468,2,#fc8d62,car
78149,"9,17E+18",9,7,72,125,2017,4,16,6,3,5,2,1,1,0,0,0,0,0,0,633167493.0,5347856321.0,10.794608342,48.26990432,1,#66c2a5,bicycle
78150,"9,17E+18",9,7,61,0,2017,4,22,7,2,5,3,0,1,0,0,0,0,2,0,644940.1812,5355739.8474,10.95587627,48.338204145,2,#fc8d62,car
78151,"9,17E+18",9,7,61,0,2017,4,10,7,3,5,3,1,1,0,0,0,0,0,0,638681.2872,5356624.6823,10.871755727,48.347565243,1,#66c2a5,bicycle
78182,"9,17E+18",9,1,90,158,2017,4,14,6,2,8,1,1,0,0,0,0,0,0,0,652434.7013,5303049.2527,11.038123628,47.862684733,1,#66c2a5,bicycle
78189,"9,17E+18",9,1,84,119,2017,4,18,3,3,2,6,0,1,0,0,0,1,0,0,693256594.0,5347237213.0,11.60337238,48.248860229,2,#fc8d62,car
78192,"9,17E+18",9,1,74,126,2017,4,15,5,3,1,6,0,1,0,0,0,0,0,0,683116.9875,5344438.7875,11.465706401,48.226717066,2,#fc8d62,car
78193,"9,17E+18",9,1,87,129,2017,4,16,5,3,1,6,0,1,0,0,0,0,0,0,726405.8731,5300574.5184,12.024666149,47.818649394,2,#fc8d62,car
78195,"9,17E+18",9,7,71,142,2017,4,19,3,3,4,2,0,1,0,0,0,0,0,0,647154.3193,5351093187.0,10.984114862,48.295912918,2,#fc8d62,car
78196,"9,17E+18",9,1,84,119,2017,4,7,3,3,4,2,0,1,0,0,0,0,0,0,697582.4319,5349509.6356,11.662642464,48.267949081,2,#fc8d62,car
78234,"9,17E+18",9,1,88,139,2017,4,13,5,3,8,7,1,0,0,0,0,0,0,1,675751.2962,5319064.7458,11.356158293,48.000704288,1,#66c2a5,bicycle
78235,"9,17E+18",9,1,88,141,2017,4,10,5,3,8,1,0,1,0,0,0,0,0,1,669405.1955,5311770.5353,11.26827684,47.936841114,2,#fc8d62,car
78236,"9,17E+18",9,1,62,0,2017,4,7,4,3,2,6,0,1,0,0,0,1,0,1,690374.6189,5331957.1496,11.557744162,48.112396595,2,#fc8d62,car
78237,"9,17E+18",9,1,62,0,2017,4,7,4,3,2,6,0,0,0,0,0,1,0,1,690379.0011,5331957.8331,11.557803282,48.112401428,6,#ffd92f,circle
78277,"9,17E+18",9,2,61,0,2017,4,7,4,3,4,2,0,1,0,0,0,0,0,0,732076.7591,5379944.7062,12.143639441,48.529655127,2,#fc8d62,car
78278,"9,17E+18",9,2,74,126,2017,4,11,4,3,5,3,0,1,0,1,0,0,0,0,733405.2867,5383795.5862,12.163764346,48.563753556,2,#fc8d62,car
78280,"9,17E+18",9,1,73,120,2017,4,9,4,3,2,6,0,1,0,0,0,0,0,1,691967.0056,5312958.3056,11.570605064,47.94115609,2,#fc8d62,car
78282,"9,17E+18",9,1,90,159,2017,4,13,4,2,5,3,0,1,0,0,0,0,0,1,663274.9867,5305805.3193,11.183999599,47.884800582,2,#fc8d62,car
78283,"9,17E+18",9,1,73,147,2017,4,15,5,2,1,5,0,1,0,0,0,0,0,0,681528.7898,5309540285.0,11.429521944,47.913473367,2,#fc8d62,car
78292,"9,17E+18",9,1,86,152,2017,4,15,4,3,5,3,0,1,0,0,0,1,0,0,691077.1225,5375734.8813,11.586996192,48.505642561,2,#fc8d62,car
78295,"9,17E+18",9,1,79,145,2017,4,14,4,3,5,3,1,1,0,0,0,0,0,1,675917436.0,5338610657.0,11.366435096,48.176364439,1,#66c2a5,bicycle
78296,"9,17E+18",9,1,74,146,2017,4,3,4,3,8,1,0,1,0,0,0,0,2,0,668252.8413,5348205.0113,11.267224161,48.264691427,2,#fc8d62,car
78297,"9,17E+18",9,1,84,112,2017,4,17,4,3,2,6,0,1,0,0,0,0,0,0,703212.2954,5339274.6102,11.733517503,48.174190393,2,#fc8d62,car
78298,"9,17E+18",9,1,77,126,2017,4,16,4,3,5,3,0,1,0,0,0,0,0,0,719519.2197,5369767.0225,11.968438122,48.442732674,2,#fc8d62,car
78299,"9,17E+18",9,1,84,145,2017,4,7,3,2,4,2,0,1,0,0,0,1,0,1,694328.6363,5323228.5036,11.606843005,48.03275172,2,#fc8d62,car
78300,"9,17E+18",9,1,84,140,2017,4,8,3,3,2,2,0,1,0,0,0,0,0,1,702137.9873,5328054.1951,11.713762603,48.073696581,2,#fc8d62,car
78301,"9,17E+18",9,1,62,0,2017,4,10,3,3,2,7,0,1,0,0,0,0,0,1,692097.8028,5340102.3887,11.584547071,48.185087008,2,#fc8d62,car
78302,"9,17E+18",9,1,62,0,2017,4,15,3,2,0,7,1,0,0,0,0,1,0,0,695489.1704,5333989.0868,11.627317586,48.129109467,1,#66c2a5,bicycle
78303,"9,17E+18",9,1,84,137,2017,4,7,3,3,2,6,0,1,0,0,0,0,0,1,706309.5115,5316867.2067,11.764315112,47.97182736,2,#fc8d62,car
78304,"9,17E+18",9,1,62,0,2017,4,19,3,3,4,2,0,1,0,0,0,0,1,1,697394641.0,5331321684.0,11.651663512,48.104548551,2,#fc8d62,car
78305,"9,17E+18",9,1,62,0,2017,4,16,3,3,2,6,0,1,0,0,0,0,0,0,694390.2525,5336598.4982,11.613755511,48.152898343,2,#fc8d62,car
78322,"9,17E+18",9,7,72,147,2017,4,18,3,3,2,6,0,1,0,0,0,0,0,1,636001682.0,5364420.49,10.838132207,48.418247468,2,#fc8d62,car
78323,"9,17E+18",9,7,61,0,2017,4,6,3,3,2,6,0,1,0,0,0,0,0,2,638398.9317,5356748.4305,10.867987614,48.348739901,2,#fc8d62,car
78324,"9,17E+18",9,7,72,147,2017,4,15,3,3,8,1,0,1,0,0,0,0,0,1,630622.3399,5364272.2201,10.765418123,48.418052411,2,#fc8d62,car
78325,"9,17E+18",9,7,72,131,2017,4,16,3,3,5,3,0,1,0,0,0,1,0,1,617852.1799,5356169.1956,10.590624199,48.347699259,2,#fc8d62,car
78326,"9,17E+18",9,7,61,0,2017,4,9,3,3,3,6,0,1,0,0,0,0,0,0,642415.5804,5359283.9324,10.923027733,48.370645089,2,#fc8d62,car
78327,"9,17E+18",9,7,61,0,2017,4,6,3,2,2,6,0,1,0,0,0,0,0,1,639750.7711,5360819.4614,10.887576018,48.385047826,2,#fc8d62,car
78370,"9,17E+18",9,2,74,126,2017,4,14,3,3,2,1,0,1,0,0,0,0,0,2,734267.4248,5386144.4348,12.176754643,48.584530465,2,#fc8d62,car
78372,"9,17E+18",9,2,74,126,2017,4,14,3,2,2,1,0,1,0,0,0,0,0,2,734027.5419,5386071.5134,12.173465894,48.583965092,2,#fc8d62,car
78373,"9,17E+18",9,2,74,126,2017,4,14,3,2,2,1,0,1,0,0,0,0,0,2,734027.5419,5386071.5134,12.173465894,48.583965092,2,#fc8d62,car
78375,"9,17E+18",9,2,74,126,2017,4,14,3,3,2,1,0,1,0,0,0,1,0,2,734076.1285,5386084.1043,12.174130775,48.584060041,2,#fc8d62,car
78383,"9,17E+18",9,2,74,126,2017,4,14,3,3,8,1,0,1,0,0,0,0,0,2,734028.8998,5386071.8653,12.173484476,48.583967746,2,#fc8d62,car
78384,"9,17E+18",9,2,74,126,2017,4,14,3,3,2,6,0,1,0,0,0,0,0,2,734027.8312,5386071.5884,12.173469853,48.583965657,2,#fc8d62,car
78386,"9,17E+18",9,2,74,154,2017,4,15,3,3,4,1,0,1,0,0,0,0,0,2,739338.0237,5366628.0256,12.234219475,48.407317655,2,#fc8d62,car
78388,"9,17E+18",9,2,61,0,2017,4,15,3,3,5,7,0,1,0,0,0,0,0,0,732771.5767,5378560.3321,12.152263864,48.51696243,2,#fc8d62,car