OBJECTID,UIDENTSTLA,ULAND,UREGBEZ,UKREIS,UGEMEINDE,UJAHR,UMONAT,USTUNDE,UWOCHENTAG,UKATEGORIE,UART,UTYP1,IstRad,IstPKW,IstFuss,IstKrad,IstGkfz,IstSonstig,ULICHTVERH,STRZUSTAND,LINREFX,LINREFY,XGCSWGS84,YGCSWGS84,Teilnehmer,color,symbol
78395,"9,17E+18",9,1,73,120,2017,4,12,3,3,5,3,0,1,0,0,0,0,0,1,685169372.0,5310547369.0,11.478632205,47.921485158,2,#fc8d62,car
78397,"9,17E+18",9,1,73,118,2017,4,17,3,2,8,1,0,1,0,0,0,0,0,1,693411.7501,5305354.3047,11.586521388,47.87237576,2,#fc8d62,car
78422,"9,17E+18",9,2,61,0,2017,4,10,6,2,5,3,0,1,0,0,0,1,0,0,726680.0392,5380087.9552,12.070725702,48.532913891,2,#fc8d62,car
78424,"9,17E+18",9,1,73,137,2017,4,9,6,3,2,6,0,1,0,0,0,0,0,0,679000.1299,5308840.8551,11.39541967,47.90789664,2,#fc8d62,car
78432,"9,17E+18",9,1,87,169,2017,4,21,3,3,2,6,0,1,0,0,0,0,2,1,735785273.0,5299449.1101,12.149166412,47.805171019,2,#fc8d62,car
78435,"9,17E+18",9,1,85,158,2017,4,12,3,3,2,6,0,1,0,0,0,0,0,1,665796.0462,5381675.7296,11.247373769,48.566229068,2,#fc8d62,car
78437,"9,17E+18",9,1,81,140,2017,4,16,3,3,2,6,0,1,0,0,0,1,0,2,642580768.0,5324465068.0,10.913551216,48.057523665,2,#fc8d62,car
78443,"9,17E+18",9,1,86,152,2017,4,8,6,2,0,1,1,0,0,0,0,0,0,0,691175024.0,5375639764.0,11.588276716,48.504757938,1,#66c2a5,bicycle
78445,"9,17E+18",9,1,74,146,2017,4,16,6,3,2,6,0,1,0,0,0,0,0,0,668461.2983,5349969.8109,11.270734037,48.280501023,2,#fc8d62,car
78446,"9,17E+18",9,1,74,113,2017,4,15,6,3,3,6,0,1,0,0,0,1,0,0,670364.3191,5348070.0985,11.295598629,48.262914316,2,#fc8d62,car
78447,"9,17E+18",9,1,62,0,2017,4,9,6,3,2,6,0,1,0,0,0,0,0,0,682549.5553,5342034.9649,11.457038459,48.205273701,2,#fc8d62,car
78448,"9,17E+18",9,1,74,146,2017,4,18,6,3,2,6,0,1,0,0,0,0,0,0,664655.9151,5351970.9131,11.220260822,48.299491953,2,#fc8d62,car
78449,"9,17E+18",9,1,88,141,2017,4,10,6,2,8,1,0,0,0,1,0,0,0,0,667067392.0,5306659678.0,11.235018736,47.891505937,4,#e78ac3,marker
78450,"9,17E+18",9,1,74,113,2017,4,15,6,3,3,6,0,1,0,0,0,1,0,0,674617.3327,5345126711.0,11.351642861,48.235297686,2,#fc8d62,car
78451,"9,17E+18",9,1,78,129,2017,4,2,6,3,9,7,0,1,0,0,0,0,2,0,710340.5841,5371369.3522,11.845288081,48.460263416,2,#fc8d62,car
78452,"9,17E+18",9,1,78,130,2017,4,8,6,3,2,1,0,1,0,0,0,1,0,0,702784.7364,5358725.8924,11.737095986,48.349126548,2,#fc8d62,car
78453,"9,17E+18",9,1,77,122,2017,4,8,6,3,2,6,0,1,0,0,0,0,0,0,727166.8713,5358291.7465,12.065497359,48.336930271,2,#fc8d62,car
78454,"9,17E+18",9,1,84,146,2017,4,22,5,3,5,3,0,1,0,0,0,0,2,0,697497.4686,5328367.9131,11.651677194,48.077969986,2,#fc8d62,car
78455,"9,17E+18",9,1,62,0,2017,4,14,5,3,2,6,0,1,0,0,0,0,0,0,692079453.0,5341612.7355,11.584983556,48.198667131,2,#fc8d62,car
78456,"9,17E+18",9,1,62,0,2017,4,9,5,3,3,6,0,1,0,0,0,1,0,0,691299.1232,5331123.4086,11.569778394,48.104625963,2,#fc8d62,car
78461,"9,17E+18",9,7,77,130,2017,4,5,5,3,3,6,0,1,0,0,0,0,2,0,626007.2436,5309801.0998,10.68692263,47.929135075,2,#fc8d62,car
78462,"9,17E+18",9,1,81,140,2017,4,16,3,3,2,6,0,1,0,0,0,0,0,2,642580768.0,5324465068.0,10.913551216,48.057523665,2,#fc8d62,car
78463,"9,17E+18",9,7,72,130,2017,4,12,5,3,9,7,0,1,0,0,0,0,0,0,630803.3475,5359378.5114,10.766338904,48.374009258,2,#fc8d62,car
78464,"9,17E+18",9,1,88,141,2017,4,14,3,2,4,6,0,1,0,0,0,0,0,2,665405.2073,5308854.3109,11.213640797,47.911667589,2,#fc8d62,car
78465,"9,17E+18",9,7,72,167,2017,4,10,5,3,4,6,0,1,0,0,0,0,0,0,623654.0645,5353157.6051,10.668013384,48.319507267,2,#fc8d62,car
78466,"9,17E+18",9,1,79,142,2017,4,8,3,3,8,1,0,0,0,0,0,1,0,1,673173.3754,5339346.0072,11.329853684,48.183728569,6,#ffd92f,circle
78471,"9,17E+18",9,1,88,120,2017,4,15,3,2,5,3,0,1,0,0,0,0,0,1,672565.0768,5323535.5078,11.315279546,48.041763473,2,#fc8d62,car
78473,"9,17E+18",9,7,72,171,2017,4,16,2,3,8,1,0,1,0,0,0,0,0,1,637454.4314,5372533.3927,10.860420332,48.490881252,2,#fc8d62,car
78474,"9,17E+18",9,1,79,138,2017,4,6,3,3,8,1,0,1,0,0,0,0,0,1,652522.0039,5339474.6754,11.05225631,48.190179688,2,#fc8d62,car
78475,"9,17E+18",9,1,74,131,2017,4,23,3,3,6,2,0,1,1,0,0,0,2,1,675867495.0,5359215.36,11.374332968,48.361595133,2,#fc8d62,car
78476,"9,17E+18",9,1,74,118,2017,4,7,3,3,0,1,0,1,0,0,0,0,0,1,668680.4612,5352956.4635,11.274878743,48.307291572,2,#fc8d62,car
78477,"9,17E+18",9,1,75,132,2017,4,14,3,3,2,6,0,1,0,0,0,0,0,1,705295.1866,5334721.1856,11.759305592,48.132601703,2,#fc8d62,car
78478,"9,17E+18",9,1,78,157,2017,4,17,3,3,4,1,0,1,0,0,0,0,0,0,704430.9074,5371589.6555,11.765553527,48.464190771,2,#fc8d62,car
78479,"9,17E+18",9,1,75,113,2017,4,22,3,3,9,1,0,1,0,0,0,0,2,2,716857.1061,5317375.0481,11.905713644,47.972904317,2,#fc8d62,car
78480,"9,17E+18",9,1,75,115,2017,4,17,3,3,4,1,0,1,0,0,0,0,0,2,721893.7919,5328928.3482,11.979088898,48.074984546,2,#fc8d62,car
78481,"9,17E+18",9,1,77,115,2017,4,14,3,3,5,3,0,1,0,0,0,0,0,1,730739.5251,5353140.9165,12.11081837,48.289364085,2,#fc8d62,car
78504,"9,17E+18",9,7,72,151,2017,4,17,2,3,5,3,0,1,0,1,0,0,0,1,631984638.0,5342380229.0,10.776968691,48.220908368,2,#fc8d62,car
78507,"9,17E+18",9,1,63,0,2017,4,11,5,3,5,3,1,1,0,0,0,0,0,0,733770.8155,5303299.1101,12.124379516,47.840494286,1,#66c2a5,bicycle
78514,"9,17E+18",9,1,79,134,2017,4,18,2,3,0,1,1,0,0,0,0,0,0,0,668145.2583,5342915.0118,11.263675426,48.217164103,1,#66c2a5,bicycle
78515,"9,17E+18",9,1,79,136,2017,4,19,2,3,1,6,0,1,0,0,0,0,1,0,660601.6658,5341671.7641,11.161725005,48.207940937,2,#fc8d62,car
78516,"9,17E+18",9,1,79,119,2017,4,13,2,3,5,3,1,0,0,0,0,0,0,0,670954.7919,5339027.8319,11.299902225,48.181469175,1,#66c2a5,bicycle
78531,"9,17E+18",9,2,74,113,2017,4,14,4,3,2,6,0,1,0,0,0,0,0,1,730117.8151,5384426.9772,12.11962178,48.570640412,2,#fc8d62,car
78541,"9,17E+18",9,1,82,123,2017,4,13,4,3,2,6,0,0,0,0,0,1,0,1,715475.9552,5301956.0786,11.879530597,47.834816951,6,#ffd92f,circle
78544,"9,17E+18",9,1,87,181,2017,4,12,4,3,8,1,0,1,0,0,0,0,0,1,737565.6458,5312733.4518,12.180206401,47.923857252,2,#fc8d62,car
78545,"9,17E+18",9,1,87,179,2017,4,10,4,3,2,6,0,1,0,0,0,0,0,0,721706.9292,5315674.8796,11.969731475,47.955966636,2,#fc8d62,car
78550,"9,17E+18",9,1,79,113,2017,4,17,4,3,4,6,0,1,0,0,0,0,0,1,672294.4726,5335718.8308,11.316569415,48.151360832,2,#fc8d62,car
78551,"9,17E+18",9,1,84,135,2017,4,23,4,3,2,6,0,1,0,0,0,0,2,1,692430.6069,5344985.6876,11.591234487,48.228875711,2,#fc8d62,car
78552,"9,17E+18",9,1,77,126,2017,4,17,4,3,5,3,0,1,0,0,0,0,0,1,719084.0885,5370484.0741,11.962937322,48.449326531,2,#fc8d62,car
78553,"9,17E+18",9,1,74,126,2017,4,14,2,3,0,1,1,0,0,0,0,0,0,0,683843.4165,5343803.2851,11.475202863,48.22079479,1,#66c2a5,bicycle
78554,"9,17E+18",9,1,84,121,2017,4,7,2,3,3,6,0,1,0,0,0,0,0,0,705074.1725,5331418688.0,11.754750345,48.102994775,2,#fc8d62,car
78555,"9,17E+18",9,1,77,137,2017,4,10,2,3,8,6,0,1,0,0,0,1,0,0,733148.9309,5344107.3053,12.138277482,48.20733003,2,#fc8d62,car
78556,"9,17E+18",9,1,78,123,2017,4,19,4,3,0,1,1,0,0,0,0,0,0,1,689996.3792,5358252.0255,11.564456546,48.348843776,1,#66c2a5,bicycle
78557,"9,17E+18",9,1,78,124,2017,4,8,4,3,5,3,0,1,0,0,0,1,0,1,702936479.0,5359470.5786,11.739500675,48.355769821,2,#fc8d62,car
78558,"9,17E+18",9,1,77,139,2017,4,11,4,2,0,3,0,1,0,0,0,0,0,1,731747.2592,5360408.3921,12.128377084,48.354281718,2,#fc8d62,car
78559,"9,17E+18",9,1,62,0,2017,4,22,3,3,5,2,0,1,0,0,0,1,2,1,692033.7169,5341289.8479,11.584222649,48.195778942,2,#fc8d62,car
78560,"9,17E+18",9,1,62,0,2017,4,16,3,3,2,6,0,1,0,0,0,0,0,1,692890.0033,5338944.0804,11.59466853,48.174436487,2,#fc8d62,car
78561,"9,17E+18",9,1,62,0,2017,4,15,3,2,6,2,0,0,1,0,0,1,0,1,687797.3401,5335016.9326,11.524500928,48.140663837,3,#8da0cb,toilet
78563,"9,17E+18",9,7,78,216,2017,4,13,3,2,2,6,0,1,0,0,0,1,0,1,624508738.0,5320930193.0,10.670096083,48.029516336,2,#fc8d62,car
78569,"9,17E+18",9,7,72,111,2017,4,9,3,2,9,3,0,1,0,0,0,1,0,1,627550.2864,5364055.6233,10.723851894,48.416734086,2,#fc8d62,car
78570,"9,17E+18",9,7,61,0,2017,4,6,3,3,3,6,0,1,0,0,0,1,0,1,639829.6609,5364051.1538,10.889717296,48.414088631,2,#fc8d62,car
78571,"9,17E+18",9,7,71,145,2017,4,15,3,3,4,1,0,1,0,0,0,0,1,1,647400124.0,5344461.2738,10.985115608,48.236225814,2,#fc8d62,car
78572,"9,17E+18",9,7,61,0,2017,4,7,3,3,0,1,0,0,0,1,0,0,0,1,642431.7731,5359335.2426,10.923263634,48.371102792,4,#e78ac3,marker
78573,"9,17E+18",9,7,61,0,2017,4,8,3,3,4,2,1,1,0,0,0,0,0,1,640634.9612,5360296537.0,10.899336728,48.380149373,1,#66c2a5,bicycle
78600,"9,17E+18",9,1,77,115,2017,4,19,2,2,8,1,0,0,0,1,0,0,0,0,737310651.0,5350369.0512,12.19771281,48.262036237,4,#e78ac3,marker
78615,"9,17E+18",9,1,82,133,2017,4,12,3,3,2,6,0,0,0,0,0,1,0,0,706259.2263,5306670.8556,11.75876139,47.880210554,6,#ffd92f,circle
78616,"9,17E+18",9,1,82,137,2017,4,23,3,2,9,1,0,1,0,0,0,0,2,1,712459.6535,5299531929.0,11.838084823,47.814036046,2,#fc8d62,car
78618,"9,17E+18",9,1,85,158,2017,4,7,3,3,5,2,1,1,0,0,0,0,0,0,667358.0498,5380523.4691,11.268066233,48.555456041,1,#66c2a5,bicycle
78620,"9,17E+18",9,1,81,127,2017,4,15,3,3,9,1,0,1,0,0,0,0,0,1,632184.6901,5322255.3606,10.773416754,48.039890781,2,#fc8d62,car
78621,"9,17E+18",9,1,62,0,2017,4,15,3,3,2,6,0,1,0,1,0,0,0,1,687328.5789,5333159.6793,11.517389243,48.124108502,2,#fc8d62,car
78622,"9,17E+18",9,1,81,122,2017,4,13,3,3,8,6,1,1,0,0,0,0,0,1,651530809.0,5330770.6711,11.035828965,48.112157032,1,#66c2a5,bicycle
78623,"9,17E+18",9,1,62,0,2017,4,8,3,3,2,6,0,1,0,0,0,0,0,0,699760.2586,5335210.9494,11.685227998,48.138764488,2,#fc8d62,car
78624,"9,17E+18",9,1,77,126,2017,4,7,3,3,2,6,0,1,0,0,0,0,0,1,719262.4026,5370506.8393,11.965357436,48.449468983,2,#fc8d62,car
78625,"9,17E+18",9,1,78,133,2017,4,16,3,3,5,3,0,1,0,0,0,0,0,1,687964.4132,5363810238.0,11.539543117,48.399407568,2,#fc8d62,car
78626,"9,17E+18",9,1,62,0,2017,4,9,2,3,4,6,0,1,0,0,0,0,0,0,682654.1309,5341250.4545,11.458107054,48.198191988,2,#fc8d62,car
78627,"9,17E+18",9,1,62,0,2017,4,15,2,3,5,7,1,1,0,0,0,0,0,1,693406.6809,5339296.0723,11.601771377,48.177443035,1,#66c2a5,bicycle
78640,"9,17E+18",9,7,72,163,2017,4,7,2,3,2,6,0,1,0,0,0,1,0,0,638921.3141,5349556948.0,10.872665544,48.283960324,2,#fc8d62,car
78641,"9,17E+18",9,7,72,160,2017,4,11,2,3,2,3,0,1,0,0,0,0,0,0,637820.5464,5340391.5922,10.854852169,48.201785352,2,#fc8d62,car
78642,"9,17E+18",9,7,72,200,2017,4,10,2,2,5,2,0,1,0,0,0,0,0,0,629163779.0,5336773669.0,10.737302688,48.171070665,2,#fc8d62,car
78643,"9,17E+18",9,7,72,184,2017,4,7,2,2,0,7,0,1,0,0,0,1,0,0,635021.0639,5363571.4868,10.824612402,48.410824168,2,#fc8d62,car
78644,"9,17E+18",9,7,61,0,2017,4,13,2,3,1,6,0,1,0,0,0,0,0,0,641002.5948,5355556.9087,10.902710678,48.337450228,2,#fc8d62,car
78645,"9,17E+18",9,7,71,113,2017,4,7,2,3,2,6,0,1,0,0,0,0,0,0,655825.0098,5366564.5889,11.106675086,48.432933517,2,#fc8d62,car
78646,"9,17E+18",9,7,71,113,2017,4,18,2,3,5,2,1,1,0,0,0,0,0,0,657061642.0,5370359.6734,11.12480541,48.466745234,1,#66c2a5,bicycle
78699,"9,17E+18",9,2,74,194,2017,4,6,2,3,1,5,0,1,0,0,0,0,0,0,721441997.0,5379083576.0,11.999337538,48.525760334,2,#fc8d62,car
78701,"9,17E+18",9,1,73,137,2017,4,15,2,3,5,3,0,1,0,1,0,0,0,0,675013713.0,5301668257.0,11.339213435,47.844516028,2,#fc8d62,car
78703,"9,17E+18",9,1,73,126,2017,4,18,2,2,5,3,0,1,0,1,0,0,0,0,684912.3929,5302328.4168,11.471676294,47.847679367,2,#fc8d62,car
78709,"9,17E+18",9,1,82,127,2017,4,6,2,3,5,3,0,1,0,0,0,0,0,0,699687339.0,5310265547.0,11.67262481,47.914595483,2,#fc8d62,car
78711,"9,17E+18",9,1,85,131,2017,4,18,2,3,2,6,0,1,0,0,0,0,0,0,664424.4348,5376036.0566,11.22657045,48.515892343,2,#fc8d62,car
78713,"9,17E+18",9,1,74,146,2017,4,18,2,3,0,7,0,1,0,0,0,1,0,0,665756.7804,5351390.3018,11.234865531,48.293984896,2,#fc8d62,car
78714,"9,17E+18",9,1,81,130,2017,4,7,2,3,2,6,0,1,0,0,0,0,0,0,640654.7417,5324550.9564,10.887745241,48.058723483,2,#fc8d62,car
78715,"9,17E+18",9,1,88,139,2017,4,22,2,3,5,2,0,1,0,0,0,0,2,0,675224.3929,5319197.2955,11.349154804,48.002040478,2,#fc8d62,car
78720,"9,17E+18",9,7,71,122,2017,4,18,1,3,3,6,0,1,0,0,0,1,0,0,652229.6994,5362390.9679,11.056586772,48.396288979,2,#fc8d62,car
78732,"9,17E+18",9,1,87,134,2017,4,12,1,2,5,3,0,1,0,1,0,0,0,0,736789.6805,5319823.0223,12.173737164,47.987833111,2,#fc8d62,car
78734,"9,17E+18",9,1,75,132,2017,4,20,1,2,8,1,0,1,0,0,0,0,1,0,710574.3434,5335162.7654,11.830390595,48.134845172,2,#fc8d62,car
78735,"9,17E+18",9,1,62,0,2017,4,0,7,3,5,3,0,1,0,0,0,0,2,0,686187.5629,5335258.7291,11.502988428,48.143310284,2,#fc8d62,car
78736,"9,17E+18",9,1,62,0,2017,4,17,7,3,2,6,0,1,0,0,0,0,0,0,684391.7025,5335410405.0,11.478935249,48.145196652,2,#fc8d62,car
78737,"9,17E+18",9,1,62,0,2017,4,14,7,3,5,3,1,1,0,0,0,0,0,0,692075.2307,5331374.0574,11.58030597,48.106645252,1,#66c2a5,bicycle
78738,"9,17E+18",9,1,62,0,2017,4,1,7,3,9,1,0,1,0,0,0,0,2,0,695157.5225,5334987.3012,11.623322439,48.138182721,2,#fc8d62,car
78743,"9,17E+18",9,7,72,177,2017,4,5,7,3,8,1,0,1,0,0,0,0,2,0,637340339.0,5380103.76,10.861370507,48.558976024,2,#fc8d62,car
78744,"9,17E+18",9,7,71,156,2017,4,17,7,2,5,3,0,1,0,1,0,0,0,1,653414.9928,5383544.7998,11.080357493,48.586185242,2,#fc8d62,car
78745,"9,17E+18",9,7,71,140,2017,4,13,7,3,7,6,1,1,0,0,0,0,0,0,654403.3249,5373184.1493,11.089910821,48.492796673,1,#66c2a5,bicycle
78777,"9,17E+18",9,1,73,118,2017,4,17,7,3,5,3,0,1,0,0,0,0,0,0,692707.7524,5310741.9087,11.579522371,47.921012393,2,#fc8d62,car
78783,"9,17E+18",9,1,88,132,2017,4,10,7,3,9,1,0,0,0,1,0,0,0,0,661837.0818,5323355.4299,11.171386237,48.042954139,4,#e78ac3,marker
78784,"9,17E+18",9,1,74,143,2017,4,16,7,2,3,2,0,1,0,1,0,0,0,0,672911624.0,5353137592.0,11.331967263,48.307777359,2,#fc8d62,car
78785,"9,17E+18",9,1,78,120,2017,4,8,7,3,9,6,0,1,0,0,0,0,0,0,695390.7626,5355645.0998,11.635978776,48.323769521,2,#fc8d62,car
78786,"9,17E+18",9,1,77,133,2017,4,12,7,2,5,2,0,1,0,0,0,1,0,0,709264.0409,5360139.4257,11.825144569,48.359715034,2,#fc8d62,car
78787,"9,17E+18",9,1,78,120,2017,4,1,7,3,7,7,0,0,0,1,0,0,2,0,691348.2955,5355540.1637,11.581453155,48.324062813,4,#e78ac3,marker
78788,"9,17E+18",9,1,78,120,2017,4,19,7,3,2,1,0,1,0,0,0,0,0,1,694996.9962,5352944.2361,11.629424131,48.299617867,2,#fc8d62,car
78789,"9,17E+18",9,1,77,143,2017,4,16,7,3,8,1,0,1,0,0,0,0,0,1,733262.4485,5358133.7606,12.147539187,48.333290865,2,#fc8d62,car
78790,"9,17E+18",9,1,84,136,2017,4,12,6,3,6,4,0,1,1,0,0,0,0,0,698090.3853,5327228.0387,11.659100815,48.067541608,2,#fc8d62,car
78791,"9,17E+18",9,1,62,0,2017,4,18,6,3,2,6,0,1,0,0,0,0,0,0,694531.1,5336744.7233,11.615714128,48.154169486,2,#fc8d62,car
78792,"9,17E+18",9,1,84,141,2017,4,15,6,3,5,2,1,1,0,0,0,0,0,0,697899.4186,5313946.8517,11.650413078,47.94823601,1,#66c2a5,bicycle
78793,"9,17E+18",9,1,62,0,2017,4,14,6,3,5,3,0,1,0,0,0,0,0,0,688105.9326,5333878.6205,11.528142404,48.1303413,2,#fc8d62,car
78795,"9,17E+18",9,7,77,141,2017,4,20,6,2,9,1,0,0,0,1,0,0,2,0,629979.6623,5308585.7343,10.739711782,47.917411781,4,#e78ac3,marker
78797,"9,17E+18",9,7,72,216,2017,4,9,6,3,3,6,0,1,0,0,0,1,0,0,623277.6853,5368254.03,10.667368528,48.455339505,2,#fc8d62,car
78798,"9,17E+18",9,7,72,149,2017,4,14,6,3,5,3,0,1,0,0,0,0,0,0,635192802.0,5338774662.0,10.818990574,48.187810404,2,#fc8d62,car
78799,"9,17E+18",9,7,71,160,2017,4,13,6,2,3,2,1,1,0,0,0,0,0,0,651021.7803,5350161.4297,11.035893759,48.286624253,1,#66c2a5,bicycle
78853,"9,17E+18",9,2,61,0,2017,4,21,1,3,5,3,0,1,0,0,0,0,2,0,732142.9944,5379977.7473,12.144553632,48.529927439,2,#fc8d62,car
78865,"9,17E+18",9,1,87,181,2017,4,22,1,3,8,1,0,1,0,0,0,0,2,0,736482.4047,5311189.4901,12.164881534,47.910387379,2,#fc8d62,car
78868,"9,17E+18",9,1,62,0,2017,4,0,1,3,9,7,0,1,0,0,0,0,2,0,678065.7577,5335211.3015,11.393885263,48.145209054,2,#fc8d62,car
78869,"9,17E+18",9,1,88,113,2017,4,20,1,3,2,6,0,1,0,0,0,0,0,0,676280.5784,5316560.3812,11.362219547,47.978045482,2,#fc8d62,car
78870,"9,17E+18",9,1,88,141,2017,4,18,1,3,0,1,0,0,0,1,0,0,0,0,667069.4778,5306661.2569,11.235047229,47.891519589,4,#e78ac3,marker
78871,"9,17E+18",9,1,88,113,2017,4,11,1,3,2,6,0,1,0,1,0,0,0,0,676366889.0,5316884.69,11.36350826,47.980937091,2,#fc8d62,car
78872,"9,17E+18",9,1,79,134,2017,4,20,1,2,0,1,1,0,0,0,0,0,0,0,664919.1479,5341971.7558,11.219910956,48.20953083,1,#66c2a5,bicycle
78873,"9,17E+18",9,1,81,133,2017,4,9,1,3,5,3,0,1,0,0,0,0,0,0,643601571.0,5312708193.0,10.923307645,47.951575807,2,#fc8d62,car
78874,"9,17E+18",9,1,78,150,2017,4,17,1,3,0,1,1,0,0,0,0,0,0,0,691386.1363,5370969.1638,11.588993217,48.462717931,1,#66c2a5,bicycle
78875,"9,17E+18",9,1,78,157,2017,4,16,1,3,4,2,0,1,0,0,0,0,0,0,702839.3739,5370834.8256,11.743683114,48.457922885,2,#fc8d62,car
78879,"9,17E+18",9,7,72,223,2017,4,15,7,2,8,1,0,1,0,0,0,0,0,0,618379.1923,5364656.7713,10.600125795,48.423930089,2,#fc8d62,car
78880,"9,17E+18",9,7,61,0,2017,4,11,7,3,2,6,0,1,0,0,0,0,0,0,638560396.0,5356215853.0,10.869990454,48.343915645,2,#fc8d62,car
78881,"9,17E+18",9,7,71,140,2017,4,8,7,2,4,1,0,1,0,0,0,0,0,0,655220.0982,5372396.3572,11.100665778,48.485512933,2,#fc8d62,car
78915,"9,17E+18",9,2,61,0,2017,4,12,7,2,5,3,0,1,0,1,0,0,0,0,732868.35,5378364364.0,12.15346297,48.515166227,2,#fc8d62,car
78916,"9,17E+18",9,1,90,158,2017,4,13,7,3,3,6,0,1,0,1,0,0,0,0,651341.7102,5304092.8919,11.023884735,47.872327324,2,#fc8d62,car
78922,"9,17E+18",9,1,82,133,2017,4,10,7,2,2,6,0,1,0,0,0,1,0,0,707727.1827,5305854699.0,11.777979442,47.872402722,2,#fc8d62,car
78923,"9,17E+18",9,1,82,127,2017,4,10,7,3,2,6,0,1,0,0,0,0,0,0,702260.6797,5312189037.0,11.707929721,47.931075993,2,#fc8d62,car
78924,"9,17E+18",9,1,82,137,2017,4,12,7,3,8,1,0,1,0,0,0,0,0,0,711053.8424,5305192.5333,11.82208887,47.865367727,2,#fc8d62,car
78925,"9,17E+18",9,1,82,123,2017,4,12,7,3,3,6,0,1,0,0,0,1,0,0,716246.0304,5301404.2026,11.88953251,47.829599341,2,#fc8d62,car
78926,"9,17E+18",9,1,82,137,2017,4,11,7,2,2,6,0,1,0,0,0,0,0,0,709042.8323,5305071.1123,11.795173354,47.864934046,2,#fc8d62,car
78927,"9,17E+18",9,1,82,137,2017,4,11,7,3,2,6,0,1,0,0,0,0,0,0,709170.4766,5304740.7138,11.796718181,47.861923319,2,#fc8d62,car
78928,"9,17E+18",9,1,87,130,2017,4,11,7,3,5,3,1,1,0,0,0,0,0,0,712123261.0,5309793882.0,11.83863062,47.906364727,1,#66c2a5,bicycle
78932,"9,17E+18",9,1,88,137,2017,4,15,7,3,3,6,1,1,0,0,0,0,0,0,672206744.0,5313842778.0,11.306586553,47.954723766,1,#66c2a5,bicycle
78933,"9,17E+18",9,1,81,138,2017,4,12,7,3,5,2,0,1,0,0,0,0,0,0,639969.7327,5334744.0089,10.881900805,48.150531811,2,#fc8d62,car
78934,"9,17E+18",9,1,78,120,2017,4,17,7,3,6,4,0,1,1,0,0,0,0,1,694619391.0,5352710.0997,11.62422997,48.297629871,2,#fc8d62,car
78935,"9,17E+18",9,1,84,141,2017,4,13,6,3,8,1,0,1,0,0,0,0,0,1,699849.2292,5316957.8025,11.677896194,47.974691351,2,#fc8d62,car
78936,"9,17E+18",9,1,84,141,2017,4,18,6,3,2,2,0,1,0,0,0,0,0,1,697899646.0,5313941689.0,11.650413746,47.94818954,2,#fc8d62,car
78937,"9,17E+18",9,1,84,118,2017,4,9,6,3,0,3,0,1,0,1,0,0,0,1,702648.1502,5337005119.0,11.724856542,48.153975195,2,#fc8d62,car
78938,"9,17E+18",9,1,84,135,2017,4,23,6,3,8,1,0,1,0,0,0,0,2,1,692770.7777,5349448.9369,11.597842515,48.268886079,2,#fc8d62,car
78939,"9,17E+18",9,1,62,0,2017,4,17,6,3,3,2,1,1,0,0,0,0,0,1,692191.5662,5342929.4353,11.587087051,48.210467292,1,#66c2a5,bicycle
78940,"9,17E+18",9,1,62,0,2017,4,7,6,3,1,6,0,1,0,0,0,0,0,1,691055.1546,5339204.5426,11.570129943,48.177331725,2,#fc8d62,car
78941,"9,17E+18",9,1,84,132,2017,4,16,6,3,0,6,0,1,0,0,0,0,0,1,681146.7711,5327725143.0,11.432088214,48.07704698,2,#fc8d62,car
78942,"9,17E+18",9,1,62,0,2017,4,18,6,3,2,6,0,1,0,0,0,0,0,1,689360.9991,5340865.3019,11.548103392,48.19276571,2,#fc8d62,car
78943,"9,17E+18",9,1,62,0,2017,4,12,6,3,2,6,0,1,0,0,0,0,0,1,693939.6538,5331668.2198,11.605459309,48.108724235,2,#fc8d62,car
78950,"9,17E+18",9,7,62,0,2017,4,16,6,2,3,6,1,0,0,0,0,1,0,1,622305938.0,5301215.1411,10.63495963,47.852632713,1,#66c2a5,bicycle
78955,"9,17E+18",9,7,71,122,2017,4,23,6,3,2,6,0,1,0,0,0,1,2,0,657203.3361,5358895.5553,11.122424839,48.363643496,2,#fc8d62,car
78956,"9,17E+18",9,7,72,131,2017,4,13,6,3,4,2,0,1,0,0,0,0,0,1,617584005.0,5356235809.0,10.587024753,48.348348309,2,#fc8d62,car
78957,"9,17E+18",9,7,72,207,2017,4,11,6,3,2,2,0,1,0,0,0,0,0,1,640735521.0,5380978558.0,10.907654949,48.5660887,2,#fc8d62,car
78958,"9,17E+18",9,7,71,122,2017,4,12,6,3,2,6,0,1,0,0,0,0,0,1,648841.93,5360079002.0,11.010029422,48.376310793,2,#fc8d62,car
78959,"9,17E+18",9,7,72,202,2017,4,13,6,3,2,6,0,1,0,0,0,0,0,1,635854.8463,5359328.6481,10.834501405,48.372493588,2,#fc8d62,car
78960,"9,17E+18",9,7,61,0,2017,4,7,6,2,4,6,0,1,0,0,0,0,1,1,639644727.0,5360881.26,10.886165056,48.385626986,2,#fc8d62,car
78961,"9,17E+18",9,7,61,0,2017,4,13,6,3,5,3,0,1,0,0,0,0,0,0,643744.1769,5361677.4759,10.941775693,48.391865235,2,#fc8d62,car
78962,"9,17E+18",9,7,61,0,2017,4,8,6,3,2,6,0,1,0,0,0,0,0,1,640316.1157,5360459.6508,10.895087492,48.38168703,2,#fc8d62,car