OBJECTID,UIDENTSTLA,ULAND,UREGBEZ,UKREIS,UGEMEINDE,UJAHR,UMONAT,USTUNDE,UWOCHENTAG,UKATEGORIE,UART,UTYP1,IstRad,IstPKW,IstFuss,IstKrad,IstGkfz,IstSonstig,ULICHTVERH,STRZUSTAND,LINREFX,LINREFY,XGCSWGS84,YGCSWGS84,Teilnehmer,color,symbol
78963,"9,17E+18",9,7,61,0,2017,4,16,6,3,5,3,1,1,0,0,0,0,0,1,640837.1473,5360481.5465,10.902127776,48.381767807,1,#66c2a5,bicycle
79008,"9,17E+18",9,2,74,132,2017,4,15,6,3,2,6,0,1,0,0,0,0,0,1,726310.0065,5385282.3332,12.068543936,48.579710631,2,#fc8d62,car
79012,"9,17E+18",9,1,73,126,2017,4,14,6,3,2,6,0,1,0,0,0,0,0,1,683648.4964,5306293838.0,11.456482889,47.88368737,2,#fc8d62,car
79017,"9,17E+18",9,1,63,0,2017,4,12,6,3,1,6,0,1,0,0,0,0,0,1,732689.6551,5305623.3918,12.111201665,47.861768092,2,#fc8d62,car
79025,"9,17E+18",9,1,88,144,2017,4,13,6,3,2,6,0,1,0,0,0,0,0,1,668437.2552,5329008.1576,11.262098403,48.092065342,2,#fc8d62,car
79026,"9,17E+18",9,1,88,113,2017,4,14,6,2,8,1,0,1,0,0,0,0,0,1,677913797.0,5310255718.0,11.381479024,47.920917839,2,#fc8d62,car
79027,"9,17E+18",9,1,88,113,2017,4,17,6,2,8,1,0,1,0,0,0,0,0,2,678000.9838,5310367.5878,11.382691231,47.921899296,2,#fc8d62,car
79028,"9,17E+18",9,1,81,121,2017,4,18,6,3,5,1,0,1,0,0,0,0,0,1,639313.4902,5312056.1261,10.86569671,47.946659292,2,#fc8d62,car
79029,"9,17E+18",9,1,75,133,2017,4,2,6,3,9,1,0,1,0,0,0,0,2,1,711251258.0,5343118633.0,11.843430227,48.206111031,2,#fc8d62,car
79030,"9,17E+18",9,1,78,124,2017,4,18,6,1,8,1,0,1,0,0,0,0,0,1,701400.8201,5360055111.0,11.719074447,48.361514301,2,#fc8d62,car
79031,"9,17E+18",9,1,77,116,2017,4,11,6,3,4,6,0,1,0,0,0,1,0,1,713614697.0,5366397943.0,11.886984907,48.414492118,2,#fc8d62,car
79032,"9,17E+18",9,1,75,121,2017,4,14,6,3,8,1,0,1,0,0,0,0,0,2,711613.6075,5321523.9427,11.837590053,48.011942028,2,#fc8d62,car
79033,"9,17E+18",9,1,75,131,2017,4,14,6,3,8,6,0,1,0,0,0,0,0,2,710915.1164,5321903191.0,11.828422137,48.01558089,2,#fc8d62,car
79034,"9,17E+18",9,1,62,0,2017,4,9,5,3,2,6,0,1,0,0,0,0,0,1,694078311.0,5331696.3809,11.607332895,48.108935108,2,#fc8d62,car
79035,"9,17E+18",9,1,62,0,2017,4,12,5,3,5,2,1,1,0,0,0,0,0,1,701201801.0,5332365.9351,11.703240297,48.112742307,1,#66c2a5,bicycle
79036,"9,17E+18",9,1,62,0,2017,4,14,5,3,2,6,0,1,0,0,0,0,0,1,694425.8919,5331855.5995,11.612069987,48.110260115,2,#fc8d62,car
79037,"9,17E+18",9,1,84,145,2017,4,10,5,3,2,6,0,1,0,0,0,0,0,1,695192.2313,5324397.6168,11.618948135,48.042996042,2,#fc8d62,car
79038,"9,17E+18",9,1,84,137,2017,4,6,5,3,8,1,0,1,0,0,0,0,1,2,703919.1876,5316274.8263,11.732044374,47.967269641,2,#fc8d62,car
79042,"9,17E+18",9,7,78,169,2017,4,7,5,2,5,3,0,1,0,0,0,1,0,1,617465727.0,5333667264.0,10.579166691,48.145403182,2,#fc8d62,car
79045,"9,17E+18",9,7,77,130,2017,4,5,5,2,4,1,0,1,0,0,0,0,2,1,624049.9246,5310023649.0,10.660794592,47.931518422,2,#fc8d62,car
79046,"9,17E+18",9,7,62,0,2017,4,8,5,3,6,4,0,1,1,0,0,0,0,0,621666058.0,5304404.6929,10.627307344,47.881440262,2,#fc8d62,car
79048,"9,17E+18",9,7,72,121,2017,4,18,5,3,2,6,0,1,0,0,0,0,0,1,631338.2108,5376345.5173,10.778880635,48.526468041,2,#fc8d62,car
79080,"9,17E+18",9,2,61,0,2017,4,17,5,3,1,3,0,1,0,1,0,0,0,1,732393.4746,5380504.4768,12.148234849,48.53456625,2,#fc8d62,car
79083,"9,17E+18",9,1,88,113,2017,4,5,5,3,8,1,0,1,0,0,0,0,2,1,680615.5403,5316532305.0,11.420244688,47.976584207,2,#fc8d62,car
79095,"9,17E+18",9,1,87,137,2017,4,9,5,2,4,2,0,1,0,0,0,0,0,1,729701.8266,5311120.6426,12.074236447,47.912232648,2,#fc8d62,car
79101,"9,17E+18",9,1,86,130,2017,4,7,5,3,2,6,0,1,0,0,0,0,0,1,685458.8294,5371929368.0,11.509318056,48.47312322,2,#fc8d62,car
79107,"9,17E+18",9,1,88,121,2017,4,18,5,3,2,6,0,1,0,0,0,0,0,0,669515.7884,5329281.4994,11.276679726,48.094236712,2,#fc8d62,car
79108,"9,17E+18",9,1,74,113,2017,4,9,5,3,2,6,0,1,0,0,0,0,0,1,671346.6639,5347066.3646,11.30841778,48.253626361,2,#fc8d62,car
79109,"9,17E+18",9,1,88,113,2017,4,9,5,3,5,3,0,1,0,0,0,0,0,1,676443687.0,5314181465.0,11.363426929,47.956615088,2,#fc8d62,car
79110,"9,17E+18",9,1,81,122,2017,4,17,5,2,4,6,0,1,0,0,0,0,0,1,648122592.0,5331599968.0,10.990356354,48.120415551,2,#fc8d62,car
79111,"9,17E+18",9,1,88,120,2017,4,5,5,3,5,3,1,1,0,0,0,0,1,1,673134924.0,5326507.2514,11.324121179,48.068324262,1,#66c2a5,bicycle
79112,"9,17E+18",9,1,74,141,2017,4,10,5,3,4,1,0,1,0,0,0,1,0,1,684153.1195,5354784.0356,11.484150511,48.3194034,2,#fc8d62,car
79113,"9,17E+18",9,1,74,147,2017,4,18,5,3,5,3,0,1,0,0,0,0,0,1,670614.5039,5365391.0694,11.305982764,48.418551754,2,#fc8d62,car
79114,"9,17E+18",9,1,74,115,2017,4,16,5,2,4,6,0,1,0,0,0,0,0,1,678900.13,5347746786.0,11.410375737,48.257655396,2,#fc8d62,car
79115,"9,17E+18",9,1,75,118,2017,4,8,5,2,2,7,0,1,0,0,0,1,0,1,714681.0836,5339564.2063,11.887738673,48.173022449,2,#fc8d62,car
79116,"9,17E+18",9,1,62,0,2017,4,22,4,3,6,2,0,1,1,0,0,0,2,1,689658.8281,5340114606.0,11.551771748,48.185929622,2,#fc8d62,car
79117,"9,17E+18",9,1,84,145,2017,4,10,4,2,5,3,0,1,0,0,0,0,0,1,695897.9,5325114541.0,11.628734063,48.04922337,2,#fc8d62,car
79118,"9,17E+18",9,1,62,0,2017,4,14,4,3,3,6,0,1,0,0,0,1,0,0,688686.0759,5335910.0806,11.536831612,48.148428641,2,#fc8d62,car
79119,"9,17E+18",9,1,62,0,2017,4,16,4,3,5,3,0,1,0,0,0,0,0,1,693507238.0,5331529221.0,11.599593231,48.107606454,2,#fc8d62,car
79126,"9,17E+18",9,7,72,147,2017,4,10,4,3,3,1,0,1,0,0,0,0,0,1,639429.9542,5364060.4282,10.884321617,48.41426059,2,#fc8d62,car
79127,"9,17E+18",9,7,74,198,2017,4,4,4,3,8,1,0,0,0,0,0,1,2,2,617070931.0,5351473.5378,10.578779807,48.305615326,6,#ffd92f,circle
79128,"9,17E+18",9,7,72,147,2017,4,8,4,3,4,1,0,1,0,0,0,1,0,1,635567.2349,5364410.0471,10.832260186,48.418247194,2,#fc8d62,car
79129,"9,17E+18",9,7,61,0,2017,4,15,4,3,3,6,0,1,0,0,0,1,0,1,643229253.0,5360570.7538,10.934446649,48.382031362,2,#fc8d62,car
79130,"9,17E+18",9,7,71,113,2017,4,14,4,2,5,3,0,1,0,1,0,0,0,1,657259767.0,5369942.4123,11.127326971,48.462944452,2,#fc8d62,car
79159,"9,17E+18",9,7,72,111,2017,5,1,5,3,0,7,0,1,0,0,0,0,2,0,627922642.0,5364072.2452,10.728886998,48.41680807,2,#fc8d62,car
79160,"9,17E+18",9,7,72,115,2017,5,6,5,2,9,7,0,1,0,0,0,0,0,0,620285.7037,5370377.4355,10.627528842,48.475013994,2,#fc8d62,car
79161,"9,17E+18",9,7,72,130,2017,5,7,5,3,5,2,0,1,0,0,0,0,0,0,632179.2567,5359204.5759,10.784854862,48.372158484,2,#fc8d62,car
79162,"9,17E+18",9,7,61,0,2017,5,19,5,3,3,6,0,1,0,0,0,0,0,1,642421.3356,5359290.3862,10.923107586,48.37070182,2,#fc8d62,car
79163,"9,17E+18",9,7,61,0,2017,5,9,5,3,2,6,0,1,0,0,0,0,0,0,640343.5564,5355595.7337,10.893835509,48.337946059,2,#fc8d62,car
79164,"9,17E+18",9,7,71,144,2017,5,16,5,2,5,3,0,1,0,0,0,1,0,0,660562893.0,5372465426.0,11.172945598,48.48479192,2,#fc8d62,car
79216,"9,17E+18",9,2,74,126,2017,5,19,5,3,8,1,0,1,0,0,0,0,1,1,733577.5425,5385882.8111,12.167267513,48.582437978,2,#fc8d62,car
79222,"9,17E+18",9,1,84,114,2017,5,10,5,3,2,6,0,1,0,0,0,1,0,0,699594.0384,5319634.1476,11.675724438,47.998824345,2,#fc8d62,car
79223,"9,17E+18",9,1,87,142,2017,5,15,5,2,0,1,1,0,0,0,0,0,0,1,733379.0688,5308557644.0,12.121990091,47.887879461,1,#66c2a5,bicycle
79224,"9,17E+18",9,1,87,177,2017,5,13,5,3,2,6,0,1,0,0,0,0,0,0,736339.5143,5305703.9044,12.159970344,47.861159426,2,#fc8d62,car
79227,"9,17E+18",9,1,74,126,2017,5,17,5,3,5,3,1,1,0,0,0,0,0,1,683661.9131,5343965437.0,11.47283177,48.222304848,1,#66c2a5,bicycle
79228,"9,17E+18",9,1,62,0,2017,5,7,4,3,5,3,1,1,0,0,0,0,0,0,701704234.0,5335218875.0,11.711332959,48.138222507,1,#66c2a5,bicycle
79229,"9,17E+18",9,1,62,0,2017,5,14,4,3,2,6,0,1,0,0,0,0,0,0,684744.3086,5342305.2973,11.48666788,48.20706866,2,#fc8d62,car
79230,"9,17E+18",9,1,62,0,2017,5,16,4,3,2,6,0,1,0,0,0,1,0,0,682759.6717,5336793.2277,11.457609291,48.158097328,2,#fc8d62,car
79231,"9,17E+18",9,1,62,0,2017,5,16,4,3,2,6,0,1,0,0,0,1,0,0,687364.6516,5331663.3837,11.517216039,48.110648723,2,#fc8d62,car
79232,"9,17E+18",9,1,62,0,2017,5,0,4,3,5,3,0,1,0,0,0,0,2,0,696038779.0,5333806034.0,11.634611873,48.127295262,2,#fc8d62,car
79234,"9,17E+18",9,7,71,113,2017,5,0,4,3,8,1,0,0,0,0,0,1,2,0,658331.8626,5367301.7575,11.140820588,48.438935563,6,#ffd92f,circle
79235,"9,17E+18",9,7,61,0,2017,5,6,4,3,1,6,0,1,0,0,0,0,0,0,642661.79,5359587.7914,10.926453428,48.373321634,2,#fc8d62,car
79236,"9,17E+18",9,7,61,0,2017,5,17,4,3,0,7,1,0,0,0,0,0,0,0,641522.4698,5353552.0644,10.909048726,48.319307103,1,#66c2a5,bicycle
79281,"9,17E+18",9,2,61,0,2017,5,13,4,3,2,2,1,1,0,0,0,0,0,0,736716.4781,5381629.2674,12.207342734,48.543054016,1,#66c2a5,bicycle
79282,"9,17E+18",9,2,61,0,2017,5,14,4,3,3,2,0,1,0,0,0,0,0,0,731504749.0,5382149048.0,12.13712781,48.549667582,2,#fc8d62,car
79290,"9,17E+18",9,1,86,128,2017,5,17,4,3,2,6,0,1,0,0,0,0,0,0,677917.9914,5385554132.0,11.413200608,48.597766221,2,#fc8d62,car
79292,"9,17E+18",9,1,62,0,2017,5,18,4,3,2,6,0,1,0,0,0,0,0,0,683830.1191,5342571.5359,11.474490135,48.209727131,2,#fc8d62,car
79293,"9,17E+18",9,1,62,0,2017,5,9,4,3,2,6,0,1,0,0,0,0,0,0,686736.2002,5333260.5753,11.509480778,48.125189419,2,#fc8d62,car
79294,"9,17E+18",9,1,62,0,2017,5,5,4,2,3,6,0,1,0,0,0,1,0,0,682155.2497,5341931.4356,11.451691886,48.204456377,2,#fc8d62,car
79295,"9,17E+18",9,1,88,139,2017,5,17,4,3,9,7,0,1,0,0,0,0,0,0,673052.4668,5322317.6005,11.321321115,48.030682888,2,#fc8d62,car
79296,"9,17E+18",9,1,88,121,2017,5,16,4,3,2,6,0,1,0,0,0,0,0,0,673193281.0,5331025092.0,11.326736091,48.108922118,2,#fc8d62,car
79297,"9,17E+18",9,1,88,120,2017,5,16,4,2,5,3,0,1,0,1,0,0,0,0,673451.1552,5326588261.0,11.328395427,48.068966597,2,#fc8d62,car
79298,"9,17E+18",9,1,79,136,2017,5,15,4,2,2,6,0,1,0,0,0,0,0,0,659703.8453,5341618.7203,11.14962908,48.207690578,2,#fc8d62,car
79299,"9,17E+18",9,1,74,115,2017,5,14,4,3,5,3,1,1,0,0,0,0,0,0,681231.4282,5347169.4864,11.441509383,48.251803819,1,#66c2a5,bicycle
79300,"9,17E+18",9,1,74,141,2017,5,21,4,2,5,3,0,1,0,1,0,0,2,0,683071.2662,5355706.8212,11.469971558,48.328011833,2,#fc8d62,car
79301,"9,17E+18",9,1,74,115,2017,5,21,4,3,2,6,0,1,0,1,0,0,2,0,682406.2534,5350682.5976,11.458836471,48.283044323,2,#fc8d62,car
79302,"9,17E+18",9,1,78,113,2017,5,13,4,3,1,6,0,1,0,0,0,1,0,0,691627.7749,5365430.9361,11.589725759,48.412870725,2,#fc8d62,car
79303,"9,17E+18",9,1,78,113,2017,5,13,4,2,2,6,0,0,0,0,0,1,0,0,691589.3116,5366311.1276,11.589608496,48.420792993,6,#ffd92f,circle
79304,"9,17E+18",9,1,75,118,2017,5,16,4,3,4,6,0,1,0,0,0,1,0,0,717645.5491,5339606.2382,11.927582447,48.172391971,2,#fc8d62,car
79305,"9,17E+18",9,1,78,120,2017,5,18,4,2,5,3,0,1,0,1,0,0,0,0,693672.1897,5351122198.0,11.610743758,48.283649398,2,#fc8d62,car
79306,"9,17E+18",9,1,78,123,2017,5,10,4,3,8,1,0,1,0,0,0,0,0,0,687207622.0,5361527.6612,11.528311556,48.379117359,2,#fc8d62,car
79307,"9,17E+18",9,1,78,124,2017,5,16,4,3,0,3,0,0,0,0,0,1,0,0,702449509.0,5364218277.0,11.735220899,48.398590541,6,#ffd92f,circle
79308,"9,17E+18",9,1,77,144,2017,5,14,4,3,8,1,0,0,0,1,0,0,0,0,717818.4799,5347944.46,11.934185841,48.247252191,4,#e78ac3,marker
79309,"9,17E+18",9,1,62,0,2017,5,12,3,3,5,3,1,1,0,0,0,0,0,0,688282.9036,5328257.9172,11.528038305,48.079768716,1,#66c2a5,bicycle
79310,"9,17E+18",9,1,62,0,2017,5,9,3,3,2,6,0,1,0,0,0,0,0,0,684643.6897,5329122343.0,11.479596818,48.088602949,2,#fc8d62,car
79311,"9,17E+18",9,1,62,0,2017,5,7,3,3,2,6,0,1,0,0,0,0,0,1,691466.4486,5331940.0068,11.572390263,48.111915233,2,#fc8d62,car
79312,"9,17E+18",9,1,62,0,2017,5,17,3,3,0,7,1,0,0,0,0,0,0,0,688288.8902,5333998.5688,11.530651871,48.131365324,1,#66c2a5,bicycle
79313,"9,17E+18",9,1,62,0,2017,5,10,3,3,2,6,0,1,0,0,0,1,0,0,690478.0076,5331977.7531,11.559140987,48.112550868,2,#fc8d62,car
79317,"9,17E+18",9,7,78,203,2017,5,17,3,2,5,3,0,1,0,0,0,0,0,0,619779.3615,5324468.5146,10.607675272,48.062243008,2,#fc8d62,car
79320,"9,17E+18",9,7,77,139,2017,5,10,3,3,9,1,0,1,0,0,0,0,0,0,615421.5561,5306772.8896,10.544451497,47.903893172,2,#fc8d62,car
79321,"9,17E+18",9,7,77,158,2017,5,10,3,3,0,1,1,0,0,0,0,0,0,0,621540.9467,5309122.2192,10.626963925,47.923892032,1,#66c2a5,bicycle
79325,"9,17E+18",9,7,72,162,2017,5,19,3,3,8,1,0,1,0,0,0,0,0,0,636624204.0,5335434727.0,10.83716605,48.157470477,2,#fc8d62,car
79326,"9,17E+18",9,7,72,147,2017,5,7,3,3,5,3,0,1,0,1,0,0,0,1,635926842.0,5364608433.0,10.837182162,48.419953582,2,#fc8d62,car
79381,"9,17E+18",9,2,74,126,2017,5,1,3,3,8,1,0,1,0,0,0,0,2,1,733072.3012,5385778.8915,12.160369156,48.581692636,2,#fc8d62,car
79383,"9,17E+18",9,2,61,0,2017,5,21,3,3,3,6,1,0,0,0,0,0,2,0,730012.3282,5381678.3663,12.116675348,48.54598841,1,#66c2a5,bicycle
79384,"9,17E+18",9,2,61,0,2017,5,10,3,3,5,3,1,1,0,0,0,0,0,1,736071596.0,5382990.67,12.199390824,48.555525463,1,#66c2a5,bicycle
79390,"9,17E+18",9,1,87,177,2017,5,17,3,3,5,3,1,1,0,0,0,0,0,0,735815.7341,5305486.2036,12.152859428,47.859396073,1,#66c2a5,bicycle
79396,"9,17E+18",9,1,79,130,2017,5,15,3,2,5,3,0,1,0,0,0,1,0,0,656621.8083,5335179.3792,11.105800572,48.15056364,2,#fc8d62,car
79397,"9,17E+18",9,1,79,134,2017,5,17,3,3,2,6,0,1,0,1,0,0,0,0,667917.3793,5342918.8264,11.260611569,48.217258739,2,#fc8d62,car
79398,"9,17E+18",9,1,81,139,2017,5,17,3,3,5,3,0,1,0,0,0,0,0,0,655652.7809,5324544.2952,11.088901451,48.055181203,2,#fc8d62,car
79399,"9,17E+18",9,1,75,127,2017,5,14,3,2,0,7,1,0,0,0,0,0,0,0,713392.5294,5341684.1239,11.871493194,48.192505072,1,#66c2a5,bicycle
79400,"9,17E+18",9,1,77,117,2017,5,14,3,3,4,2,0,1,0,0,0,0,0,0,714507.9061,5356103.0402,11.89379074,48.321688024,2,#fc8d62,car
79401,"9,17E+18",9,1,77,126,2017,5,13,3,3,4,2,0,1,0,0,0,1,0,0,719250.6,5370169996.0,11.965021703,48.446446751,2,#fc8d62,car
79402,"9,17E+18",9,1,77,115,2017,5,16,3,3,5,3,1,1,0,0,0,0,0,0,734092.02,5351058754.0,12.15479281,48.269429101,1,#66c2a5,bicycle
79403,"9,17E+18",9,1,77,123,2017,5,18,3,3,3,6,1,1,0,0,0,0,0,0,726131.3927,5344592.9432,12.044217977,48.214231416,1,#66c2a5,bicycle
79404,"9,17E+18",9,1,84,137,2017,5,14,2,3,4,6,1,1,0,0,0,0,0,0,705124.1302,5317992.2429,11.748988372,47.982318878,1,#66c2a5,bicycle
79405,"9,17E+18",9,1,62,0,2017,5,17,2,3,2,6,0,1,0,0,0,0,0,0,694505.6525,5335064114.0,11.614604509,48.139072667,2,#fc8d62,car
79406,"9,17E+18",9,1,84,136,2017,5,16,2,3,0,7,1,0,0,0,0,0,0,1,699184.5078,5327376.0048,11.67384036,48.068530734,1,#66c2a5,bicycle
79412,"9,17E+18",9,7,71,130,2017,5,23,2,3,9,1,0,1,0,0,0,0,2,1,646059.2818,5362804.6298,10.973422331,48.401467803,2,#fc8d62,car
79413,"9,17E+18",9,7,71,129,2017,5,11,2,3,0,1,0,0,0,1,0,0,0,0,653741.3739,5356866.0784,11.074975283,48.346249651,4,#e78ac3,marker
79414,"9,17E+18",9,7,61,0,2017,5,14,2,2,3,2,0,1,0,1,0,0,0,0,640577207.0,5360225993.0,10.898533583,48.379527937,2,#fc8d62,car
79415,"9,17E+18",9,7,71,144,2017,5,8,2,2,8,7,0,1,0,0,0,0,0,0,658635.4483,5374103.8324,11.147502301,48.500010687,2,#fc8d62,car
79443,"9,17E+18",9,1,86,162,2017,5,17,6,3,5,3,0,1,0,1,0,0,0,0,696123.2992,5384651.9016,11.65943901,48.58422165,2,#fc8d62,car
79444,"9,17E+18",9,1,62,0,2017,5,14,6,3,2,6,0,1,0,0,0,0,0,0,678348.2613,5336261.4659,11.398119775,48.154569911,2,#fc8d62,car
79445,"9,17E+18",9,1,88,113,2017,5,9,6,3,2,2,0,1,0,0,0,0,0,1,675930.9247,5315403.7306,11.357064678,47.96774388,2,#fc8d62,car
79446,"9,17E+18",9,1,81,122,2017,5,17,6,3,2,2,0,1,0,0,0,1,0,0,644830.1367,5333755.0898,10.946874279,48.140551444,2,#fc8d62,car
79447,"9,17E+18",9,1,79,123,2017,5,16,6,3,5,3,0,1,0,0,0,0,0,0,676629.8995,5334054.7807,11.374119421,48.135213109,2,#fc8d62,car
79448,"9,17E+18",9,1,88,121,2017,5,13,6,3,2,6,0,1,0,0,0,0,0,1,671264.1155,5330938.0438,11.300805883,48.108661214,2,#fc8d62,car
79449,"9,17E+18",9,1,79,136,2017,5,12,6,3,0,7,1,0,0,0,0,0,0,0,660462708.0,5341554.2085,11.159811531,48.206919202,1,#66c2a5,bicycle
79456,"9,17E+18",9,1,73,130,2017,5,21,2,1,8,1,0,1,0,0,0,0,2,1,682625.2146,5315437.2797,11.446683717,47.966170631,2,#fc8d62,car
79457,"9,17E+18",9,1,73,126,2017,5,17,2,3,8,1,0,1,0,0,0,0,0,1,683898.2927,5305947.0683,11.459673329,47.880498728,2,#fc8d62,car
79458,"9,17E+18",9,1,83,139,2017,5,15,2,3,1,3,0,1,0,0,0,0,0,0,735306405.0,5332976803.0,12.161117789,48.10654651,2,#fc8d62,car
79459,"9,17E+18",9,1,87,159,2017,5,15,2,3,0,1,1,0,0,0,0,0,0,0,730883.5631,5329723.7587,12.100033395,48.07893978,1,#66c2a5,bicycle
79460,"9,17E+18",9,1,87,167,2017,5,11,2,3,3,6,1,1,0,0,0,0,0,0,739786.5703,5303600.3112,12.204819348,47.840985212,1,#66c2a5,bicycle
79466,"9,17E+18",9,1,85,158,2017,5,2,2,2,4,1,0,1,0,0,0,0,2,1,667076.7627,5380787633.0,11.264363311,48.55790569,2,#fc8d62,car
79467,"9,17E+18",9,1,85,158,2017,5,6,2,2,8,1,0,1,0,0,0,0,1,0,661147.0393,5382439.1502,11.184700436,48.574304422,2,#fc8d62,car
79469,"9,17E+18",9,1,78,155,2017,5,15,2,1,4,1,0,1,0,0,0,0,0,0,711488359.0,5376772.9089,11.863528054,48.508430692,2,#fc8d62,car
79470,"9,17E+18",9,1,77,114,2017,5,11,2,3,0,1,1,0,0,0,0,0,0,0,722614.2728,5344576.2064,11.996928916,48.215324353,1,#66c2a5,bicycle
79471,"9,17E+18",9,1,62,0,2017,4,14,1,2,2,6,1,0,0,0,0,0,0,0,685865.3377,5335272.5797,11.498666957,48.143528996,1,#66c2a5,bicycle
79472,"9,17E+18",9,1,62,0,2017,4,8,1,3,8,1,0,1,0,0,0,0,0,0,691680107.0,5331698345.0,11.575149209,48.109678934,2,#fc8d62,car
79473,"9,17E+18",9,1,62,0,2017,4,19,1,3,5,3,0,1,0,0,0,0,0,0,686223.7649,5335255.6319,11.503473268,48.14327185,2,#fc8d62,car
79474,"9,17E+18",9,1,84,119,2017,5,17,6,3,2,6,0,1,0,0,0,0,0,0,693560.9503,5344910.4223,11.606404803,48.227855361,2,#fc8d62,car
79475,"9,17E+18",9,1,62,0,2017,4,21,1,3,5,3,0,1,0,0,0,0,2,0,694644.3944,5332071.6738,11.61510095,48.112135379,2,#fc8d62,car
79476,"9,17E+18",9,1,77,116,2017,5,16,6,3,2,6,0,1,0,0,0,0,0,0,710326.7659,5363997.7197,11.841403584,48.394030775,2,#fc8d62,car
79477,"9,17E+18",9,1,62,0,2017,4,1,1,3,0,1,0,1,0,0,0,0,2,0,693097.7756,5338099.6346,11.597076901,48.166783798,2,#fc8d62,car
79478,"9,17E+18",9,1,77,116,2017,5,14,6,3,1,1,0,1,0,0,0,1,0,0,709938.0591,5363902.7086,11.836111573,48.393306551,2,#fc8d62,car
79481,"9,17E+18",9,7,78,169,2017,4,15,1,3,8,1,1,0,0,0,0,0,0,0,618152.1487,5332524.5631,10.588073952,48.134999159,1,#66c2a5,bicycle
79483,"9,17E+18",9,1,77,115,2017,5,13,6,3,4,7,0,1,0,0,0,1,0,0,733330.5786,5350751.6437,12.144377742,48.266951167,2,#fc8d62,car
79485,"9,17E+18",9,1,62,0,2017,5,17,5,3,2,6,0,1,0,0,0,0,0,0,691308.7962,5331139.4839,11.569915406,48.104767542,2,#fc8d62,car
79486,"9,17E+18",9,1,62,0,2017,5,16,5,2,3,6,0,1,0,0,0,1,0,0,688137.43,5333829.9484,11.528543811,48.129894516,2,#fc8d62,car
79487,"9,17E+18",9,1,84,137,2017,5,16,5,3,2,6,0,1,0,0,0,0,0,0,706312278.0,5316868.0676,11.764352548,47.971834205,2,#fc8d62,car
79496,"9,17E+18",9,7,72,216,2017,4,14,1,3,4,7,1,0,0,0,0,0,0,0,623959.2591,5366230.6583,10.67598397,48.437010169,1,#66c2a5,bicycle
79497,"9,17E+18",9,7,72,200,2017,4,19,1,2,9,1,0,0,0,1,0,0,0,0,624429.7541,5341296.1953,10.674982282,48.212686468,4,#e78ac3,marker
79498,"9,17E+18",9,7,72,207,2017,4,13,1,3,5,3,1,1,0,0,0,0,0,0,640977771.0,5380737.2836,10.910854965,48.563864895,1,#66c2a5,bicycle
79544,"9,17E+18",9,1,87,142,2017,5,17,3,3,4,2,0,1,0,0,0,0,0,1,733573536.0,5311452284.0,12.126154334,47.913814021,2,#fc8d62,car
79546,"9,17E+18",9,1,87,117,2017,5,6,3,3,8,1,0,1,0,0,0,0,0,1,725420891.0,5302002.8744,12.012269243,47.831828971,2,#fc8d62,car
79549,"9,17E+18",9,1,85,113,2017,5,15,3,3,2,6,0,1,0,0,0,0,0,0,671316.8251,5379117.9977,11.321092751,48.541753373,2,#fc8d62,car
79552,"9,17E+18",9,1,62,0,2017,5,16,3,3,9,1,0,1,0,0,0,0,0,0,681173.4445,5341605.3609,11.438350682,48.201806332,2,#fc8d62,car
79553,"9,17E+18",9,1,81,128,2017,5,17,3,3,4,2,1,1,0,0,0,0,0,0,638977728.0,5327830158.0,10.866316648,48.088578535,1,#66c2a5,bicycle
79554,"9,17E+18",9,1,62,0,2017,5,12,3,3,2,6,0,1,0,0,0,1,0,0,695373.0224,5344163.6966,11.630434648,48.220588787,2,#fc8d62,car
79555,"9,17E+18",9,1,78,143,2017,5,11,3,2,2,6,1,0,0,0,0,1,0,0,716912.0965,5372301.9479,11.934545166,48.466411653,1,#66c2a5,bicycle
79556,"9,17E+18",9,1,75,115,2017,5,18,3,2,9,1,0,1,0,0,0,0,0,0,716517997.0,5337332.0774,11.91127847,48.152343036,2,#fc8d62,car
79557,"9,17E+18",9,1,75,112,2017,5,16,3,3,5,3,0,1,0,0,0,0,0,0,721742873.0,5320325064.0,11.972611791,47.997736615,2,#fc8d62,car
79558,"9,17E+18",9,1,75,115,2017,5,11,3,3,0,1,0,1,0,0,0,0,0,1,720545663.0,5331309323.0,11.962243651,48.09684524,2,#fc8d62,car
79559,"9,17E+18",9,1,62,0,2017,5,17,2,3,5,2,0,1,0,0,0,0,0,1,688307.88,5340199455.0,11.533651488,48.187094136,2,#fc8d62,car
79560,"9,17E+18",9,1,62,0,2017,5,8,2,3,2,6,0,1,0,0,0,0,2,0,688257.6044,5331628.6859,11.529185322,48.110073555,2,#fc8d62,car
79561,"9,17E+18",9,1,62,0,2017,5,9,2,3,5,3,0,1,0,0,0,0,0,1,694645.5372,5332073.1148,11.615116944,48.112147981,2,#fc8d62,car
79570,"9,17E+18",9,7,61,0,2017,5,12,2,3,9,1,0,1,0,0,0,0,0,1,637675.2099,5360873.8593,10.85957527,48.385993387,2,#fc8d62,car