OBJECTID,UIDENTSTLA,ULAND,UREGBEZ,UKREIS,UGEMEINDE,UJAHR,UMONAT,USTUNDE,UWOCHENTAG,UKATEGORIE,UART,UTYP1,IstRad,IstPKW,IstFuss,IstKrad,IstGkfz,IstSonstig,ULICHTVERH,STRZUSTAND,LINREFX,LINREFY,XGCSWGS84,YGCSWGS84,Teilnehmer,color,symbol
80189,"9,17E+18",9,7,77,158,2017,5,17,5,3,5,3,0,1,0,0,0,0,0,0,621565486.0,5309216349.0,10.627318835,47.924733951,2,#fc8d62,car
80191,"9,17E+18",9,7,72,147,2017,5,20,5,3,8,7,0,1,0,0,0,0,1,1,635341.8093,5364371819.0,10.829202725,48.417951913,2,#fc8d62,car
80192,"9,17E+18",9,7,72,147,2017,5,14,5,3,3,3,0,1,0,0,0,1,0,0,638642.7961,5363617.2431,10.873543073,48.410449271,2,#fc8d62,car
80193,"9,17E+18",9,7,72,111,2017,5,9,5,2,2,6,0,1,0,0,0,0,0,0,627511.8357,5364065.0691,10.723335346,48.416826809,2,#fc8d62,car
80194,"9,17E+18",9,7,71,122,2017,5,16,5,2,4,2,0,1,0,1,0,0,0,0,651934.4622,5360976.0547,11.052089094,48.38363899,2,#fc8d62,car
80195,"9,17E+18",9,7,61,0,2017,5,21,5,3,6,4,0,1,1,0,0,0,2,1,641307.8833,5355857.1768,10.906928646,48.340081937,2,#fc8d62,car
80196,"9,17E+18",9,7,71,155,2017,5,15,5,2,5,3,0,1,0,0,0,1,0,0,648907.6558,5375095.1092,11.016255155,48.511304011,2,#fc8d62,car
80197,"9,17E+18",9,7,71,158,2017,5,7,5,2,5,2,1,1,0,0,0,0,0,0,638644.4827,5372476.6293,10.876499661,48.490109453,1,#66c2a5,bicycle
80206,"9,17E+18",9,1,85,158,2017,5,12,2,2,6,4,0,1,1,0,0,0,0,0,666952.1288,5381002.1402,11.262761584,48.559867153,2,#fc8d62,car
80207,"9,17E+18",9,1,74,113,2017,5,18,2,3,9,1,0,1,0,0,0,0,0,1,669857.3791,5348727.2423,11.289037375,48.268957882,2,#fc8d62,car
80208,"9,17E+18",9,1,74,141,2017,5,21,2,3,6,6,1,0,1,0,0,0,2,0,681849.5788,5355766.8976,11.453530404,48.328904462,1,#66c2a5,bicycle
80209,"9,17E+18",9,1,75,127,2017,5,19,2,2,0,1,0,0,0,1,0,0,0,1,713125.7915,5341496.6262,11.867814446,48.190909848,4,#e78ac3,marker
80210,"9,17E+18",9,1,75,118,2017,5,7,2,3,5,2,0,1,0,0,0,0,0,0,715563611.0,5338103.9225,11.898853949,48.159602537,2,#fc8d62,car
80216,"9,17E+18",9,1,78,130,2017,5,17,2,3,2,1,0,1,0,0,0,0,0,0,702734483.0,5358481514.0,11.736300838,48.346946603,2,#fc8d62,car
80217,"9,17E+18",9,1,78,130,2017,5,6,2,3,0,7,0,0,0,1,0,1,0,1,700941.6892,5354151.4386,11.710067849,48.308606789,4,#e78ac3,marker
80231,"9,17E+18",9,1,78,143,2017,5,17,2,3,1,6,0,1,0,0,0,0,0,0,721219.1171,5374105.8222,11.993685837,48.481118309,2,#fc8d62,car
80234,"9,17E+18",9,1,77,130,2017,5,8,2,2,4,6,0,1,0,1,0,1,0,0,709646262.0,5350839778.0,11.825675991,48.276024258,2,#fc8d62,car
80235,"9,17E+18",9,1,77,135,2017,5,17,2,3,5,3,1,1,0,0,0,0,0,0,720339243.0,5342637003.0,11.965337447,48.198694888,1,#66c2a5,bicycle
80236,"9,17E+18",9,1,77,130,2017,5,16,2,3,4,6,0,1,0,0,0,0,0,0,711007.0389,5350987.7587,11.84406742,48.276902056,2,#fc8d62,car
80237,"9,17E+18",9,1,75,123,2017,5,14,2,2,1,1,0,1,0,0,0,1,0,1,725247.9049,5336430.8064,12.028016341,48.141214378,2,#fc8d62,car
80238,"9,17E+18",9,1,62,0,2017,5,14,1,3,0,1,1,0,0,0,0,0,0,1,699822.7306,5332925.3481,11.684995123,48.118203968,1,#66c2a5,bicycle
80244,"9,17E+18",9,7,62,0,2017,5,23,1,3,8,1,0,1,0,0,0,0,2,1,620453.8077,5303071.4602,10.610728158,47.869678013,2,#fc8d62,car
80258,"9,17E+18",9,7,72,223,2017,5,14,1,3,8,1,0,1,0,0,0,0,0,1,619503.8883,5363145.8651,10.614891503,48.410130215,2,#fc8d62,car
80260,"9,17E+18",9,7,61,0,2017,5,19,1,3,2,6,0,1,0,0,0,0,0,1,641443.8213,5354480.2058,10.908299813,48.327670256,2,#fc8d62,car
80292,"9,17E+18",9,1,73,137,2017,5,10,5,3,8,1,0,0,0,1,0,0,0,0,675298.9733,5303820.6899,11.343895237,47.863788423,4,#e78ac3,marker
80294,"9,17E+18",9,1,73,126,2017,5,8,5,3,2,6,0,1,0,0,0,0,0,0,683687.7726,5306262.9076,11.456994592,47.883398098,2,#fc8d62,car
80305,"9,17E+18",9,1,87,169,2017,5,17,5,3,2,6,0,1,0,0,0,0,0,0,736128.0786,5302335.8152,12.155310276,47.830979037,2,#fc8d62,car
80307,"9,17E+18",9,1,85,158,2017,5,15,5,3,0,7,1,0,0,0,0,0,0,0,666693.9022,5381188.6459,11.259339288,48.561612414,1,#66c2a5,bicycle
80309,"9,17E+18",9,1,86,162,2017,5,18,5,3,5,3,1,1,0,0,0,0,0,0,694043.05,5385799543.0,11.631797835,48.595182978,1,#66c2a5,bicycle
80312,"9,17E+18",9,1,88,137,2017,5,16,5,3,4,6,0,1,0,0,0,1,0,0,670414455.0,5315008.0908,11.283061726,47.965679503,2,#fc8d62,car
80313,"9,17E+18",9,1,81,128,2017,5,21,5,3,4,2,0,1,0,0,0,1,2,0,638561604.0,5327018766.0,10.860468392,48.081372853,2,#fc8d62,car
80321,"9,17E+18",9,1,79,126,2017,5,15,5,3,4,6,0,1,0,0,0,0,0,0,675849.3102,5340600.7397,11.366343258,48.194272578,2,#fc8d62,car
80322,"9,17E+18",9,1,88,121,2017,5,16,5,3,2,6,0,1,0,0,0,0,0,0,671982.1715,5329706.9929,11.309948165,48.097400959,2,#fc8d62,car
80323,"9,17E+18",9,1,84,119,2017,5,23,5,3,2,6,0,1,0,0,0,0,2,0,695845.5356,5346125.9807,11.637696167,48.238078729,2,#fc8d62,car
80324,"9,17E+18",9,1,75,133,2017,5,7,5,3,3,2,0,0,0,1,0,1,0,0,706373.4104,5340946.7387,11.776799992,48.188198139,4,#e78ac3,marker
80325,"9,17E+18",9,1,77,126,2017,5,13,5,3,9,7,0,1,0,0,0,0,0,0,717182.9059,5369352.2077,11.936673824,48.439815877,2,#fc8d62,car
80326,"9,17E+18",9,1,84,119,2017,5,7,4,3,5,3,0,1,0,0,0,0,0,0,697268.2549,5348896.8824,11.658127555,48.262540135,2,#fc8d62,car
80327,"9,17E+18",9,1,62,0,2017,5,12,4,3,0,7,0,0,0,1,0,1,0,1,694995.8674,5341348.2662,11.624068461,48.195401379,4,#e78ac3,marker
80328,"9,17E+18",9,1,84,148,2017,5,22,4,3,4,6,0,1,0,0,0,0,2,0,696628.3444,5326467.7646,11.639146951,48.061160947,2,#fc8d62,car
80329,"9,17E+18",9,1,84,135,2017,5,7,4,3,2,6,0,1,0,0,0,0,0,0,686276.3516,5347532.2489,11.509566326,48.253601801,2,#fc8d62,car
80330,"9,17E+18",9,1,62,0,2017,5,18,4,3,2,6,0,1,0,0,0,0,0,0,695052.1005,5341494.1219,11.624891373,48.196694978,2,#fc8d62,car
80338,"9,17E+18",9,7,78,169,2017,5,4,4,3,5,3,1,1,0,0,0,0,2,0,617173.4164,5331658.1327,10.574685753,48.127387836,1,#66c2a5,bicycle
80339,"9,17E+18",9,7,77,158,2017,5,19,4,2,4,6,0,0,0,1,0,1,0,0,617748.7125,5312890.2581,10.577251538,47.958489119,4,#e78ac3,marker
80340,"9,17E+18",9,7,62,0,2017,5,7,4,3,5,3,0,1,0,0,0,0,0,0,621967.8551,5304623.3476,10.631404008,47.883349513,2,#fc8d62,car
80344,"9,17E+18",9,7,73,139,2017,5,8,4,3,6,4,0,1,1,0,0,0,0,0,615271.0671,5385945.0343,10.564013806,48.615952441,2,#fc8d62,car
80346,"9,17E+18",9,7,72,147,2017,5,17,4,2,1,6,0,1,0,0,0,0,0,0,638558.1712,5363865.2833,10.872482048,48.412698192,2,#fc8d62,car
80348,"9,17E+18",9,7,61,0,2017,5,7,4,3,2,6,0,1,0,0,0,0,0,0,639542.2346,5351979819.0,10.881831599,48.30560989,2,#fc8d62,car
80350,"9,17E+18",9,7,72,200,2017,5,11,4,2,1,6,0,1,0,0,0,0,0,0,630032.7034,5337354.6639,10.749162168,48.17611819,2,#fc8d62,car
80351,"9,17E+18",9,7,72,207,2017,5,21,4,2,8,1,0,0,0,1,0,0,2,0,644407.6214,5380255.1603,10.957148949,48.558749387,4,#e78ac3,marker
80352,"9,17E+18",9,7,71,130,2017,5,16,4,3,1,6,0,1,0,0,0,0,0,0,644669.7401,5363072.3228,10.954751766,48.404195109,2,#fc8d62,car
80353,"9,17E+18",9,7,71,176,2017,5,16,4,2,8,1,0,0,0,1,0,0,0,0,645009.1197,5382364.3248,10.966031274,48.577574046,4,#e78ac3,marker
80355,"9,17E+18",9,7,71,169,2017,5,10,4,3,5,2,0,1,0,0,0,1,0,0,641045.0868,5375280.4404,10.909919541,48.514785474,2,#fc8d62,car
80393,"9,17E+18",9,2,74,126,2017,5,13,7,2,5,3,0,1,0,0,0,1,0,0,733007047.0,5386142712.0,12.15968964,48.584984948,2,#fc8d62,car
80394,"9,17E+18",9,2,61,0,2017,5,12,7,3,0,7,1,0,1,0,0,0,0,0,734572.9561,5381778.6715,12.178430394,48.54520099,1,#66c2a5,bicycle
80410,"9,17E+18",9,1,73,130,2017,5,12,7,2,0,7,1,1,0,0,0,0,0,0,682002578.0,5314002995.0,11.437742924,47.953455035,1,#66c2a5,bicycle
80422,"9,17E+18",9,2,74,114,2017,5,15,5,3,5,3,0,1,0,0,0,0,0,0,734190.1266,5372080.62,12.167812922,48.458230178,2,#fc8d62,car
80427,"9,17E+18",9,1,63,0,2017,5,16,7,3,1,7,1,1,0,0,0,0,0,0,734740.0836,5304894.8888,12.138179429,47.85447756,1,#66c2a5,bicycle
80429,"9,17E+18",9,1,86,143,2017,5,10,7,3,2,6,0,1,0,0,0,0,0,0,687878.5614,5377486.2671,11.544524244,48.522347862,2,#fc8d62,car
80435,"9,17E+18",9,1,73,137,2017,5,9,5,3,5,3,0,1,0,0,0,0,0,0,676656.1276,5299277.1916,11.36017113,47.822571592,2,#fc8d62,car
80438,"9,17E+18",9,1,79,134,2017,5,17,7,3,2,6,0,0,0,1,0,0,0,0,667923.1889,5342918.8375,11.260689723,48.217257302,4,#e78ac3,marker
80439,"9,17E+18",9,1,81,145,2017,5,3,7,3,8,1,0,1,0,0,0,0,2,0,644620.2248,5330821.3887,10.943058579,48.114219929,2,#fc8d62,car
80440,"9,17E+18",9,1,75,132,2017,5,18,7,2,5,3,0,1,0,1,0,0,0,0,707796.9382,5333560.5614,11.792323794,48.121360183,2,#fc8d62,car
80441,"9,17E+18",9,1,75,124,2017,5,17,7,2,5,1,1,1,0,0,0,0,0,0,712623.0822,5329405.7707,11.855023923,48.082432715,1,#66c2a5,bicycle
80442,"9,17E+18",9,1,62,0,2017,5,7,6,3,5,3,0,1,0,0,0,0,0,0,682718.4547,5336152.1005,11.456780267,48.152346297,2,#fc8d62,car
80451,"9,17E+18",9,1,84,135,2017,5,7,6,3,5,2,0,1,0,1,0,0,0,0,687853.4793,5347463.3906,11.530761828,48.252517404,2,#fc8d62,car
80452,"9,17E+18",9,1,84,148,2017,5,10,5,3,1,6,0,1,0,0,0,1,0,0,693357.8728,5325860.8094,11.595023367,48.056705202,2,#fc8d62,car
80454,"9,17E+18",9,1,63,0,2017,5,10,5,3,0,7,1,0,0,0,0,0,0,0,733714.4611,5303609.2825,12.123794942,47.843301374,1,#66c2a5,bicycle
80457,"9,17E+18",9,1,87,129,2017,5,15,5,3,5,2,0,1,0,0,0,0,0,0,725643.6098,5300602.4705,12.014511847,47.819168265,2,#fc8d62,car
80458,"9,17E+18",9,1,87,122,2017,5,7,5,3,5,3,0,1,0,1,0,0,0,0,720754956.0,5305167434.0,11.951619606,47.861882329,2,#fc8d62,car
80459,"9,17E+18",9,1,87,117,2017,5,16,5,3,0,6,0,1,0,1,0,0,0,0,725368.0106,5302550.4029,12.011848548,47.836767046,2,#fc8d62,car
80460,"9,17E+18",9,1,87,179,2017,5,10,5,3,2,6,0,1,0,0,0,0,0,0,723321.0904,5308908922.0,11.987816317,47.894613417,2,#fc8d62,car
80463,"9,17E+18",9,1,79,142,2017,5,8,5,3,3,1,0,1,0,0,0,0,0,0,674832.3428,5344546.5959,11.35429659,48.230023666,2,#fc8d62,car
80464,"9,17E+18",9,1,88,139,2017,5,7,5,3,2,6,0,1,0,0,0,0,0,0,674207.2711,5318285.9163,11.335160527,47.994125401,2,#fc8d62,car
80465,"9,17E+18",9,1,81,141,2017,5,16,5,3,5,3,0,1,0,0,0,0,0,0,643235434.0,5321462.83,10.921327678,48.03038076,2,#fc8d62,car
80467,"9,17E+18",9,1,88,121,2017,5,15,5,3,5,3,1,1,0,0,0,0,0,0,671574.0625,5330660.8663,11.304854827,48.10608605,1,#66c2a5,bicycle
80468,"9,17E+18",9,1,74,146,2017,5,14,5,3,1,6,0,1,0,0,0,0,0,0,668152199.0,5348740434.0,11.266081983,48.26953145,2,#fc8d62,car
80470,"9,17E+18",9,1,75,133,2017,5,8,5,2,4,2,0,1,0,1,0,0,0,0,707924177.0,5343154368.0,11.798721309,48.207530522,2,#fc8d62,car
80472,"9,17E+18",9,1,78,120,2017,5,13,5,3,0,1,0,1,0,1,0,0,0,0,695917.0502,5352071.9575,11.641412191,48.291494377,2,#fc8d62,car
80473,"9,17E+18",9,7,62,0,2017,5,7,6,3,5,3,1,1,0,0,0,0,0,0,621476.3413,5304006.7463,10.62465897,47.877897156,1,#66c2a5,bicycle
80474,"9,17E+18",9,1,77,126,2017,5,18,5,3,2,6,0,1,0,0,0,0,0,0,717122.6036,5368564.1043,11.935451248,48.432755815,2,#fc8d62,car
80476,"9,17E+18",9,1,77,126,2017,5,14,5,3,2,6,1,1,0,0,0,0,0,0,717241.3401,5369433.2917,11.937504911,48.440524234,1,#66c2a5,bicycle
80478,"9,17E+18",9,1,77,135,2017,5,13,5,2,0,6,0,0,0,1,0,0,0,0,718998.5438,5344528.9236,11.948295459,48.216157435,4,#e78ac3,marker
80479,"9,17E+18",9,1,75,115,2017,5,16,5,2,5,3,0,1,0,1,0,0,0,0,720981.9386,5329444.7741,11.967130662,48.079941209,2,#fc8d62,car
80480,"9,17E+18",9,1,84,113,2017,5,9,4,2,5,3,1,1,0,0,0,0,0,0,683663585.0,5317566591.0,11.461491926,47.985013762,1,#66c2a5,bicycle
80484,"9,17E+18",9,7,72,223,2017,5,16,6,3,9,1,0,1,0,0,0,0,0,1,616338.3469,5362676.1096,10.572001343,48.406497949,2,#fc8d62,car
80485,"9,17E+18",9,7,71,130,2017,5,1,6,3,8,1,0,1,0,0,0,0,2,0,646139.5529,5362806.2941,10.974506791,48.401464165,2,#fc8d62,car
80486,"9,17E+18",9,1,84,138,2017,5,17,4,3,3,2,1,1,0,0,0,0,0,0,679899.3218,5331075.2001,11.416766847,48.107513901,1,#66c2a5,bicycle
80487,"9,17E+18",9,7,72,209,2017,5,17,6,3,1,6,0,1,0,0,0,0,0,0,634417.6306,5335942.1874,10.807670383,48.16250411,2,#fc8d62,car
80488,"9,17E+18",9,7,61,0,2017,5,18,6,3,2,6,0,1,0,0,0,1,0,0,642824.4545,5360295.6722,10.928889206,48.379649744,2,#fc8d62,car
80490,"9,17E+18",9,1,84,136,2017,5,18,4,3,5,2,1,1,0,0,0,0,0,0,698534.4191,5326409.4287,11.664674687,48.060046441,1,#66c2a5,bicycle
80491,"9,17E+18",9,1,62,0,2017,5,8,4,3,5,3,1,1,0,0,0,0,0,0,681630.3278,5335758.4922,11.441995483,48.14911992,1,#66c2a5,bicycle
80492,"9,17E+18",9,1,62,0,2017,5,9,4,3,0,7,1,0,1,0,0,0,0,0,692117736.0,5342170.6692,11.585750744,48.20367009,1,#66c2a5,bicycle
80493,"9,17E+18",9,1,84,123,2017,5,17,4,3,2,6,0,1,0,0,0,0,0,0,702906.4003,5331916.4257,11.725901813,48.1081619,2,#fc8d62,car
80494,"9,17E+18",9,1,84,135,2017,5,7,4,3,1,6,0,0,0,0,0,1,0,0,692054.9461,5344761.8374,11.586079833,48.226977672,6,#ffd92f,circle
80495,"9,17E+18",9,1,84,147,2017,5,18,4,3,4,6,0,1,0,0,0,0,0,0,700194.93,5341256.5373,11.693910022,48.192959473,2,#fc8d62,car
80496,"9,17E+18",9,1,62,0,2017,5,18,4,3,2,6,0,1,0,0,0,0,0,0,688238738.0,5331615439.0,11.528926268,48.109960064,2,#fc8d62,car
80503,"9,17E+18",9,7,78,169,2017,5,13,4,3,4,2,0,0,0,1,0,1,0,0,617370.1127,5332444.8103,10.577544836,48.134426632,4,#e78ac3,marker
80516,"9,17E+18",9,7,62,0,2017,5,16,4,3,6,2,0,1,1,0,0,0,0,0,622178.8378,5307855.7475,10.635140203,47.912380565,2,#fc8d62,car
80526,"9,17E+18",9,7,73,139,2017,5,6,4,3,5,3,0,1,0,1,0,0,0,0,615416.9733,5385917.1217,10.565984946,48.61567453,2,#fc8d62,car
80527,"9,17E+18",9,7,71,122,2017,5,21,4,2,2,6,0,0,0,1,0,1,2,0,651132.5294,5362363.7704,11.041764305,48.396308372,4,#e78ac3,marker
80528,"9,17E+18",9,7,72,223,2017,5,18,4,2,0,2,0,1,0,1,0,0,0,0,615547579.0,5363589677.0,10.561571972,48.414859303,2,#fc8d62,car
80529,"9,17E+18",9,7,61,0,2017,5,9,4,3,3,7,0,1,0,0,0,1,0,0,641035892.0,5356923259.0,10.903617331,48.349728576,2,#fc8d62,car
80530,"9,17E+18",9,7,61,0,2017,5,18,4,3,2,1,0,1,0,0,0,0,0,0,641593.6194,5357762.7689,10.91142327,48.35715234,2,#fc8d62,car
80588,"9,17E+18",9,2,61,0,2017,5,16,4,3,0,1,1,0,0,0,0,0,0,0,735501.9807,5382325.6299,12.191307457,48.54976597,1,#66c2a5,bicycle
80589,"9,17E+18",9,1,62,0,2017,5,18,4,2,0,6,0,0,0,1,0,0,0,0,686005.6264,5330517.2861,11.498476177,48.100745401,4,#e78ac3,marker
80590,"9,17E+18",9,1,73,147,2017,5,17,4,2,6,4,0,1,1,0,0,0,0,0,682059.7696,5309599.1942,11.43664664,47.913852399,2,#fc8d62,car
80619,"9,17E+18",9,1,63,0,2017,5,16,4,3,3,6,0,1,0,0,0,1,0,0,734477.5228,5304397.1211,12.134404997,47.85010148,2,#fc8d62,car
80621,"9,17E+18",9,1,82,127,2017,5,16,4,3,2,6,0,1,0,0,0,0,0,0,699914.6924,5309649.6518,11.675378757,47.908989294,2,#fc8d62,car
80622,"9,17E+18",9,1,82,137,2017,5,14,4,3,0,7,1,0,0,0,0,0,0,0,711401.1744,5302933.2128,11.825623183,47.844950247,1,#66c2a5,bicycle
80623,"9,17E+18",9,1,82,120,2017,5,19,4,3,2,6,0,1,0,1,0,0,0,0,703504.3433,5307257.0985,11.722233775,47.886358253,2,#fc8d62,car
80637,"9,17E+18",9,1,88,139,2017,5,22,6,2,2,6,0,1,0,0,0,0,2,1,680601.4602,5319711.8702,11.421393659,48.005169807,2,#fc8d62,car
80642,"9,17E+18",9,1,62,0,2017,5,19,4,3,2,6,0,1,0,0,0,1,1,0,686318.8953,5333320.4621,11.503904506,48.125849973,2,#fc8d62,car
80643,"9,17E+18",9,1,81,146,2017,5,14,4,2,3,6,0,1,0,0,0,1,0,0,651257.2554,5326156383.0,11.030521491,48.070733235,2,#fc8d62,car
80644,"9,17E+18",9,1,88,121,2017,5,8,4,3,2,6,0,1,0,0,0,0,0,0,670465.3895,5329181.9025,11.289383039,48.093088052,2,#fc8d62,car
80645,"9,17E+18",9,1,88,113,2017,5,18,4,2,0,7,1,0,0,0,0,0,0,0,676611.68,5314163.5425,11.365667817,47.956407662,1,#66c2a5,bicycle
80646,"9,17E+18",9,1,81,130,2017,5,14,4,2,5,3,0,1,0,1,0,0,0,0,642561.4883,5321635.3736,10.912350176,48.032083087,2,#fc8d62,car
80647,"9,17E+18",9,1,81,141,2017,5,7,4,3,2,2,0,1,0,0,0,0,0,0,644580.6584,5318663.9809,10.938417592,48.004910387,2,#fc8d62,car
80648,"9,17E+18",9,1,79,145,2017,5,13,4,3,5,3,1,1,0,0,0,0,0,0,673864052.0,5336667531.0,11.338042548,48.159461993,1,#66c2a5,bicycle
80649,"9,17E+18",9,1,88,121,2017,5,18,4,3,5,3,0,1,0,0,0,0,0,0,671948934.0,5329724.39,11.309509126,48.097566324,2,#fc8d62,car
80650,"9,17E+18",9,1,74,111,2017,5,16,4,2,3,2,0,0,0,1,0,1,0,0,666688.3009,5359614.7367,11.250667894,48.367675657,4,#e78ac3,marker
80652,"9,17E+18",9,1,73,134,2017,5,16,6,3,5,3,0,1,0,0,0,0,0,1,685913.3125,5299469.4895,11.483814871,47.821691824,2,#fc8d62,car
80653,"9,17E+18",9,1,78,113,2017,5,11,4,3,2,6,0,0,0,0,0,1,0,0,691605.6348,5365931.4722,11.589655465,48.417375942,6,#ffd92f,circle
80654,"9,17E+18",9,2,74,121,2017,5,19,4,2,8,1,0,0,0,1,0,0,0,0,721649.9886,5371634.5822,11.998198983,48.458764686,4,#e78ac3,marker
80655,"9,17E+18",9,1,78,137,2017,5,13,4,3,1,1,1,1,0,0,0,0,0,0,692333989.0,5362497244.0,11.597915816,48.386289655,1,#66c2a5,bicycle
80657,"9,17E+18",9,1,78,138,2017,5,17,4,3,5,2,0,1,0,1,0,0,0,0,712490.2409,5367820.1969,11.872528432,48.427651466,2,#fc8d62,car
80658,"9,17E+18",9,1,78,157,2017,5,14,4,2,8,1,0,1,0,0,0,0,0,0,706016.9075,5370448.6659,11.786421115,48.453420732,2,#fc8d62,car
80659,"9,17E+18",9,1,77,137,2017,5,16,4,3,2,6,0,0,0,1,0,1,0,0,729999.7879,5347401.6239,12.097740384,48.238073783,4,#e78ac3,marker
80660,"9,17E+18",9,1,84,145,2017,5,20,3,3,5,3,0,1,0,1,0,0,1,0,697817.4916,5324329109.0,11.65410143,48.041572355,2,#fc8d62,car
80661,"9,17E+18",9,1,84,132,2017,5,18,3,3,2,6,0,1,0,0,0,0,0,0,679978.2577,5327258845.0,11.416217818,48.073186272,2,#fc8d62,car
80662,"9,17E+18",9,1,84,145,2017,5,17,3,3,4,2,0,1,0,0,0,0,0,0,696496536.0,5322575.2645,11.635593253,48.026217388,2,#fc8d62,car
80663,"9,17E+18",9,1,84,121,2017,5,7,3,2,5,3,1,1,0,0,0,0,0,0,704341.8184,5328732.1638,11.743638876,48.079087052,1,#66c2a5,bicycle
80664,"9,17E+18",9,1,84,119,2017,5,9,3,3,5,3,1,1,0,0,0,0,0,0,696401.9585,5346624764.0,11.645413201,48.242389312,1,#66c2a5,bicycle
80666,"9,17E+18",9,1,62,0,2017,5,10,3,3,5,6,0,1,0,0,0,0,0,0,690220539.0,5339024611.0,11.558833567,48.175964894,2,#fc8d62,car
80668,"9,17E+18",9,1,62,0,2017,5,19,3,3,5,3,0,1,0,0,0,0,1,0,687946.9072,5343103.9334,11.530085567,48.213306764,2,#fc8d62,car
80670,"9,17E+18",9,1,62,0,2017,5,20,3,3,3,1,1,0,0,0,0,0,0,0,698174.6989,5329812341.0,11.661429876,48.090741449,1,#66c2a5,bicycle
80672,"9,17E+18",9,1,84,114,2017,5,14,6,3,2,6,0,1,0,0,0,0,0,0,700685.8171,5315798.9151,11.688552345,47.964014281,2,#fc8d62,car
80673,"9,17E+18",9,1,87,177,2017,5,9,6,3,3,2,1,1,0,0,0,0,0,0,736008.6729,5305638.1684,12.155517906,47.860690461,1,#66c2a5,bicycle
80675,"9,17E+18",9,1,87,117,2017,5,17,6,3,0,3,0,0,0,1,0,1,0,0,723492.4011,5306210.2617,11.988708734,47.870306023,4,#e78ac3,marker
80686,"9,17E+18",9,7,77,130,2017,5,17,3,3,4,2,0,1,0,0,0,0,0,0,624603.8326,5308946774.0,10.667895647,47.921726101,2,#fc8d62,car
80690,"9,17E+18",9,7,73,139,2017,5,13,3,3,1,6,0,1,0,0,0,0,0,0,615533.7848,5386075.5768,10.567613361,48.617077935,2,#fc8d62,car
80693,"9,17E+18",9,7,72,131,2017,5,9,3,1,6,4,0,0,1,0,0,1,0,0,617719.1603,5355881.7872,10.588749224,48.345139351,3,#8da0cb,toilet
80694,"9,17E+18",9,7,72,168,2017,5,17,3,3,2,6,0,1,0,1,0,0,0,0,619122.4139,5347197.5083,10.605228418,48.266777114,2,#fc8d62,car
80695,"9,17E+18",9,7,71,130,2017,5,21,3,3,5,3,0,1,0,0,0,0,2,0,647032.7642,5357549902.0,10.984728917,48.353995294,2,#fc8d62,car
80696,"9,17E+18",9,7,61,0,2017,5,15,3,3,2,1,0,1,0,0,0,1,0,0,641286.3175,5352326.9878,10.905454672,48.308344384,2,#fc8d62,car
80697,"9,17E+18",9,7,61,0,2017,5,11,3,3,5,3,1,1,0,0,0,0,0,0,640836788.0,5360481.3731,10.902122868,48.381766328,1,#66c2a5,bicycle
80698,"9,17E+18",9,7,61,0,2017,5,13,3,3,3,6,0,1,0,0,0,0,0,0,640377.1569,5360391.4163,10.895888644,48.381059909,2,#fc8d62,car
80702,"9,17E+18",9,1,86,152,2017,5,17,6,2,5,3,0,1,0,0,0,0,0,1,690922.6418,5381076.6361,11.587353108,48.553696839,2,#fc8d62,car
80710,"9,17E+18",9,1,62,0,2017,5,17,6,3,2,6,0,1,0,0,0,0,0,0,678171.9396,5334854.9206,11.395162332,48.141975784,2,#fc8d62,car
80711,"9,17E+18",9,1,81,124,2017,5,22,6,3,4,6,0,1,0,0,0,0,2,1,646747.8778,5319540.4146,10.967756134,48.012297307,2,#fc8d62,car
80712,"9,17E+18",9,1,81,130,2017,5,11,6,3,5,3,1,1,0,0,0,0,0,0,639370.3033,5322928.2407,10.869987638,48.044413395,1,#66c2a5,bicycle
80718,"9,17E+18",9,1,81,131,2017,5,23,6,2,8,1,0,1,0,0,0,0,2,0,636232.9171,5333989.7973,10.831444715,48.144561127,2,#fc8d62,car
80719,"9,17E+18",9,1,81,127,2017,5,15,6,2,5,3,0,0,0,0,0,1,0,0,636221.9675,5326361.8837,10.828861359,48.07597008,6,#ffd92f,circle
80733,"9,17E+18",9,1,74,143,2017,5,22,6,3,5,3,0,1,0,1,0,0,2,1,675958.6806,5352040.6159,11.37256772,48.297076403,2,#fc8d62,car
80736,"9,17E+18",9,1,74,113,2017,5,15,6,2,5,3,0,1,0,1,0,0,0,0,677500694.0,5346720.92,11.391107609,48.248827495,2,#fc8d62,car
80737,"9,17E+18",9,1,74,131,2017,5,11,6,3,5,3,0,1,0,0,0,0,0,0,678365.0875,5357444.7577,11.407271209,48.344979127,2,#fc8d62,car
80738,"9,17E+18",9,1,84,121,2017,5,15,6,3,2,6,0,1,0,0,0,0,0,0,703803.1242,5328907.4593,11.736498154,48.08083479,2,#fc8d62,car
80739,"9,17E+18",9,1,77,116,2017,5,14,6,3,1,6,0,0,0,1,0,1,0,0,714302.5291,5365688.7896,11.895906433,48.407886856,4,#e78ac3,marker
80740,"9,17E+18",9,1,78,143,2017,5,21,6,2,8,1,0,1,0,0,0,0,2,0,718317247.0,5371409.1611,11.953063127,48.457904394,2,#fc8d62,car