OBJECTID,UIDENTSTLA,ULAND,UREGBEZ,UKREIS,UGEMEINDE,UJAHR,UMONAT,USTUNDE,UWOCHENTAG,UKATEGORIE,UART,UTYP1,IstRad,IstPKW,IstFuss,IstKrad,IstGkfz,IstSonstig,ULICHTVERH,STRZUSTAND,LINREFX,LINREFY,XGCSWGS84,YGCSWGS84,Teilnehmer,color,symbol
80741,"9,17E+18",9,1,77,119,2017,5,15,6,3,9,1,0,1,0,0,0,0,0,1,719940.7943,5339892.1724,11.958561565,48.174171033,2,#fc8d62,car
80742,"9,17E+18",9,1,75,121,2017,5,19,6,3,2,6,0,1,0,0,0,0,0,1,713571.2381,5318828.1602,11.862465255,47.987066795,2,#fc8d62,car
80743,"9,17E+18",9,1,75,121,2017,5,12,6,3,5,2,1,1,0,0,0,0,0,0,713562.9741,5318818.3188,11.862349743,47.986981119,1,#66c2a5,bicycle
80744,"9,17E+18",9,1,77,127,2017,5,8,6,3,5,2,0,1,0,0,0,0,0,0,725682353.0,5353123048.0,12.042729294,48.291026621,2,#fc8d62,car
80745,"9,17E+18",9,1,84,123,2017,5,5,5,3,6,4,1,0,1,0,0,0,0,0,702228.1314,5332158.2229,11.716915016,48.110550585,1,#66c2a5,bicycle
80746,"9,17E+18",9,1,62,0,2017,5,8,5,3,5,3,1,1,0,0,0,0,0,0,699322.0669,5333040.5768,11.678329259,48.119396453,1,#66c2a5,bicycle
80758,"9,17E+18",9,1,84,137,2017,5,12,5,3,2,6,0,1,0,0,0,0,0,0,706309.7596,5316867.2839,11.764318469,47.971827974,2,#fc8d62,car
80777,"9,17E+18",9,7,72,184,2017,5,12,5,3,5,2,1,1,0,0,0,0,0,0,634868.7167,5362462.1291,10.82219824,48.400881453,1,#66c2a5,bicycle
80778,"9,17E+18",9,7,61,0,2017,5,18,5,3,8,7,1,0,0,0,0,0,0,0,641388.48,5357505955.0,10.908569337,48.354889133,1,#66c2a5,bicycle
80779,"9,17E+18",9,7,61,0,2017,5,20,5,2,0,1,1,0,0,0,0,0,0,0,641308.86,5355853.1645,10.906940473,48.340045641,1,#66c2a5,bicycle
80780,"9,17E+18",9,7,71,113,2017,5,10,5,3,6,4,0,1,1,0,0,0,0,0,658096.4462,5370090.2753,11.138692811,48.464064066,2,#fc8d62,car
80781,"9,17E+18",9,7,71,155,2017,5,19,5,3,2,2,0,1,0,0,0,1,0,0,648898729.0,5374271.4268,11.015840509,48.503900552,2,#fc8d62,car
80800,"9,17E+18",9,1,73,118,2017,5,17,3,3,5,3,1,1,0,0,0,0,0,0,692709353.0,5310738855.0,11.579542408,47.920984465,1,#66c2a5,bicycle
80804,"9,17E+18",9,1,63,0,2017,5,6,3,3,2,6,0,1,0,1,0,0,0,0,732930.5141,5307965.7352,12.115679576,47.882724622,2,#fc8d62,car
80808,"9,17E+18",9,1,87,122,2017,5,18,3,3,0,2,0,1,0,1,0,0,0,0,719471.6722,5312744.0108,11.938337379,47.930401415,2,#fc8d62,car
80815,"9,17E+18",9,1,81,132,2017,5,15,3,3,5,2,0,1,0,0,0,0,0,0,641117649.0,5326744.0088,10.894678408,48.078341535,2,#fc8d62,car
80816,"9,17E+18",9,1,88,121,2017,5,7,3,3,5,3,1,1,0,0,0,0,0,0,672636369.0,5330693.7187,11.319126621,48.106094377,1,#66c2a5,bicycle
80825,"9,17E+18",9,1,79,123,2017,5,16,3,3,2,6,0,1,0,0,0,0,0,0,677368.0604,5332262656.0,11.383286444,48.11889805,2,#fc8d62,car
80826,"9,17E+18",9,1,81,139,2017,5,12,3,3,2,6,1,1,0,0,0,0,0,0,655984.6928,5325780.2067,11.093803475,48.066212333,1,#66c2a5,bicycle
80827,"9,17E+18",9,1,84,112,2017,5,14,3,3,2,6,0,1,0,0,0,1,0,0,701234.2305,5340915.5305,11.707717561,48.189566474,2,#fc8d62,car
80828,"9,17E+18",9,1,84,129,2017,5,20,3,3,9,1,0,1,0,0,0,0,0,0,699874.1117,5324302.0124,11.681651135,48.040688358,2,#fc8d62,car
80830,"9,17E+18",9,1,78,124,2017,5,17,3,3,9,1,0,1,0,0,0,0,0,0,702514.3198,5358914.4376,11.733541033,48.350907638,2,#fc8d62,car
80831,"9,17E+18",9,1,75,139,2017,5,8,3,2,5,3,0,1,0,1,0,0,0,0,709692592.0,5329402664.0,11.81572246,48.083375287,2,#fc8d62,car
80833,"9,17E+18",9,1,77,144,2017,5,8,3,3,2,6,0,1,0,0,0,0,0,0,714947.7121,5347605.3699,11.895393845,48.245185202,2,#fc8d62,car
80834,"9,17E+18",9,1,77,117,2017,5,15,3,3,5,3,0,1,0,0,0,0,0,0,716849638.0,5358136796.0,11.926385236,48.33916245,2,#fc8d62,car
80835,"9,17E+18",9,1,75,123,2017,5,10,3,2,5,6,1,0,0,0,0,0,0,0,726175.5433,5335324.6852,12.039881219,48.130947631,1,#66c2a5,bicycle
80836,"9,17E+18",9,1,75,119,2017,5,8,3,2,8,1,0,0,0,1,0,0,0,0,727259.2947,5322782.6256,12.047757937,48.017880033,4,#e78ac3,marker
80837,"9,17E+18",9,1,62,0,2017,5,17,2,3,5,3,1,1,0,0,0,0,0,0,692076556.0,5331408.6191,11.580339314,48.106955489,1,#66c2a5,bicycle
80838,"9,17E+18",9,1,62,0,2017,5,7,2,3,3,2,1,0,0,0,0,1,0,0,699846.0661,5332922.5939,11.685307032,48.118171892,1,#66c2a5,bicycle
80839,"9,17E+18",9,1,62,0,2017,5,13,2,3,3,2,1,1,0,0,0,0,0,0,684232.0524,5335412.6015,11.476791968,48.145262649,1,#66c2a5,bicycle
80841,"9,17E+18",9,1,84,135,2017,5,13,2,3,9,1,0,1,0,0,0,0,0,1,692026.1857,5345070.2154,11.585832689,48.229757973,2,#fc8d62,car
80842,"9,17E+18",9,1,62,0,2017,5,12,2,2,3,2,1,0,0,0,0,1,0,0,686243.6403,5331784.4109,11.502223202,48.112065339,1,#66c2a5,bicycle
80849,"9,17E+18",9,7,77,145,2017,5,9,2,3,6,4,0,1,1,0,0,0,0,0,629600435.0,5327922407.0,10.740480422,48.091383978,2,#fc8d62,car
80855,"9,17E+18",9,7,72,171,2017,5,6,2,3,9,1,0,1,0,0,0,0,0,0,634284.2088,5371743.8678,10.817280945,48.484467319,2,#fc8d62,car
80857,"9,17E+18",9,7,72,147,2017,5,6,2,3,2,6,0,1,0,0,0,0,0,0,638346.8278,5366572.0396,10.87052071,48.437083023,2,#fc8d62,car
80858,"9,17E+18",9,7,61,0,2017,5,15,2,3,2,6,0,1,0,0,0,0,0,0,636667.4957,5360535.5767,10.845861447,48.383170725,2,#fc8d62,car
80894,"9,17E+18",9,1,90,140,2017,5,15,5,3,0,1,0,0,0,1,0,0,0,0,646398.4291,5301680.7591,10.957002225,47.851783022,4,#e78ac3,marker
80895,"9,17E+18",9,1,90,140,2017,5,14,5,3,9,1,0,0,0,1,0,0,0,0,646234.9006,5300172.9746,10.954308002,47.83826197,4,#e78ac3,marker
80905,"9,17E+18",9,1,82,120,2017,5,11,5,3,3,6,1,1,0,0,0,0,0,0,701663.8997,5306776.2936,11.697418388,47.882617854,1,#66c2a5,bicycle
80910,"9,17E+18",9,1,81,127,2017,5,0,5,3,9,1,0,1,0,0,0,0,2,1,634950.4329,5322944.2345,10.810720684,48.045506943,2,#fc8d62,car
80911,"9,17E+18",9,1,79,121,2017,5,20,5,3,0,7,1,1,0,0,0,0,1,0,667183877.0,5339544086.0,11.249415251,48.187113763,1,#66c2a5,bicycle
80912,"9,17E+18",9,1,81,115,2017,5,11,5,3,5,3,0,1,0,1,0,0,0,0,656255778.0,5326678783.0,11.097768228,48.074225121,2,#fc8d62,car
80913,"9,17E+18",9,1,78,120,2017,5,18,5,2,2,2,1,0,0,1,0,0,0,0,698201.2756,5350479.4564,11.671427265,48.276471513,1,#66c2a5,bicycle
80914,"9,17E+18",9,1,77,143,2017,5,15,5,3,0,1,1,0,0,0,0,0,0,0,721088.8214,5365559.3469,11.987414889,48.404380629,1,#66c2a5,bicycle
80915,"9,17E+18",9,1,84,114,2017,5,16,4,3,2,6,0,1,0,1,0,0,0,0,700573.0949,5323324.5127,11.690560739,48.031684196,2,#fc8d62,car
80916,"9,17E+18",9,1,62,0,2017,5,21,4,3,3,5,0,1,0,0,0,0,2,1,688440.9254,5334162.5454,11.532765717,48.132794181,2,#fc8d62,car
80917,"9,17E+18",9,1,62,0,2017,5,8,4,3,2,6,1,0,0,0,0,0,0,0,689096.8579,5329660.1102,11.539576768,48.09213105,1,#66c2a5,bicycle
80918,"9,17E+18",9,7,78,173,2017,5,20,4,3,9,1,0,1,0,0,0,0,1,0,615043.7471,5322347.9972,10.543568174,48.044043061,2,#fc8d62,car
80926,"9,17E+18",9,7,72,223,2017,5,21,4,3,9,7,0,1,0,0,0,0,2,1,617777.6645,5363081.9142,10.591556009,48.40988007,2,#fc8d62,car
80927,"9,17E+18",9,7,72,130,2017,5,13,4,3,5,3,1,1,0,0,0,0,0,0,631879256.0,5357502.2546,10.780272183,48.356913526,1,#66c2a5,bicycle
80928,"9,17E+18",9,7,61,0,2017,5,7,4,3,5,2,1,1,0,0,0,0,0,0,642034.7733,5358907.0923,10.917761446,48.367342525,1,#66c2a5,bicycle
81014,"9,17E+18",9,1,73,147,2017,5,10,4,3,5,3,0,1,0,0,0,0,0,0,681424.0089,5308017.1253,11.427480206,47.899810958,2,#fc8d62,car
81032,"9,17E+18",9,1,87,165,2017,5,16,4,3,3,3,0,1,0,0,0,1,0,0,729955.8533,5300143.6556,12.071793605,47.813519626,2,#fc8d62,car
81035,"9,17E+18",9,2,74,194,2017,5,16,1,3,9,1,0,0,0,1,0,0,0,0,719250304.0,5380187.6022,11.970274329,48.536448374,4,#e78ac3,marker
81037,"9,17E+18",9,1,90,129,2017,5,23,1,2,5,3,0,1,0,0,0,0,2,0,641966.4496,5301218.3454,10.897639468,47.848619139,2,#fc8d62,car
81041,"9,17E+18",9,2,74,194,2017,5,8,6,2,3,6,1,1,0,0,0,0,0,0,719303.8508,5377012.4166,11.96932938,48.507902956,1,#66c2a5,bicycle
81042,"9,17E+18",9,1,87,150,2017,5,17,4,3,5,3,0,1,0,1,0,0,0,0,729601.0577,5303360.8857,12.06876627,47.84255163,2,#fc8d62,car
81044,"9,17E+18",9,1,87,130,2017,5,17,4,3,2,6,0,1,0,0,0,1,0,0,710504.3602,5311093.6133,11.817628194,47.918577917,2,#fc8d62,car
81045,"9,17E+18",9,1,87,122,2017,5,13,4,3,8,1,0,1,0,0,0,0,0,0,715809.9963,5308724.5126,11.887367361,47.895525932,2,#fc8d62,car
81054,"9,17E+18",9,1,74,146,2017,5,0,4,3,0,6,0,1,0,0,0,1,2,0,668341.0556,5350049059.0,11.269146143,48.28124542,2,#fc8d62,car
81055,"9,17E+18",9,1,79,121,2017,5,13,4,3,5,2,1,1,0,0,0,0,0,0,668185.6092,5338365.8478,11.262416038,48.176257108,1,#66c2a5,bicycle
81056,"9,17E+18",9,1,79,134,2017,5,19,4,3,2,6,0,1,0,0,0,0,0,0,667389.0497,5342773.9521,11.253447394,48.216095927,2,#fc8d62,car
81057,"9,17E+18",9,1,81,115,2017,5,14,4,2,4,6,0,1,0,0,0,0,0,0,655931.2486,5326733.9349,11.09343449,48.074800432,2,#fc8d62,car
81058,"9,17E+18",9,2,74,126,2017,5,18,6,3,2,6,0,1,0,0,0,0,0,0,733637.6877,5383289.2657,12.166625293,48.559118958,2,#fc8d62,car
81059,"9,17E+18",9,1,74,122,2017,5,7,4,3,0,1,0,0,0,1,0,0,0,0,684775.58,5354356305.0,11.492351623,48.315377299,4,#e78ac3,marker
81061,"9,17E+18",9,1,84,112,2017,5,16,4,3,2,6,0,1,0,0,0,0,0,0,700869.1325,5341073.0673,11.702885148,48.191097791,2,#fc8d62,car
81063,"9,17E+18",9,1,62,0,2017,5,16,3,3,2,6,0,1,0,1,0,0,0,0,684894.9045,5331998.7303,11.484213284,48.114384726,2,#fc8d62,car
81064,"9,17E+18",9,1,84,147,2017,5,18,3,3,2,6,0,1,0,0,0,0,0,0,695531.6489,5339913.9535,11.630610357,48.182345913,2,#fc8d62,car
81065,"9,17E+18",9,1,84,130,2017,5,8,3,3,2,6,0,1,0,0,0,0,0,0,700247.2299,5343183.8512,11.695522206,48.210263574,2,#fc8d62,car
81066,"9,17E+18",9,1,62,0,2017,5,18,3,3,5,2,1,1,0,0,0,0,0,0,691273828.0,5331886861.0,11.569781235,48.111495436,1,#66c2a5,bicycle
81067,"9,17E+18",9,1,84,135,2017,5,9,3,3,1,6,0,1,0,0,0,1,0,0,689682.1216,5347320659.0,11.555308014,48.250689932,2,#fc8d62,car
81069,"9,17E+18",9,7,78,203,2017,5,9,3,3,2,6,0,1,0,0,0,0,0,0,621969.4438,5322024.9194,10.636361619,48.039851722,2,#fc8d62,car
81071,"9,17E+18",9,1,88,139,2017,5,16,6,3,3,6,0,1,0,0,0,1,0,0,680558.6945,5321774224.0,11.421689239,48.023720636,2,#fc8d62,car
81073,"9,17E+18",9,1,90,158,2017,5,14,6,2,4,2,1,1,0,0,0,0,0,0,653156.5433,5303134.2917,11.047798763,47.863277688,1,#66c2a5,bicycle
81074,"9,17E+18",9,7,78,173,2017,5,20,3,3,2,6,0,1,0,0,0,0,0,0,614298893.0,5320313.3846,10.53303498,48.025877757,2,#fc8d62,car
81082,"9,17E+18",9,1,82,120,2017,5,14,1,3,2,6,0,1,0,0,0,0,0,0,702965.3559,5310001.1999,11.716322912,47.911190749,2,#fc8d62,car
81083,"9,17E+18",9,1,87,186,2017,5,10,1,2,1,6,0,1,0,1,0,0,0,0,730378.9888,5333789.7154,12.095462849,48.115650395,2,#fc8d62,car
81091,"9,17E+18",9,1,88,139,2017,5,13,1,2,0,1,1,0,0,0,0,0,0,0,677605.5117,5319318.8327,11.381099345,48.002476007,1,#66c2a5,bicycle
81094,"9,17E+18",9,7,62,0,2017,5,11,3,2,0,2,0,1,0,1,0,0,0,0,619705.4576,5303475.3301,10.600837041,47.873450293,2,#fc8d62,car
81097,"9,17E+18",9,7,72,148,2017,5,21,3,3,0,7,1,0,0,0,0,0,2,0,628264.5009,5354415.6259,10.730559017,48.329901573,1,#66c2a5,bicycle
81098,"9,17E+18",9,7,72,149,2017,5,18,3,3,5,3,0,1,0,0,0,0,0,0,637748.3738,5340313.5092,10.853856022,48.201098882,2,#fc8d62,car
81099,"9,17E+18",9,7,72,177,2017,5,13,3,3,9,7,0,1,0,0,0,0,0,0,635724.2648,5375790.0623,10.838074426,48.520540475,2,#fc8d62,car
81100,"9,17E+18",9,7,72,125,2017,5,19,3,3,5,3,0,1,0,0,0,0,0,0,636740.0208,5346463.0638,10.842276951,48.256614745,2,#fc8d62,car
81101,"9,17E+18",9,7,61,0,2017,5,13,3,3,8,7,0,1,0,0,0,0,0,0,636403.7706,5360873.0097,10.842410977,48.386261977,2,#fc8d62,car
81102,"9,17E+18",9,7,61,0,2017,5,18,3,3,2,2,0,1,0,0,0,0,0,0,644129.6032,5358901.1767,10.946027087,48.366814471,2,#fc8d62,car
81103,"9,17E+18",9,1,81,132,2017,5,15,1,2,0,7,1,0,0,0,0,0,0,0,643316749.0,5326076993.0,10.923963216,48.071853219,1,#66c2a5,bicycle
81106,"9,17E+18",9,1,81,127,2017,5,17,1,3,2,6,0,1,0,0,0,0,0,0,636344.3598,5326703.8096,10.830612789,48.079018679,2,#fc8d62,car
81108,"9,17E+18",9,1,74,121,2017,5,19,1,2,5,3,1,1,0,0,0,0,0,0,690669587.0,5355609.5696,11.572337789,48.324891658,1,#66c2a5,bicycle
81123,"9,17E+18",9,1,82,137,2017,5,11,6,2,3,6,0,1,0,1,0,0,0,0,711301.5239,5301223.6788,11.823458633,47.829620273,2,#fc8d62,car
81127,"9,17E+18",9,1,78,124,2017,5,19,1,3,9,1,0,1,0,0,0,0,0,0,702796.6631,5358888.7834,11.737335231,48.350586516,2,#fc8d62,car
81128,"9,17E+18",9,1,78,142,2017,5,11,1,3,0,1,1,0,0,0,0,0,0,0,714545.6398,5377136.8269,11.905055318,48.510663776,1,#66c2a5,bicycle
81129,"9,17E+18",9,1,78,124,2017,5,13,1,2,9,2,0,0,0,1,0,0,0,0,700973.3528,5364576.2046,11.715471796,48.402279217,4,#e78ac3,marker
81132,"9,17E+18",9,1,87,179,2017,5,20,6,2,8,1,0,0,0,1,0,0,0,0,723221.2636,5311180.3776,11.987657898,47.915057389,4,#e78ac3,marker
81136,"9,17E+18",9,1,86,143,2017,5,19,6,3,2,6,0,1,0,1,0,0,0,0,684673.8408,5377296.4656,11.501080674,48.521592779,2,#fc8d62,car
81138,"9,17E+18",9,1,88,139,2017,5,11,6,3,5,2,1,0,0,0,0,1,0,0,674613.2098,5319169.4529,11.340956712,48.001957398,1,#66c2a5,bicycle
81139,"9,17E+18",9,1,81,130,2017,5,14,6,3,0,6,1,0,0,0,0,1,0,0,639450.2971,5323051.6456,10.871100558,48.04550562,1,#66c2a5,bicycle
81140,"9,17E+18",9,1,81,131,2017,5,17,6,2,0,2,0,1,0,1,0,0,0,0,634483.5991,5333029.9003,10.807636849,48.136301513,2,#fc8d62,car
81143,"9,17E+18",9,1,75,131,2017,5,14,1,3,7,7,0,0,0,1,0,0,0,0,711183.3987,5321771.2266,11.831950329,48.014306444,4,#e78ac3,marker
81145,"9,17E+18",9,1,62,0,2017,5,15,7,3,5,3,0,1,0,0,0,0,0,0,681977.7747,5335422213.0,11.446518695,48.145997886,2,#fc8d62,car
81158,"9,17E+18",9,1,88,120,2017,5,16,6,3,4,2,1,1,0,0,0,0,0,0,676629.6069,5326594.6865,11.371027857,48.068152133,1,#66c2a5,bicycle
81160,"9,17E+18",9,1,74,131,2017,5,17,6,3,2,1,0,1,0,0,0,0,0,0,676906.3465,5353895.4131,11.386111709,48.313484767,2,#fc8d62,car
81161,"9,17E+18",9,1,62,0,2017,5,17,7,2,4,6,1,0,0,0,0,0,0,0,692047.1652,5340672.5529,11.58412427,48.1902268,1,#66c2a5,bicycle
81163,"9,17E+18",9,1,74,115,2017,5,17,6,3,0,1,1,0,0,0,0,0,0,0,680964.2099,5348129.0094,11.438323181,48.260504968,1,#66c2a5,bicycle
81164,"9,17E+18",9,1,78,120,2017,5,13,6,3,8,5,0,1,0,0,0,0,0,0,695652283.0,5353426.8783,11.63847427,48.303753179,2,#fc8d62,car
81165,"9,17E+18",9,1,78,145,2017,5,18,6,3,0,1,0,1,0,0,0,1,0,0,697030.2725,5354283.7167,11.657436522,48.311025974,2,#fc8d62,car
81166,"9,17E+18",9,1,77,113,2017,5,14,6,3,5,3,0,1,0,0,0,0,0,0,724857.7215,5358271.9591,12.034371696,48.337578272,2,#fc8d62,car
81167,"9,17E+18",9,1,62,0,2017,5,18,5,3,3,2,1,1,0,0,0,0,0,0,689934.7958,5339550805.0,11.5552289,48.180779764,1,#66c2a5,bicycle
81169,"9,17E+18",9,1,84,132,2017,5,10,7,3,1,6,0,1,0,0,0,0,0,0,683990.7016,5329329.3763,11.470925449,48.090652719,2,#fc8d62,car
81173,"9,17E+18",9,1,62,0,2017,5,22,5,2,0,6,1,0,0,0,0,0,2,0,689310.6191,5340976.0096,11.547475512,48.193775767,1,#66c2a5,bicycle
81174,"9,17E+18",9,1,62,0,2017,5,18,5,3,1,5,1,1,0,0,0,0,0,0,685587.5726,5335303.3407,11.494949925,48.143886575,1,#66c2a5,bicycle
81175,"9,17E+18",9,7,77,121,2017,5,8,5,2,8,1,0,1,0,0,0,0,0,0,627781.2251,5320590.2261,10.713870057,48.025812609,2,#fc8d62,car
81197,"9,17E+18",9,2,74,126,2017,5,5,3,3,5,2,0,1,0,1,0,0,1,0,733071.8114,5382815.2941,12.158702479,48.555072005,2,#fc8d62,car
81213,"9,17E+18",9,7,62,0,2017,5,14,5,3,0,1,0,0,0,1,0,0,0,0,621707.6545,5303535.5152,10.62761856,47.873615215,4,#e78ac3,marker
81214,"9,17E+18",9,7,62,0,2017,5,1,5,3,9,1,0,1,0,0,0,0,2,1,622512799.0,5306686.8228,10.639275688,47.901803954,2,#fc8d62,car
81216,"9,17E+18",9,7,73,182,2017,5,9,5,3,5,3,0,1,0,1,0,0,0,0,625149.8937,5380032076.0,10.696211244,48.560883408,2,#fc8d62,car
81217,"9,17E+18",9,7,72,115,2017,5,20,5,2,0,6,1,0,0,0,0,0,0,0,615741.5152,5368432.9709,10.565529898,48.458380135,1,#66c2a5,bicycle
81218,"9,17E+18",9,1,63,0,2017,5,7,3,2,4,2,1,1,0,0,0,0,0,0,734854.7202,5304934.2849,12.139730985,47.854789615,1,#66c2a5,bicycle
81220,"9,17E+18",9,1,87,150,2017,5,12,3,3,5,3,0,1,0,0,0,0,0,0,728803819.0,5304337.1013,12.058642493,47.851606707,2,#fc8d62,car
81223,"9,17E+18",9,1,86,143,2017,5,15,3,3,2,6,0,1,0,0,0,0,0,0,688060.5596,5382598.3799,11.54929454,48.568238096,2,#fc8d62,car
81225,"9,17E+18",9,1,79,134,2017,5,8,3,3,3,6,1,1,0,0,0,0,0,0,668629.7095,5342809.1196,11.270149994,48.2160836,1,#66c2a5,bicycle
81226,"9,17E+18",9,1,88,144,2017,5,11,3,3,5,2,0,1,0,0,0,0,0,0,665829655.0,5328297394.0,11.226830177,48.086359238,2,#fc8d62,car
81227,"9,17E+18",9,1,79,126,2017,5,14,3,3,1,7,1,1,1,0,0,0,0,0,676264.1665,5340316.7051,11.371802977,48.191604336,1,#66c2a5,bicycle
81228,"9,17E+18",9,1,79,123,2017,5,9,3,3,5,2,1,1,0,0,0,0,0,0,677734.3226,5334154.8983,11.388992633,48.135805588,1,#66c2a5,bicycle
81229,"9,17E+18",9,7,71,122,2017,5,19,7,3,5,3,0,1,0,1,0,0,0,0,651934.4093,5360976.6263,11.052088587,48.383644142,2,#fc8d62,car
81230,"9,17E+18",9,1,74,115,2017,5,8,3,3,2,3,0,1,0,1,0,0,0,0,679408.7181,5347768.0556,11.417230792,48.257702794,2,#fc8d62,car
81232,"9,17E+18",9,1,74,113,2017,5,7,3,3,5,1,1,1,0,0,0,0,0,0,675726659.0,5347808.2896,11.367682402,48.259096271,1,#66c2a5,bicycle
81233,"9,17E+18",9,1,75,132,2017,5,14,3,3,3,6,0,1,0,0,0,0,0,0,706850.3797,5336375.0948,11.780986239,48.146960823,2,#fc8d62,car
81234,"9,17E+18",9,1,75,124,2017,5,18,3,3,2,6,0,1,0,0,0,0,0,0,714968.1287,5328681833.0,11.886106986,48.075141398,2,#fc8d62,car
81235,"9,17E+18",9,1,84,147,2017,5,11,2,3,4,2,0,1,0,1,0,0,0,0,696280.8659,5341144.9292,11.641247749,48.193178083,2,#fc8d62,car
81236,"9,17E+18",9,1,62,0,2017,5,11,2,3,2,6,0,1,0,0,0,0,0,0,690521.6561,5331987.5434,11.559731187,48.112625808,2,#fc8d62,car
81237,"9,17E+18",9,1,84,119,2017,5,17,2,2,3,6,1,0,0,1,0,0,0,0,696108.7508,5345100.7703,11.640762824,48.228783561,1,#66c2a5,bicycle
81238,"9,17E+18",9,1,62,0,2017,5,22,2,2,8,6,0,1,0,0,0,0,2,0,689537.5189,5331878.2882,11.546473954,48.111937441,2,#fc8d62,car
81239,"9,17E+18",9,1,62,0,2017,5,14,2,2,5,3,1,1,0,0,0,0,0,0,682726.9834,5334844.2108,11.45633347,48.140587648,1,#66c2a5,bicycle
81242,"9,17E+18",9,7,72,184,2017,5,22,5,3,4,2,0,1,0,0,0,0,2,0,633118.0545,5358921.3842,10.797435605,48.369414645,2,#fc8d62,car
81244,"9,17E+18",9,7,71,122,2017,5,9,5,3,4,2,0,1,0,0,0,0,0,0,652762.6277,5361794.0526,11.06356454,48.390793394,2,#fc8d62,car
81248,"9,17E+18",9,7,72,163,2017,5,12,5,2,5,3,0,1,0,1,0,0,0,0,639437.8441,5345619.5164,10.87832629,48.248441669,2,#fc8d62,car
81265,"9,17E+18",9,7,77,130,2017,5,7,2,3,0,1,1,0,0,0,0,0,0,0,624420.4102,5308981.5488,10.665451545,47.922074475,1,#66c2a5,bicycle
81266,"9,17E+18",9,7,62,0,2017,5,10,2,3,1,2,0,1,0,0,0,0,0,0,622615.2058,5305587.7374,10.640333025,47.891899591,2,#fc8d62,car
81271,"9,17E+18",9,7,72,223,2017,5,19,2,3,3,1,0,1,0,0,0,1,0,0,617385.0252,5363004.3009,10.586230592,48.409255342,2,#fc8d62,car
81272,"9,17E+18",9,7,71,122,2017,5,11,2,3,2,6,0,1,0,0,0,0,0,0,650387.0293,5362322.0502,11.031684439,48.39611151,2,#fc8d62,car
81273,"9,17E+18",9,7,72,209,2017,5,17,2,3,2,6,0,1,0,0,0,0,0,0,634652999.0,5336902.2782,10.811138058,48.171087844,2,#fc8d62,car
81274,"9,17E+18",9,7,61,0,2017,5,13,2,2,4,2,0,1,0,1,0,0,0,0,641266.6603,5352290.2803,10.905177428,48.308018711,2,#fc8d62,car
81275,"9,17E+18",9,7,61,0,2017,5,17,2,3,1,1,0,1,0,0,0,0,0,0,641473.4661,5358582.5658,10.910077878,48.364550571,2,#fc8d62,car
81276,"9,17E+18",9,7,61,0,2017,5,15,2,3,6,4,0,0,1,0,0,1,0,0,641393.0208,5355211.2747,10.907860116,48.334255155,3,#8da0cb,toilet
81354,"9,17E+18",9,1,73,147,2017,5,10,2,3,2,2,0,1,0,0,0,0,0,0,681412.1366,5308013.1242,11.427319818,47.899778348,2,#fc8d62,car
81356,"9,17E+18",9,1,90,151,2017,5,19,2,3,4,6,0,1,0,1,0,0,0,0,636686.9937,5301729.6218,10.827269333,47.854361469,2,#fc8d62,car
81359,"9,17E+18",9,1,62,0,2017,5,9,2,3,3,6,0,1,0,0,0,0,0,0,694634.5924,5331760.2217,11.614827291,48.109339158,2,#fc8d62,car
81360,"9,17E+18",9,1,87,177,2017,5,17,2,3,2,6,0,1,0,0,0,0,0,0,736051.5175,5304254.6671,12.155334967,47.848245689,2,#fc8d62,car
81365,"9,17E+18",9,1,85,131,2017,5,9,2,3,9,1,0,0,0,0,0,1,0,0,663328.3281,5374646.1108,11.211194993,48.50368323,6,#ffd92f,circle
81378,"9,17E+18",9,1,62,0,2017,5,7,2,3,2,6,0,1,0,0,0,0,0,0,678473.6287,5336418.6898,11.39986991,48.155948033,2,#fc8d62,car
81380,"9,17E+18",9,1,88,121,2017,5,6,2,3,2,6,0,1,0,0,0,0,1,0,670455.4007,5329180.8609,11.289248583,48.093081359,2,#fc8d62,car
81381,"9,17E+18",9,1,79,142,2017,5,16,2,3,4,6,0,1,0,0,0,0,0,0,674534.4143,5340916.6439,11.348794512,48.197475072,2,#fc8d62,car
81383,"9,17E+18",9,1,81,130,2017,5,18,2,2,0,7,1,0,0,0,0,0,0,0,639788878.0,5323300645.0,10.875722337,48.047670636,1,#66c2a5,bicycle
81384,"9,17E+18",9,1,79,123,2017,5,17,2,2,0,7,1,0,0,0,0,0,0,0,677067079.0,5333842883.0,11.379902316,48.133186827,1,#66c2a5,bicycle
81385,"9,17E+18",9,1,78,120,2017,5,7,2,3,2,6,0,1,0,0,0,1,0,0,693186.8325,5353929575.0,11.605492424,48.309028738,2,#fc8d62,car
81386,"9,17E+18",9,1,75,135,2017,5,15,2,3,5,3,1,1,0,0,0,0,0,0,708331.4305,5339022.7955,11.802169938,48.17027024,1,#66c2a5,bicycle
81387,"9,17E+18",9,1,75,123,2017,5,17,2,3,2,6,0,1,0,0,0,1,0,0,726388.1064,5336212.6671,12.043205802,48.138849943,2,#fc8d62,car