OBJECTID,UIDENTSTLA,ULAND,UREGBEZ,UKREIS,UGEMEINDE,UJAHR,UMONAT,USTUNDE,UWOCHENTAG,UKATEGORIE,UART,UTYP1,IstRad,IstPKW,IstFuss,IstKrad,IstGkfz,IstSonstig,ULICHTVERH,STRZUSTAND,LINREFX,LINREFY,XGCSWGS84,YGCSWGS84,Teilnehmer,color,symbol
81388,"9,17E+18",9,1,62,0,2017,5,8,1,3,3,2,0,1,0,1,0,0,0,0,684624.2885,5342587.2476,11.485176666,48.209637856,2,#fc8d62,car
81389,"9,17E+18",9,1,84,147,2017,5,15,1,3,0,1,0,0,0,1,0,0,0,0,696591359.0,5341487645.0,11.64557994,48.196162135,4,#e78ac3,marker
81403,"9,17E+18",9,7,72,223,2017,5,21,1,3,8,1,0,1,0,0,0,0,2,0,615786.0615,5362536.5333,10.564503077,48.405344411,2,#fc8d62,car
81405,"9,17E+18",9,7,72,207,2017,5,12,1,3,0,7,1,0,0,0,0,0,0,0,640155234.0,5381093.42,10.899832433,48.567251483,1,#66c2a5,bicycle
81411,"9,17E+18",9,2,61,0,2017,5,1,5,3,8,1,0,1,0,0,0,0,2,1,736230979.0,5381968.0117,12.200967333,48.546279669,2,#fc8d62,car
81413,"9,17E+18",9,2,74,124,2017,5,6,5,3,8,1,0,1,0,0,0,0,1,0,724452.4314,5375924.9731,12.0383547,48.496315387,2,#fc8d62,car
81419,"9,17E+18",9,1,73,130,2017,5,13,5,2,8,1,1,0,0,0,0,0,0,0,680938.5261,5312170.58,11.422733913,47.937284563,1,#66c2a5,bicycle
81420,"9,17E+18",9,1,90,140,2017,5,15,5,3,0,1,0,0,0,1,0,0,0,0,646389.9966,5301686.6987,10.95689158,47.851838352,4,#e78ac3,marker
81443,"9,17E+18",9,1,84,123,2017,5,21,4,3,4,3,0,1,0,0,0,0,2,0,703697.9062,5331709.3403,11.73642371,48.106048278,2,#fc8d62,car
81445,"9,17E+18",9,1,84,132,2017,5,18,4,2,0,6,0,1,0,0,0,0,0,0,679483.14,5327274551.0,11.409583533,48.073466986,2,#fc8d62,car
81447,"9,17E+18",9,1,62,0,2017,5,13,4,3,6,7,0,1,1,0,0,0,0,0,690379.3434,5329513308.0,11.556717421,48.090429798,2,#fc8d62,car
81449,"9,17E+18",9,1,62,0,2017,5,14,4,3,5,2,0,1,0,1,0,0,0,0,682937.2539,5339303.8552,11.461075172,48.180613328,2,#fc8d62,car
81450,"9,17E+18",9,1,84,129,2017,5,17,4,3,4,2,0,1,0,0,0,1,0,0,701762.6772,5326528.6807,11.708009981,48.060105592,2,#fc8d62,car
81451,"9,17E+18",9,1,62,0,2017,5,17,4,3,2,6,0,1,0,0,0,0,0,0,688231.4154,5331614.4973,11.528827576,48.109953764,2,#fc8d62,car
81454,"9,17E+18",9,7,73,182,2017,5,17,1,3,4,7,0,1,0,0,0,0,0,0,622306.3868,5379925.8872,10.657657746,48.560489705,2,#fc8d62,car
81455,"9,17E+18",9,1,73,118,2017,5,10,7,2,4,2,0,0,0,1,0,1,0,0,690073.5949,5305212.6198,11.5418633,47.87209881,4,#e78ac3,marker
81456,"9,17E+18",9,7,71,122,2017,5,11,1,3,2,6,0,1,0,0,0,0,0,0,649131.5007,5362675.9253,11.014859259,48.399591387,2,#fc8d62,car
81457,"9,17E+18",9,7,71,122,2017,5,13,1,3,2,6,0,1,0,0,0,0,0,0,656360.4024,5359305.4173,11.111204681,48.367537703,2,#fc8d62,car
81458,"9,17E+18",9,7,72,162,2017,5,15,1,3,5,3,0,1,0,1,0,0,0,0,635949.9277,5335583.2516,10.828151419,48.158950593,2,#fc8d62,car
81459,"9,17E+18",9,7,72,171,2017,5,17,1,3,8,7,0,1,0,0,0,0,0,0,637143.9684,5373773.3866,10.856627786,48.502098705,2,#fc8d62,car
81467,"9,17E+18",9,7,77,145,2017,5,7,4,3,5,3,1,1,0,0,0,0,0,0,629639.6141,5328150.1473,10.741075485,48.093424051,1,#66c2a5,bicycle
81468,"9,17E+18",9,7,77,130,2017,5,14,4,3,9,1,0,1,0,0,0,0,0,0,625721813.0,5313555.2951,10.684199926,47.962954046,2,#fc8d62,car
81470,"9,17E+18",9,7,72,171,2017,5,11,4,3,0,1,1,0,0,0,0,0,0,0,638310.2523,5372362.2137,10.871940619,48.489154315,1,#66c2a5,bicycle
81471,"9,17E+18",9,7,72,184,2017,5,14,4,3,4,2,0,1,0,0,0,0,0,0,634886.0249,5362458.4037,10.822430769,48.400844251,2,#fc8d62,car
81472,"9,17E+18",9,7,71,113,2017,5,9,4,2,5,2,0,1,0,0,0,0,0,0,657427664.0,5371205875.0,11.130072097,48.474261277,2,#fc8d62,car
81475,"9,17E+18",9,7,61,0,2017,5,14,1,3,0,1,1,0,0,0,0,0,0,0,636978362.0,5360155308.0,10.849933856,48.379683966,1,#66c2a5,bicycle
81517,"9,17E+18",9,1,87,170,2017,5,10,7,3,2,6,0,0,0,1,0,0,0,0,734197711.0,5318662926.0,12.138418348,47.978365228,4,#e78ac3,marker
81524,"9,17E+18",9,1,82,120,2017,5,17,7,3,1,3,1,1,0,0,0,0,0,0,701711932.0,5306662239.0,11.698006857,47.881577713,1,#66c2a5,bicycle
81537,"9,17E+18",9,1,87,117,2017,5,19,7,3,0,1,1,0,0,0,0,0,1,0,725301.1715,5305392.2265,12.012436224,47.862324193,1,#66c2a5,bicycle
81550,"9,17E+18",9,1,79,145,2017,6,19,5,3,5,3,1,0,0,0,0,1,0,0,676228.7744,5339171.1245,11.370851911,48.181316326,1,#66c2a5,bicycle
81554,"9,17E+18",9,2,74,132,2017,5,9,4,3,2,6,0,1,0,0,0,0,0,0,725906.0888,5385867.4202,12.063393281,48.585112436,2,#fc8d62,car
81581,"9,17E+18",9,1,84,146,2017,5,14,4,3,2,6,0,1,0,0,0,0,0,0,695548.7072,5327822.9844,11.625291654,48.073672952,2,#fc8d62,car
81582,"9,17E+18",9,1,87,177,2017,5,7,4,3,0,1,0,0,0,1,0,0,0,1,735334.1506,5305298.2799,12.146328449,47.85788433,4,#e78ac3,marker
81583,"9,17E+18",9,1,87,150,2017,5,14,4,3,0,6,1,0,0,0,0,0,0,0,729035.7461,5303453.3519,12.061270602,47.843584006,1,#66c2a5,bicycle
81591,"9,17E+18",9,1,81,146,2017,5,7,4,3,2,6,0,1,0,0,0,0,0,0,650665.2882,5325696025.0,11.022417645,48.066734062,2,#fc8d62,car
81593,"9,17E+18",9,1,79,113,2017,5,18,4,2,1,6,0,1,0,0,0,0,0,0,671854666.0,5335750.9931,11.310674018,48.15176895,2,#fc8d62,car
81595,"9,17E+18",9,1,84,121,2017,5,17,4,3,0,7,0,1,0,1,0,0,0,0,704167.1526,5329517.6505,11.741671839,48.086201968,2,#fc8d62,car
81597,"9,17E+18",9,1,75,118,2017,5,16,4,3,8,6,0,0,0,0,0,1,0,0,715650.8049,5339897.2196,11.900934298,48.175686435,6,#ffd92f,circle
81598,"9,17E+18",9,1,75,132,2017,5,6,4,3,9,1,0,1,0,0,0,0,0,1,708261.5034,5336822.5246,11.800153464,48.150521137,2,#fc8d62,car
81599,"9,17E+18",9,1,88,121,2017,5,19,7,3,2,6,0,1,0,0,0,0,0,0,670260.8086,5329155.7672,11.286627326,48.092907787,2,#fc8d62,car
81600,"9,17E+18",9,1,74,121,2017,5,15,7,2,9,1,0,0,0,1,0,0,0,0,687714.3086,5355374.1354,11.532403882,48.323660004,4,#e78ac3,marker
81601,"9,17E+18",9,1,78,113,2017,5,14,7,2,5,2,0,1,0,0,0,0,0,0,691914.1546,5367376.9082,11.594482352,48.430272612,2,#fc8d62,car
81602,"9,17E+18",9,1,78,113,2017,5,0,4,3,8,1,0,1,0,0,0,0,2,1,691495.7281,5368462.1934,11.589327588,48.44015375,2,#fc8d62,car
81603,"9,17E+18",9,1,77,113,2017,5,17,4,3,5,3,0,1,0,0,0,0,0,0,720783.2921,5353033.0951,11.97672505,48.291946107,2,#fc8d62,car
81604,"9,17E+18",9,1,62,0,2017,5,0,3,3,9,1,0,1,0,0,0,0,2,0,694565.6461,5331362.9847,11.613720874,48.105789996,2,#fc8d62,car
81605,"9,17E+18",9,1,84,148,2017,5,18,3,3,6,7,0,1,1,0,0,0,0,0,695244.9672,5326347.9105,11.620544742,48.060508548,2,#fc8d62,car
81606,"9,17E+18",9,1,84,148,2017,5,7,3,3,5,3,0,1,0,0,0,0,0,0,695350.1314,5325558.7362,11.621594359,48.053383524,2,#fc8d62,car
81607,"9,17E+18",9,1,62,0,2017,5,10,3,3,5,3,1,1,0,0,0,0,0,0,692536.8054,5339192002.0,11.590034812,48.176771834,1,#66c2a5,bicycle
81608,"9,17E+18",9,1,62,0,2017,5,8,3,2,5,3,0,1,0,1,0,0,0,0,682114.5635,5335453.9628,11.448369531,48.146244132,2,#fc8d62,car
81609,"9,17E+18",9,1,75,122,2017,5,17,7,3,6,4,0,1,1,0,0,0,0,0,720780.2591,5325666.9238,11.962476407,48.046066928,2,#fc8d62,car
81610,"9,17E+18",9,1,75,121,2017,5,10,7,2,8,1,0,0,0,1,0,0,0,0,714551.9339,5321124.1165,11.876739877,48.007369759,4,#e78ac3,marker
81611,"9,17E+18",9,1,77,137,2017,5,0,7,3,0,7,1,0,0,0,0,0,2,0,732801.1507,5344682.6669,12.13391916,48.212626342,1,#66c2a5,bicycle
81612,"9,17E+18",9,1,62,0,2017,5,9,6,3,0,7,0,0,0,0,0,1,0,0,694270.1986,5340609.4411,11.613975696,48.188983577,6,#ffd92f,circle
81617,"9,17E+18",9,1,84,141,2017,5,9,3,3,1,1,0,1,0,1,0,0,0,0,700196.0336,5317212.0302,11.682656397,47.976867796,2,#fc8d62,car
81618,"9,17E+18",9,1,84,131,2017,5,8,3,3,5,3,0,1,0,0,0,0,0,0,704866.1233,5336966173.0,11.75462564,48.152914656,2,#fc8d62,car
81619,"9,17E+18",9,1,62,0,2017,5,11,3,3,6,1,1,0,1,0,0,0,0,0,696955.8554,5329720.0272,11.645036716,48.090289567,1,#66c2a5,bicycle
81620,"9,17E+18",9,1,62,0,2017,5,9,3,3,0,7,0,0,0,0,0,1,0,0,690522554.0,5331987.7482,11.559743329,48.11262738,6,#ffd92f,circle
81621,"9,17E+18",9,1,62,0,2017,5,14,6,3,3,6,0,1,0,0,0,1,0,0,689651617.0,5340132975.0,11.551683026,48.186096875,2,#fc8d62,car
81622,"9,17E+18",9,1,62,0,2017,5,11,3,3,2,6,0,1,0,0,0,0,0,0,694616249.0,5334169797.0,11.615681017,48.131001099,2,#fc8d62,car
81623,"9,17E+18",9,1,62,0,2017,5,17,6,3,5,3,1,1,0,0,0,0,0,0,687977.8798,5343240.9884,11.530562827,48.21452945,1,#66c2a5,bicycle
81627,"9,17E+18",9,7,78,137,2017,5,11,3,3,3,2,0,1,0,0,0,1,0,0,624697.1732,5330797.0576,10.675501605,48.118214514,2,#fc8d62,car
81637,"9,17E+18",9,1,81,130,2017,6,12,5,2,5,3,0,1,0,0,0,0,0,0,641905.4776,5323499.5566,10.904173228,48.048992208,2,#fc8d62,car
81641,"9,17E+18",9,7,71,122,2017,5,15,3,3,8,7,0,1,0,0,0,0,0,0,652908.0536,5362148.1354,11.065656575,48.393941611,2,#fc8d62,car
81642,"9,17E+18",9,7,72,147,2017,5,17,3,3,0,1,1,0,0,0,0,0,0,0,638803.4228,5365269.7216,10.876259363,48.425272509,1,#66c2a5,bicycle
81643,"9,17E+18",9,7,71,142,2017,5,15,3,3,5,3,0,1,0,0,0,0,0,0,647022825.0,5351025226.0,10.982319333,48.295332424,2,#fc8d62,car
81645,"9,17E+18",9,7,71,130,2017,5,9,3,2,0,6,0,1,0,0,0,0,0,0,644690.1429,5357655.8464,10.95316261,48.355488985,2,#fc8d62,car
81646,"9,17E+18",9,7,61,0,2017,5,18,3,2,0,7,1,0,0,0,0,0,0,0,642750.6103,5359698.9678,10.927689868,48.374301191,1,#66c2a5,bicycle
81648,"9,17E+18",9,7,71,156,2017,5,20,3,2,4,6,0,1,0,0,0,0,0,0,650313.0309,5383849.5729,11.038432156,48.589677374,2,#fc8d62,car
81649,"9,17E+18",9,1,74,113,2017,6,4,5,3,9,7,0,1,0,0,0,1,2,0,670756.7279,5347552.7773,11.300672978,48.258158206,2,#fc8d62,car
81650,"9,17E+18",9,1,73,147,2017,5,22,1,2,0,7,0,0,0,1,0,0,2,0,680309.8677,5308098.7153,11.412620642,47.900858461,4,#e78ac3,marker
81651,"9,17E+18",9,7,71,112,2017,5,8,3,3,0,7,1,0,0,0,0,0,0,0,642958.7729,5367027.8022,10.932995783,48.440150749,1,#66c2a5,bicycle
81653,"9,17E+18",9,7,71,113,2017,5,7,3,3,0,7,1,0,0,0,0,0,0,0,657020935.0,5370586959.0,11.12434042,48.468798753,1,#66c2a5,bicycle
81657,"9,17E+18",9,1,62,0,2017,5,8,6,3,5,2,1,1,0,0,0,0,0,0,690882.4456,5339121.7913,11.567771869,48.17663987,1,#66c2a5,bicycle
81661,"9,17E+18",9,1,90,151,2017,5,13,1,3,8,1,1,0,0,0,0,0,0,0,637187.0491,5299203768.0,10.833149967,47.831540351,1,#66c2a5,bicycle
81700,"9,17E+18",9,1,78,124,2017,6,19,5,2,4,2,0,1,0,0,0,0,0,0,698623.2517,5365489.5382,11.684186821,48.411231744,2,#fc8d62,car
81717,"9,17E+18",9,1,82,123,2017,5,6,1,3,8,1,0,1,0,0,0,0,0,0,714854.5148,5302523.6397,11.871518359,47.840125029,2,#fc8d62,car
81718,"9,17E+18",9,1,81,118,2017,5,16,1,3,0,6,0,0,0,1,0,0,0,0,650965.2889,5328872349.0,11.027564451,48.095222801,4,#e78ac3,marker
81736,"9,17E+18",9,1,88,126,2017,5,18,1,2,8,1,0,0,0,1,0,0,0,0,660785.7571,5324309.0658,11.15764914,48.051793667,4,#e78ac3,marker
81738,"9,17E+18",9,1,74,111,2017,5,12,1,2,8,1,0,0,0,1,0,0,0,0,667505.1429,5358777.6439,11.261354886,48.359934295,4,#e78ac3,marker
81740,"9,17E+18",9,7,72,216,2017,5,20,6,3,7,7,1,0,0,0,0,1,0,0,622030.2773,5369723.9676,10.650933012,48.468801401,1,#66c2a5,bicycle
81741,"9,17E+18",9,7,72,209,2017,5,17,6,3,5,3,0,1,0,1,0,0,0,0,634811.61,5335757481.0,10.812907389,48.160759725,2,#fc8d62,car
81742,"9,17E+18",9,1,86,152,2017,5,20,1,3,2,6,0,1,0,0,0,0,1,0,691523.0287,5375208.4562,11.592785413,48.500775707,2,#fc8d62,car
81743,"9,17E+18",9,1,78,145,2017,5,19,1,3,2,1,0,1,0,0,0,0,0,0,695962.3338,5356496.8043,11.644077127,48.331246962,2,#fc8d62,car
81744,"9,17E+18",9,1,75,112,2017,5,19,1,2,2,2,0,1,0,1,0,0,0,0,721253.7113,5319041.0683,11.965401721,47.986369161,2,#fc8d62,car
81747,"9,17E+18",9,2,61,0,2017,5,22,3,3,2,1,0,1,0,0,0,0,2,1,725341298.0,5377780911.0,12.051370958,48.512670383,2,#fc8d62,car
81748,"9,17E+18",9,7,72,121,2017,5,20,6,3,5,3,0,1,0,0,0,0,0,0,635663783.0,5374226.0951,10.836747239,48.506490745,2,#fc8d62,car
81749,"9,17E+18",9,7,71,130,2017,5,14,6,3,2,6,0,1,0,0,0,0,0,0,647531.56,5358878.2296,10.991923471,48.365822192,2,#fc8d62,car
81750,"9,17E+18",9,7,61,0,2017,5,18,6,3,4,2,0,1,0,0,0,0,0,0,641395.5375,5355180.6966,10.907883794,48.333979644,2,#fc8d62,car
81751,"9,17E+18",9,7,61,0,2017,5,22,6,3,5,3,0,1,0,0,0,0,2,0,638635.2843,5356534.1913,10.871105383,48.346761662,2,#fc8d62,car
81761,"9,17E+18",9,2,61,0,2017,5,14,3,3,0,7,1,1,0,0,0,0,0,0,734567.7364,5381775.9964,12.178358275,48.545178912,1,#66c2a5,bicycle
81762,"9,17E+18",9,1,62,0,2017,5,18,3,3,2,6,0,1,0,0,0,0,0,0,685282.5098,5328451.1954,11.487876098,48.082384933,2,#fc8d62,car
81763,"9,17E+18",9,1,84,132,2017,5,22,3,3,9,1,0,1,0,0,0,0,2,1,684189.4215,5325984.2109,11.472149912,48.060526708,2,#fc8d62,car
81769,"9,17E+18",9,7,77,152,2017,5,18,7,3,3,6,0,1,0,0,0,1,0,0,624425.6915,5305341.5139,10.664472033,47.88933668,2,#fc8d62,car
81770,"9,17E+18",9,1,75,132,2017,6,7,5,3,2,6,0,1,0,0,0,0,0,0,705298.9931,5334623.3265,11.759309542,48.131721061,2,#fc8d62,car
81774,"9,17E+18",9,1,82,120,2017,5,16,3,2,2,6,0,0,0,1,0,0,0,0,702878.2082,5310287.3212,11.715292571,47.913789752,4,#e78ac3,marker
81778,"9,17E+18",9,1,87,130,2017,5,16,3,3,0,1,1,0,0,0,0,0,0,0,712547.5635,5309968.6927,11.844387538,47.907795185,1,#66c2a5,bicycle
81779,"9,17E+18",9,1,87,117,2017,5,8,3,3,5,3,0,1,0,0,0,0,0,0,725308.4444,5305934.7778,12.012816061,47.867196438,2,#fc8d62,car
81788,"9,17E+18",9,1,79,138,2017,6,16,5,3,5,3,0,1,0,0,0,0,0,0,656621.5528,5335179456.0,11.105797167,48.150564394,2,#fc8d62,car
81790,"9,17E+18",9,1,62,0,2017,5,17,3,3,0,6,0,1,0,0,0,1,0,0,685848.9901,5333236.9307,11.497559346,48.125236513,2,#fc8d62,car
81793,"9,17E+18",9,7,72,131,2017,5,16,7,3,5,3,1,1,0,0,0,0,0,0,617780.2639,5355943.6016,10.589590846,48.345683868,1,#66c2a5,bicycle
81794,"9,17E+18",9,7,71,146,2017,5,20,7,2,5,2,0,1,0,1,0,0,0,0,646220413.0,5348139.0633,10.970508261,48.269567669,2,#fc8d62,car
81795,"9,17E+18",9,7,72,125,2017,5,21,7,3,8,1,0,0,0,1,0,0,2,0,626620169.0,5345541.9504,10.705723432,48.250434565,4,#e78ac3,marker
81796,"9,17E+18",9,7,72,202,2017,5,19,7,3,5,3,1,0,0,1,0,0,0,0,636102.6115,5359679267.0,10.837958793,48.375592954,1,#66c2a5,bicycle
81797,"9,17E+18",9,7,61,0,2017,5,18,7,3,2,6,0,1,0,1,0,0,0,0,640540855.0,5360232723.0,10.89804517,48.37959655,2,#fc8d62,car
81799,"9,17E+18",9,1,81,140,2017,5,15,3,3,2,6,0,1,0,0,0,0,0,0,643759.9755,5324353.8248,10.929330504,48.05625877,2,#fc8d62,car
81800,"9,17E+18",9,1,74,146,2017,5,20,3,3,8,1,0,1,0,0,0,0,2,1,666864.7429,5350929.7926,11.249610101,48.289553849,2,#fc8d62,car
81801,"9,17E+18",9,1,62,0,2017,5,9,3,2,3,6,0,1,0,0,0,0,0,0,682264.0794,5341944.1411,11.453160727,48.204539347,2,#fc8d62,car
81802,"9,17E+18",9,1,79,142,2017,5,12,3,3,5,3,0,1,0,0,0,0,0,0,673319.3402,5343820751.0,11.333643275,48.223914031,2,#fc8d62,car
81803,"9,17E+18",9,1,79,126,2017,5,7,3,3,5,3,1,1,0,0,0,0,0,0,676702711.0,5340093.8232,11.377606013,48.189478963,1,#66c2a5,bicycle
81804,"9,17E+18",9,1,88,121,2017,5,15,3,3,5,3,0,1,0,0,0,0,0,0,671950.2506,5329723.6404,11.309526493,48.09755923,2,#fc8d62,car
81805,"9,17E+18",9,1,62,0,2017,5,17,3,3,2,6,0,1,0,0,0,0,0,0,694752.1472,5342443.0393,11.621294539,48.20531538,2,#fc8d62,car
81806,"9,17E+18",9,1,77,130,2017,5,17,3,3,0,7,1,0,0,0,0,0,0,0,711029.2886,5351068.9909,11.84440748,48.277624567,1,#66c2a5,bicycle
81807,"9,17E+18",9,1,75,132,2017,5,12,3,3,4,2,0,1,0,0,0,0,0,0,706146.5902,5330793.3329,11.768836655,48.097028946,2,#fc8d62,car
81808,"9,17E+18",9,1,78,116,2017,5,20,3,3,0,6,0,1,0,0,0,1,1,0,698667.3291,5383337.6663,11.693268771,48.571609978,2,#fc8d62,car
81809,"9,17E+18",9,1,75,112,2017,5,11,3,3,5,3,0,1,0,1,0,0,0,0,721742873.0,5320325064.0,11.972611791,47.997736615,2,#fc8d62,car
81811,"9,17E+18",9,1,77,115,2017,5,17,3,3,5,2,1,1,0,0,0,0,0,0,734134.0661,5350851.3429,12.155243751,48.267550367,1,#66c2a5,bicycle
81813,"9,17E+18",9,1,84,148,2017,5,15,2,3,5,7,1,1,0,0,0,0,0,0,695031.4252,5327110.1985,11.618029357,48.067425058,1,#66c2a5,bicycle
81814,"9,17E+18",9,1,84,123,2017,5,16,2,2,2,6,0,1,0,0,0,0,0,0,702986.3249,5331899.6584,11.726966304,48.107985753,2,#fc8d62,car
81815,"9,17E+18",9,1,62,0,2017,5,8,2,3,2,6,0,1,0,1,0,0,0,0,687056.7294,5335123.8227,11.514602047,48.141842756,2,#fc8d62,car
81816,"9,17E+18",9,1,84,149,2017,5,9,2,3,5,3,0,1,0,0,0,0,0,0,690378.2676,5350606.7015,11.566155408,48.280015325,2,#fc8d62,car
81817,"9,17E+18",9,1,84,135,2017,5,18,2,3,9,7,0,1,0,0,0,0,0,0,689785.3318,5349004.8715,11.557452357,48.265796421,2,#fc8d62,car
81818,"9,17E+18",9,1,62,0,2017,5,9,2,2,2,6,0,1,0,1,0,0,0,0,689775.0575,5339025.1069,11.552847382,48.176102538,2,#fc8d62,car
81819,"9,17E+18",9,1,84,114,2017,5,13,2,3,5,3,0,1,0,0,0,1,0,0,699982.4963,5320363.9339,11.681266252,48.005261803,2,#fc8d62,car
81820,"9,17E+18",9,1,84,112,2017,5,6,2,2,5,2,1,1,0,0,0,0,0,0,701350.9086,5340192.5664,11.708943053,48.183032348,1,#66c2a5,bicycle
81821,"9,17E+18",9,1,62,0,2017,5,8,2,3,3,6,0,1,0,1,0,0,0,0,691200.8343,5330938.5506,11.568376597,48.102993969,2,#fc8d62,car
81837,"9,17E+18",9,7,78,203,2017,5,19,2,3,5,3,1,0,0,0,0,0,0,0,621439.8686,5325089.0008,10.630129506,48.067509367,1,#66c2a5,bicycle
81848,"9,17E+18",9,7,71,130,2017,5,19,2,3,3,1,0,1,0,0,0,0,0,0,647387858.0,5362817.4418,10.991366134,48.401273799,2,#fc8d62,car
81849,"9,17E+18",9,7,61,0,2017,5,12,2,3,2,5,0,1,0,0,0,0,0,0,641265616.0,5352288477.0,10.905162749,48.30800273,2,#fc8d62,car
81850,"9,17E+18",9,7,72,147,2017,5,19,2,3,8,7,0,1,0,0,0,0,0,0,638883.2359,5368913.4449,10.878545757,48.458018018,2,#fc8d62,car
81851,"9,17E+18",9,7,72,215,2017,5,14,2,3,5,3,0,1,0,0,0,0,0,0,633897.5026,5345651.5056,10.803743297,48.249924013,2,#fc8d62,car
81852,"9,17E+18",9,7,61,0,2017,5,13,2,3,0,1,1,0,0,0,0,0,0,0,643024.7137,5358307.4184,10.930915914,48.36172702,1,#66c2a5,bicycle
81905,"9,17E+18",9,1,62,0,2017,5,15,4,3,2,6,0,1,0,0,0,1,0,0,688877.7082,5340111.3537,11.541271445,48.18613311,2,#fc8d62,car
81958,"9,17E+18",9,1,73,137,2017,5,16,2,2,5,3,0,1,0,1,0,0,0,0,675670.7503,5304602.9839,11.34917984,47.870719556,2,#fc8d62,car
81967,"9,17E+18",9,1,87,177,2017,5,13,2,3,4,6,0,1,0,0,0,1,0,0,736336.1565,5305685.4376,12.159915427,47.860994761,2,#fc8d62,car
81970,"9,17E+18",9,1,87,179,2017,5,15,2,2,9,1,0,1,0,0,0,0,0,0,720930.6376,5315920.7497,11.959473819,47.958444094,2,#fc8d62,car
81971,"9,17E+18",9,1,87,179,2017,5,14,2,3,9,1,0,1,0,0,0,0,0,0,725339.9799,5313629.4761,12.017255595,47.936321233,2,#fc8d62,car
81973,"9,17E+18",9,1,86,152,2017,5,22,2,3,9,1,0,1,0,0,0,0,2,0,691444411.0,5380114.7234,11.593974321,48.54489299,2,#fc8d62,car
81974,"9,17E+18",9,1,86,152,2017,5,15,2,3,2,6,0,1,0,0,0,0,0,0,691564.5165,5379173.5686,11.595167249,48.536398079,2,#fc8d62,car
81975,"9,17E+18",9,1,85,131,2017,5,9,2,2,4,7,0,1,0,0,0,0,0,0,665555.9982,5378276303.0,11.242770924,48.53573365,2,#fc8d62,car
81981,"9,17E+18",9,1,74,146,2017,5,16,2,3,0,7,0,0,0,1,0,1,0,1,668292.4815,5350110.8244,11.268516522,48.281813585,4,#e78ac3,marker
81982,"9,17E+18",9,1,88,139,2017,5,9,2,3,0,7,0,0,0,1,0,0,0,0,674751.16,5319022811.0,11.342744823,48.000601447,4,#e78ac3,marker
81983,"9,17E+18",9,1,88,145,2017,5,8,2,3,0,7,0,0,0,1,0,0,0,0,664077.5208,5326792.4567,11.202741967,48.073282654,4,#e78ac3,marker
81985,"9,17E+18",9,1,79,123,2017,5,16,2,2,0,7,0,0,0,1,0,0,0,0,675948.1274,5333555.2673,11.364757394,48.130911695,4,#e78ac3,marker
81987,"9,17E+18",9,1,74,147,2017,5,18,2,3,5,3,0,1,0,0,0,0,0,0,673408552.0,5364929934.0,11.34352319,48.413643882,2,#fc8d62,car
81989,"9,17E+18",9,1,74,141,2017,5,7,2,2,4,2,0,1,0,0,0,0,0,0,679794322.0,5356354585.0,11.426077404,48.334774886,2,#fc8d62,car
81990,"9,17E+18",9,1,77,116,2017,5,8,2,3,1,6,0,1,0,0,0,0,0,0,711593.2749,5364399.7755,11.858693914,48.397219782,2,#fc8d62,car
81991,"9,17E+18",9,1,78,143,2017,5,18,2,3,2,6,0,1,0,0,0,0,0,0,717594698.0,5372181.1403,11.943704404,48.465090539,2,#fc8d62,car
81992,"9,17E+18",9,1,78,124,2017,5,17,2,3,2,6,0,1,0,0,0,0,0,0,702885.5674,5365754.0184,11.741847567,48.41225094,2,#fc8d62,car
81994,"9,17E+18",9,1,77,139,2017,5,7,2,3,0,1,1,0,0,0,0,0,0,0,726346.3768,5354316.0169,12.052308098,48.301507109,1,#66c2a5,bicycle
81997,"9,17E+18",9,2,61,0,2017,5,17,7,3,5,3,0,1,0,0,0,0,0,0,732136.1075,5381992.0733,12.14558247,48.548024219,2,#fc8d62,car
81999,"9,17E+18",9,2,61,0,2017,5,23,7,3,5,3,0,1,0,1,0,0,2,0,735547.9493,5382343.8238,12.191939663,48.549912136,2,#fc8d62,car
82000,"9,17E+18",9,2,61,0,2017,5,23,7,3,2,6,0,1,0,0,0,0,2,0,732154.3449,5381483.1813,12.145545629,48.543446218,2,#fc8d62,car
82002,"9,17E+18",9,1,90,157,2017,5,20,7,3,2,2,0,1,0,0,0,0,1,0,660757.6632,5299372.6645,11.147960908,47.827599443,2,#fc8d62,car
82003,"9,17E+18",9,1,62,0,2017,5,13,1,3,5,3,0,1,0,0,0,0,0,0,686223.3196,5335216.0351,11.503449971,48.14291607,2,#fc8d62,car
82004,"9,17E+18",9,1,62,0,2017,5,1,1,3,1,7,1,1,0,0,0,0,2,0,695362.5587,5334004.6563,11.625624953,48.129288269,1,#66c2a5,bicycle
82006,"9,17E+18",9,1,62,0,2017,5,16,1,3,5,3,1,1,0,0,0,0,0,0,686186.4932,5335220.5321,11.50295736,48.142967269,1,#66c2a5,bicycle
82008,"9,17E+18",9,7,78,203,2017,5,23,1,3,2,6,0,1,0,0,0,0,2,0,622041.8113,5322003.2351,10.637325921,48.039642875,2,#fc8d62,car
82009,"9,17E+18",9,7,78,203,2017,5,10,1,3,2,6,0,1,0,0,0,0,0,0,621098.1074,5322147.5865,10.624711215,48.041120803,2,#fc8d62,car