OBJECTID,UIDENTSTLA,ULAND,UREGBEZ,UKREIS,UGEMEINDE,UJAHR,UMONAT,USTUNDE,UWOCHENTAG,UKATEGORIE,UART,UTYP1,IstRad,IstPKW,IstFuss,IstKrad,IstGkfz,IstSonstig,ULICHTVERH,STRZUSTAND,LINREFX,LINREFY,XGCSWGS84,YGCSWGS84,Teilnehmer,color,symbol
82011,"9,17E+18",9,7,78,216,2017,5,12,1,3,2,6,0,1,0,0,0,0,0,0,624507.4854,5320930573.0,10.670079399,48.029519998,2,#fc8d62,car
82040,"9,17E+18",9,2,61,0,2017,6,12,7,3,5,3,0,1,0,0,0,0,0,0,734506.3023,5381750.5324,12.177512853,48.544973146,2,#fc8d62,car
82041,"9,17E+18",9,2,61,0,2017,6,17,7,3,5,3,1,1,0,0,0,0,0,0,732719.5629,5382083.3266,12.153527158,48.548627768,1,#66c2a5,bicycle
82044,"9,17E+18",9,1,90,151,2017,6,13,7,2,8,1,0,0,0,1,0,0,0,0,633342.0039,5299957.6715,10.782029144,47.839129036,4,#e78ac3,marker
82048,"9,17E+18",9,1,73,126,2017,6,18,7,2,0,7,0,0,0,1,0,0,0,0,685337386.0,5303841754.0,11.478000021,47.861160351,4,#e78ac3,marker
82055,"9,17E+18",9,1,87,164,2017,6,17,7,2,5,3,0,1,0,0,0,0,0,0,733879.0797,5322995553.0,12.136515698,48.01740479,2,#fc8d62,car
82056,"9,17E+18",9,1,87,170,2017,6,13,7,3,0,1,0,0,0,1,0,0,0,0,733516.1124,5318085696.0,12.128984919,47.973428574,4,#e78ac3,marker
82057,"9,17E+18",9,1,63,0,2017,6,14,7,3,2,6,0,1,0,1,0,0,0,0,734544.9181,5304294.4645,12.135248876,47.849154634,2,#fc8d62,car
82059,"9,17E+18",9,1,82,127,2017,6,12,7,2,5,2,1,1,0,0,0,0,0,0,699415.5978,5310508.8148,11.669104422,47.916866416,1,#66c2a5,bicycle
82060,"9,17E+18",9,1,87,150,2017,6,10,7,2,3,2,0,1,0,1,0,0,0,0,725374.4028,5303174.2761,12.012258613,47.842370302,2,#fc8d62,car
82061,"9,17E+18",9,1,86,143,2017,6,11,7,3,5,3,0,1,0,1,0,1,0,0,685553.6703,5378969167.0,11.513728937,48.536367104,2,#fc8d62,car
82065,"9,17E+18",9,1,74,113,2017,6,22,7,3,7,7,0,1,0,0,0,0,2,0,674213.6986,5344627.9927,11.346006638,48.230925587,2,#fc8d62,car
82066,"9,17E+18",9,1,81,143,2017,6,21,7,3,8,1,0,1,0,0,0,0,2,1,638401.4548,5316671.3986,10.854975344,47.988359946,2,#fc8d62,car
82067,"9,17E+18",9,1,81,139,2017,6,14,7,3,2,7,0,1,0,1,0,0,0,0,656027.9298,5325913.1765,11.094431975,48.067397299,2,#fc8d62,car
82068,"9,17E+18",9,1,81,115,2017,6,15,7,3,5,3,1,1,0,0,0,0,0,0,657557.5286,5327076.3559,11.115378805,48.077479377,1,#66c2a5,bicycle
82069,"9,17E+18",9,1,74,118,2017,6,18,7,3,2,6,0,1,0,0,0,0,0,0,669576.5885,5357046.3828,11.28859938,48.343818283,2,#fc8d62,car
82070,"9,17E+18",9,1,74,115,2017,6,15,7,3,0,7,1,0,0,0,0,0,0,0,680981.7081,5348153.0015,11.438568994,48.260715626,1,#66c2a5,bicycle
82071,"9,17E+18",9,1,78,113,2017,6,11,7,3,5,2,0,1,0,0,0,0,0,0,691669.0297,5367280.8115,11.591128105,48.429483599,2,#fc8d62,car
82072,"9,17E+18",9,1,62,0,2017,6,0,6,3,5,3,0,1,0,0,0,0,2,0,689280.9502,5341041.0756,11.547105683,48.194369422,2,#fc8d62,car
82073,"9,17E+18",9,1,84,114,2017,6,15,6,3,5,3,0,1,0,1,0,0,0,1,701274601.0,5317811535.0,11.697373674,47.981917375,2,#fc8d62,car
82074,"9,17E+18",9,1,84,139,2017,6,12,6,2,5,3,0,1,0,1,0,0,0,0,686472617.0,5323678038.0,11.501759549,48.039134457,2,#fc8d62,car
82075,"9,17E+18",9,1,62,0,2017,6,12,6,3,1,6,0,1,0,0,0,1,0,1,690821.8385,5329755.2367,11.562761907,48.092471943,2,#fc8d62,car
82076,"9,17E+18",9,1,62,0,2017,6,17,6,3,5,3,0,1,0,0,0,0,0,0,682661119.0,5340912826.0,11.458055749,48.195155174,2,#fc8d62,car
82077,"9,17E+18",9,1,62,0,2017,6,13,6,3,5,3,0,1,0,0,0,0,0,1,693510.53,5331530.4997,11.599637989,48.107616947,2,#fc8d62,car
82089,"9,17E+18",9,7,62,0,2017,6,12,6,3,0,1,0,0,0,1,0,0,0,1,622145381.0,5304225954.0,10.633665139,47.879741713,4,#e78ac3,marker
82090,"9,17E+18",9,7,62,0,2017,6,18,6,3,3,6,0,1,0,1,0,0,0,0,622145368.0,5304705665.0,10.633800654,47.884056098,2,#fc8d62,car
82091,"9,17E+18",9,7,77,121,2017,6,13,6,2,4,1,0,1,0,0,0,0,0,1,628561.6716,5320316.7302,10.724250871,48.023196435,2,#fc8d62,car
82093,"9,17E+18",9,7,61,0,2017,6,14,6,3,2,6,0,1,0,0,0,0,0,0,637730.1747,5361054.8114,10.860376593,48.387608478,2,#fc8d62,car
82094,"9,17E+18",9,7,71,122,2017,6,3,6,2,2,1,0,1,0,0,0,1,2,0,656426.5386,5359284.4403,11.112089231,48.367332723,2,#fc8d62,car
82095,"9,17E+18",9,7,72,131,2017,6,7,6,3,5,2,1,1,0,0,0,1,0,0,618528.5461,5356360.8268,10.599803224,48.349296054,1,#66c2a5,bicycle
82096,"9,17E+18",9,7,72,145,2017,6,23,6,3,0,1,1,0,0,0,0,0,2,0,635672.0029,5368644675.0,10.835046699,48.456301923,1,#66c2a5,bicycle
82097,"9,17E+18",9,7,71,130,2017,6,15,6,3,5,3,0,1,0,0,0,0,0,0,644695415.0,5363213.6763,10.955147201,48.405460169,2,#fc8d62,car
82098,"9,17E+18",9,7,71,130,2017,6,8,6,3,5,3,1,0,0,0,0,1,0,0,645407.9097,5357702.6077,10.962861955,48.355744557,1,#66c2a5,bicycle
82099,"9,17E+18",9,7,61,0,2017,6,13,6,3,0,2,0,1,0,1,0,0,0,0,639053.3388,5360998.3515,10.878220471,48.386810488,2,#fc8d62,car
82165,"9,17E+18",9,2,61,0,2017,6,18,6,3,0,7,0,0,0,1,0,1,0,1,732869.8965,5382994.7458,12.156070721,48.556758953,4,#e78ac3,marker
82166,"9,17E+18",9,2,61,0,2017,6,12,6,3,5,3,0,1,0,0,0,0,0,0,731717.6482,5383867.1169,12.140964502,48.565022023,2,#fc8d62,car
82168,"9,17E+18",9,1,84,132,2017,6,12,6,3,8,6,0,1,0,0,0,0,0,1,683092.2875,5325120126.0,11.457068689,48.053075382,2,#fc8d62,car
82169,"9,17E+18",9,1,84,142,2017,6,13,6,3,8,1,0,1,0,0,0,0,0,1,681251.4148,5318082.5371,11.429411658,47.990339637,2,#fc8d62,car
82171,"9,17E+18",9,1,73,126,2017,6,10,6,2,5,3,0,1,0,1,0,0,0,0,687440.9398,5303521.2807,11.505958405,47.857669458,2,#fc8d62,car
82175,"9,17E+18",9,1,83,126,2017,6,5,6,3,9,1,0,1,0,0,0,0,0,0,726535.0967,5336216.9758,12.045181107,48.138836348,2,#fc8d62,car
82181,"9,17E+18",9,1,82,133,2017,6,18,6,3,4,6,0,1,0,0,0,0,0,0,705749579.0,5311064.4831,11.754047878,47.919859352,2,#fc8d62,car
82183,"9,17E+18",9,1,87,122,2017,6,17,6,3,3,6,0,1,0,1,0,0,0,0,720789336.0,5305171.4672,11.952080715,47.861906756,2,#fc8d62,car
82184,"9,17E+18",9,1,87,130,2017,6,12,6,3,0,3,0,1,0,1,0,0,0,0,710479619.0,5311148.6747,11.817324329,47.919080843,2,#fc8d62,car
82191,"9,17E+18",9,1,81,126,2017,6,13,6,3,0,1,0,0,0,1,0,0,0,1,634812.4539,5331761.9895,10.811653597,48.124830263,4,#e78ac3,marker
82192,"9,17E+18",9,1,81,113,2017,6,15,6,3,2,6,0,1,0,0,0,0,0,0,640696927.0,5307241.8505,10.882641329,47.903064823,2,#fc8d62,car
82193,"9,17E+18",9,1,79,114,2017,6,18,6,3,9,7,0,1,0,0,0,0,0,0,651590.0807,5344254492.0,11.041433305,48.233378808,2,#fc8d62,car
82194,"9,17E+18",9,1,86,152,2017,6,10,6,3,6,7,0,1,1,0,0,0,0,0,691334845.0,5373351.5839,11.589390107,48.484144933,2,#fc8d62,car
82195,"9,17E+18",9,1,86,152,2017,6,8,6,3,3,6,0,1,0,0,0,0,0,0,691334.6312,5373351.0693,11.589386981,48.484140374,2,#fc8d62,car
82196,"9,17E+18",9,1,78,145,2017,6,18,6,2,4,1,0,1,0,0,0,1,0,0,699557.7865,5355475.0263,11.692050977,48.32093963,2,#fc8d62,car
82200,"9,17E+18",9,1,75,121,2017,6,8,6,3,2,6,0,1,0,0,0,0,0,0,714164071.0,5318815508.0,11.870394291,47.986754922,2,#fc8d62,car
82201,"9,17E+18",9,1,75,115,2017,6,13,6,3,9,1,0,1,0,0,0,0,0,1,717583.5504,5336352.0005,11.925085583,48.143173237,2,#fc8d62,car
82202,"9,17E+18",9,1,77,137,2017,6,9,6,3,5,3,0,1,0,0,0,0,0,0,732796.5012,5344881.7838,12.133965929,48.21441679,2,#fc8d62,car
82203,"9,17E+18",9,1,62,0,2017,6,13,5,2,6,4,0,1,1,0,0,0,0,0,692061.8927,5341570.4676,11.584728359,48.198292551,2,#fc8d62,car
82204,"9,17E+18",9,1,88,120,2017,6,12,5,3,5,1,1,0,0,0,0,0,0,0,678632956.0,5328206.1282,11.398569528,48.082079795,1,#66c2a5,bicycle
82205,"9,17E+18",9,1,62,0,2017,6,7,5,3,5,3,1,1,0,0,0,0,0,0,691744.5415,5331885.0273,11.576097869,48.111337425,1,#66c2a5,bicycle
82206,"9,17E+18",9,1,84,123,2017,6,7,5,3,3,2,1,0,0,0,0,1,0,0,702489506.0,5332045244.0,11.72036883,48.109452225,1,#66c2a5,bicycle
82207,"9,17E+18",9,1,84,145,2017,6,12,5,3,5,7,0,1,0,1,0,0,0,0,696496.4969,5322577.2447,11.635593637,48.026235197,2,#fc8d62,car
82208,"9,17E+18",9,1,84,122,2017,6,18,5,3,4,2,1,1,0,0,0,0,0,0,687964.6228,5323605.7727,11.521724915,48.038047456,1,#66c2a5,bicycle
82209,"9,17E+18",9,1,84,113,2017,6,7,5,3,3,1,1,0,0,0,0,0,0,0,686013.5406,5322422.9435,11.495061507,48.027986825,1,#66c2a5,bicycle
82210,"9,17E+18",9,1,62,0,2017,6,11,5,3,5,2,1,0,0,0,0,1,0,0,688299155.0,5333975.4027,11.530779455,48.131154066,1,#66c2a5,bicycle
82215,"9,17E+18",9,7,78,116,2017,6,14,5,3,0,1,0,0,0,1,0,0,0,0,622193.7392,5318003.4812,10.638222916,48.003642154,4,#e78ac3,marker
82223,"9,17E+18",9,7,62,0,2017,6,15,5,2,4,1,0,1,0,0,0,0,0,0,622889.5122,5306329.3505,10.644212304,47.898516924,2,#fc8d62,car
82224,"9,17E+18",9,7,77,130,2017,6,17,5,3,5,3,1,1,0,0,0,0,0,0,624730.5947,5308925.4276,10.669585508,47.921509471,1,#66c2a5,bicycle
82226,"9,17E+18",9,7,61,0,2017,6,15,5,3,2,6,0,1,0,0,0,1,0,0,638406.7995,5356745.1648,10.868092674,48.348708812,2,#fc8d62,car
82227,"9,17E+18",9,7,72,130,2017,6,15,5,3,2,6,0,1,0,0,0,0,0,0,631552.3263,5357120.7613,10.775741831,48.353551223,2,#fc8d62,car
82228,"9,17E+18",9,7,72,157,2017,6,16,5,3,2,6,0,1,0,0,0,0,0,0,627454631.0,5335072547.0,10.713814901,48.156117726,2,#fc8d62,car
82229,"9,17E+18",9,7,71,130,2017,6,16,5,3,5,2,1,1,0,0,0,0,0,0,646976.8509,5358148.0571,10.984183548,48.359386457,1,#66c2a5,bicycle
82230,"9,17E+18",9,7,61,0,2017,6,14,5,3,0,2,0,1,0,1,0,0,0,0,643404923.0,5360546013.0,10.936809387,48.381768999,2,#fc8d62,car
82286,"9,17E+18",9,2,74,128,2017,6,17,5,3,5,3,0,1,0,0,0,1,0,0,735673.1137,5385741.8523,12.195557309,48.580387243,2,#fc8d62,car
82287,"9,17E+18",9,2,74,113,2017,6,11,5,3,1,7,1,1,0,0,0,0,0,0,729706.7041,5381755.5852,12.11258308,48.546794036,1,#66c2a5,bicycle
82288,"9,17E+18",9,2,61,0,2017,6,12,5,3,0,4,0,0,1,1,0,0,0,0,732031.58,5380859682.0,12.143537686,48.537890867,3,#8da0cb,toilet
82302,"9,17E+18",9,2,61,0,2017,6,11,5,3,0,1,1,0,0,0,0,0,0,0,732131.3175,5380707.5759,12.144802085,48.536487651,1,#66c2a5,bicycle
82313,"9,17E+18",9,1,84,148,2017,6,15,5,3,2,6,0,1,0,1,0,0,0,0,693357.1932,5328780.0192,11.596334543,48.082942781,2,#fc8d62,car
82315,"9,17E+18",9,1,87,150,2017,6,14,5,3,2,6,0,1,0,0,0,0,0,0,730020.6028,5303395.9065,12.074384032,47.842716332,2,#fc8d62,car
82323,"9,17E+18",9,1,88,124,2017,6,10,5,2,0,3,0,1,0,1,0,0,0,0,661218276.0,5316626018.0,11.160559744,47.982608215,2,#fc8d62,car
82324,"9,17E+18",9,1,81,120,2017,6,17,5,2,5,3,0,1,0,0,0,0,0,0,651321.6584,5320043.5003,11.0292247,48.015754196,2,#fc8d62,car
82325,"9,17E+18",9,1,74,115,2017,6,10,5,3,1,6,0,1,0,1,0,1,0,0,679028.6408,5347768.7111,11.412114886,48.257816182,2,#fc8d62,car
82326,"9,17E+18",9,1,62,0,2017,6,15,5,3,2,6,0,1,0,0,0,0,0,0,694532.5719,5341662761.0,11.617984731,48.198369975,2,#fc8d62,car
82327,"9,17E+18",9,1,75,135,2017,6,6,5,2,3,7,1,1,0,0,0,0,0,0,708241.1289,5338989.5543,11.80094056,48.170001119,1,#66c2a5,bicycle
82328,"9,17E+18",9,1,75,132,2017,6,17,5,3,4,2,0,1,0,0,0,0,0,0,706145.3748,5330793.9374,11.768820642,48.097034772,2,#fc8d62,car
82329,"9,17E+18",9,1,75,131,2017,6,15,5,3,2,6,0,0,0,1,0,1,0,0,709828.7736,5324794.1041,11.815287906,48.041917014,4,#e78ac3,marker
82330,"9,17E+18",9,1,62,0,2017,6,7,4,3,3,6,0,1,0,1,0,0,0,0,688549.4323,5335221.8207,11.534691544,48.14228298,2,#fc8d62,car
82331,"9,17E+18",9,1,62,0,2017,6,11,4,3,5,3,1,1,0,0,0,0,0,0,695441.3217,5329906464.0,11.624804688,48.092431365,1,#66c2a5,bicycle
82332,"9,17E+18",9,1,62,0,2017,6,11,4,3,5,3,1,0,0,0,0,1,0,0,688120.5612,5333890.9777,11.528344269,48.130448046,1,#66c2a5,bicycle
82333,"9,17E+18",9,1,62,0,2017,6,16,4,3,2,6,0,1,0,0,0,0,0,0,692882.1834,5338989.8127,11.594584203,48.174849888,2,#fc8d62,car
82342,"9,17E+18",9,7,72,151,2017,6,7,4,3,8,7,0,1,0,0,0,0,0,0,627214.0643,5345778.0114,10.71379115,48.25243847,2,#fc8d62,car
82372,"9,17E+18",9,2,74,113,2017,6,20,4,3,0,7,1,1,0,0,0,0,0,0,728815.7129,5381694.1669,12.100494645,48.546567884,1,#66c2a5,bicycle
82381,"9,17E+18",9,1,84,145,2017,6,18,4,3,9,7,0,1,0,0,0,1,0,0,697887.6193,5323363.3103,11.654595038,48.032870548,2,#fc8d62,car
82382,"9,17E+18",9,1,87,130,2017,6,17,4,3,5,3,0,1,0,0,0,0,0,0,712219.3279,5310199.1143,11.840113936,47.909974481,2,#fc8d62,car
82385,"9,17E+18",9,1,62,0,2017,6,18,4,3,2,6,0,1,0,0,0,0,0,0,678473.6287,5336418.6898,11.39986991,48.155948033,2,#fc8d62,car
82386,"9,17E+18",9,1,84,120,2017,6,13,4,3,9,1,0,0,0,1,0,0,0,0,682336698.0,5333146.1484,11.450365245,48.125436174,4,#e78ac3,marker
82387,"9,17E+18",9,1,81,145,2017,6,13,4,3,4,1,0,1,0,0,0,0,0,1,642848849.0,5334647845.0,10.920556073,48.149026959,2,#fc8d62,car
82388,"9,17E+18",9,1,75,115,2017,6,17,4,3,4,2,0,1,0,0,0,0,0,0,721358.9127,5328933.7928,11.971920592,48.075219325,2,#fc8d62,car
82389,"9,17E+18",9,1,62,0,2017,6,14,3,3,2,6,0,1,0,0,0,0,0,1,692804.8221,5331220.7866,11.590027554,48.105047286,2,#fc8d62,car
82390,"9,17E+18",9,1,62,0,2017,6,18,3,3,2,6,0,1,0,0,0,1,1,1,691493.4121,5339292336.0,11.576058891,48.177988883,2,#fc8d62,car
82431,"9,17E+18",9,2,74,113,2017,6,18,3,3,5,3,0,1,0,1,0,0,0,0,728396358.0,5383928.99,12.096046908,48.566796475,2,#fc8d62,car
82432,"9,17E+18",9,2,61,0,2017,6,15,3,3,2,6,0,1,0,0,0,0,0,1,732979.3863,5381145.8711,12.156518186,48.540110489,2,#fc8d62,car
82433,"9,17E+18",9,2,61,0,2017,6,12,3,3,0,2,1,1,0,0,0,0,0,0,732416.3205,5381663.8838,12.149190453,48.544972441,1,#66c2a5,bicycle
82437,"9,17E+18",9,1,84,132,2017,6,18,3,2,8,1,0,1,0,0,0,0,0,1,684248.2725,5326054.8554,11.472969466,48.061144719,2,#fc8d62,car
82438,"9,17E+18",9,1,73,147,2017,6,7,3,3,2,6,0,1,0,0,0,1,0,0,681633.5582,5308824.5024,11.430621338,47.907009376,2,#fc8d62,car
82444,"9,17E+18",9,1,82,133,2017,6,13,3,3,2,6,0,1,0,0,0,1,0,1,703615.6677,5308366.5002,11.724244455,47.896293345,2,#fc8d62,car
82445,"9,17E+18",9,1,84,145,2017,6,8,3,3,9,6,0,1,0,0,0,0,0,1,697761.6985,5323741.7173,11.653082435,48.036310473,2,#fc8d62,car
82447,"9,17E+18",9,1,87,181,2017,6,6,3,3,9,6,0,1,0,0,0,0,0,1,737578461.0,5312839714.0,12.180436257,47.924807103,2,#fc8d62,car
82448,"9,17E+18",9,1,87,177,2017,6,17,3,3,2,6,0,1,0,0,0,0,0,1,736045.4225,5304272.5882,12.155263397,47.848408926,2,#fc8d62,car
82451,"9,17E+18",9,1,74,146,2017,6,1,3,3,2,6,0,1,0,0,0,1,2,0,668435.5681,5349986.7449,11.270394245,48.2806601,2,#fc8d62,car
82452,"9,17E+18",9,1,81,113,2017,6,22,3,3,2,6,0,1,0,0,0,0,2,0,639541294.0,5310368.0552,10.868198642,47.931429738,2,#fc8d62,car
82453,"9,17E+18",9,1,79,121,2017,6,3,3,3,7,7,0,0,0,1,0,0,2,0,669385.4367,5337208462.0,11.27808168,48.165533757,4,#e78ac3,marker
82454,"9,17E+18",9,1,84,129,2017,6,9,3,3,3,6,0,1,0,0,0,1,0,1,701473.3861,5326589.7469,11.704160433,48.060745804,2,#fc8d62,car
82455,"9,17E+18",9,1,78,143,2017,6,17,3,3,9,1,0,1,0,0,0,0,0,1,716077.7204,5371472.1331,11.92284397,48.459243101,2,#fc8d62,car
82456,"9,17E+18",9,1,77,131,2017,6,17,3,3,0,1,0,0,0,1,0,0,0,1,712589.9803,5346558.0955,11.863150466,48.23656981,4,#e78ac3,marker
82457,"9,17E+18",9,1,84,113,2017,6,13,2,2,0,1,0,0,0,1,0,0,0,0,683800.2589,5317429.9311,11.46326342,47.983746089,4,#e78ac3,marker
82458,"9,17E+18",9,1,62,0,2017,6,5,2,3,5,3,0,1,0,0,0,0,0,0,686258.2905,5331794.8807,11.502424408,48.112155162,2,#fc8d62,car
82459,"9,17E+18",9,1,84,113,2017,6,17,2,1,8,1,0,1,0,0,0,0,0,1,686393.6953,5323345.0269,11.500556824,48.036164213,2,#fc8d62,car
82460,"9,17E+18",9,1,62,0,2017,6,10,2,3,0,7,1,0,0,0,0,0,0,0,692106.2386,5341881.4393,11.585465254,48.201074058,1,#66c2a5,bicycle
82461,"9,17E+18",9,1,62,0,2017,6,0,2,3,2,6,1,0,0,0,0,0,2,0,687665.64,5335030.3328,11.522738211,48.140823138,1,#66c2a5,bicycle
82462,"9,17E+18",9,1,84,148,2017,6,14,2,3,4,2,0,1,0,1,0,0,0,0,697135206.0,5326627325.0,11.646016085,48.062438597,2,#fc8d62,car
82465,"9,17E+18",9,7,62,0,2017,6,14,2,3,4,1,0,1,0,1,0,0,0,0,619439.8095,5303723.5584,10.597354554,47.875732297,2,#fc8d62,car
82467,"9,17E+18",9,7,71,130,2017,6,18,2,3,9,1,0,1,0,0,0,0,0,1,645064.1214,5358381.0051,10.958457857,48.361923346,2,#fc8d62,car
82468,"9,17E+18",9,7,61,0,2017,6,10,2,3,2,6,0,1,0,0,0,1,0,0,641983.3664,5347464.1619,10.913215574,48.26446317,2,#fc8d62,car
82498,"9,17E+18",9,1,73,137,2017,6,16,2,3,5,3,0,1,0,0,0,0,0,0,680439.6089,5307535.1766,11.41411939,47.89575614,2,#fc8d62,car
82504,"9,17E+18",9,1,82,123,2017,6,18,2,3,2,3,0,1,0,0,0,1,1,1,717733.8343,5301543.3708,11.909456461,47.830348026,2,#fc8d62,car
82505,"9,17E+18",9,1,87,134,2017,6,16,2,3,2,3,0,1,0,0,0,0,0,0,736788.1483,5319833.1806,12.173722261,47.987924934,2,#fc8d62,car
82506,"9,17E+18",9,1,87,134,2017,6,17,2,1,5,3,0,1,0,0,0,0,0,1,736844.7443,5319941.0227,12.174539095,47.988872772,2,#fc8d62,car
82507,"9,17E+18",9,1,82,120,2017,6,3,2,3,9,1,0,1,0,0,0,0,2,1,700433834.0,5302832.82,11.679155612,47.847560884,2,#fc8d62,car
82510,"9,17E+18",9,1,86,143,2017,6,14,2,3,5,3,0,1,0,0,0,0,0,0,682038.2356,5382577.1045,11.467728566,48.569824756,2,#fc8d62,car
82511,"9,17E+18",9,1,62,0,2017,6,22,2,3,0,1,0,0,0,1,0,0,2,1,687539073.0,5333180.1555,11.520224112,48.124230577,4,#e78ac3,marker
82512,"9,17E+18",9,1,74,113,2017,6,17,2,3,9,1,0,0,0,1,0,0,0,1,674532.4197,5344746.5839,11.350343718,48.231904008,4,#e78ac3,marker
82513,"9,17E+18",9,1,62,0,2017,6,23,1,3,3,6,0,1,0,1,0,0,2,0,696039961.0,5333805.6989,11.634627586,48.127291886,2,#fc8d62,car
82520,"9,17E+18",9,7,71,122,2017,6,8,1,3,9,7,0,1,0,0,0,0,0,1,654304.5134,5360866.6342,11.084037943,48.382079978,2,#fc8d62,car
82521,"9,17E+18",9,7,72,223,2017,6,10,1,2,0,7,1,0,0,0,0,0,0,0,616086.8825,5363493.2418,10.568830885,48.413892919,1,#66c2a5,bicycle
82522,"9,17E+18",9,7,72,145,2017,6,19,1,3,5,3,0,1,0,0,0,0,0,0,634534.1667,5368547.3034,10.819633583,48.455670675,2,#fc8d62,car
82551,"9,17E+18",9,1,82,123,2017,6,20,1,3,9,1,0,0,0,1,0,0,0,1,718331.0175,5302443.1395,11.917879232,47.838230729,4,#e78ac3,marker
82552,"9,17E+18",9,1,87,150,2017,6,10,1,3,8,1,0,1,0,0,0,0,0,1,725692.9921,5304003.2703,12.016942943,47.849707025,2,#fc8d62,car
82553,"9,17E+18",9,1,81,118,2017,6,16,1,2,8,1,0,1,0,0,0,0,0,0,650734.2032,5327599128.0,11.024013381,48.083829435,2,#fc8d62,car
82554,"9,17E+18",9,1,79,145,2017,6,9,1,3,2,2,0,1,0,0,0,0,0,1,673954791.0,5335401743.0,11.33874428,48.148058451,2,#fc8d62,car
82555,"9,17E+18",9,1,74,131,2017,6,10,1,3,0,1,0,1,0,0,0,0,0,1,678774.1244,5357293.9722,11.41272261,48.343508149,2,#fc8d62,car
82556,"9,17E+18",9,1,74,126,2017,6,15,1,3,2,6,0,1,0,0,0,0,0,0,684250.3622,5344653.7967,11.481046172,48.228321479,2,#fc8d62,car
82557,"9,17E+18",9,1,74,115,2017,6,9,1,3,5,3,0,1,0,0,0,0,0,0,682342.0078,5350655.6457,11.457959638,48.282820574,2,#fc8d62,car
82558,"9,17E+18",9,1,62,0,2017,6,9,1,1,9,1,0,0,0,1,0,0,0,1,685564.8713,5342873573.0,11.497950374,48.211937157,4,#e78ac3,marker
82559,"9,17E+18",9,1,78,150,2017,6,12,1,3,2,6,0,1,0,0,0,0,0,1,691334.7426,5371183.2858,11.588396635,48.464657934,2,#fc8d62,car
82560,"9,17E+18",9,1,78,124,2017,6,18,1,2,4,2,0,1,0,0,0,0,0,0,703009.61,5363868579.0,11.742610172,48.395268007,2,#fc8d62,car
82561,"9,17E+18",9,1,62,0,2017,6,9,7,2,6,4,0,1,1,0,0,0,0,0,685627073.0,5328693.3201,11.492603387,48.084461054,2,#fc8d62,car
82562,"9,17E+18",9,1,62,0,2017,6,21,7,2,6,4,0,1,1,0,0,0,1,0,690245.9555,5329103.6156,11.554745422,48.086787271,2,#fc8d62,car
82563,"9,17E+18",9,1,62,0,2017,6,22,7,2,9,6,0,1,0,0,0,0,2,0,682964.7093,5335882.8868,11.459972443,48.149855637,2,#fc8d62,car
82564,"9,17E+18",9,1,62,0,2017,6,18,7,3,1,5,1,1,0,0,0,0,0,0,687178.1465,5335106.6299,11.516225067,48.141652514,1,#66c2a5,bicycle
82565,"9,17E+18",9,1,84,144,2017,6,15,7,3,5,3,0,1,0,0,0,0,0,0,687592.8111,5320638.0097,11.515442627,48.011481165,2,#fc8d62,car
82566,"9,17E+18",9,7,77,121,2017,6,21,7,3,9,6,0,1,0,0,0,0,0,0,627409.1564,5320439.7617,10.708837235,48.024533787,2,#fc8d62,car
82575,"9,17E+18",9,7,77,130,2017,6,23,7,3,5,3,1,1,0,0,0,0,2,1,624608.89,5308943.8311,10.667962462,47.921698651,1,#66c2a5,bicycle
82577,"9,17E+18",9,7,72,147,2017,6,10,7,3,8,1,1,0,0,0,0,0,0,0,635186.7306,5364498.8998,10.827148842,48.41912791,1,#66c2a5,bicycle
82578,"9,17E+18",9,7,71,163,2017,6,12,7,2,2,6,1,0,0,0,0,1,0,0,644010.5227,5343216.1113,10.939070328,48.225808626,1,#66c2a5,bicycle
82579,"9,17E+18",9,7,71,142,2017,6,11,7,3,2,6,0,1,0,0,0,1,0,0,645499.0805,5352471.4102,10.962285679,48.308687887,2,#fc8d62,car
82580,"9,17E+18",9,7,61,0,2017,6,12,7,3,5,3,0,1,0,0,0,0,0,0,641227.0019,5360912.7369,10.907534989,48.385557743,2,#fc8d62,car
82623,"9,17E+18",9,7,73,182,2017,6,2,1,3,4,1,0,1,0,0,0,0,2,0,627620.53,5378160.0928,10.729107288,48.543552058,2,#fc8d62,car
82624,"9,17E+18",9,7,72,223,2017,6,12,1,3,2,6,0,1,0,0,0,0,0,0,618945.6491,5363107.7147,10.607340132,48.409892736,2,#fc8d62,car
82667,"9,17E+18",9,1,73,137,2017,6,18,1,3,0,6,1,1,0,0,0,0,0,0,674602.6176,5303983106.0,11.334657982,47.865438168,1,#66c2a5,bicycle
82671,"9,17E+18",9,1,73,118,2017,6,13,1,2,8,7,0,1,0,0,0,0,0,0,696297091.0,5303866.8217,11.624390458,47.858130995,2,#fc8d62,car
82674,"9,17E+18",9,1,83,139,2017,6,16,1,3,8,1,0,1,0,0,0,0,0,0,735221334.0,5332069.8877,12.159476944,48.098430803,2,#fc8d62,car
82687,"9,17E+18",9,1,87,182,2017,6,21,1,3,5,3,0,1,0,0,0,1,1,0,737428.5819,5327694.2442,12.186646393,48.058305406,2,#fc8d62,car