OBJECTID,UIDENTSTLA,ULAND,UREGBEZ,UKREIS,UGEMEINDE,UJAHR,UMONAT,USTUNDE,UWOCHENTAG,UKATEGORIE,UART,UTYP1,IstRad,IstPKW,IstFuss,IstKrad,IstGkfz,IstSonstig,ULICHTVERH,STRZUSTAND,LINREFX,LINREFY,XGCSWGS84,YGCSWGS84,Teilnehmer,color,symbol
82689,"9,17E+18",9,1,87,150,2017,6,21,1,3,5,3,1,1,0,0,0,0,0,0,727224791.0,5304488.9431,12.037644619,47.853531076,1,#66c2a5,bicycle
82690,"9,17E+18",9,1,87,117,2017,6,12,1,3,4,6,1,0,0,0,0,0,0,0,722821.9146,5302895.4605,11.978047541,47.840754659,1,#66c2a5,bicycle
82693,"9,17E+18",9,1,85,158,2017,6,2,1,3,0,1,1,0,0,0,0,0,2,0,663508809.0,5379516586.0,11.215546365,48.547420066,1,#66c2a5,bicycle
82698,"9,17E+18",9,1,88,139,2017,6,15,1,3,0,7,1,0,0,0,0,0,0,0,676414519.0,5318901907.0,11.364974822,47.999057796,1,#66c2a5,bicycle
82699,"9,17E+18",9,1,81,126,2017,6,7,1,3,0,7,0,1,0,0,0,0,0,0,636512.0609,5331016.0796,10.834242523,48.117760536,2,#fc8d62,car
82700,"9,17E+18",9,1,81,143,2017,6,16,1,3,5,3,0,1,0,0,0,0,0,0,636668318.0,5314471555.0,10.831058851,47.968950284,2,#fc8d62,car
82701,"9,17E+18",9,1,84,149,2017,6,17,1,3,9,6,0,1,0,1,0,0,0,0,688529.2483,5349366.5596,11.540704575,48.269422291,2,#fc8d62,car
82702,"9,17E+18",9,1,78,132,2017,6,12,1,3,9,1,0,0,0,1,0,0,0,0,713489.3559,5381281.1025,11.892893708,48.548259487,4,#e78ac3,marker
82703,"9,17E+18",9,1,78,124,2017,6,12,1,3,9,1,0,0,0,1,0,0,0,0,700186.4327,5366841.6415,11.705932395,48.422887894,4,#e78ac3,marker
82704,"9,17E+18",9,1,75,114,2017,6,15,1,2,5,2,0,1,0,1,0,0,0,0,715766.2351,5322254.2821,11.893568501,48.017116397,2,#fc8d62,car
82705,"9,17E+18",9,1,62,0,2017,6,14,7,3,0,1,1,0,0,0,0,0,0,0,691379265.0,5331239.8298,11.570906056,48.105648282,1,#66c2a5,bicycle
82706,"9,17E+18",9,1,84,135,2017,6,18,7,2,5,2,0,1,0,1,0,0,0,0,687860.4447,5347463.0545,11.530855421,48.252512319,2,#fc8d62,car
82714,"9,17E+18",9,7,77,121,2017,6,17,7,3,3,1,1,0,0,1,0,0,0,0,628881.3838,5321884.3498,10.729008426,48.037229675,1,#66c2a5,bicycle
82717,"9,17E+18",9,7,72,134,2017,6,12,7,3,5,3,0,1,0,1,0,0,0,0,633183.4762,5384454.5906,10.806456113,48.598994648,2,#fc8d62,car
82718,"9,17E+18",9,7,71,142,2017,6,2,7,3,0,1,1,0,0,0,0,0,2,0,645487.5397,5352543.2391,10.962154896,48.309336385,1,#66c2a5,bicycle
82719,"9,17E+18",9,7,61,0,2017,6,10,7,3,4,2,0,1,0,0,0,0,0,0,643415344.0,5360543.58,10.936949218,48.381744754,2,#fc8d62,car
82720,"9,17E+18",9,7,61,0,2017,6,10,7,3,3,2,1,1,0,0,0,0,0,0,644363.0762,5357611.0257,10.948734842,48.355160842,1,#66c2a5,bicycle
82721,"9,17E+18",9,7,61,0,2017,6,19,7,3,5,3,1,1,0,0,0,0,0,0,640114.7832,5352450.5152,10.889704791,48.309715733,1,#66c2a5,bicycle
82722,"9,17E+18",9,7,61,0,2017,6,8,7,3,5,3,0,1,0,0,0,0,0,0,641103.5405,5352310.7668,10.902985643,48.308239332,2,#fc8d62,car
82723,"9,17E+18",9,7,61,0,2017,6,15,7,3,0,7,1,0,0,0,0,0,0,0,641449108.0,5358537943.0,10.909734197,48.364154798,1,#66c2a5,bicycle
82724,"9,17E+18",9,7,61,0,2017,6,17,7,3,5,3,1,1,0,0,0,0,0,0,641751.7033,5359752.7391,10.914226715,48.375009858,1,#66c2a5,bicycle
82767,"9,17E+18",9,1,90,158,2017,6,14,7,2,4,1,0,1,0,1,0,0,0,0,654205.3037,5304131.8241,11.062167901,47.871996171,2,#fc8d62,car
82768,"9,17E+18",9,1,90,157,2017,6,2,7,1,6,4,0,1,1,0,0,0,2,1,660394.5356,5300346.2518,11.143473107,47.836443764,2,#fc8d62,car
82773,"9,17E+18",9,1,87,186,2017,6,15,7,2,3,5,0,1,0,1,0,1,0,0,731486.9237,5333450.6728,12.110142814,48.112202822,2,#fc8d62,car
82775,"9,17E+18",9,1,63,0,2017,6,18,7,3,5,2,0,1,0,0,0,0,1,0,730981.6694,5303264.8091,12.087140165,47.841193997,2,#fc8d62,car
82779,"9,17E+18",9,1,82,120,2017,6,13,7,2,4,6,0,1,0,0,0,0,0,0,699073.8334,5304999.0322,11.661994232,47.867452738,2,#fc8d62,car
82781,"9,17E+18",9,1,87,179,2017,6,19,7,3,8,1,0,1,0,0,0,0,0,0,720078857.0,5318345.1125,11.949320585,47.980521024,2,#fc8d62,car
82783,"9,17E+18",9,1,86,126,2017,6,0,7,3,8,1,0,1,0,0,0,0,2,1,685341.1288,5375945.8365,11.509508927,48.50925706,2,#fc8d62,car
82784,"9,17E+18",9,1,86,126,2017,6,20,7,3,0,1,0,0,0,1,0,0,0,0,685486563.0,5375008662.0,11.511059733,48.500791048,4,#e78ac3,marker
82788,"9,17E+18",9,1,79,142,2017,6,12,7,3,0,1,0,0,0,1,0,0,0,0,671024.2544,5341424.4613,11.30180116,48.202995266,4,#e78ac3,marker
82789,"9,17E+18",9,1,81,130,2017,6,15,7,3,0,7,0,0,0,1,0,0,0,0,640304135.0,5323360092.0,10.882651814,48.048092142,4,#e78ac3,marker
82790,"9,17E+18",9,1,81,130,2017,6,14,7,3,4,2,0,1,0,0,0,0,0,0,637310537.0,5323307332.0,10.842487458,48.048268753,2,#fc8d62,car
82791,"9,17E+18",9,1,79,126,2017,6,12,7,3,5,3,1,1,0,0,0,0,0,0,677429.7803,5339525.9559,11.387143033,48.18417168,1,#66c2a5,bicycle
82792,"9,17E+18",9,1,88,120,2017,6,10,7,3,9,1,0,1,0,0,0,0,0,0,675445.4089,5324858.0664,11.354433115,48.052867628,2,#fc8d62,car
82793,"9,17E+18",9,1,79,136,2017,6,10,7,3,5,3,0,1,0,0,0,0,0,0,661641.6883,5341664.5427,11.175710685,48.207612018,2,#fc8d62,car
82794,"9,17E+18",9,1,78,133,2017,6,18,7,2,0,1,1,0,0,0,0,0,0,0,686595.2857,5367468.8108,11.522691175,48.43269676,1,#66c2a5,bicycle
82795,"9,17E+18",9,1,77,144,2017,6,20,7,3,4,2,0,1,0,1,0,0,0,0,714059.3485,5347483.5529,11.883381583,48.244391183,2,#fc8d62,car
82796,"9,17E+18",9,1,84,127,2017,6,21,6,2,8,1,0,0,0,1,0,0,0,1,704235.4215,5321851.4252,11.73892892,48.017285265,4,#e78ac3,marker
82797,"9,17E+18",9,1,84,141,2017,6,15,6,3,1,6,0,1,0,0,0,1,0,0,699329.7197,5316647.3713,11.670798847,47.972063383,2,#fc8d62,car
82798,"9,17E+18",9,1,62,0,2017,6,9,6,2,4,2,0,1,0,1,0,0,0,0,689657.64,5340117888.0,11.551757244,48.185959476,2,#fc8d62,car
82799,"9,17E+18",9,1,84,138,2017,6,15,6,3,3,6,1,1,0,0,0,0,0,0,680093.7141,5330991.2743,11.419340473,48.106704564,1,#66c2a5,bicycle
82800,"9,17E+18",9,1,62,0,2017,6,21,6,3,9,1,0,1,0,0,0,0,0,1,682643.5895,5337228.2268,11.456236557,48.162040739,2,#fc8d62,car
82801,"9,17E+18",9,1,62,0,2017,6,12,6,3,2,6,1,0,0,0,0,0,0,0,685155.1933,5335353.7145,11.489164828,48.144465341,1,#66c2a5,bicycle
82809,"9,17E+18",9,7,61,0,2017,6,16,6,3,1,6,0,1,0,0,0,0,0,0,639250.1277,5360876.2931,10.880836594,48.385669559,2,#fc8d62,car
82810,"9,17E+18",9,7,61,0,2017,6,18,6,3,5,3,1,1,0,0,0,0,0,0,641224.7839,5360902998.0,10.907501774,48.385470671,1,#66c2a5,bicycle
82863,"9,17E+18",9,2,74,126,2017,6,9,6,3,5,2,0,1,0,0,0,0,0,0,733239.7481,5382894.4598,12.161019176,48.555720694,2,#fc8d62,car
82867,"9,17E+18",9,1,62,0,2017,6,23,6,2,9,6,0,1,0,0,0,0,2,0,685265.2572,5329145171.0,11.487945663,48.088627789,2,#fc8d62,car
82868,"9,17E+18",9,1,90,139,2017,6,15,6,3,0,1,0,1,0,1,0,0,0,0,654074147.0,5300740209.0,11.059206762,47.841531634,2,#fc8d62,car
82871,"9,17E+18",9,1,73,112,2017,6,23,6,3,8,1,0,1,0,0,0,0,2,0,693210.5103,5299116.6443,11.581048324,47.816370477,2,#fc8d62,car
82877,"9,17E+18",9,1,84,146,2017,6,22,6,3,3,6,0,1,0,0,0,0,2,0,695022.8354,5328672.8425,11.618627185,48.081472205,2,#fc8d62,car
82880,"9,17E+18",9,1,82,123,2017,6,22,6,3,5,7,0,1,0,0,0,0,2,1,716124.3173,5299364046.0,11.88689088,47.811307333,2,#fc8d62,car
82881,"9,17E+18",9,1,82,120,2017,6,13,6,3,5,3,0,1,0,0,0,1,0,0,703273401.0,5308438544.0,11.719704424,47.89704932,2,#fc8d62,car
82886,"9,17E+18",9,1,62,0,2017,6,15,6,3,2,6,0,1,0,0,0,0,0,0,684375.8127,5342537.7155,11.481813736,48.209264865,2,#fc8d62,car
82887,"9,17E+18",9,1,79,121,2017,6,12,6,3,6,7,0,0,1,0,0,1,0,0,667215.8459,5338319.2914,11.249363024,48.176094496,3,#8da0cb,toilet
82888,"9,17E+18",9,1,75,139,2017,6,11,6,3,5,3,0,1,0,0,0,0,0,0,710113.9784,5330703.1635,11.822013466,48.094923013,2,#fc8d62,car
82889,"9,17E+18",9,1,78,143,2017,6,9,6,3,5,3,0,1,0,0,0,0,0,0,716612.2639,5371581.8224,11.93012158,48.460044858,2,#fc8d62,car
82890,"9,17E+18",9,1,62,0,2017,6,17,5,3,2,6,0,1,0,0,0,0,0,0,687363.8815,5331816765.0,11.517273077,48.112027589,2,#fc8d62,car
82891,"9,17E+18",9,1,84,145,2017,6,15,5,3,5,3,0,1,0,0,0,0,0,0,695003.8323,5324979.0005,11.616687901,48.048278928,2,#fc8d62,car
82892,"9,17E+18",9,1,62,0,2017,6,13,5,3,4,2,1,1,0,0,0,0,0,0,695365.0184,5331193.7394,11.624370193,48.104024257,1,#66c2a5,bicycle
82893,"9,17E+18",9,1,84,145,2017,6,12,5,3,5,2,0,1,0,0,0,0,0,0,698072.7192,5324400033.0,11.657554793,48.042130655,2,#fc8d62,car
82894,"9,17E+18",9,1,62,0,2017,6,7,5,3,3,6,0,1,0,1,0,0,0,0,701106.2294,5332397.3616,11.701972546,48.11305492,2,#fc8d62,car
82906,"9,17E+18",9,7,72,185,2017,6,16,5,3,1,5,0,1,0,0,0,0,0,0,634709.7409,5385101.4698,10.827356815,48.604484638,2,#fc8d62,car
82907,"9,17E+18",9,7,72,171,2017,6,17,5,1,4,2,0,1,0,1,0,0,0,0,637834.4291,5372100.3485,10.865417828,48.486904247,2,#fc8d62,car
82908,"9,17E+18",9,7,71,156,2017,6,9,5,2,0,1,0,0,0,1,0,0,0,0,652501.2042,5383464.4327,11.067945168,48.585685845,4,#e78ac3,marker
82958,"9,17E+18",9,7,72,111,2017,6,13,4,2,2,6,0,1,0,0,0,0,0,0,627117.1444,5364095.9483,10.718012911,48.417184242,2,#fc8d62,car
82959,"9,17E+18",9,7,72,223,2017,6,9,4,2,3,6,0,1,0,0,0,1,0,0,618506.8092,5363094.3673,10.601408631,48.409855375,2,#fc8d62,car
82960,"9,17E+18",9,7,72,223,2017,6,20,4,3,4,2,0,1,0,1,0,0,0,0,618238.8863,5362338.6007,10.597576659,48.403109055,2,#fc8d62,car
82961,"9,17E+18",9,7,72,125,2017,6,6,4,3,5,3,0,1,0,1,0,0,0,0,636185757.0,5348157942.0,10.835359164,48.271974717,2,#fc8d62,car
82962,"9,17E+18",9,7,61,0,2017,6,18,4,3,5,3,1,1,0,0,0,0,0,0,643197.5654,5360557.5543,10.934014434,48.381919873,1,#66c2a5,bicycle
82963,"9,17E+18",9,7,61,0,2017,6,15,4,2,4,2,1,1,0,0,0,0,0,0,640208.8424,5360554.12,10.893671018,48.382560316,1,#66c2a5,bicycle
82964,"9,17E+18",9,7,71,169,2017,6,16,4,3,8,1,0,0,0,1,0,0,0,0,640270.7594,5374812.6487,10.899282973,48.510752804,4,#e78ac3,marker
83022,"9,17E+18",9,2,74,132,2017,6,13,4,3,4,6,0,1,0,0,0,0,0,0,725883.6116,5385911.7123,12.063113001,48.585518434,2,#fc8d62,car
83027,"9,17E+18",9,1,73,130,2017,6,15,4,3,5,3,0,1,0,0,0,0,0,0,682691.6702,5315574.0187,11.447631309,47.967380818,2,#fc8d62,car
83028,"9,17E+18",9,1,90,138,2017,6,22,4,3,0,7,1,0,0,0,0,0,2,0,660625829.0,5312578814.0,11.151113847,47.946369274,1,#66c2a5,bicycle
83033,"9,17E+18",9,1,73,145,2017,6,21,4,2,8,1,0,0,0,1,0,1,1,0,688252922.0,5298946.5751,11.514814144,47.816311163,4,#e78ac3,marker
83048,"9,17E+18",9,1,86,149,2017,6,14,4,3,3,6,0,1,0,0,0,0,0,0,688705.9676,5385911.5903,11.55953847,48.597820918,2,#fc8d62,car
83052,"9,17E+18",9,1,81,123,2017,6,10,4,3,0,7,0,1,0,0,0,1,0,0,655150.2622,5326538.7451,11.082885799,48.073235951,2,#fc8d62,car
83053,"9,17E+18",9,1,74,146,2017,6,11,4,3,2,6,0,1,0,0,0,1,0,0,665914.31,5351325196.0,11.236962211,48.293358324,2,#fc8d62,car
83054,"9,17E+18",9,1,81,133,2017,6,13,4,2,0,1,0,0,0,1,0,0,0,0,645221.2674,5312863.0758,10.945040238,47.952603291,4,#e78ac3,marker
83055,"9,17E+18",9,1,79,119,2017,6,14,4,3,8,7,1,0,0,0,0,0,0,0,670079.0571,5338838.2076,11.288054596,48.179999541,1,#66c2a5,bicycle
83056,"9,17E+18",9,1,84,112,2017,6,15,4,3,2,6,0,1,0,0,0,0,0,0,702069.1867,5340464.0659,11.718724506,48.185244218,2,#fc8d62,car
83057,"9,17E+18",9,1,78,145,2017,6,17,4,3,0,6,0,1,0,1,0,0,0,0,696287.9678,5356170.1445,11.648313842,48.328210216,2,#fc8d62,car
83058,"9,17E+18",9,1,77,117,2017,6,19,4,3,5,3,0,1,0,0,0,0,0,0,714804.9803,5351804577.0,11.895605934,48.28296462,2,#fc8d62,car
83059,"9,17E+18",9,1,77,133,2017,6,7,4,3,2,6,0,1,0,1,0,0,0,0,709930.9977,5358081335.0,11.833111176,48.341000437,2,#fc8d62,car
83060,"9,17E+18",9,1,77,120,2017,6,12,4,3,2,6,0,1,0,0,0,1,0,0,720480.1697,5361326.8041,11.976981674,48.366566836,2,#fc8d62,car
83061,"9,17E+18",9,1,77,133,2017,6,18,4,3,9,1,0,0,0,1,0,0,0,0,713377.6525,5355988.8076,11.878505457,48.321044022,4,#e78ac3,marker
83062,"9,17E+18",9,1,77,113,2017,6,16,4,3,5,3,0,1,0,0,0,0,0,0,724848.0245,5353304.7326,12.03159368,48.292955796,2,#fc8d62,car
83063,"9,17E+18",9,1,75,112,2017,6,15,4,3,5,3,0,1,0,1,0,0,0,0,724314.0846,5317978.3964,12.005806173,47.975755598,2,#fc8d62,car
83064,"9,17E+18",9,1,75,114,2017,6,16,4,3,5,3,0,1,0,0,0,0,0,0,717390.7281,5323120.3108,11.91576408,48.02434758,2,#fc8d62,car
83065,"9,17E+18",9,1,62,0,2017,6,17,3,3,2,6,0,1,0,0,0,0,0,0,694943.7467,5340259.0985,11.622867914,48.185628542,2,#fc8d62,car
83066,"9,17E+18",9,1,62,0,2017,6,15,3,2,3,6,1,0,0,0,0,0,0,0,690050.9027,5339329.24,11.556690207,48.178753635,1,#66c2a5,bicycle
83067,"9,17E+18",9,1,62,0,2017,6,22,3,3,3,6,0,1,0,1,0,0,2,0,685773.8386,5328685.9874,11.494569033,48.084352394,2,#fc8d62,car
83068,"9,17E+18",9,1,62,0,2017,6,17,3,3,3,2,1,1,0,0,0,0,0,0,687359574.0,5335074446.0,11.518647383,48.141309838,1,#66c2a5,bicycle
83069,"9,17E+18",9,1,84,132,2017,6,9,3,3,4,2,1,1,0,0,0,0,0,0,683612.4916,5329581487.0,11.465959524,48.093027931,1,#66c2a5,bicycle
83072,"9,17E+18",9,2,61,0,2017,6,11,5,3,5,3,0,1,0,0,0,0,0,0,731593.7129,5381551.6375,12.137999352,48.544268316,2,#fc8d62,car
83082,"9,17E+18",9,7,62,0,2017,6,17,3,3,4,2,1,1,0,0,0,0,0,0,621066.3395,5304492.4493,10.619313916,47.882342906,1,#66c2a5,bicycle
83083,"9,17E+18",9,7,62,0,2017,6,3,3,2,4,6,0,1,0,0,0,0,2,0,622966758.0,5304362903.0,10.644685187,47.880816586,2,#fc8d62,car
83086,"9,17E+18",9,7,72,160,2017,6,19,3,3,8,1,0,1,0,0,0,0,0,0,638234.5591,5341783.8932,10.860874752,48.214215062,2,#fc8d62,car
83087,"9,17E+18",9,7,72,148,2017,6,9,3,2,4,6,0,1,0,0,0,0,0,0,627702.5216,5354289.3156,10.722942027,48.32887952,2,#fc8d62,car
83088,"9,17E+18",9,1,73,120,2017,6,14,5,3,3,6,1,1,0,0,0,0,0,0,684375.8356,5307565.7218,11.466745656,47.894911881,1,#66c2a5,bicycle
83089,"9,17E+18",9,7,72,162,2017,6,13,3,1,0,1,1,0,0,0,0,0,0,0,636852.1909,5335403.5433,10.840220086,48.157141034,1,#66c2a5,bicycle
83090,"9,17E+18",9,7,72,147,2017,6,8,3,3,2,6,0,1,0,0,0,1,0,0,638389.6514,5368335.87,10.871682241,48.452933416,2,#fc8d62,car
83092,"9,17E+18",9,7,61,0,2017,6,15,3,3,0,3,1,1,0,0,0,0,0,0,636423138.0,5360862.1,10.84266889,48.38615969,1,#66c2a5,bicycle
83093,"9,17E+18",9,1,73,126,2017,6,12,5,2,6,6,1,0,1,0,0,0,0,0,686687.3021,5303664.7869,11.495954636,47.859178808,1,#66c2a5,bicycle
83094,"9,17E+18",9,7,61,0,2017,6,16,3,3,0,7,1,0,0,0,0,0,0,0,638470.7356,5356011.0301,10.868713733,48.342093567,1,#66c2a5,bicycle
83162,"9,17E+18",9,1,73,137,2017,6,18,3,3,2,6,0,1,0,0,0,0,0,0,680506.3445,5307708.0716,11.415083749,47.897291585,2,#fc8d62,car
83164,"9,17E+18",9,1,82,133,2017,6,18,5,3,0,1,0,0,0,1,0,0,0,0,703332.3383,5306156.9761,11.719417703,47.876525706,4,#e78ac3,marker
83165,"9,17E+18",9,1,90,115,2017,6,9,3,3,0,6,1,0,0,0,0,0,0,0,671473078.0,5304146451.0,11.292911844,47.867749674,1,#66c2a5,bicycle
83176,"9,17E+18",9,1,87,129,2017,6,10,5,2,9,1,1,0,0,0,0,0,0,0,722464681.0,5300828.0559,11.972217856,47.822302037,1,#66c2a5,bicycle
83177,"9,17E+18",9,1,87,177,2017,6,17,3,3,2,6,0,1,0,0,0,0,0,0,737116.6375,5306545.6715,12.170806049,47.868435259,2,#fc8d62,car
83179,"9,17E+18",9,1,63,0,2017,6,11,3,3,5,3,1,1,0,0,0,0,0,0,732696003.0,5305602368.0,12.111275098,47.861576913,1,#66c2a5,bicycle
83180,"9,17E+18",9,1,63,0,2017,6,17,3,3,5,3,0,1,0,0,0,0,0,0,734989.7036,5303679.1013,12.140851153,47.843463851,2,#fc8d62,car
83181,"9,17E+18",9,1,63,0,2017,6,15,3,3,5,3,1,1,0,0,0,0,0,0,733651.9373,5305045.0142,12.123735774,47.856222768,1,#66c2a5,bicycle
83189,"9,17E+18",9,1,85,158,2017,6,15,3,2,5,3,1,1,0,0,0,0,0,0,666110346.0,5381521609.0,11.251569162,48.564760418,1,#66c2a5,bicycle
83194,"9,17E+18",9,1,81,130,2017,6,21,3,3,5,3,0,1,0,0,0,0,1,0,641994.5774,5322082.9758,10.904898272,48.036234299,2,#fc8d62,car
83195,"9,17E+18",9,1,74,122,2017,6,21,3,2,0,1,1,0,0,0,0,0,0,0,683080.5797,5351167.2326,11.468127641,48.287205771,1,#66c2a5,bicycle
83197,"9,17E+18",9,1,74,131,2017,6,16,3,3,1,6,1,1,0,0,0,0,0,0,676920.7212,5358497.6692,11.388237719,48.354849705,1,#66c2a5,bicycle
83198,"9,17E+18",9,1,84,118,2017,6,18,3,3,2,6,0,1,0,0,0,0,0,0,704234.0419,5336018609.0,11.745682225,48.144602545,2,#fc8d62,car
83200,"9,17E+18",9,1,79,142,2017,6,14,5,3,0,6,0,1,0,0,0,0,0,0,675156.0041,5344262.6397,11.358533835,48.227381832,2,#fc8d62,car
83201,"9,17E+18",9,1,84,147,2017,6,9,3,3,2,6,0,1,0,0,0,1,0,0,699044.0699,5341599102.0,11.678601738,48.196399821,2,#fc8d62,car
83202,"9,17E+18",9,1,62,0,2017,6,6,3,3,2,6,0,1,0,1,0,0,0,0,692725791.0,5339112346.0,11.592538259,48.175998625,2,#fc8d62,car
83203,"9,17E+18",9,1,77,113,2017,6,15,3,3,2,6,0,1,0,0,0,0,0,0,722617243.0,5357725.1002,12.003891795,48.333458313,2,#fc8d62,car
83204,"9,17E+18",9,1,75,113,2017,6,19,3,2,5,3,0,1,0,0,0,0,0,0,717687402.0,5318689784.0,11.917490129,47.984436097,2,#fc8d62,car
83205,"9,17E+18",9,1,62,0,2017,6,12,2,2,5,3,1,1,0,0,0,0,0,0,683886.4705,5335418.6887,11.472153129,48.145417349,1,#66c2a5,bicycle
83206,"9,17E+18",9,1,84,138,2017,6,7,2,3,0,1,1,0,0,0,0,0,0,0,682555378.0,5330107.4667,11.452000673,48.098059527,1,#66c2a5,bicycle
83207,"9,17E+18",9,1,62,0,2017,6,15,2,3,3,6,0,1,0,0,0,0,0,0,688301.6757,5334054.3913,11.530848207,48.131863285,2,#fc8d62,car
83208,"9,17E+18",9,1,62,0,2017,6,5,2,3,3,2,0,1,0,0,0,0,0,0,688485.4024,5334978.1268,11.533723796,48.140111593,2,#fc8d62,car
83216,"9,17E+18",9,1,88,132,2017,6,12,5,2,5,3,0,1,0,1,0,0,0,0,662049.7245,5323358.6092,11.174238364,48.042928782,2,#fc8d62,car
83217,"9,17E+18",9,1,74,143,2017,6,3,5,3,8,1,0,1,0,0,0,0,2,0,675064.9074,5352642.9384,11.360776809,48.30273862,2,#fc8d62,car
83218,"9,17E+18",9,1,62,0,2017,6,3,5,3,2,6,0,1,0,0,0,0,2,0,690683.4384,5344720.6658,11.567612855,48.22702137,2,#fc8d62,car
83221,"9,17E+18",9,1,62,0,2017,6,3,5,3,2,6,0,1,0,0,0,0,2,0,694236.0643,5344733.7895,11.615404828,48.226061529,2,#fc8d62,car
83224,"9,17E+18",9,7,77,164,2017,6,16,2,3,0,2,1,0,0,0,0,0,0,1,622627.3321,5311730.0118,10.642242973,47.94713854,1,#66c2a5,bicycle
83226,"9,17E+18",9,7,72,207,2017,6,11,2,3,1,5,0,1,0,0,0,0,0,0,640924.4591,5380808.8095,10.910157004,48.564519992,2,#fc8d62,car
83227,"9,17E+18",9,7,61,0,2017,6,22,2,2,4,1,1,0,0,0,0,0,2,0,641169.4616,5356441.5032,10.905257608,48.345366951,1,#66c2a5,bicycle
83240,"9,17E+18",9,1,75,111,2017,6,16,5,3,5,2,0,1,0,1,0,0,0,0,712210.8151,5337389.0058,11.853468196,48.154306181,2,#fc8d62,car
83250,"9,17E+18",9,1,78,157,2017,6,20,5,3,9,1,0,0,0,1,0,0,0,1,700053.2165,5371132.7251,11.706182934,48.461491828,4,#e78ac3,marker
83277,"9,17E+18",9,1,84,122,2017,6,14,4,3,8,1,0,1,0,0,0,0,0,0,687686.4317,5324141.0936,11.518231095,48.042940973,2,#fc8d62,car
83282,"9,17E+18",9,1,84,141,2017,6,14,4,2,5,3,0,1,0,0,0,0,0,0,697986797.0,5313187224.0,11.651232617,47.941381758,2,#fc8d62,car
83284,"9,17E+18",9,2,74,126,2017,6,18,2,3,5,3,0,0,0,0,0,1,0,0,734021646.0,5385762733.0,12.173212271,48.581193686,6,#ffd92f,circle
83285,"9,17E+18",9,1,62,0,2017,6,10,4,3,3,2,1,1,0,0,0,0,0,0,691124002.0,5332041754.0,11.567839811,48.112932584,1,#66c2a5,bicycle
83286,"9,17E+18",9,2,61,0,2017,6,11,2,3,3,6,0,1,0,1,0,0,0,0,733151638.0,5382506.59,12.159609775,48.552269365,2,#fc8d62,car
83291,"9,17E+18",9,1,88,113,2017,6,15,2,3,9,1,0,1,0,0,0,0,0,1,679476.2851,5311015.0455,11.402691155,47.927308256,2,#fc8d62,car
83292,"9,17E+18",9,1,73,137,2017,6,16,2,2,9,1,0,1,0,0,0,0,0,1,679140.9646,5307745029.0,11.396847596,47.898006442,2,#fc8d62,car
83293,"9,17E+18",9,1,84,112,2017,6,19,4,3,5,3,0,1,0,0,0,0,0,0,702433.5573,5337562.9641,11.722239839,48.159056761,2,#fc8d62,car
83294,"9,17E+18",9,1,84,142,2017,6,15,2,3,8,1,0,1,0,0,0,0,0,1,680871.0676,5316961.3229,11.423846191,47.980368545,2,#fc8d62,car
83303,"9,17E+18",9,1,87,177,2017,6,17,2,3,2,6,0,1,0,0,0,0,0,0,737107244.0,5306511087.0,12.170661666,47.868128032,2,#fc8d62,car
83304,"9,17E+18",9,1,87,163,2017,6,10,2,2,4,2,0,0,0,1,0,1,0,0,739392.9285,5309922.8917,12.203068172,47.897929716,4,#e78ac3,marker
83307,"9,17E+18",9,1,62,0,2017,6,6,2,3,2,6,0,1,0,0,0,0,0,0,687308.4569,5333163.0105,11.517120571,48.124144365,2,#fc8d62,car
83308,"9,17E+18",9,1,62,0,2017,6,16,2,3,2,6,0,1,0,0,0,0,0,0,687357.7958,5333154.8423,11.517779351,48.124056429,2,#fc8d62,car
83309,"9,17E+18",9,1,88,139,2017,6,22,2,3,0,7,0,0,0,1,0,0,2,0,675765.4836,5321390.2502,11.357301408,48.021605624,4,#e78ac3,marker
83310,"9,17E+18",9,1,79,134,2017,6,5,2,3,8,1,0,1,0,0,0,0,0,0,672985.1931,5343617.2894,11.329065022,48.222176235,2,#fc8d62,car
83311,"9,17E+18",9,1,74,126,2017,6,18,2,3,2,6,0,1,0,0,0,0,0,0,683692948.0,5343937915.0,11.473237296,48.222048484,2,#fc8d62,car
83312,"9,17E+18",9,1,84,147,2017,6,10,4,3,0,1,1,0,0,0,0,0,0,0,695691205.0,5339978751.0,11.632784458,48.182879151,1,#66c2a5,bicycle
83313,"9,17E+18",9,1,62,0,2017,6,6,4,3,4,6,0,1,0,1,0,0,0,0,692600.4158,5331174.7543,11.587263806,48.104695384,2,#fc8d62,car
83314,"9,17E+18",9,1,74,115,2017,6,9,2,3,0,1,1,0,0,0,0,0,0,0,681009.2493,5348257.4956,11.438984446,48.261647016,1,#66c2a5,bicycle
83315,"9,17E+18",9,1,74,126,2017,6,17,2,3,5,2,1,1,0,0,0,0,0,0,683215.7687,5344355.6976,11.466999315,48.225941692,1,#66c2a5,bicycle
83317,"9,17E+18",9,1,74,126,2017,6,16,2,3,5,2,1,1,0,0,0,0,0,0,683705.1572,5343927.0371,11.473396809,48.221947173,1,#66c2a5,bicycle
83319,"9,17E+18",9,1,74,143,2017,6,10,2,3,5,3,0,1,0,0,0,0,0,0,675958.6806,5352040.6159,11.37256772,48.297076403,2,#fc8d62,car