OBJECTID,UIDENTSTLA,ULAND,UREGBEZ,UKREIS,UGEMEINDE,UJAHR,UMONAT,USTUNDE,UWOCHENTAG,UKATEGORIE,UART,UTYP1,IstRad,IstPKW,IstFuss,IstKrad,IstGkfz,IstSonstig,ULICHTVERH,STRZUSTAND,LINREFX,LINREFY,XGCSWGS84,YGCSWGS84,Teilnehmer,color,symbol
83320,"9,17E+18",9,1,78,145,2017,6,6,2,3,5,3,1,1,0,0,0,0,0,0,697568.9019,5354524.2206,11.664805726,48.313019362,1,#66c2a5,bicycle
83322,"9,17E+18",9,1,78,138,2017,6,18,2,3,4,6,0,1,0,0,0,1,0,0,712953.8102,5369528.9966,11.879655187,48.442848727,2,#fc8d62,car
83323,"9,17E+18",9,1,75,121,2017,6,16,2,2,5,3,0,1,0,1,0,0,0,0,713839.6878,5318889.7736,11.866089268,47.987530775,2,#fc8d62,car
83324,"9,17E+18",9,1,77,115,2017,6,12,2,3,5,3,1,1,0,0,0,0,0,0,734110.9484,5350940.2186,12.154981892,48.26835729,1,#66c2a5,bicycle
83325,"9,17E+18",9,1,62,0,2017,6,15,1,3,5,2,1,1,0,0,0,0,0,0,688146.7399,5328015.6667,11.526105239,48.077631486,1,#66c2a5,bicycle
83326,"9,17E+18",9,1,84,135,2017,6,18,1,3,4,2,1,1,0,0,0,0,0,0,690237.6295,5347473.8322,11.562852627,48.251900138,1,#66c2a5,bicycle
83327,"9,17E+18",9,1,62,0,2017,6,17,1,3,5,3,1,1,0,0,0,0,0,0,688966.7519,5341715.1724,11.54318196,48.200521772,1,#66c2a5,bicycle
83328,"9,17E+18",9,1,84,141,2017,6,11,1,3,4,6,1,0,0,0,0,0,0,0,698578798.0,5316534508.0,11.660696433,47.971282438,1,#66c2a5,bicycle
83334,"9,17E+18",9,7,77,158,2017,6,16,1,2,5,3,0,1,0,1,0,0,0,0,618177.8239,5312516.1964,10.58289446,47.955045812,2,#fc8d62,car
83341,"9,17E+18",9,1,86,151,2017,6,16,2,2,4,6,0,1,0,1,0,1,0,0,682630.7821,5377188.4367,11.47339076,48.521219422,2,#fc8d62,car
83342,"9,17E+18",9,1,86,132,2017,6,16,2,3,5,3,0,1,0,0,0,1,0,0,678554.2399,5367663.8934,11.414165357,48.436781331,2,#fc8d62,car
83349,"9,17E+18",9,1,88,137,2017,6,21,2,3,2,6,0,1,0,0,0,0,1,0,672405.7075,5314372.4198,11.309461583,47.959431679,2,#fc8d62,car
83350,"9,17E+18",9,1,88,124,2017,6,18,2,3,2,2,0,1,0,0,0,0,0,0,662721.9438,5318592.3161,11.181441314,47.99990587,2,#fc8d62,car
83352,"9,17E+18",9,1,79,113,2017,6,17,2,3,2,6,0,1,0,0,0,0,0,0,671210.9948,5335294.7268,11.301843256,48.147840862,2,#fc8d62,car
83353,"9,17E+18",9,1,88,120,2017,6,20,2,2,4,6,0,1,0,0,0,0,0,0,671872.1372,5324044.1911,11.306194527,48.046523362,2,#fc8d62,car
83355,"9,17E+18",9,1,79,131,2017,6,0,2,3,0,7,1,0,0,0,0,0,2,0,659869.4351,5332369.7158,11.148379165,48.124494948,1,#66c2a5,bicycle
83356,"9,17E+18",9,1,75,111,2017,6,18,2,3,2,6,0,1,0,0,0,0,0,0,714491.4062,5338918.4941,11.884864911,48.167284437,2,#fc8d62,car
83357,"9,17E+18",9,1,78,130,2017,6,15,2,3,5,3,0,1,0,0,0,1,0,0,704056.9347,5356541787.0,11.753189124,48.329089955,2,#fc8d62,car
83358,"9,17E+18",9,1,77,115,2017,6,18,2,3,5,3,0,1,0,1,0,0,0,0,731946.9921,5353076.5043,12.127036894,48.288344216,2,#fc8d62,car
83359,"9,17E+18",9,1,77,115,2017,6,14,2,3,4,6,0,1,0,1,0,0,0,0,731946.4888,5353076.8771,12.127030324,48.288347749,2,#fc8d62,car
83360,"9,17E+18",9,1,62,0,2017,6,10,1,3,4,2,0,1,0,0,0,0,0,0,694645.8088,5332073.4572,11.615120746,48.112150975,2,#fc8d62,car
83361,"9,17E+18",9,1,62,0,2017,6,16,1,3,0,6,0,1,0,0,0,1,0,0,682914.9147,5335458.4166,11.459121202,48.146054541,2,#fc8d62,car
83362,"9,17E+18",9,1,84,146,2017,6,0,1,3,6,4,0,1,1,0,0,0,2,0,697497.5653,5328367.6251,11.651678358,48.077967367,2,#fc8d62,car
83364,"9,17E+18",9,7,78,127,2017,6,13,1,3,8,1,1,0,0,0,0,0,0,0,614759.7764,5318331.5072,10.538683705,48.007970286,1,#66c2a5,bicycle
83365,"9,17E+18",9,7,74,198,2017,6,17,1,3,0,7,0,0,0,1,0,0,0,0,616174.1465,5351184.5459,10.566611227,48.303181671,4,#e78ac3,marker
83370,"9,17E+18",9,7,73,182,2017,6,3,1,3,8,7,0,1,0,0,0,0,2,0,622904.3285,5379051.7832,10.665500177,48.552512381,2,#fc8d62,car
83371,"9,17E+18",9,7,72,147,2017,6,1,1,3,8,1,0,1,0,0,0,0,2,0,638727703.0,5363232.6466,10.874562673,48.406972402,2,#fc8d62,car
83372,"9,17E+18",9,7,72,177,2017,6,12,1,3,0,7,1,0,0,0,0,0,0,0,636965.9528,5379229.8965,10.856011712,48.551200503,1,#66c2a5,bicycle
83373,"9,17E+18",9,7,72,125,2017,6,13,1,2,0,1,1,0,0,0,0,0,0,0,632697591.0,5348205745.0,10.788388674,48.273145101,1,#66c2a5,bicycle
83374,"9,17E+18",9,7,71,162,2017,6,11,1,3,0,2,0,0,0,1,0,0,0,0,666180521.0,5369036996.0,11.247548646,48.45251211,4,#e78ac3,marker
83434,"9,17E+18",9,2,61,0,2017,6,16,1,3,2,6,0,1,0,1,0,0,0,0,731019.4524,5381934.6883,12.13044289,48.547920911,2,#fc8d62,car
83436,"9,17E+18",9,1,62,0,2017,6,18,1,2,2,6,0,1,0,1,0,0,0,0,685252828.0,5329454.9156,11.487913282,48.091415558,2,#fc8d62,car
83437,"9,17E+18",9,1,73,120,2017,6,16,1,2,4,2,0,1,0,0,0,0,0,0,686358124.0,5315755269.0,11.49678378,47.967953145,2,#fc8d62,car
83448,"9,17E+18",9,1,83,119,2017,6,18,1,3,4,6,0,1,0,0,0,0,0,0,737084.2086,5336056.8419,12.186675213,48.133555694,2,#fc8d62,car
83461,"9,17E+18",9,1,84,114,2017,6,10,1,3,2,6,0,1,0,0,0,0,0,0,700045.2896,5318528.6986,11.681251869,47.9887483,2,#fc8d62,car
83466,"9,17E+18",9,1,87,179,2017,6,14,1,3,8,1,0,1,0,0,0,0,0,0,729616.7092,5317295.0641,12.076391445,47.967736051,2,#fc8d62,car
83468,"9,17E+18",9,1,81,122,2017,6,18,1,3,0,1,0,0,0,1,0,0,0,0,647544.0848,5332565.0629,10.982921771,48.129227625,4,#e78ac3,marker
83469,"9,17E+18",9,1,88,117,2017,6,15,1,3,2,7,0,1,0,1,0,0,0,0,663434109.0,5315092828.0,11.189649666,47.968261621,2,#fc8d62,car
83470,"9,17E+18",9,1,81,120,2017,6,13,1,3,5,3,0,1,0,1,0,0,0,0,650200535.0,5319952612.0,11.014168243,48.015201479,2,#fc8d62,car
83471,"9,17E+18",9,1,74,115,2017,6,14,1,3,1,6,0,1,0,0,0,0,0,0,680119.5617,5348369.3795,11.427055307,48.262906257,2,#fc8d62,car
83472,"9,17E+18",9,1,74,122,2017,6,18,1,3,2,6,1,0,0,0,0,0,0,0,685095.4063,5352256.6517,11.495740515,48.296411756,1,#66c2a5,bicycle
83473,"9,17E+18",9,1,75,127,2017,6,15,1,3,0,3,1,1,0,0,0,0,0,0,713091874.0,5340532251.0,11.866874932,48.182255721,1,#66c2a5,bicycle
83474,"9,17E+18",9,1,77,115,2017,6,10,1,1,5,3,0,1,0,1,0,0,0,0,731637.1071,5353028.2124,12.122839097,48.288023848,2,#fc8d62,car
83475,"9,17E+18",9,1,77,121,2017,6,20,1,2,4,6,0,1,0,0,0,0,0,0,731566.8633,5363291.8523,12.127532839,48.380250575,2,#fc8d62,car
83476,"9,17E+18",9,1,77,115,2017,6,16,1,2,4,6,0,1,0,1,0,0,0,0,735589.5982,5353090.1713,12.176075211,48.28712203,2,#fc8d62,car
83477,"9,17E+18",9,1,62,0,2017,6,16,7,2,5,3,1,1,0,0,0,0,0,0,680401.8304,5335042.9106,11.425190678,48.143037246,1,#66c2a5,bicycle
83478,"9,17E+18",9,1,84,137,2017,6,17,7,3,5,3,0,1,0,1,0,0,0,0,706321.4254,5316871.0042,11.764476375,47.971857647,2,#fc8d62,car
83479,"9,17E+18",9,1,62,0,2017,6,2,7,3,3,6,0,1,0,1,0,0,2,0,692044.5558,5331476.6398,11.579940496,48.107576499,2,#fc8d62,car
83480,"9,17E+18",9,1,62,0,2017,6,19,7,3,3,6,0,1,0,0,0,1,0,0,692209.1399,5331166.5759,11.582009525,48.104740045,2,#fc8d62,car
83492,"9,17E+18",9,7,62,0,2017,6,13,7,3,5,3,1,1,0,0,0,0,0,0,622714764.0,5304712767.0,10.641415614,47.884011369,1,#66c2a5,bicycle
83496,"9,17E+18",9,7,72,167,2017,6,0,7,3,0,7,1,0,0,0,0,0,2,0,623629.2304,5353150.5133,10.667676457,48.319448348,1,#66c2a5,bicycle
83497,"9,17E+18",9,7,72,184,2017,6,16,7,3,4,2,0,1,0,0,0,0,0,0,633944208.0,5362949789.0,10.809869412,48.405463621,2,#fc8d62,car
83498,"9,17E+18",9,7,71,122,2017,6,16,7,3,2,6,0,1,0,0,0,0,0,0,653421.0227,5362552.8937,11.072729513,48.397456071,2,#fc8d62,car
83499,"9,17E+18",9,7,71,130,2017,6,13,7,3,2,6,0,1,0,0,0,0,0,0,645638.0201,5357735191.0,10.965977593,48.355984494,2,#fc8d62,car
83500,"9,17E+18",9,7,61,0,2017,6,18,7,3,0,1,1,0,0,0,0,0,0,0,640877.1657,5360552.3819,10.902691695,48.382395797,1,#66c2a5,bicycle
83501,"9,17E+18",9,7,71,113,2017,6,15,7,3,2,6,0,1,0,0,0,0,0,0,658600.0177,5370818.8348,11.14577628,48.470487161,2,#fc8d62,car
83557,"9,17E+18",9,1,73,137,2017,6,10,7,2,9,1,0,1,0,0,0,0,0,0,675008.6206,5301088.8445,11.338911148,47.839308537,2,#fc8d62,car
83564,"9,17E+18",9,1,82,123,2017,6,0,7,3,2,6,0,1,0,0,0,1,2,0,719585168.0,5300726.1472,11.93374723,47.822375443,2,#fc8d62,car
83566,"9,17E+18",9,1,82,136,2017,6,16,7,3,0,4,1,0,1,0,0,0,0,0,703721.2099,5301074.0756,11.722218775,47.830721209,1,#66c2a5,bicycle
83572,"9,17E+18",9,1,81,140,2017,6,15,7,3,3,6,0,1,0,0,0,0,0,0,642868.4721,5324390.8607,10.917385418,48.056792033,2,#fc8d62,car
83573,"9,17E+18",9,1,74,135,2017,6,14,7,3,3,6,0,1,0,0,0,0,0,0,662790706.0,5353696.8415,11.19579501,48.315490852,2,#fc8d62,car
83574,"9,17E+18",9,1,74,113,2017,6,0,7,3,9,7,0,1,0,0,0,0,2,0,669349.8071,5349341791.0,11.282449011,48.274618347,2,#fc8d62,car
83575,"9,17E+18",9,1,79,113,2017,6,14,7,2,5,3,0,1,0,0,0,0,0,0,671306.9571,5335794.8849,11.303333642,48.152311283,2,#fc8d62,car
83576,"9,17E+18",9,1,81,123,2017,6,9,7,3,2,7,0,1,0,0,0,0,0,0,656040.7023,5326820.7728,11.094934636,48.075554422,2,#fc8d62,car
83577,"9,17E+18",9,2,61,0,2017,6,17,2,3,2,6,0,1,0,0,0,0,0,0,734303.4755,5382162.8477,12.175000891,48.54875254,2,#fc8d62,car
83578,"9,17E+18",9,2,74,118,2017,6,12,2,2,0,1,0,0,0,1,0,0,0,0,737743.9741,5365632.4688,12.212150419,48.398978263,4,#e78ac3,marker
83579,"9,17E+18",9,1,74,141,2017,6,16,7,2,0,6,1,0,0,0,0,0,0,0,683064.9002,5355706.6957,11.469885697,48.328012549,1,#66c2a5,bicycle
83580,"9,17E+18",9,1,74,122,2017,6,10,7,2,5,3,1,1,0,0,0,0,0,0,683152891.0,5351243779.0,11.469134722,48.287872881,1,#66c2a5,bicycle
83581,"9,17E+18",9,1,75,135,2017,6,10,7,3,0,6,0,0,0,1,0,0,0,0,709285.7036,5339124.8677,11.815039628,48.170874002,4,#e78ac3,marker
83582,"9,17E+18",9,1,77,118,2017,6,19,7,3,2,6,0,1,0,0,0,1,0,0,708550.5053,5345265.4454,11.808179428,48.226295286,2,#fc8d62,car
83583,"9,17E+18",9,1,75,122,2017,6,12,7,3,0,1,1,0,0,0,0,0,0,0,721020.1144,5326060.8963,11.965893785,48.0495238,1,#66c2a5,bicycle
83584,"9,17E+18",9,1,62,0,2017,6,12,6,3,5,2,1,1,0,0,0,0,0,0,684761.3775,5335395.9826,11.483894008,48.144959761,1,#66c2a5,bicycle
83585,"9,17E+18",9,1,62,0,2017,6,22,6,2,0,7,1,0,0,0,0,0,2,0,689850.8689,5327707.5532,11.548825068,48.074357044,1,#66c2a5,bicycle
83586,"9,17E+18",9,1,84,122,2017,6,15,6,3,0,1,1,0,0,0,0,0,0,0,687776214.0,5324060859.0,11.519399328,48.042193392,1,#66c2a5,bicycle
83587,"9,17E+18",9,1,62,0,2017,6,6,6,3,2,6,0,1,0,0,0,1,0,0,694804.7982,5332347.0182,11.617379449,48.114561028,2,#fc8d62,car
83592,"9,17E+18",9,2,61,0,2017,6,14,2,3,5,2,1,1,0,0,0,0,0,0,731848.3677,5381148.1592,12.141219919,48.54054991,1,#66c2a5,bicycle
83595,"9,17E+18",9,7,71,130,2017,6,13,6,3,2,6,0,1,0,0,0,0,0,0,646487.3627,5362840.5872,10.979215139,48.401691781,2,#fc8d62,car
83596,"9,17E+18",9,7,72,147,2017,6,10,6,3,9,1,0,1,0,0,0,0,0,0,636793.1786,5364225.0709,10.848760176,48.416318945,2,#fc8d62,car
83597,"9,17E+18",9,7,61,0,2017,6,16,6,3,1,6,0,1,0,0,0,1,0,0,636792.9831,5360391.7877,10.847508585,48.381850589,2,#fc8d62,car
83598,"9,17E+18",9,7,61,0,2017,6,10,6,3,5,3,0,1,0,0,0,0,0,0,639810.2202,5352480.1786,10.885609345,48.310049861,2,#fc8d62,car
83606,"9,17E+18",9,2,61,0,2017,6,18,2,3,2,6,0,1,0,0,0,0,0,0,732707.2431,5383138.8202,12.1539503,48.558113495,2,#fc8d62,car
83655,"9,17E+18",9,2,61,0,2017,6,9,6,3,5,3,0,1,0,0,0,0,0,0,732360772.0,5382046984.0,12.148652651,48.5484343,2,#fc8d62,car
83656,"9,17E+18",9,2,61,0,2017,6,15,6,2,3,2,1,1,0,0,0,0,0,0,732791.0827,5383052.6224,12.155036611,48.557308096,1,#66c2a5,bicycle
83657,"9,17E+18",9,2,61,0,2017,6,13,6,3,4,2,0,1,0,0,0,0,0,0,732140.0178,5379976.2624,12.144512548,48.529915202,2,#fc8d62,car
83659,"9,17E+18",9,1,84,132,2017,6,17,6,2,9,7,0,1,0,0,0,0,0,0,683291.2544,5325280207.0,11.459804818,48.054457208,2,#fc8d62,car
83660,"9,17E+18",9,1,73,147,2017,6,17,6,3,0,1,1,0,0,0,0,0,0,0,681230.4141,5309058.6161,11.425329846,47.909227909,1,#66c2a5,bicycle
83672,"9,17E+18",9,1,86,130,2017,6,17,6,3,8,1,0,0,0,1,0,0,0,0,687641.7838,5372902.2396,11.539260726,48.481219512,4,#e78ac3,marker
83675,"9,17E+18",9,1,74,135,2017,6,16,6,2,2,6,0,1,0,0,0,0,0,0,663677.4819,5352868.6568,11.207425735,48.307816558,2,#fc8d62,car
83676,"9,17E+18",9,1,88,141,2017,6,10,6,3,0,7,0,1,0,0,0,0,0,0,667866871.0,5311101.4676,11.247434886,47.9312308,2,#fc8d62,car
83677,"9,17E+18",9,1,79,142,2017,6,16,6,3,2,7,1,1,0,0,0,0,0,0,674233.5501,5341059.0326,11.344807598,48.198837675,1,#66c2a5,bicycle
83678,"9,17E+18",9,1,88,120,2017,6,18,6,3,5,3,1,0,0,0,0,0,0,0,677208.8935,5326537.4292,11.378773376,48.06747676,1,#66c2a5,bicycle
83679,"9,17E+18",9,1,79,136,2017,6,14,6,3,0,3,0,1,0,1,0,0,0,0,661663.6455,5341890.1585,11.17609198,48.209634794,2,#fc8d62,car
83680,"9,17E+18",9,1,74,118,2017,6,18,6,3,5,3,0,1,0,0,0,0,0,0,667798.4889,5352666.5995,11.262878594,48.304920364,2,#fc8d62,car
83681,"9,17E+18",9,1,77,130,2017,6,16,6,2,5,3,0,1,0,1,0,0,0,0,711253.9403,5351068.5343,11.84743139,48.277545565,2,#fc8d62,car
83682,"9,17E+18",9,1,78,120,2017,6,10,6,3,5,5,1,1,0,0,0,0,0,0,694367763.0,5352562.7734,11.620772917,48.296383142,1,#66c2a5,bicycle
83683,"9,17E+18",9,1,62,0,2017,6,18,5,3,4,6,1,0,0,0,0,0,0,0,698156.5367,5329821.1312,11.661190314,48.090826096,1,#66c2a5,bicycle
83684,"9,17E+18",9,1,62,0,2017,6,13,5,3,1,7,0,1,0,1,0,0,0,0,691307.9174,5339294.1031,11.573566939,48.178060636,2,#fc8d62,car
83685,"9,17E+18",9,1,62,0,2017,6,7,5,3,4,3,0,1,0,0,0,0,0,0,687370.6426,5335082.1047,11.518799398,48.141375417,2,#fc8d62,car
83700,"9,17E+18",9,7,72,200,2017,6,19,5,2,5,3,1,1,0,0,0,0,0,0,631628.3907,5337032.1794,10.770516447,48.172889659,1,#66c2a5,bicycle
83701,"9,17E+18",9,7,72,177,2017,6,12,5,3,5,3,1,1,0,0,0,0,0,0,636755433.0,5378956704.0,10.853070811,48.548790003,1,#66c2a5,bicycle
83730,"9,17E+18",9,1,82,133,2017,6,12,2,3,2,6,0,1,0,0,0,1,0,0,704986.8977,5307379174.0,11.742100131,47.886983683,2,#fc8d62,car
83732,"9,17E+18",9,1,82,120,2017,6,14,2,2,2,6,0,1,0,0,0,1,0,0,703404.9666,5306778.3911,11.72068052,47.882087502,2,#fc8d62,car
83735,"9,17E+18",9,1,87,150,2017,6,17,2,3,2,6,0,1,0,0,0,0,0,0,726876.9376,5303242.0942,12.032347419,47.842451253,2,#fc8d62,car
83750,"9,17E+18",9,7,61,0,2017,6,7,5,3,2,6,1,0,0,0,0,0,0,0,640999.6704,5360563.1096,10.904348897,48.382464888,1,#66c2a5,bicycle
83751,"9,17E+18",9,7,61,0,2017,6,13,5,2,5,6,0,1,0,1,0,0,0,0,641397.2303,5352638.2999,10.907053967,48.311118827,2,#fc8d62,car
83752,"9,17E+18",9,7,61,0,2017,6,17,5,3,5,3,1,1,0,0,0,0,0,0,640837.6135,5360481.7716,10.902134144,48.381769727,1,#66c2a5,bicycle
83759,"9,17E+18",9,1,84,123,2017,6,10,6,3,5,3,1,1,0,0,0,0,0,0,702393.1941,5332088.6316,11.719097012,48.109872752,1,#66c2a5,bicycle
83796,"9,17E+18",9,7,72,159,2017,6,23,6,3,0,7,1,0,0,0,0,1,2,0,623974.0963,5362503.5553,10.675082624,48.403490624,1,#66c2a5,bicycle
83798,"9,17E+18",9,7,77,121,2017,6,18,6,3,3,3,0,1,0,0,0,0,0,0,629255.3667,5320945.9446,10.733740023,48.028714987,2,#fc8d62,car
83800,"9,17E+18",9,1,86,152,2017,6,16,7,3,3,6,0,1,0,0,0,0,0,0,691220.6325,5373030.9118,11.587699378,48.481297724,2,#fc8d62,car
83824,"9,17E+18",9,2,74,126,2017,6,10,5,2,5,3,0,1,0,0,0,0,0,0,733071.8114,5382815.2941,12.158702479,48.555072005,2,#fc8d62,car
83827,"9,17E+18",9,2,61,0,2017,6,7,6,3,2,6,0,1,0,0,0,0,0,1,732655.4493,5382078.3926,12.152656985,48.548607227,2,#fc8d62,car
83835,"9,17E+18",9,1,84,145,2017,6,11,5,3,3,6,0,1,0,0,0,0,0,0,696586.0536,5322698.0859,11.636848973,48.027293718,2,#fc8d62,car
83839,"9,17E+18",9,1,87,179,2017,6,0,5,3,8,1,0,1,0,0,0,0,2,0,723254.9185,5310937.4577,11.987981939,47.912863022,2,#fc8d62,car
83842,"9,17E+18",9,1,86,128,2017,6,20,5,3,4,6,0,1,0,0,0,0,0,0,677998015.0,5385610.5072,11.414309168,48.598250194,2,#fc8d62,car
83843,"9,17E+18",9,1,86,125,2017,6,13,5,2,5,2,0,1,0,0,0,0,0,0,673845.0424,5374209.4613,11.353270799,48.496936249,2,#fc8d62,car
83845,"9,17E+18",9,2,61,0,2017,6,8,6,3,5,3,0,1,0,1,0,0,0,0,731884.7463,5381091.0002,12.14168022,48.540023021,2,#fc8d62,car
83847,"9,17E+18",9,2,61,0,2017,6,9,6,3,1,7,0,1,0,0,0,0,0,0,732385.1367,5380397.2857,12.14806232,48.533606466,2,#fc8d62,car
83849,"9,17E+18",9,1,62,0,2017,6,22,6,2,1,6,0,1,0,1,0,0,2,0,686135.2128,5330644.83,11.500270725,48.101853981,2,#fc8d62,car
83850,"9,17E+18",9,1,62,0,2017,6,16,6,3,2,6,1,0,0,0,0,0,0,0,687510.5938,5326795.3697,11.517037438,48.06685037,1,#66c2a5,bicycle
83851,"9,17E+18",9,1,86,151,2017,6,12,5,2,4,2,0,1,0,1,0,0,0,0,679072402.0,5374393061.0,11.424045212,48.497118659,2,#fc8d62,car
83852,"9,17E+18",9,1,75,121,2017,6,16,7,2,7,7,1,0,0,0,0,0,0,0,714549974.0,5320356857.0,11.876329991,48.000475954,1,#66c2a5,bicycle
83853,"9,17E+18",9,1,90,138,2017,6,16,6,3,4,6,0,1,0,0,0,0,0,0,660746.1155,5310509.3065,11.151950955,47.927732302,2,#fc8d62,car
83858,"9,17E+18",9,1,88,139,2017,6,18,5,3,5,3,1,1,0,0,0,0,0,0,675179926.0,5320405225.0,11.349052485,48.012911474,1,#66c2a5,bicycle
83859,"9,17E+18",9,1,81,122,2017,6,22,5,2,0,7,1,0,0,0,0,0,2,0,651557.5716,5330663.1354,11.036150074,48.111183775,1,#66c2a5,bicycle
83862,"9,17E+18",9,1,81,121,2017,6,14,5,3,2,2,0,1,0,0,0,1,0,0,636111.5923,5311262.0536,10.822588256,47.940206847,2,#fc8d62,car
83863,"9,17E+18",9,1,79,121,2017,6,8,5,2,5,3,1,1,0,0,0,0,0,0,666850447.0,5338330581.0,11.244456082,48.176292036,1,#66c2a5,bicycle
83864,"9,17E+18",9,1,74,122,2017,6,7,5,3,2,6,0,1,0,0,0,0,0,0,683150.0953,5351239.9971,11.469095429,48.287839697,2,#fc8d62,car
83865,"9,17E+18",9,1,62,0,2017,6,18,5,3,3,6,0,1,0,0,0,0,0,0,690770.7065,5344744.4171,11.568797411,48.227208604,2,#fc8d62,car
83866,"9,17E+18",9,1,84,135,2017,6,15,5,3,3,6,0,1,0,0,0,1,0,0,693262.6927,5344955.0402,11.602413249,48.228347302,2,#fc8d62,car
83867,"9,17E+18",9,1,77,113,2017,6,17,5,3,0,3,0,1,0,0,0,0,0,0,720781961.0,5353033169.0,11.976707167,48.291947235,2,#fc8d62,car
83868,"9,17E+18",9,1,75,135,2017,6,18,5,2,5,3,1,1,0,0,0,0,0,0,708331.4305,5339022.7955,11.802169938,48.17027024,1,#66c2a5,bicycle
83869,"9,17E+18",9,1,75,122,2017,6,14,5,2,5,3,0,1,0,0,0,0,0,0,722493.9068,5324154.7573,11.984652714,48.031885381,2,#fc8d62,car
83870,"9,17E+18",9,1,84,136,2017,6,7,4,3,5,2,0,1,0,1,0,0,0,0,698000.3212,5326852.4951,11.657719284,48.06419441,2,#fc8d62,car
83871,"9,17E+18",9,1,62,0,2017,6,8,4,3,0,7,1,0,0,0,0,0,0,0,697003.4027,5330288.1489,11.645936669,48.095380831,1,#66c2a5,bicycle
83872,"9,17E+18",9,1,62,0,2017,6,22,4,3,2,6,0,1,0,0,0,0,1,0,688547.8392,5328633.4707,11.531757683,48.083066005,2,#fc8d62,car
83873,"9,17E+18",9,1,62,0,2017,6,23,4,3,5,3,1,1,0,0,0,0,2,0,697522.4876,5333580.8512,11.65442532,48.12481284,1,#66c2a5,bicycle
83874,"9,17E+18",9,1,62,0,2017,6,18,4,3,4,7,1,0,0,0,0,1,0,0,694718431.0,5334150084.0,11.617043869,48.130792676,1,#66c2a5,bicycle
83875,"9,17E+18",9,1,62,0,2017,6,14,4,3,1,7,1,0,0,0,0,1,0,0,687972.7744,5342903.6982,11.530344703,48.211499375,1,#66c2a5,bicycle
83877,"9,17E+18",9,1,83,123,2017,6,16,6,1,4,6,0,1,0,0,0,0,0,0,738686.1117,5339972.5225,12.210367099,48.168130914,2,#fc8d62,car
83879,"9,17E+18",9,1,83,126,2017,6,6,6,3,2,6,0,1,0,0,0,0,0,0,728432.2368,5337044.7357,12.071089415,48.145594842,2,#fc8d62,car
83880,"9,17E+18",9,7,72,163,2017,6,13,6,2,2,6,0,1,0,1,0,0,0,0,639140681.0,5350451.6231,10.875915682,48.29195698,2,#fc8d62,car
83881,"9,17E+18",9,1,62,0,2017,6,10,4,3,3,6,0,1,0,0,0,0,0,0,700913.8996,5332482754.0,11.69943169,48.113883041,2,#fc8d62,car
83890,"9,17E+18",9,7,72,147,2017,6,15,6,3,9,1,0,1,0,0,0,0,0,0,639590.5898,5364072.2516,10.886495232,48.414331339,2,#fc8d62,car
83892,"9,17E+18",9,1,62,0,2017,6,21,6,3,2,6,0,1,0,1,0,0,0,0,688718652.0,5336858334.0,11.537689626,48.156941987,2,#fc8d62,car
83895,"9,17E+18",9,7,78,216,2017,6,6,4,3,5,3,0,1,0,1,0,0,0,1,623761.8938,5322144.3114,10.660433541,48.040580494,2,#fc8d62,car
83904,"9,17E+18",9,7,61,0,2017,6,18,4,2,5,2,1,1,0,0,0,0,0,0,637852889.0,5361403134.0,10.86214754,48.390713723,1,#66c2a5,bicycle
83905,"9,17E+18",9,7,71,112,2017,6,6,4,2,8,1,0,0,0,1,0,0,0,0,649347.9631,5369591.2744,11.02024603,48.461715484,4,#e78ac3,marker
83930,"9,17E+18",9,1,82,127,2017,6,18,6,3,2,6,0,1,0,0,0,0,0,0,702628.9382,5311100.1867,11.712342327,47.921173958,2,#fc8d62,car
83931,"9,17E+18",9,7,71,113,2017,6,11,6,3,0,1,1,0,0,0,0,0,0,0,657499911.0,5369825651.0,11.130529224,48.461834666,1,#66c2a5,bicycle
83932,"9,17E+18",9,1,87,181,2017,6,12,6,3,2,6,0,1,0,0,0,0,0,0,737563775.0,5312726525.0,12.180177579,47.923795719,2,#fc8d62,car
83934,"9,17E+18",9,1,63,0,2017,6,19,6,3,0,1,1,0,0,0,0,0,0,0,731308.4474,5302386.8747,12.09103211,47.833188881,1,#66c2a5,bicycle
83935,"9,17E+18",9,1,78,137,2017,6,8,7,3,5,3,0,1,0,0,0,1,0,0,691741987.0,5363405352.0,11.590342444,48.394631368,2,#fc8d62,car
83937,"9,17E+18",9,1,63,0,2017,6,7,6,3,5,3,0,1,0,1,0,0,0,0,731447.5774,5301384.8471,12.092353202,47.824136283,2,#fc8d62,car
83938,"9,17E+18",9,1,87,177,2017,6,15,6,3,0,1,1,0,0,0,0,0,0,0,735734.7483,5305439.1742,12.151752708,47.859003283,1,#66c2a5,bicycle
83954,"9,17E+18",9,1,86,152,2017,6,19,6,3,5,3,0,1,0,0,0,0,0,0,691229.6546,5375633.0969,11.589012508,48.504681393,2,#fc8d62,car
83975,"9,17E+18",9,1,79,142,2017,6,14,6,3,2,6,0,1,0,0,0,0,0,0,677466.4513,5342348502.0,11.388815809,48.209533453,2,#fc8d62,car
83977,"9,17E+18",9,1,79,142,2017,6,13,6,3,1,6,0,1,0,0,0,0,0,0,670870.2796,5341479.4311,11.299752692,48.203530883,2,#fc8d62,car