OBJECTID,UIDENTSTLA,ULAND,UREGBEZ,UKREIS,UGEMEINDE,UJAHR,UMONAT,USTUNDE,UWOCHENTAG,UKATEGORIE,UART,UTYP1,IstRad,IstPKW,IstFuss,IstKrad,IstGkfz,IstSonstig,ULICHTVERH,STRZUSTAND,LINREFX,LINREFY,XGCSWGS84,YGCSWGS84,Teilnehmer,color,symbol
83978,"9,17E+18",9,2,61,0,2017,6,17,4,3,4,2,0,1,0,0,0,0,0,0,732031.58,5380859682.0,12.143537686,48.537890867,2,#fc8d62,car
83979,"9,17E+18",9,2,74,194,2017,6,7,4,3,5,3,0,1,0,0,0,1,0,0,721368.4972,5377943.2129,11.997738299,48.515541186,2,#fc8d62,car
83980,"9,17E+18",9,1,79,142,2017,6,11,6,3,2,6,1,0,1,0,0,0,0,0,674872.2809,5340940.1146,11.353347038,48.197593101,1,#66c2a5,bicycle
83983,"9,17E+18",9,1,88,126,2017,6,15,6,3,2,6,0,1,0,0,0,0,0,0,660237.4665,5327872.2172,11.151632268,48.083966905,2,#fc8d62,car
83990,"9,17E+18",9,1,87,177,2017,6,17,4,3,0,7,1,0,0,0,0,0,0,0,735692.1161,5305414.4172,12.15117012,47.858796508,1,#66c2a5,bicycle
83991,"9,17E+18",9,1,87,170,2017,6,17,4,3,5,7,0,1,0,0,0,0,0,0,734210.0609,5318667.6338,12.138586154,47.978403002,2,#fc8d62,car
83995,"9,17E+18",9,1,82,136,2017,6,18,4,3,5,3,0,1,0,0,0,0,0,0,703691.3719,5300166.88,11.721393986,47.822577422,2,#fc8d62,car
83998,"9,17E+18",9,1,88,126,2017,6,17,6,3,2,2,1,1,0,0,0,0,0,0,661479.6603,5323508.8019,11.166652083,48.044423564,1,#66c2a5,bicycle
84000,"9,17E+18",9,1,81,144,2017,6,18,6,3,9,1,0,1,0,0,0,0,0,0,655180.0087,5320948.5704,11.081257946,48.022966544,2,#fc8d62,car
84003,"9,17E+18",9,1,74,118,2017,6,14,6,3,2,6,0,1,0,0,0,0,0,0,671061.3158,5355610.1365,11.30803722,48.330507091,2,#fc8d62,car
84005,"9,17E+18",9,1,78,150,2017,6,11,6,3,2,6,0,1,0,0,0,0,0,0,691421412.0,5370896549.0,11.589436688,48.462054591,2,#fc8d62,car
84006,"9,17E+18",9,7,71,142,2017,6,23,6,3,5,3,0,1,0,0,0,0,2,0,645569.8367,5352065.5815,10.963099357,48.305022631,2,#fc8d62,car
84007,"9,17E+18",9,1,62,0,2017,6,11,6,3,3,6,0,1,0,0,0,0,0,0,685133.5745,5342620.1565,11.492039663,48.209785316,2,#fc8d62,car
84009,"9,17E+18",9,1,78,124,2017,6,19,6,3,0,1,0,0,0,1,0,0,0,0,701287694.0,5363890819.0,11.719385537,48.396019787,4,#e78ac3,marker
84010,"9,17E+18",9,1,75,119,2017,6,12,6,2,9,1,0,0,0,1,0,0,0,0,726827949.0,5323742.55,12.042489576,48.02665767,4,#e78ac3,marker
84012,"9,17E+18",9,1,85,158,2017,6,6,4,3,3,2,1,0,0,0,0,1,0,0,667431.5244,5380490.9083,11.269048065,48.55514373,1,#66c2a5,bicycle
84013,"9,17E+18",9,1,85,158,2017,6,16,4,3,5,2,1,1,0,0,0,0,0,0,667433.5649,5380489.9942,11.269075327,48.555134968,1,#66c2a5,bicycle
84014,"9,17E+18",9,1,85,158,2017,6,16,4,3,1,6,0,1,0,0,0,0,0,0,668153387.0,5384738965.0,11.280540418,48.593137027,2,#fc8d62,car
84015,"9,17E+18",9,1,86,143,2017,6,16,4,2,9,1,0,1,0,0,0,0,0,0,689607.4269,5376831424.0,11.567617026,48.515942859,2,#fc8d62,car
84020,"9,17E+18",9,7,71,129,2017,6,21,4,3,9,1,0,1,0,0,0,0,1,1,659868.2569,5356199.1007,11.157354001,48.338732477,2,#fc8d62,car
84021,"9,17E+18",9,1,62,0,2017,6,7,4,3,3,6,0,1,0,0,0,1,0,0,682549.5553,5342034.9649,11.457038459,48.205273701,2,#fc8d62,car
84022,"9,17E+18",9,1,88,139,2017,6,10,4,3,5,2,1,1,0,0,0,0,0,0,675379.9341,5319056.2145,11.351180595,48.000729568,1,#66c2a5,bicycle
84023,"9,17E+18",9,1,81,137,2017,6,7,4,3,2,6,0,1,0,0,0,0,0,0,646401823.0,5309189666.0,10.959593652,47.919303131,2,#fc8d62,car
84024,"9,17E+18",9,1,74,115,2017,6,9,4,2,0,1,1,0,0,0,0,0,0,0,679987.6053,5347962.4359,11.425105763,48.259285861,1,#66c2a5,bicycle
84025,"9,17E+18",9,1,77,133,2017,6,18,4,2,5,3,0,1,0,1,0,0,0,0,709742.75,5359314863.0,11.831188258,48.352146999,2,#fc8d62,car
84026,"9,17E+18",9,1,75,127,2017,6,20,4,2,0,2,1,1,0,0,0,0,1,0,713100592.0,5340536.3264,11.866994112,48.182289417,1,#66c2a5,bicycle
84027,"9,17E+18",9,1,75,118,2017,6,10,4,3,5,3,0,1,0,1,0,0,0,0,715138.2864,5342143.1483,11.895186329,48.196040698,2,#fc8d62,car
84028,"9,17E+18",9,1,78,120,2017,6,7,4,3,5,3,1,1,0,0,0,0,0,0,698029.6848,5351099.9223,11.66940781,48.282101303,1,#66c2a5,bicycle
84029,"9,17E+18",9,1,75,121,2017,6,6,4,2,8,1,0,1,0,0,0,0,1,0,713645426.0,5315664.7422,11.861885863,47.95861559,2,#fc8d62,car
84030,"9,17E+18",9,1,84,141,2017,6,8,3,3,5,2,0,1,0,0,0,0,0,0,697938.3848,5316567.0746,11.652140263,47.971773498,2,#fc8d62,car
84031,"9,17E+18",9,1,62,0,2017,6,16,3,3,2,2,0,0,0,1,0,0,0,0,697196.7454,5333628.3705,11.650074646,48.125340892,4,#e78ac3,marker
84032,"9,17E+18",9,1,62,0,2017,6,12,3,2,2,6,0,1,0,0,0,1,0,0,689077.2688,5331714.9871,11.540224327,48.110606462,2,#fc8d62,car
84033,"9,17E+18",9,1,62,0,2017,6,8,3,3,4,2,0,1,0,0,0,0,0,0,690814.5832,5329699.7107,11.562639755,48.091975046,2,#fc8d62,car
84034,"9,17E+18",9,1,84,139,2017,6,23,3,3,9,1,0,1,0,0,0,0,2,0,687153.1599,5324196.3752,11.511107363,48.043594414,2,#fc8d62,car
84035,"9,17E+18",9,1,62,0,2017,6,5,3,2,3,6,0,0,0,1,0,1,0,0,690607.8706,5339046.6449,11.564048398,48.176046877,4,#e78ac3,marker
84036,"9,17E+18",9,1,62,0,2017,6,11,3,1,4,2,0,0,0,1,0,1,0,0,689446.4094,5340680.5433,11.549169102,48.191079634,4,#e78ac3,marker
84038,"9,17E+18",9,1,75,131,2017,6,19,6,3,0,1,0,0,0,1,0,0,0,0,710012.5278,5322461.5287,11.816606879,48.020895498,4,#e78ac3,marker
84040,"9,17E+18",9,1,84,141,2017,6,10,5,3,4,2,0,1,0,0,0,0,0,0,699962.7295,5317036.2495,11.679451832,47.975360932,2,#fc8d62,car
84041,"9,17E+18",9,1,84,119,2017,6,13,3,3,4,6,1,0,0,1,0,0,0,0,698324776.0,5346221429.0,11.671094433,48.238166011,1,#66c2a5,bicycle
84042,"9,17E+18",9,1,84,119,2017,6,11,3,3,2,6,0,1,0,0,0,0,0,0,696185.2811,5346540.4207,11.642458846,48.241698381,2,#fc8d62,car
84043,"9,17E+18",9,1,84,135,2017,6,14,3,3,2,6,0,0,0,0,0,1,0,0,691878.7775,5345619.5645,11.584098532,48.234739945,6,#ffd92f,circle
84044,"9,17E+18",9,1,62,0,2017,6,12,3,3,2,6,0,1,0,0,0,0,0,0,692039.7536,5341236.3711,11.584279614,48.195296482,2,#fc8d62,car
84045,"9,17E+18",9,1,62,0,2017,6,18,3,3,2,6,0,0,0,1,0,1,0,0,681494.5914,5335790.4588,11.440185873,48.149446005,4,#e78ac3,marker
84046,"9,17E+18",9,1,84,120,2017,6,18,3,3,1,6,0,1,0,0,0,0,0,0,681358362.0,5332044487.0,11.436761416,48.11581297,2,#fc8d62,car
84047,"9,17E+18",9,1,62,0,2017,6,16,3,3,5,3,0,1,0,1,0,0,0,0,681618.1184,5335760.5915,11.44183238,48.149142276,2,#fc8d62,car
84048,"9,17E+18",9,1,84,122,2017,6,19,3,3,5,2,1,1,0,0,0,0,1,0,689538.0422,5326630.2169,11.54415191,48.064766781,1,#66c2a5,bicycle
84049,"9,17E+18",9,1,84,121,2017,6,7,3,3,5,3,1,1,0,0,0,0,0,0,703181.9102,5330556.6869,11.728951403,48.095854375,1,#66c2a5,bicycle
84052,"9,17E+18",9,1,84,135,2017,6,7,5,2,4,2,0,1,0,1,0,0,0,0,687870.5302,5347462.5478,11.530990931,48.252504775,2,#fc8d62,car
84055,"9,17E+18",9,1,62,0,2017,6,15,5,3,2,6,0,1,0,0,0,1,0,0,689158.1284,5339014.3828,11.544552207,48.17619008,2,#fc8d62,car
84066,"9,17E+18",9,7,61,0,2017,6,18,3,3,3,2,0,1,0,0,0,0,0,0,644629.7792,5357646.9613,10.952345203,48.355422924,2,#fc8d62,car
84067,"9,17E+18",9,7,61,0,2017,6,1,3,3,9,1,0,1,0,0,0,0,2,0,641738.9132,5361812.8196,10.914749004,48.393536058,2,#fc8d62,car
84070,"9,17E+18",9,1,84,130,2017,6,7,5,2,5,2,1,1,0,0,0,0,0,0,698709.5109,5345303069.0,11.675839613,48.229792274,1,#66c2a5,bicycle
84095,"9,17E+18",9,7,78,173,2017,6,16,6,3,0,6,0,1,0,0,0,1,0,0,615077.2383,5321327.5783,10.543743094,48.034859524,2,#fc8d62,car
84097,"9,17E+18",9,1,74,115,2017,6,2,7,3,0,1,1,0,0,0,0,0,2,0,681642.3271,5346637.7979,11.446811555,48.246907068,1,#66c2a5,bicycle
84125,"9,17E+18",9,7,78,203,2017,6,20,6,3,8,1,0,0,0,1,0,0,0,0,621116571.0,5324599759.0,10.625652989,48.063170866,4,#e78ac3,marker
84141,"9,17E+18",9,2,61,0,2017,6,11,3,2,2,6,0,1,0,0,0,0,0,0,732869.2643,5382995.3054,12.15606248,48.556764214,2,#fc8d62,car
84144,"9,17E+18",9,1,90,157,2017,6,13,3,3,6,7,0,1,1,0,0,0,0,0,660533.1821,5300880.9561,11.145522898,47.841216759,2,#fc8d62,car
84146,"9,17E+18",9,1,73,118,2017,6,15,3,2,4,6,0,1,0,1,0,0,0,0,687875.0484,5305295.5116,11.512527478,47.873490785,2,#fc8d62,car
84156,"9,17E+18",9,1,63,0,2017,6,13,3,3,5,3,0,1,0,1,0,0,0,0,731165.9687,5301349.0153,12.088577188,47.823915591,2,#fc8d62,car
84158,"9,17E+18",9,1,87,150,2017,6,18,3,3,9,1,0,1,0,0,0,0,0,0,725464.1397,5303570.4936,12.013662669,47.845898847,2,#fc8d62,car
84159,"9,17E+18",9,1,86,146,2017,6,10,3,2,2,6,0,1,0,1,0,0,0,0,685474.0429,5371777.9156,11.509456527,48.471757509,2,#fc8d62,car
84164,"9,17E+18",9,1,62,0,2017,6,9,6,2,0,7,0,1,0,0,0,1,0,0,689658.1485,5340116.4833,11.551763452,48.185946698,2,#fc8d62,car
84169,"9,17E+18",9,1,81,140,2017,6,10,3,3,2,6,0,1,0,0,0,1,0,0,643061.6491,5324332.9927,10.919957116,48.056228398,2,#fc8d62,car
84172,"9,17E+18",9,1,88,139,2017,6,13,3,3,5,2,1,0,0,0,0,0,0,0,675685.6558,5319048.1114,11.355272264,48.000572792,1,#66c2a5,bicycle
84173,"9,17E+18",9,1,79,142,2017,6,7,3,2,0,1,1,0,0,0,0,0,0,0,672722.4692,5341562.0482,11.324693855,48.203772356,1,#66c2a5,bicycle
84176,"9,17E+18",9,1,74,113,2017,6,17,3,3,2,6,0,1,0,0,0,0,0,0,680328.2165,5344622.0565,11.428268309,48.229163319,2,#fc8d62,car
84177,"9,17E+18",9,1,74,126,2017,6,14,3,3,0,1,0,1,0,1,0,0,0,0,682043.0431,5345418.0824,11.451680006,48.235828635,2,#fc8d62,car
84178,"9,17E+18",9,1,74,115,2017,6,13,3,3,1,5,1,1,0,0,0,0,0,0,681067.5143,5348891.5953,11.440040224,48.267330039,1,#66c2a5,bicycle
84179,"9,17E+18",9,1,78,124,2017,6,18,3,3,2,6,0,1,0,0,0,0,0,0,703504.6008,5367449.5382,11.751025946,48.427287573,2,#fc8d62,car
84180,"9,17E+18",9,1,84,132,2017,6,17,2,2,2,6,0,0,0,1,0,0,0,0,683988.0458,5329330.9157,11.47089048,48.090667323,4,#e78ac3,marker
84181,"9,17E+18",9,1,84,148,2017,6,17,2,3,0,7,0,1,0,1,0,0,0,1,695080313.0,5327242494.0,11.618745259,48.068599139,2,#fc8d62,car
84182,"9,17E+18",9,1,62,0,2017,6,22,2,2,0,1,1,0,0,0,0,0,2,0,699726.5803,5332939.1302,11.683711088,48.118357993,1,#66c2a5,bicycle
84185,"9,17E+18",9,1,84,119,2017,6,7,2,3,3,6,1,0,0,0,0,0,0,0,697731.6219,5346299.0155,11.663150855,48.239048517,1,#66c2a5,bicycle
84186,"9,17E+18",9,1,62,0,2017,6,16,2,3,3,6,1,1,0,0,0,0,0,0,679454702.0,5337344823.0,11.413440618,48.163996899,1,#66c2a5,bicycle
84187,"9,17E+18",9,1,62,0,2017,6,16,2,3,1,2,0,1,0,0,0,0,0,0,688505.6774,5340176.9568,11.536300131,48.186833257,2,#fc8d62,car
84188,"9,17E+18",9,1,84,144,2017,6,17,2,3,5,3,0,1,0,0,0,0,0,0,687527259.0,5319892954.0,11.51423879,48.004803468,2,#fc8d62,car
84189,"9,17E+18",9,1,84,123,2017,6,7,2,3,5,3,1,1,0,0,0,0,0,0,702511.5396,5332035.4546,11.72065985,48.109357245,1,#66c2a5,bicycle
84203,"9,17E+18",9,7,61,0,2017,6,13,6,3,5,3,1,1,0,0,0,0,0,0,640371.5263,5360397.7105,10.895814744,48.381117757,1,#66c2a5,bicycle
84207,"9,17E+18",9,1,78,142,2017,6,23,7,3,8,1,0,1,0,0,0,0,2,0,711901.9,5378293.3755,11.869892173,48.521952855,2,#fc8d62,car
84208,"9,17E+18",9,1,78,145,2017,6,17,7,3,7,1,0,0,0,1,0,0,0,0,699442.5905,5354940.4067,11.690245948,48.316171479,4,#e78ac3,marker
84211,"9,17E+18",9,7,72,157,2017,6,16,5,3,2,2,0,1,0,0,0,0,0,0,627230935.0,5334921.6656,10.710763252,48.154805661,2,#fc8d62,car
84214,"9,17E+18",9,7,72,147,2017,6,9,5,3,0,7,1,0,0,0,0,0,0,0,639023579.0,5365206964.0,10.879212824,48.424659663,1,#66c2a5,bicycle
84216,"9,17E+18",9,7,77,121,2017,6,20,2,3,2,1,0,1,0,0,0,0,0,0,628928165.0,5321852771.0,10.729626215,48.036936241,2,#fc8d62,car
84218,"9,17E+18",9,7,72,184,2017,6,9,5,3,1,6,0,1,0,0,0,0,0,0,635154.4919,5362382.1059,10.82603152,48.400100686,2,#fc8d62,car
84219,"9,17E+18",9,7,72,163,2017,6,22,2,3,2,6,0,1,0,0,0,1,2,0,638921594.0,5349558071.0,10.872669685,48.283970361,2,#fc8d62,car
84220,"9,17E+18",9,7,61,0,2017,6,14,2,3,2,6,0,1,0,0,0,0,0,0,638328084.0,5356762624.0,10.867036565,48.348883047,2,#fc8d62,car
84221,"9,17E+18",9,7,72,131,2017,6,12,2,3,2,6,0,0,0,0,0,1,0,0,615284.2162,5356361.3075,10.55603102,48.349900938,6,#ffd92f,circle
84222,"9,17E+18",9,7,72,200,2017,6,17,2,3,0,3,1,0,0,1,0,0,0,0,630685515.0,5337465679.0,10.757973461,48.176982582,1,#66c2a5,bicycle
84223,"9,17E+18",9,7,61,0,2017,6,14,2,3,2,6,0,1,0,0,0,0,0,0,639376.0414,5360885963.0,10.882539551,48.385728699,2,#fc8d62,car
84224,"9,17E+18",9,7,61,0,2017,6,10,2,3,2,6,0,1,0,0,0,1,0,0,641465.5416,5357647.2654,10.909656473,48.356142484,2,#fc8d62,car
84225,"9,17E+18",9,7,61,0,2017,6,14,2,3,4,6,0,1,0,1,0,0,0,0,641296107.0,5355905.5522,10.906786046,48.340519546,2,#fc8d62,car
84235,"9,17E+18",9,1,84,129,2017,6,13,6,3,3,6,0,1,0,1,0,0,0,0,701381339.0,5325184253.0,11.702264928,48.048143573,2,#fc8d62,car
84236,"9,17E+18",9,7,71,144,2017,6,0,7,3,7,7,1,0,0,0,0,0,2,0,663400.5693,5372209.5116,11.211219145,48.481760143,1,#66c2a5,bicycle
84239,"9,17E+18",9,1,87,122,2017,6,11,1,3,2,6,0,1,0,0,0,0,0,1,717633.5797,5308300.4027,11.911519199,47.891099224,2,#fc8d62,car
84240,"9,17E+18",9,1,75,133,2017,6,21,2,3,5,3,0,1,0,0,0,0,2,0,710533045.0,5342160979.0,11.833300433,48.197744267,2,#fc8d62,car
84241,"9,17E+18",9,1,87,150,2017,6,13,2,3,1,6,0,1,0,0,0,1,0,0,727778.3867,5303209.7648,12.044361273,47.841842092,2,#fc8d62,car
84245,"9,17E+18",9,1,74,146,2017,6,7,5,3,8,1,0,1,0,0,0,0,0,1,667638.4741,5350510.0205,11.259866276,48.28557576,2,#fc8d62,car
84246,"9,17E+18",9,1,88,139,2017,6,15,5,2,5,3,1,1,0,0,0,0,0,0,675538.2204,5319040.1603,11.353294194,48.00054181,1,#66c2a5,bicycle
84247,"9,17E+18",9,1,79,126,2017,6,14,5,3,5,3,1,1,0,0,0,0,0,0,677370.2919,5339576575.0,11.386364529,48.184643311,1,#66c2a5,bicycle
84248,"9,17E+18",9,1,79,121,2017,6,10,5,3,5,7,1,1,0,0,0,0,0,1,667386.7968,5339199.9123,11.25200768,48.183966224,1,#66c2a5,bicycle
84249,"9,17E+18",9,1,79,121,2017,6,9,5,3,5,3,0,1,0,0,0,0,0,1,667480.1077,5339068.3716,11.253210215,48.182759089,2,#fc8d62,car
84250,"9,17E+18",9,1,74,143,2017,6,16,5,3,6,4,0,1,1,0,0,0,0,0,675311.2454,5352505.9444,11.364038883,48.301438963,2,#fc8d62,car
84251,"9,17E+18",9,1,78,124,2017,6,14,5,3,2,6,0,1,0,0,0,0,0,0,701653.1069,5358479.2308,11.721721612,48.347272188,2,#fc8d62,car
84252,"9,17E+18",9,1,77,121,2017,6,2,5,3,9,7,0,1,0,0,0,0,2,0,731365.6907,5362488.4314,12.124377937,48.373107069,2,#fc8d62,car
84253,"9,17E+18",9,1,62,0,2017,6,18,4,3,5,3,1,1,0,0,0,0,0,0,692015058.0,5331518.3919,11.579563428,48.107960654,1,#66c2a5,bicycle
84254,"9,17E+18",9,1,62,0,2017,6,16,4,3,5,3,0,1,0,0,0,0,0,0,694995.1562,5333484.5306,11.620454543,48.124726258,2,#fc8d62,car
84255,"9,17E+18",9,1,62,0,2017,6,4,4,3,0,7,0,1,0,0,0,0,2,0,693565.4517,5337145.2693,11.602925918,48.158064083,2,#fc8d62,car
84256,"9,17E+18",9,1,62,0,2017,6,17,4,3,5,2,0,1,0,1,0,0,0,0,694786.0452,5340926.0733,11.621054284,48.191671327,2,#fc8d62,car
84257,"9,17E+18",9,1,62,0,2017,6,6,4,3,5,3,1,1,0,0,0,0,0,0,692536.8054,5339192002.0,11.590034812,48.176771834,1,#66c2a5,bicycle
84258,"9,17E+18",9,1,62,0,2017,6,7,4,3,5,2,0,1,0,0,0,0,0,0,682677.7927,5335965.3768,11.456153914,48.150679579,2,#fc8d62,car
84259,"9,17E+18",9,1,62,0,2017,6,6,4,3,2,6,0,1,0,1,0,0,0,0,678283.5696,5334432.9388,11.396484955,48.138151282,2,#fc8d62,car
84265,"9,17E+18",9,7,61,0,2017,6,10,7,3,2,6,0,1,0,0,0,0,0,0,637478826.0,5359473453.0,10.85646609,48.373443962,2,#fc8d62,car
84266,"9,17E+18",9,7,71,146,2017,6,16,1,3,1,6,0,1,0,0,0,0,0,0,646411.8216,5349338.3902,10.973501552,48.280307093,2,#fc8d62,car
84267,"9,17E+18",9,1,62,0,2017,6,0,1,3,5,3,0,1,0,0,0,0,2,0,687424906.0,5340476175.0,11.521905292,48.189842469,2,#fc8d62,car
84268,"9,17E+18",9,1,79,125,2017,6,16,2,3,1,2,0,1,0,0,0,0,0,0,660546.8359,5332215.1873,11.157417419,48.122935165,2,#fc8d62,car
84279,"9,17E+18",9,1,84,120,2017,6,23,2,3,9,7,0,1,0,0,0,0,2,0,681883.6007,5333389.3325,11.444385752,48.12775172,2,#fc8d62,car
84281,"9,17E+18",9,7,61,0,2017,6,12,4,2,1,7,0,0,0,0,0,1,0,0,641526.4095,5363825.7293,10.912558618,48.411682939,6,#ffd92f,circle
84282,"9,17E+18",9,7,61,0,2017,6,10,4,3,2,6,0,1,0,0,0,0,0,0,639930.2715,5355215.7227,10.88813546,48.334620753,2,#fc8d62,car
84284,"9,17E+18",9,7,72,167,2017,6,7,4,3,5,3,0,1,0,0,0,0,0,1,626809.6143,5358981.5924,10.71231416,48.371255156,2,#fc8d62,car
84285,"9,17E+18",9,7,72,130,2017,6,6,4,3,2,6,0,1,0,0,0,0,0,0,631210.1418,5356805.9111,10.77102705,48.350791179,2,#fc8d62,car
84287,"9,17E+18",9,7,72,145,2017,6,18,4,3,0,1,1,0,0,0,0,0,0,0,634547.8938,5368453.8278,10.819789103,48.454827214,1,#66c2a5,bicycle
84288,"9,17E+18",9,7,72,207,2017,6,14,4,3,2,2,0,1,0,0,0,0,0,0,640139.8786,5381085.9535,10.899621892,48.567187783,2,#fc8d62,car
84290,"9,17E+18",9,7,61,0,2017,6,14,4,3,0,1,1,0,0,0,0,0,0,0,636977.5155,5360156.4031,10.849922787,48.379693996,1,#66c2a5,bicycle
84291,"9,17E+18",9,7,61,0,2017,6,16,4,3,2,6,0,1,0,0,0,0,0,0,643695.9474,5357588.2667,10.939726982,48.355108371,2,#fc8d62,car
84292,"9,17E+18",9,7,61,0,2017,6,18,4,3,0,1,1,0,0,0,0,0,0,0,642561.9128,5359125.2559,10.924948697,48.369185308,1,#66c2a5,bicycle
84293,"9,17E+18",9,7,61,0,2017,6,12,4,3,5,3,1,1,0,0,0,0,0,0,643020.1192,5357580.4073,10.930606819,48.355191133,1,#66c2a5,bicycle
84313,"9,17E+18",9,1,78,145,2017,6,13,2,3,0,6,0,1,0,0,0,0,0,0,696839.8596,5356405.7418,11.655861671,48.33015592,2,#fc8d62,car
84314,"9,17E+18",9,1,87,122,2017,6,17,2,3,5,3,0,1,0,0,0,0,0,0,718848.4191,5307988.6311,11.927591505,47.88788474,2,#fc8d62,car
84317,"9,17E+18",9,7,61,0,2017,6,13,7,3,2,7,0,1,0,1,0,0,0,0,644077.2886,5358939.6796,10.945334352,48.36717261,2,#fc8d62,car
84319,"9,17E+18",9,1,87,170,2017,6,3,1,3,9,1,0,1,0,0,0,0,2,0,733550.4689,5318155.8379,12.129482679,47.97404618,2,#fc8d62,car
84321,"9,17E+18",9,1,78,120,2017,6,8,2,3,2,6,0,1,0,0,0,0,0,0,695585.8615,5351763.1722,11.636808951,48.288821689,2,#fc8d62,car
84359,"9,17E+18",9,7,72,147,2017,6,15,1,3,8,7,0,1,0,0,0,0,0,0,637077.0443,5364196.4418,10.852585181,48.415999828,2,#fc8d62,car
84360,"9,17E+18",9,1,62,0,2017,6,12,1,3,8,1,0,1,0,0,0,0,2,0,689398.5092,5331853.9848,11.544597451,48.111760351,2,#fc8d62,car
84361,"9,17E+18",9,1,62,0,2017,6,9,2,3,2,6,0,1,0,0,0,0,0,0,683970496.0,5342577467.0,11.476380453,48.209739772,2,#fc8d62,car
84375,"9,17E+18",9,1,78,155,2017,6,1,4,3,2,6,0,1,0,0,0,1,2,0,721726.1106,5375310.8329,12.0011763,48.491765649,2,#fc8d62,car
84377,"9,17E+18",9,2,74,121,2017,6,6,4,3,9,1,0,1,0,0,0,0,0,0,728681.0059,5370052.1239,12.092299537,48.442033421,2,#fc8d62,car
84378,"9,17E+18",9,2,61,0,2017,6,11,4,3,2,6,0,1,0,0,0,0,0,0,732276.7866,5382027.4043,12.14750546,48.54828952,2,#fc8d62,car
84392,"9,17E+18",9,1,86,143,2017,6,9,4,2,5,3,0,1,0,0,0,0,0,0,685340.8302,5380071.7648,11.511338926,48.546339804,2,#fc8d62,car
84400,"9,17E+18",9,7,71,113,2017,6,6,1,3,5,2,0,1,0,0,0,0,0,0,657730.8647,5369784.3188,11.133635542,48.46140522,2,#fc8d62,car
84402,"9,17E+18",9,1,62,0,2017,6,16,2,3,2,6,0,1,0,0,0,0,0,0,692995.9643,5339501.2323,11.596345338,48.179411812,2,#fc8d62,car
84408,"9,17E+18",9,1,79,123,2017,6,19,4,3,5,3,0,1,0,1,0,0,0,0,675597624.0,5333366253.0,11.359972854,48.129309378,2,#fc8d62,car
84409,"9,17E+18",9,1,74,126,2017,6,17,4,3,2,6,0,1,0,0,0,0,0,0,683629.6427,5343991.5147,11.472408995,48.222548587,2,#fc8d62,car
84410,"9,17E+18",9,1,74,151,2017,6,17,4,3,5,3,0,1,0,1,0,0,0,0,678724.2114,5361420.0988,11.41380232,48.380610499,2,#fc8d62,car
84411,"9,17E+18",9,1,75,118,2017,6,20,4,3,0,7,1,0,0,0,0,0,0,0,714550.4229,5339755.4665,11.886079954,48.174785132,1,#66c2a5,bicycle
84412,"9,17E+18",9,1,75,133,2017,6,17,4,3,5,3,1,0,0,1,0,0,0,0,705900343.0,5340441917.0,11.770197832,48.183815132,1,#66c2a5,bicycle
84413,"9,17E+18",9,1,74,122,2017,6,16,2,3,5,3,1,1,0,0,0,0,0,0,684312.2226,5352727.2732,11.485396221,48.300870407,1,#66c2a5,bicycle
84414,"9,17E+18",9,1,87,159,2017,6,14,2,3,6,7,0,1,1,0,0,0,0,0,731247.3479,5329626.0954,12.104857599,48.077930584,2,#fc8d62,car
84415,"9,17E+18",9,1,78,157,2017,6,13,4,3,5,3,1,1,0,0,0,0,0,0,702764.2891,5370835.6471,11.742669098,48.457954464,1,#66c2a5,bicycle
84416,"9,17E+18",9,1,77,115,2017,6,18,4,3,0,3,1,0,0,0,0,0,0,0,734149.4466,5350794.5028,12.155419232,48.267034082,1,#66c2a5,bicycle
84417,"9,17E+18",9,1,77,115,2017,6,13,4,3,2,6,0,1,0,0,0,1,0,1,734433743.0,5350050.35,12.158832057,48.260244166,2,#fc8d62,car
84418,"9,17E+18",9,1,77,115,2017,6,4,4,3,4,6,0,0,0,0,0,1,1,0,733432.4742,5352024.9429,12.146451615,48.278351911,6,#ffd92f,circle
84420,"9,17E+18",9,1,62,0,2017,6,19,3,2,0,7,1,0,0,0,0,0,0,0,689145.8679,5329769.9235,11.540282948,48.09310353,1,#66c2a5,bicycle
84422,"9,17E+18",9,1,62,0,2017,6,8,3,3,3,6,1,0,0,0,0,0,0,1,692040.6266,5340745.2296,11.584069243,48.190881975,1,#66c2a5,bicycle
84431,"9,17E+18",9,7,71,122,2017,6,20,3,3,8,1,0,1,0,0,0,0,0,1,654090.2832,5361074.8583,11.081222887,48.384004407,2,#fc8d62,car
84432,"9,17E+18",9,7,61,0,2017,6,19,3,3,9,1,0,1,0,0,0,0,0,1,639889.2369,5364048.1735,10.890520982,48.414048611,2,#fc8d62,car
84433,"9,17E+18",9,7,72,223,2017,6,5,3,3,9,1,0,1,0,0,0,0,2,1,623826.6486,5364221.0022,10.673598145,48.418964088,2,#fc8d62,car
84434,"9,17E+18",9,7,71,122,2017,6,20,3,3,2,6,0,1,0,0,0,0,0,1,649876.1813,5362416.1996,11.024821127,48.397079629,2,#fc8d62,car
84435,"9,17E+18",9,7,61,0,2017,6,8,3,3,3,6,0,1,0,0,0,1,0,1,641366.3368,5357475.4249,10.908260349,48.354619575,2,#fc8d62,car