OBJECTID,UIDENTSTLA,ULAND,UREGBEZ,UKREIS,UGEMEINDE,UJAHR,UMONAT,USTUNDE,UWOCHENTAG,UKATEGORIE,UART,UTYP1,IstRad,IstPKW,IstFuss,IstKrad,IstGkfz,IstSonstig,ULICHTVERH,STRZUSTAND,LINREFX,LINREFY,XGCSWGS84,YGCSWGS84,Teilnehmer,color,symbol
84439,"9,17E+18",9,1,62,0,2017,6,9,1,3,2,6,0,1,0,0,0,0,0,1,692795.0719,5329898.1943,11.589299325,48.093163001,2,#fc8d62,car
84446,"9,17E+18",9,7,73,122,2017,6,18,1,3,0,1,1,0,0,0,0,0,0,0,625557.8874,5383864.1906,10.70289576,48.595261364,1,#66c2a5,bicycle
84447,"9,17E+18",9,1,78,120,2017,6,14,2,2,7,1,1,0,0,0,0,0,0,0,694661.0182,5352925.2893,11.624889866,48.299551033,1,#66c2a5,bicycle
84449,"9,17E+18",9,7,71,130,2017,6,19,3,3,0,1,0,0,0,1,0,0,1,1,645582.4223,5357723.3818,10.965223448,48.355891134,4,#e78ac3,marker
84450,"9,17E+18",9,7,61,0,2017,6,6,3,3,1,6,0,1,0,1,0,0,0,1,640256.4299,5360532.0588,10.89430601,48.38235137,2,#fc8d62,car
84475,"9,17E+18",9,2,74,113,2017,6,14,7,3,4,2,0,1,0,0,0,0,0,0,728392.6895,5383930.5554,12.095998115,48.566811874,2,#fc8d62,car
84476,"9,17E+18",9,2,61,0,2017,6,9,7,3,6,4,0,1,1,0,0,0,0,0,732396.2058,5380516.1674,12.148278308,48.534670253,2,#fc8d62,car
84477,"9,17E+18",9,1,73,137,2017,6,4,1,2,5,3,1,1,0,0,0,0,2,0,680439.2692,5307533.2518,11.414114044,47.895738933,1,#66c2a5,bicycle
84480,"9,17E+18",9,7,71,113,2017,6,15,1,3,8,1,0,1,0,0,0,0,0,0,658808.7293,5369381.5821,11.148052422,48.457513413,2,#fc8d62,car
84481,"9,17E+18",9,1,62,0,2017,6,17,1,2,1,6,0,1,0,1,0,0,0,0,692064.5219,5331403.5238,11.580175525,48.106913321,2,#fc8d62,car
84482,"9,17E+18",9,1,81,135,2017,6,18,2,3,4,6,0,1,0,0,0,0,0,0,642726277.0,5309044986.0,10.910377086,47.918830901,2,#fc8d62,car
84509,"9,17E+18",9,2,61,0,2017,6,13,7,3,5,3,0,1,0,1,0,0,0,0,735015.3905,5382101.7907,12.184597963,48.547937824,2,#fc8d62,car
84511,"9,17E+18",9,1,78,137,2017,6,23,1,3,2,6,0,1,0,0,0,0,2,0,692297.1816,5362351.8407,11.59735264,48.384994089,2,#fc8d62,car
84516,"9,17E+18",9,7,78,111,2017,6,16,1,3,5,3,1,1,0,0,0,0,0,0,625508486.0,5323741543.0,10.684324445,48.054603767,1,#66c2a5,bicycle
84536,"9,17E+18",9,2,61,0,2017,6,14,3,3,5,3,1,0,0,0,0,1,0,0,731866308.0,5379839596.0,12.140734753,48.528788703,1,#66c2a5,bicycle
84537,"9,17E+18",9,2,74,126,2017,6,18,3,2,4,6,0,1,0,0,0,0,0,0,734498.3437,5384001018.0,12.178672572,48.56519102,2,#fc8d62,car
84551,"9,17E+18",9,1,87,129,2017,6,15,3,2,2,6,0,0,0,0,0,1,0,0,724092.5661,5300818.5328,11.993931555,47.821651604,6,#ffd92f,circle
84552,"9,17E+18",9,1,73,130,2017,6,10,7,3,4,2,0,1,0,1,0,0,0,0,682742.6927,5315698.4926,11.448367156,47.968485152,2,#fc8d62,car
84558,"9,17E+18",9,7,61,0,2017,6,13,1,3,2,6,0,1,0,0,0,0,0,0,639712.2635,5352585.0494,10.884323683,48.311014488,2,#fc8d62,car
84559,"9,17E+18",9,1,84,132,2017,6,20,1,3,0,7,1,0,1,0,0,0,0,0,683812.5532,5329433.0395,11.46857991,48.091635915,1,#66c2a5,bicycle
84560,"9,17E+18",9,1,87,182,2017,6,17,3,3,1,6,0,1,0,0,0,0,0,0,737384.6605,5326389.6951,12.18533428,48.046602741,2,#fc8d62,car
84561,"9,17E+18",9,1,87,177,2017,6,8,3,3,2,6,0,1,0,0,0,0,0,0,737115928.0,5306542.0805,12.170794607,47.86840326,2,#fc8d62,car
84562,"9,17E+18",9,1,82,136,2017,6,11,3,2,5,2,0,1,0,1,0,0,0,0,702805.9013,5304876.5904,11.711784334,47.865184962,2,#fc8d62,car
84565,"9,17E+18",9,1,86,125,2017,6,9,3,2,8,1,0,1,0,0,0,0,0,0,671677.0985,5369589.0096,11.322052297,48.455998881,2,#fc8d62,car
84570,"9,17E+18",9,1,84,120,2017,6,13,3,3,3,6,0,1,0,0,0,0,0,0,680144.4356,5333635.4785,11.421138419,48.130458874,2,#fc8d62,car
84571,"9,17E+18",9,1,88,139,2017,6,17,3,3,4,6,1,0,0,0,0,0,0,0,674364.2379,5318592.2941,11.337387235,47.996836868,1,#66c2a5,bicycle
84572,"9,17E+18",9,1,88,132,2017,6,14,3,3,2,6,0,1,0,0,0,0,0,0,664123.1398,5321995.6395,11.201514116,48.030145367,2,#fc8d62,car
84573,"9,17E+18",9,1,79,136,2017,6,8,3,3,5,3,0,1,0,0,0,0,0,0,661584.7896,5341487.0834,11.174877816,48.20603108,2,#fc8d62,car
84574,"9,17E+18",9,1,74,147,2017,6,7,3,3,4,6,0,1,0,0,0,0,0,1,673770294.0,5365925618.0,11.348820163,48.42249441,2,#fc8d62,car
84575,"9,17E+18",9,1,73,123,2017,6,12,7,3,5,3,1,1,0,0,0,0,0,0,680104757.0,5299435664.0,11.40626998,47.823040018,1,#66c2a5,bicycle
84576,"9,17E+18",9,1,90,157,2017,6,14,7,3,2,6,0,1,0,0,0,0,0,0,660578.1151,5300981.1482,11.146160164,47.842106377,2,#fc8d62,car
84577,"9,17E+18",9,7,61,0,2017,6,16,7,3,8,1,0,1,0,0,0,0,0,0,638189.9709,5362093.2342,10.866925483,48.396845187,2,#fc8d62,car
84578,"9,17E+18",9,1,74,131,2017,6,18,1,3,4,6,0,1,0,1,0,0,0,0,675885.4726,5363947.8015,11.376556063,48.4041293,2,#fc8d62,car
84582,"9,17E+18",9,1,88,126,2017,6,12,1,3,9,1,0,1,0,0,0,0,0,1,661108.6957,5327818.9064,11.163302208,48.083268024,2,#fc8d62,car
84587,"9,17E+18",9,1,74,111,2017,6,6,3,3,8,1,0,1,0,0,0,0,0,1,664574.1121,5360931.5218,11.222659472,48.380068087,2,#fc8d62,car
84588,"9,17E+18",9,1,74,135,2017,6,8,3,3,0,6,1,1,0,0,0,0,0,1,663403.8703,5353566.6194,11.204008854,48.314162008,1,#66c2a5,bicycle
84589,"9,17E+18",9,1,90,138,2017,6,17,7,3,4,3,0,1,0,1,0,0,0,0,662036.4014,5312595.8685,11.169996803,47.946167343,2,#fc8d62,car
84590,"9,17E+18",9,1,84,140,2017,6,14,3,3,2,6,0,0,0,0,0,1,0,0,703208.9644,5328114.4983,11.728152608,48.073898195,6,#ffd92f,circle
84591,"9,17E+18",9,1,62,0,2017,6,19,3,3,9,1,0,1,0,0,0,0,0,1,689435.9373,5344631371.0,11.550792291,48.226592555,2,#fc8d62,car
84592,"9,17E+18",9,1,77,142,2017,6,6,3,3,4,6,0,1,0,0,0,0,0,1,718881.3876,5347940.3554,11.94848228,48.246849238,2,#fc8d62,car
84593,"9,17E+18",9,1,62,0,2017,6,7,2,3,1,6,0,1,0,0,0,0,0,0,684647.0552,5329121.38,11.479641553,48.088593318,2,#fc8d62,car
84594,"9,17E+18",9,1,84,135,2017,6,7,2,3,2,6,0,1,0,0,0,0,0,0,686768.0956,5347502.4963,11.516171482,48.253189661,2,#fc8d62,car
84595,"9,17E+18",9,1,62,0,2017,6,16,2,3,5,3,0,1,0,1,0,0,0,0,695104.8278,5341632386.0,11.625663709,48.197921418,2,#fc8d62,car
84596,"9,17E+18",9,1,84,123,2017,6,16,2,3,1,7,1,0,0,0,0,0,0,0,702971.8326,5331903.5149,11.726773675,48.108025029,1,#66c2a5,bicycle
84597,"9,17E+18",9,1,62,0,2017,6,7,2,3,2,6,0,1,0,0,0,0,0,0,690962.3533,5339160.8821,11.568863239,48.176967205,2,#fc8d62,car
84598,"9,17E+18",9,1,62,0,2017,6,15,2,3,0,7,0,0,0,1,0,0,0,0,680955.6292,5335176.0294,11.432685169,48.144076557,4,#e78ac3,marker
84599,"9,17E+18",9,1,62,0,2017,6,8,2,3,2,6,0,1,0,0,0,1,0,0,684622.1754,5342599.9759,11.485153789,48.209752877,2,#fc8d62,car
84600,"9,17E+18",9,1,62,0,2017,6,22,2,2,0,6,0,0,0,1,0,0,2,0,693542709.0,5331542.9989,11.600075493,48.107719511,4,#e78ac3,marker
84607,"9,17E+18",9,7,62,0,2017,6,14,2,2,5,3,1,1,0,0,0,0,0,0,621661.5828,5308784.6252,10.628482781,47.920832938,1,#66c2a5,bicycle
84608,"9,17E+18",9,1,90,115,2017,6,17,7,3,8,1,0,1,0,0,0,1,0,0,668906.9662,5303390.2015,11.258330472,47.861630604,2,#fc8d62,car
84610,"9,17E+18",9,7,62,0,2017,6,3,2,3,0,1,1,0,0,0,0,0,2,0,622152448.0,5307502.1157,10.634686983,47.909205148,1,#66c2a5,bicycle
84615,"9,17E+18",9,7,61,0,2017,6,12,7,3,5,3,1,1,0,0,0,0,0,0,644125.8214,5358903.96,10.94597701,48.36684036,1,#66c2a5,bicycle
84617,"9,17E+18",9,1,82,120,2017,6,15,1,3,2,6,0,1,0,0,0,0,0,0,703188.3391,5309335.3795,11.718989996,47.905136299,2,#fc8d62,car
84622,"9,17E+18",9,7,71,122,2017,6,16,2,3,2,6,0,1,0,0,0,0,0,0,653823.6691,5361332.8455,11.07771877,48.386388949,2,#fc8d62,car
84624,"9,17E+18",9,7,72,159,2017,6,17,2,3,5,2,0,1,0,0,0,0,0,0,626021.58,5361251043.0,10.702358772,48.391821302,2,#fc8d62,car
84625,"9,17E+18",9,7,72,147,2017,6,16,2,3,3,1,1,0,0,0,0,1,0,0,637764.8565,5364964.8044,10.862128217,48.422758764,1,#66c2a5,bicycle
84627,"9,17E+18",9,7,61,0,2017,6,8,2,3,2,6,0,1,0,0,0,1,0,0,636884.1093,5359577.0044,10.848473314,48.37450437,2,#fc8d62,car
84628,"9,17E+18",9,7,61,0,2017,6,8,2,3,2,6,0,1,0,0,0,0,0,0,636932.6049,5359573.6609,10.849126751,48.374463784,2,#fc8d62,car
84629,"9,17E+18",9,7,61,0,2017,6,23,2,3,0,1,1,0,0,0,0,0,2,0,642080.8357,5359551.1,10.918600615,48.373122789,1,#66c2a5,bicycle
84630,"9,17E+18",9,7,71,140,2017,6,23,2,3,5,3,0,1,0,0,0,0,2,0,653132.3001,5373884.8838,11.072975698,48.499407629,2,#fc8d62,car
84656,"9,17E+18",9,1,83,126,2017,6,10,1,3,4,1,0,1,0,0,0,0,0,1,729748.9957,5334770.7181,12.087539345,48.124691207,2,#fc8d62,car
84657,"9,17E+18",9,1,78,123,2017,6,19,2,2,0,1,1,1,0,0,0,0,0,0,690605.3785,5357343.5039,11.572256678,48.34049491,1,#66c2a5,bicycle
84663,"9,17E+18",9,1,84,114,2017,6,16,7,3,3,6,0,1,0,0,0,0,0,0,700004.8078,5318745.9652,11.680811096,47.990713608,2,#fc8d62,car
84666,"9,17E+18",9,1,82,127,2017,6,13,7,3,2,6,0,1,0,0,0,0,0,0,699913.3201,5309653.5897,11.675362238,47.909025113,2,#fc8d62,car
84690,"9,17E+18",9,2,74,146,2017,6,16,2,3,1,6,0,1,0,0,0,0,0,0,733076.8755,5378019.8105,12.156089901,48.511993857,2,#fc8d62,car
84694,"9,17E+18",9,1,82,136,2017,6,18,7,3,5,3,0,1,0,0,0,0,0,0,703760.7387,5299886.4029,11.72218779,47.820034726,2,#fc8d62,car
84697,"9,17E+18",9,7,72,177,2017,6,15,7,3,5,3,0,1,0,0,0,0,0,0,634128.2842,5379207.2071,10.817571818,48.551609811,2,#fc8d62,car
84698,"9,17E+18",9,1,84,138,2017,6,17,7,3,5,3,0,1,0,1,0,0,0,0,680942845.0,5331520648.0,11.430961433,48.111222432,2,#fc8d62,car
84699,"9,17E+18",9,7,71,140,2017,6,11,1,2,5,3,0,1,0,1,0,0,0,0,654305175.0,5373276392.0,11.088617318,48.493650081,2,#fc8d62,car
84700,"9,17E+18",9,1,62,0,2017,6,5,1,3,7,1,0,1,0,0,0,0,1,0,687450.59,5333084.6152,11.51899422,48.123397892,2,#fc8d62,car
84702,"9,17E+18",9,7,72,117,2017,6,16,7,2,1,7,0,1,0,0,0,1,0,0,631033.1643,5362705.9208,10.770478676,48.403882567,2,#fc8d62,car
84703,"9,17E+18",9,1,75,124,2017,6,20,1,2,0,1,1,0,0,0,0,0,0,0,714255.2996,5329037715.0,11.876727657,48.078579113,1,#66c2a5,bicycle
84712,"9,17E+18",9,1,73,130,2017,6,17,2,3,4,2,1,1,0,0,0,0,0,0,680724685.0,5310714016.0,11.419262147,47.924251471,1,#66c2a5,bicycle
84714,"9,17E+18",9,1,90,157,2017,6,10,2,2,6,4,0,1,1,0,0,0,0,0,659914408.0,5301022284.0,11.137311172,47.842641671,2,#fc8d62,car
84715,"9,17E+18",9,1,73,118,2017,6,14,2,3,2,2,0,1,0,0,0,0,0,0,688182.1117,5303406.5663,11.5158076,47.856421698,2,#fc8d62,car
84727,"9,17E+18",9,1,81,133,2017,6,11,7,3,4,2,0,1,0,0,0,0,0,0,644097.1014,5314328.1541,10.930483369,47.966031419,2,#fc8d62,car
84728,"9,17E+18",9,1,88,121,2017,6,11,7,3,5,3,0,1,0,0,0,0,0,0,670447.8374,5332008.4971,11.290276724,48.118503345,2,#fc8d62,car
84729,"9,17E+18",9,1,88,120,2017,6,20,7,2,5,2,0,1,0,1,0,0,0,0,678406.0417,5327699.9375,11.395314069,48.077593088,2,#fc8d62,car
84748,"9,17E+18",9,1,62,0,2017,7,18,4,3,2,6,0,1,0,0,0,1,0,0,684762.8252,5333019.3625,11.482882703,48.123597055,2,#fc8d62,car
84750,"9,17E+18",9,1,88,137,2017,7,12,4,3,5,2,0,0,0,1,0,0,0,0,673309581.0,5315137.3,11.321867449,47.966063821,4,#e78ac3,marker
84762,"9,17E+18",9,2,74,124,2017,7,6,3,3,9,1,0,1,0,0,0,0,0,0,724894.3741,5377554.3712,12.045205957,48.510795396,2,#fc8d62,car
84763,"9,17E+18",9,2,61,0,2017,7,1,3,3,2,6,0,1,0,0,0,0,2,0,734431.3924,5381978.0726,12.176627506,48.547045015,2,#fc8d62,car
84765,"9,17E+18",9,1,90,157,2017,7,18,3,3,5,3,1,1,0,0,0,0,0,0,660265.5029,5300947.5163,11.141972604,47.841881994,1,#66c2a5,bicycle
84769,"9,17E+18",9,1,88,124,2017,7,15,4,3,9,1,0,1,0,0,0,0,0,0,663019.97,5318784256.0,11.185506551,48.001555613,2,#fc8d62,car
84771,"9,17E+18",9,1,88,120,2017,7,7,4,3,2,6,0,1,0,0,0,1,0,0,677307082.0,5326416543.0,11.380040106,48.066362791,2,#fc8d62,car
84773,"9,17E+18",9,1,79,121,2017,7,19,4,3,3,6,1,0,0,0,0,1,0,0,667768.0037,5338340.9033,11.256793132,48.17614325,1,#66c2a5,bicycle
84780,"9,17E+18",9,1,73,118,2017,7,15,3,3,4,6,0,1,0,1,0,0,0,0,685717638.0,5306920026.0,11.484402299,47.888720893,2,#fc8d62,car
84781,"9,17E+18",9,1,81,115,2017,7,16,4,3,5,3,0,1,0,0,0,0,0,0,656254997.0,5326747835.0,11.097782997,48.074846161,2,#fc8d62,car
84784,"9,17E+18",9,1,74,121,2017,7,10,4,3,2,6,0,1,0,0,0,0,0,0,690751046.0,5353375.8556,11.572425558,48.304791334,2,#fc8d62,car
84787,"9,17E+18",9,1,84,147,2017,7,12,4,2,2,6,0,1,0,0,0,1,0,0,698479.3962,5341851.7573,11.671129435,48.198847187,2,#fc8d62,car
84790,"9,17E+18",9,1,84,119,2017,7,13,4,3,9,6,0,1,0,0,0,1,0,0,695836.1025,5346044.4283,11.637531559,48.237348709,2,#fc8d62,car
84798,"9,17E+18",9,1,62,0,2017,7,15,4,3,2,6,0,1,0,1,0,0,0,0,694711.0439,5342257.7322,11.620656887,48.20366255,2,#fc8d62,car
84800,"9,17E+18",9,1,87,165,2017,7,6,3,2,2,6,0,1,0,0,0,1,0,0,729520.8057,5300218.5245,12.0660304,47.814347568,2,#fc8d62,car
84802,"9,17E+18",9,1,78,123,2017,7,17,4,3,2,6,0,1,0,0,0,0,0,0,690065.1351,5360257.5635,11.566289343,48.366848051,2,#fc8d62,car
84803,"9,17E+18",9,1,87,177,2017,7,12,3,3,3,2,1,0,0,0,0,1,0,0,736014105.0,5305640.0408,12.155591443,47.860705287,1,#66c2a5,bicycle
84804,"9,17E+18",9,1,87,182,2017,7,11,3,3,4,1,0,1,0,1,0,0,0,0,739501.6106,5327756.3788,12.214459139,48.058089003,2,#fc8d62,car
84806,"9,17E+18",9,1,75,135,2017,7,17,4,3,6,4,0,1,1,0,0,0,0,0,709582.9968,5339024633.0,11.818984007,48.16987534,2,#fc8d62,car
84808,"9,17E+18",9,1,82,120,2017,7,10,3,3,2,6,0,1,0,0,0,0,0,0,703494.0271,5307207.7057,11.722072663,47.88591762,2,#fc8d62,car
84809,"9,17E+18",9,1,87,150,2017,7,8,3,3,1,3,0,1,0,0,0,0,0,0,726354.1456,5303449.1749,12.025478359,47.844496093,2,#fc8d62,car
84812,"9,17E+18",9,1,86,143,2017,7,8,3,2,3,2,0,1,0,1,0,0,0,0,685548276.0,5379239653.0,11.513776367,48.538799739,2,#fc8d62,car
84815,"9,17E+18",9,1,81,130,2017,7,10,3,3,5,3,0,1,0,1,0,0,0,0,640293.0168,5323363.4585,10.882503813,48.048124859,2,#fc8d62,car
84816,"9,17E+18",9,1,74,126,2017,7,17,3,3,2,6,0,1,0,1,0,0,0,0,683455017.0,5347507.3124,11.471582731,48.25420063,2,#fc8d62,car
84817,"9,17E+18",9,1,84,112,2017,7,9,3,3,2,6,0,0,0,0,0,1,0,0,700701.9509,5341107672.0,11.700654508,48.191461626,6,#ffd92f,circle
84818,"9,17E+18",9,1,62,0,2017,7,17,3,3,2,6,0,1,0,0,0,0,0,0,694992.5409,5343207.4157,11.62487791,48.212111353,2,#fc8d62,car
84819,"9,17E+18",9,1,75,132,2017,7,13,3,3,2,2,0,1,0,0,0,0,0,0,707516.9346,5330186.9262,11.786925071,48.091134803,2,#fc8d62,car
84820,"9,17E+18",9,1,78,157,2017,7,6,3,3,4,2,0,1,0,0,0,0,0,0,704558.8509,5370726985.0,11.76686061,48.456397263,2,#fc8d62,car
84821,"9,17E+18",9,1,75,116,2017,7,17,3,2,5,3,1,1,0,0,0,0,0,0,706656.0837,5321642.7214,11.771251877,48.014631537,1,#66c2a5,bicycle
84822,"9,17E+18",9,1,84,138,2017,7,7,2,2,5,2,1,1,0,0,0,0,0,0,680653.1232,5330472.6812,11.42662892,48.101884563,1,#66c2a5,bicycle
84824,"9,17E+18",9,1,78,132,2017,7,6,4,3,3,6,1,0,0,1,0,1,0,0,712462.21,5379785649.0,11.878231141,48.535171591,1,#66c2a5,bicycle
84826,"9,17E+18",9,1,77,112,2017,7,15,4,3,0,7,1,0,0,0,0,0,0,0,717087.9485,5362363.6025,11.931777007,48.37705782,1,#66c2a5,bicycle
84828,"9,17E+18",9,1,77,117,2017,7,15,4,3,1,6,0,1,0,0,0,1,0,0,715977.8036,5352268.6066,11.911631801,48.286735021,2,#fc8d62,car
84835,"9,17E+18",9,1,62,0,2017,7,13,2,3,5,3,0,1,0,1,0,0,0,0,684497.7857,5335408.7218,11.480359301,48.145150766,2,#fc8d62,car
84843,"9,17E+18",9,1,75,112,2017,7,20,4,2,0,7,0,0,0,1,0,0,1,0,721595.3237,5321316.7822,11.971148647,48.00669842,4,#e78ac3,marker
84844,"9,17E+18",9,1,62,0,2017,7,10,2,3,5,2,0,1,0,0,0,0,0,0,687781.0282,5335027.4356,11.524286504,48.140763054,2,#fc8d62,car
84847,"9,17E+18",9,1,62,0,2017,7,8,3,3,2,2,0,1,0,1,0,0,0,0,682666.7543,5337570466.0,11.456694767,48.165110352,2,#fc8d62,car
84851,"9,17E+18",9,1,62,0,2017,7,16,3,3,2,6,0,1,0,0,0,0,0,0,690351.0833,5339034.4939,11.560592247,48.176014632,2,#fc8d62,car
84857,"9,17E+18",9,7,61,0,2017,7,9,2,1,2,6,0,1,0,0,0,0,0,0,639639.9101,5352295.2649,10.883252476,48.308424773,2,#fc8d62,car
84858,"9,17E+18",9,7,72,147,2017,7,6,2,3,8,6,0,1,0,0,0,1,0,0,638669.2933,5363521.4637,10.873869289,48.40958222,2,#fc8d62,car
84859,"9,17E+18",9,7,61,0,2017,7,15,2,3,2,6,0,1,0,0,0,0,0,0,639722062.0,5352684011.0,10.884488539,48.311902169,2,#fc8d62,car
84867,"9,17E+18",9,1,84,119,2017,7,4,3,2,5,2,0,1,0,0,0,0,1,0,697263.8935,5348887015.0,11.658064251,48.262452814,2,#fc8d62,car
84869,"9,17E+18",9,1,62,0,2017,7,11,3,2,0,7,1,0,0,0,0,0,0,0,690239.5014,5331969.7099,11.555936291,48.11254986,1,#66c2a5,bicycle
84879,"9,17E+18",9,1,63,0,2017,6,15,6,3,2,6,0,1,0,0,0,0,0,0,733064.6007,5303188.2276,12.114895608,47.83975444,2,#fc8d62,car
84881,"9,17E+18",9,1,62,0,2017,7,8,3,3,5,2,1,1,0,0,0,0,0,0,692070.0334,5340419.9413,11.584317423,48.187949481,1,#66c2a5,bicycle
84883,"9,17E+18",9,1,62,0,2017,7,17,3,3,4,2,0,1,0,0,0,0,0,0,687693.9518,5327411.3825,11.519766717,48.072333397,2,#fc8d62,car
84885,"9,17E+18",9,1,85,158,2017,6,12,6,2,4,6,0,1,0,0,0,1,0,0,670255.1023,5380088116.0,11.307116696,48.550762808,2,#fc8d62,car
84909,"9,17E+18",9,1,74,135,2017,6,16,6,3,2,6,0,1,0,0,0,0,0,0,663402.0089,5353136.1141,11.203817021,48.310292232,2,#fc8d62,car
84922,"9,17E+18",9,1,88,124,2017,6,19,6,2,9,1,0,1,0,0,0,0,0,0,663023.0865,5318491.2331,11.185436977,47.998920356,2,#fc8d62,car
84924,"9,17E+18",9,1,79,121,2017,6,7,6,2,0,7,0,0,0,0,0,1,0,0,666323853.0,5338448167.0,11.237424021,48.177487189,6,#ffd92f,circle
84926,"9,17E+18",9,1,74,136,2017,6,11,6,3,5,3,0,1,0,1,0,0,0,0,682926.8626,5364621.4703,11.471902247,48.408180635,2,#fc8d62,car
84928,"9,17E+18",9,1,86,152,2017,6,4,6,3,9,1,0,0,0,0,0,1,1,0,691144.8025,5372836.0563,11.586585199,48.479569565,6,#ffd92f,circle
84930,"9,17E+18",9,1,78,113,2017,6,14,6,3,2,6,0,1,0,0,0,0,0,0,691481.6932,5368462.6546,11.589138226,48.440162163,2,#fc8d62,car
84931,"9,17E+18",9,1,78,124,2017,6,8,6,3,4,2,0,1,0,0,0,0,0,0,702858.9738,5359047264.0,11.738251658,48.35199067,2,#fc8d62,car
84932,"9,17E+18",9,1,75,127,2017,6,17,6,3,5,2,0,1,0,1,0,0,0,0,713218.7765,5341409.1377,11.869020104,48.190092507,2,#fc8d62,car
84933,"9,17E+18",9,1,75,127,2017,6,15,6,3,5,3,0,1,0,1,0,0,0,0,712923.0706,5341499.2635,11.865091503,48.191001529,2,#fc8d62,car
84934,"9,17E+18",9,1,78,116,2017,6,6,6,2,8,6,0,1,0,0,0,0,0,0,699738.9631,5379472.9771,11.705925767,48.536540281,2,#fc8d62,car
84935,"9,17E+18",9,1,77,130,2017,6,8,6,3,1,6,0,1,0,1,0,0,0,0,711242.1993,5351063.9339,11.84727104,48.277508144,2,#fc8d62,car
84938,"9,17E+18",9,7,71,112,2017,7,16,3,3,5,2,0,1,0,0,0,0,0,0,646321.9233,5368542.5499,10.978971491,48.45299739,2,#fc8d62,car
84948,"9,17E+18",9,1,84,134,2017,6,18,5,3,1,1,0,1,0,0,0,0,0,0,694241.4513,5323330.5386,11.605720972,48.033695313,2,#fc8d62,car
84949,"9,17E+18",9,1,62,0,2017,6,7,5,3,5,6,1,1,0,0,0,0,0,1,692154.9495,5339261.6791,11.584934959,48.177513651,1,#66c2a5,bicycle
84952,"9,17E+18",9,7,72,184,2017,7,12,3,3,2,2,0,1,0,0,0,0,0,0,635863.8453,5361539.6916,10.835337711,48.392373279,2,#fc8d62,car
84956,"9,17E+18",9,7,71,142,2017,7,18,3,3,0,1,0,0,0,1,0,0,0,0,645419351.0,5352923.8224,10.961366996,48.312774051,4,#e78ac3,marker
84959,"9,17E+18",9,7,71,130,2017,7,10,3,3,5,3,0,1,0,0,0,0,0,0,647032.4398,5357551.5315,10.98472511,48.35401002,2,#fc8d62,car
84964,"9,17E+18",9,1,83,126,2017,7,17,2,3,5,3,0,1,0,0,0,0,0,0,730782705.0,5338504526.0,12.103433194,48.15786102,2,#fc8d62,car
84965,"9,17E+18",9,1,83,139,2017,7,21,2,3,9,1,0,0,0,1,0,0,1,0,735179.4994,5330760.1194,12.158194619,48.086680127,4,#e78ac3,marker
84969,"9,17E+18",9,1,63,0,2017,7,7,2,3,5,2,0,1,0,1,0,0,0,0,732113.1794,5307348.9139,12.104432121,47.877478973,2,#fc8d62,car
84970,"9,17E+18",9,1,82,120,2017,7,19,2,2,1,7,0,1,0,1,0,0,0,0,701975.9513,5306168.4823,11.701303343,47.877057145,2,#fc8d62,car
84975,"9,17E+18",9,7,71,145,2017,7,17,3,3,5,2,0,1,0,0,0,0,0,0,647504.2137,5346299.1941,10.987156833,48.252727062,2,#fc8d62,car
84977,"9,17E+18",9,7,72,202,2017,7,17,3,3,5,3,1,1,0,0,0,0,0,0,636606.9471,5358697.1686,10.844446724,48.366653005,1,#66c2a5,bicycle
84979,"9,17E+18",9,7,61,0,2017,7,16,3,3,6,4,0,1,1,0,0,0,0,0,639214.9026,5360875.0665,10.880360673,48.385666305,2,#fc8d62,car
84984,"9,17E+18",9,7,72,159,2017,6,4,5,2,0,7,0,0,0,1,0,0,1,1,627464.7901,5360969.0137,10.721759643,48.388995099,4,#e78ac3,marker
84985,"9,17E+18",9,7,72,177,2017,6,1,5,2,0,1,1,0,0,0,0,0,2,1,637371911.0,5380121958.0,10.861804173,48.559132736,1,#66c2a5,bicycle
84986,"9,17E+18",9,7,71,130,2017,6,13,5,3,2,6,0,1,0,0,0,1,0,0,648678.7785,5356905.5305,11.006706047,48.347816288,2,#fc8d62,car
84987,"9,17E+18",9,7,71,130,2017,6,8,5,3,2,6,0,1,0,0,0,0,0,1,644551.1349,5362844.9238,10.953071854,48.402177701,2,#fc8d62,car
84992,"9,17E+18",9,7,71,165,2017,7,20,3,2,8,1,0,0,0,1,0,0,0,0,660244.7445,5361412.3469,11.164416417,48.385505216,4,#e78ac3,marker
84993,"9,17E+18",9,1,81,114,2017,7,7,2,3,0,1,1,0,0,0,0,0,0,1,656417.2359,5312739.4443,11.094849937,47.948855084,1,#66c2a5,bicycle
84995,"9,17E+18",9,7,71,113,2017,7,17,3,3,0,6,1,0,0,0,0,0,0,0,658876.5713,5366934.9629,11.148041186,48.435500807,1,#66c2a5,bicycle
84996,"9,17E+18",9,1,74,135,2017,7,0,2,3,8,1,0,1,0,0,0,0,2,0,666735.9101,5355173.6316,11.249551563,48.327738913,2,#fc8d62,car
84997,"9,17E+18",9,1,74,113,2017,7,6,2,3,3,6,0,1,0,0,0,1,0,0,675440.1978,5345562.1243,11.362895284,48.238984573,2,#fc8d62,car