OBJECTID,UIDENTSTLA,ULAND,UREGBEZ,UKREIS,UGEMEINDE,UJAHR,UMONAT,USTUNDE,UWOCHENTAG,UKATEGORIE,UART,UTYP1,IstRad,IstPKW,IstFuss,IstKrad,IstGkfz,IstSonstig,ULICHTVERH,STRZUSTAND,LINREFX,LINREFY,XGCSWGS84,YGCSWGS84,Teilnehmer,color,symbol
84998,"9,17E+18",9,1,62,0,2017,7,7,2,3,3,6,0,1,0,0,0,0,0,0,694709.6024,5342301555.0,11.620657611,48.204056847,2,#fc8d62,car
84999,"9,17E+18",9,1,75,133,2017,7,16,2,3,8,1,0,1,0,0,0,0,0,0,711294.3912,5343172.4193,11.844036835,48.206579989,2,#fc8d62,car
85000,"9,17E+18",9,1,78,123,2017,7,5,2,3,9,6,0,1,0,0,0,0,0,1,688703.5807,5360479.5978,11.548024006,48.369252098,2,#fc8d62,car
85001,"9,17E+18",9,1,78,130,2017,7,5,2,1,5,3,0,1,0,1,0,0,1,1,702709.0784,5358363.8077,11.735901702,48.345897003,2,#fc8d62,car
85002,"9,17E+18",9,1,77,144,2017,7,18,2,3,8,1,0,1,0,0,0,0,0,0,717818.6152,5347943.9964,11.934187423,48.247247979,2,#fc8d62,car
85003,"9,17E+18",9,1,77,122,2017,7,17,2,3,2,6,0,1,0,0,0,0,0,0,727078299.0,5358304.2782,12.064310653,48.337074682,2,#fc8d62,car
85004,"9,17E+18",9,1,62,0,2017,7,5,1,2,0,1,0,0,0,1,0,0,0,1,684622338.0,5342655291.0,11.485180047,48.210250023,4,#e78ac3,marker
85007,"9,17E+18",9,7,61,0,2017,7,17,1,3,8,1,0,1,0,0,0,0,0,0,637798.7908,5361249.7865,10.861366865,48.389346673,2,#fc8d62,car
85008,"9,17E+18",9,7,72,202,2017,7,15,1,2,9,1,0,1,0,0,0,1,0,0,636619412.0,5359688.51,10.844937026,48.375564384,2,#fc8d62,car
85017,"9,17E+18",9,7,61,0,2017,7,18,1,3,0,6,0,1,0,0,0,1,0,0,639494.0767,5360891.0531,10.884134636,48.385748376,2,#fc8d62,car
85033,"9,17E+18",9,7,61,0,2017,7,18,1,3,5,3,1,1,0,0,0,0,0,0,641511.6645,5353671374.0,10.908943093,48.320382316,1,#66c2a5,bicycle
85085,"9,17E+18",9,1,62,0,2017,7,18,1,3,8,1,0,1,0,0,0,0,0,1,694575.3364,5331288.3494,11.613816875,48.10511624,2,#fc8d62,car
85086,"9,17E+18",9,1,63,0,2017,7,13,1,3,2,6,0,1,0,0,0,0,0,1,732715.3408,5307375.7368,12.112487991,47.877502044,2,#fc8d62,car
85089,"9,17E+18",9,1,86,130,2017,7,19,1,2,3,6,0,1,0,1,0,0,0,0,687253.8257,5373095.2298,11.534102494,48.483069694,2,#fc8d62,car
85092,"9,17E+18",9,1,81,132,2017,7,17,1,3,8,1,0,1,0,0,0,0,0,1,646458.0538,5324658.7426,10.965622581,48.058386955,2,#fc8d62,car
85093,"9,17E+18",9,1,88,141,2017,7,17,1,1,4,6,0,1,0,0,0,0,0,0,667314.0101,5310256.1025,11.239710621,47.923775182,2,#fc8d62,car
85094,"9,17E+18",9,1,81,131,2017,7,19,1,3,8,1,0,1,0,0,0,0,0,1,636249.2855,5333996733.0,10.831666866,48.14461999,2,#fc8d62,car
85095,"9,17E+18",9,1,79,145,2017,7,17,1,3,8,1,0,0,0,1,0,0,0,1,674003.1745,5335632.6274,11.339488596,48.150120739,4,#e78ac3,marker
85096,"9,17E+18",9,1,84,129,2017,7,11,1,3,2,6,0,1,0,0,0,0,0,1,700933.7946,5326140.7457,11.696715503,48.056880724,2,#fc8d62,car
85104,"9,17E+18",9,1,75,139,2017,7,11,1,2,2,2,0,1,0,0,0,1,0,1,711899.7964,5329450.8723,11.845346713,48.083078774,2,#fc8d62,car
85105,"9,17E+18",9,1,62,0,2017,7,11,7,3,2,6,0,1,0,0,0,0,2,0,687327.1844,5332063.7533,11.516889018,48.114258393,2,#fc8d62,car
85106,"9,17E+18",9,1,84,142,2017,7,4,7,3,8,7,0,0,0,0,0,1,2,0,684328.9784,5316528.1354,11.469955506,47.975487869,6,#ffd92f,circle
85109,"9,17E+18",9,1,62,0,2017,7,17,7,3,2,6,0,1,0,0,0,1,0,0,693732085.0,5339796.2334,11.606372135,48.181839156,2,#fc8d62,car
85110,"9,17E+18",9,1,62,0,2017,7,9,7,2,2,6,0,1,0,1,0,0,0,0,696412.3933,5333730.6296,11.639592694,48.126502407,2,#fc8d62,car
85118,"9,17E+18",9,1,84,121,2017,7,16,7,2,0,7,1,0,1,0,0,0,0,0,703266.3131,5330808.8983,11.730203779,48.098094037,1,#66c2a5,bicycle
85119,"9,17E+18",9,1,62,0,2017,7,18,7,3,1,2,0,1,0,0,0,0,0,0,684630.4652,5329125.1055,11.479420592,48.088631611,2,#fc8d62,car
85120,"9,17E+18",9,1,62,0,2017,7,19,7,3,5,3,0,1,0,1,0,0,0,0,697237.1886,5329011.7233,11.648483645,48.083836747,2,#fc8d62,car
85124,"9,17E+18",9,7,72,111,2017,7,14,7,3,2,6,0,1,0,0,0,0,0,0,627361.0402,5364075232.0,10.721301373,48.416948698,2,#fc8d62,car
85125,"9,17E+18",9,7,72,207,2017,7,17,7,3,4,1,0,1,0,1,0,0,0,0,640636.9723,5383891.4326,10.907305302,48.592301315,2,#fc8d62,car
85126,"9,17E+18",9,7,61,0,2017,7,14,7,3,2,7,0,1,0,0,0,0,0,0,643469.0273,5360867.8233,10.937784529,48.38464796,2,#fc8d62,car
85127,"9,17E+18",9,7,61,0,2017,7,18,7,3,0,7,1,0,0,0,0,0,0,0,642787.9771,5359761.3343,10.92821535,48.374853505,1,#66c2a5,bicycle
85128,"9,17E+18",9,7,71,156,2017,7,21,7,3,2,6,0,1,0,0,0,0,2,0,657821.7078,5382975.2088,11.139854882,48.57996988,2,#fc8d62,car
85186,"9,17E+18",9,1,90,138,2017,7,12,7,2,2,6,1,0,0,0,0,1,0,0,660048.8631,5308290189.0,11.141799413,47.907954653,1,#66c2a5,bicycle
85188,"9,17E+18",9,1,73,118,2017,7,12,7,2,4,1,1,0,0,1,0,0,0,1,696468.2319,5303980.5278,11.626727695,47.859100677,1,#66c2a5,bicycle
85200,"9,17E+18",9,1,63,0,2017,7,10,7,3,2,3,0,1,0,0,0,0,0,0,733574.1506,5303197.8052,12.121700444,47.839655618,2,#fc8d62,car
85201,"9,17E+18",9,1,87,129,2017,7,11,7,3,2,6,0,1,0,0,0,0,0,0,725947.6309,5299586.5913,12.018038185,47.809933939,2,#fc8d62,car
85204,"9,17E+18",9,1,86,152,2017,7,11,7,3,2,6,0,1,0,0,0,0,0,0,691261.6004,5380731.7162,11.5917833,48.550493733,2,#fc8d62,car
85205,"9,17E+18",9,1,86,125,2017,7,10,7,2,5,3,0,1,0,0,0,1,0,0,673374.5741,5377986.8497,11.348477399,48.531020486,2,#fc8d62,car
85206,"9,17E+18",9,1,86,152,2017,7,13,7,3,5,3,0,1,0,1,0,0,0,0,691071.4485,5375743.1979,11.586923259,48.50571903,2,#fc8d62,car
85208,"9,17E+18",9,1,86,162,2017,7,11,7,2,8,1,0,0,0,1,0,0,0,0,694260.0784,5381153.0225,11.632567835,48.553358486,4,#e78ac3,marker
85210,"9,17E+18",9,1,62,0,2017,7,12,7,3,2,6,0,1,0,0,0,1,0,0,685409.2169,5333081.52,11.491587588,48.12396784,2,#fc8d62,car
85211,"9,17E+18",9,1,81,130,2017,7,21,7,2,4,1,0,1,0,0,0,0,1,0,638810.2326,5320737.4538,10.861767,48.024835054,2,#fc8d62,car
85212,"9,17E+18",9,1,88,132,2017,7,14,7,2,4,6,0,1,0,1,0,0,0,0,667794.4289,5320188901.0,11.250013812,48.012948488,2,#fc8d62,car
85213,"9,17E+18",9,1,79,123,2017,7,17,7,3,5,2,0,1,0,0,0,0,0,0,677442.6334,5331966.7338,11.384164431,48.116217168,2,#fc8d62,car
85214,"9,17E+18",9,1,79,121,2017,7,22,7,3,0,7,0,0,0,1,0,0,2,0,668225519.0,5338488676.0,11.263001084,48.177350755,4,#e78ac3,marker
85215,"9,17E+18",9,1,74,135,2017,7,19,7,3,5,2,0,1,0,0,0,0,0,0,662700.5969,5353012.9959,11.194316766,48.30936621,2,#fc8d62,car
85216,"9,17E+18",9,1,74,115,2017,7,16,7,3,5,2,1,1,0,0,0,0,0,0,681273.8747,5347110.0764,11.442055231,48.251257667,1,#66c2a5,bicycle
85217,"9,17E+18",9,1,62,0,2017,7,16,7,3,2,6,0,1,0,0,0,0,0,0,684946.7371,5342576959.0,11.489508324,48.209451508,2,#fc8d62,car
85225,"9,17E+18",9,1,78,145,2017,7,4,7,3,2,6,0,1,0,0,0,1,2,1,696287.1425,5356169.7455,11.648302533,48.328206887,2,#fc8d62,car
85226,"9,17E+18",9,1,78,150,2017,7,17,7,2,0,1,1,0,0,0,0,0,0,0,689411.0679,5372571.9213,11.563029064,48.477720311,1,#66c2a5,bicycle
85227,"9,17E+18",9,1,77,133,2017,7,15,7,3,2,6,0,1,0,0,0,0,0,0,713758.1064,5355717.5169,11.883493608,48.318477905,2,#fc8d62,car
85228,"9,17E+18",9,1,62,0,2017,6,12,6,3,5,3,0,1,0,0,0,0,0,0,701603.6246,5335579.4165,11.710152788,48.141494536,2,#fc8d62,car
85231,"9,17E+18",9,1,62,0,2017,6,14,6,3,2,6,0,1,0,0,0,0,0,0,701826.4308,5332214.3942,11.711551058,48.111182798,2,#fc8d62,car
85232,"9,17E+18",9,1,62,0,2017,6,10,6,3,6,4,1,0,1,0,0,0,0,0,697569.2734,5333556.3163,11.655041984,48.12457782,1,#66c2a5,bicycle
85233,"9,17E+18",9,2,61,0,2017,6,18,5,3,2,6,0,1,0,0,0,0,0,1,732236.3275,5380665.9898,12.146199306,48.536075246,2,#fc8d62,car
85235,"9,17E+18",9,1,62,0,2017,6,8,6,3,2,6,0,1,0,0,0,0,0,0,692091.9831,5331386.4898,11.580536379,48.106751942,2,#fc8d62,car
85236,"9,17E+18",9,1,62,0,2017,6,13,6,3,5,2,1,1,0,0,0,0,0,0,689714.5005,5340015.3359,11.552475693,48.185020764,1,#66c2a5,bicycle
85237,"9,17E+18",9,1,84,136,2017,6,13,6,3,5,3,1,1,0,0,0,0,0,0,698664622.0,5327209094.0,11.666791738,48.067192774,1,#66c2a5,bicycle
85240,"9,17E+18",9,2,74,126,2017,6,16,5,3,4,7,0,1,0,1,0,0,0,0,733245.2986,5383679.2072,12.16153396,48.562767702,2,#fc8d62,car
85250,"9,17E+18",9,7,77,114,2017,6,13,6,2,9,1,0,0,0,1,0,0,0,0,617587.5391,5313081.3161,10.5751457,47.960237088,4,#e78ac3,marker
85252,"9,17E+18",9,7,72,223,2017,6,11,6,3,3,6,0,1,0,0,0,1,0,0,616898.9307,5362890.5429,10.57963288,48.408322654,2,#fc8d62,car
85253,"9,17E+18",9,7,72,159,2017,6,18,6,3,8,1,0,1,0,0,0,0,0,0,624082.56,5362098818.0,10.676427847,48.399829602,2,#fc8d62,car
85254,"9,17E+18",9,7,71,122,2017,6,16,6,2,5,3,1,1,0,0,0,0,0,0,652412.4875,5361368.9232,11.058683679,48.38705587,1,#66c2a5,bicycle
85255,"9,17E+18",9,7,61,0,2017,6,7,6,3,0,2,1,1,0,0,0,0,0,0,642842.5431,5359971.6431,10.929023238,48.376732145,1,#66c2a5,bicycle
85263,"9,17E+18",9,2,61,0,2017,6,7,5,3,6,4,0,1,1,0,0,0,0,1,732036.9711,5379551.8933,12.142882759,48.526141271,2,#fc8d62,car
85276,"9,17E+18",9,1,84,145,2017,6,20,5,3,9,1,0,1,0,0,0,1,0,1,697039.1658,5322698723.0,11.642920262,48.027159846,2,#fc8d62,car
85301,"9,17E+18",9,1,86,143,2017,6,18,5,3,5,2,1,1,0,0,0,0,0,0,685505.1969,5379413.7342,11.513270824,48.540377061,1,#66c2a5,bicycle
85303,"9,17E+18",9,1,73,126,2017,7,16,6,3,5,3,0,1,0,1,0,0,0,0,684630.4109,5303962.1022,11.468608095,47.862445712,2,#fc8d62,car
85317,"9,17E+18",9,1,84,112,2017,7,7,5,3,5,3,1,1,0,0,0,0,0,0,701351.1751,5340191632.0,11.708946192,48.183023866,1,#66c2a5,bicycle
85318,"9,17E+18",9,1,88,145,2017,7,14,6,2,5,3,0,1,0,1,0,0,0,0,665733692.0,5328413931.0,11.225587777,48.087431893,2,#fc8d62,car
85321,"9,17E+18",9,1,79,142,2017,7,17,6,3,1,6,0,1,0,0,0,1,0,0,671026567.0,5341376109.0,11.301812774,48.202559975,2,#fc8d62,car
85324,"9,17E+18",9,2,74,126,2017,7,18,6,3,5,3,1,1,0,0,0,0,0,0,733910.3468,5382470.4752,12.169854945,48.551662513,1,#66c2a5,bicycle
85339,"9,17E+18",9,7,72,207,2017,7,11,5,2,8,1,0,0,0,1,0,0,0,0,640614.0556,5381582.1684,10.906213495,48.571543208,4,#e78ac3,marker
85346,"9,17E+18",9,1,78,113,2017,7,6,6,3,4,3,0,1,0,0,0,0,0,0,691393477.0,5367182.3911,11.587361995,48.428682848,2,#fc8d62,car
85349,"9,17E+18",9,1,90,115,2017,7,3,6,3,8,1,0,1,0,0,0,0,2,0,669086046.0,5303608623.0,11.260808315,47.863547193,2,#fc8d62,car
85356,"9,17E+18",9,7,61,0,2017,7,19,6,3,2,6,0,1,0,0,0,0,0,0,639804.7691,5352973.9558,10.885699512,48.314491021,2,#fc8d62,car
85369,"9,17E+18",9,1,73,120,2017,7,15,5,2,5,3,0,1,0,1,0,0,0,0,686357.5475,5315757.2098,11.496776905,47.967970758,2,#fc8d62,car
85385,"9,17E+18",9,1,62,0,2017,7,7,5,3,5,2,1,1,0,0,0,0,0,0,684513981.0,5332106865.0,11.479147026,48.11546718,1,#66c2a5,bicycle
85387,"9,17E+18",9,1,88,139,2017,7,11,6,2,5,2,0,1,0,1,0,0,0,0,674297.1933,5318448.4306,11.336430841,47.995561855,2,#fc8d62,car
85406,"9,17E+18",9,1,82,137,2017,7,9,5,2,2,6,0,1,0,1,0,1,0,0,713679801.0,5304340.4219,11.856735735,47.856842486,2,#fc8d62,car
85414,"9,17E+18",9,1,82,133,2017,7,11,5,3,6,6,0,1,1,0,0,0,0,0,707318.7769,5305452.7097,11.772331533,47.86892206,2,#fc8d62,car
85416,"9,17E+18",9,1,82,133,2017,7,11,5,2,3,6,1,0,0,0,0,0,0,0,707873.2844,5311725.1656,11.782758755,47.925111773,1,#66c2a5,bicycle
85418,"9,17E+18",9,1,82,120,2017,7,16,5,3,0,1,1,0,0,0,0,0,0,0,701097.53,5307297456.0,11.690094071,47.887479412,1,#66c2a5,bicycle
85420,"9,17E+18",9,1,62,0,2017,7,8,5,3,2,6,0,1,0,0,0,0,2,0,683000.8462,5342407.5397,11.463267502,48.208492674,2,#fc8d62,car
85421,"9,17E+18",9,1,62,0,2017,7,22,5,2,2,6,0,1,0,1,0,0,2,0,681236.5703,5341683.7534,11.439232946,48.202492963,2,#fc8d62,car
85422,"9,17E+18",9,1,88,118,2017,7,19,5,3,5,3,1,1,0,0,0,0,0,0,671546.5284,5312670.9354,11.297283631,47.944366071,1,#66c2a5,bicycle
85423,"9,17E+18",9,1,81,127,2017,7,18,5,3,2,6,0,1,0,0,0,0,0,0,635229.4899,5324872.5277,10.815072549,48.062788221,2,#fc8d62,car
85424,"9,17E+18",9,1,81,142,2017,7,15,5,3,5,3,0,1,0,0,0,0,0,0,646407.7291,5315099.6241,10.961683235,47.972444113,2,#fc8d62,car
85429,"9,17E+18",9,1,81,145,2017,7,15,5,3,5,3,0,1,0,0,0,1,0,0,642980.0434,5334575.1127,10.922294476,48.148343479,2,#fc8d62,car
85431,"9,17E+18",9,1,88,120,2017,7,22,5,3,2,2,0,1,0,1,0,0,2,0,676554.3811,5325347572.0,11.369504095,48.056962168,2,#fc8d62,car
85437,"9,17E+18",9,1,62,0,2017,7,15,5,3,2,6,0,1,0,0,0,0,0,0,690609.4826,5331997.2629,11.560914291,48.112686889,2,#fc8d62,car
85439,"9,17E+18",9,1,78,122,2017,7,13,6,3,5,3,0,1,0,0,0,0,0,0,705067443.0,5386043014.0,11.781262689,48.593858208,2,#fc8d62,car
85444,"9,17E+18",9,2,61,0,2017,7,8,2,3,0,6,0,1,0,0,0,1,0,0,732009.5319,5379652884.0,12.142567868,48.527058592,2,#fc8d62,car
85445,"9,17E+18",9,2,61,0,2017,7,12,2,3,3,6,1,0,0,0,0,1,0,0,732282.2754,5379246.9084,12.146030279,48.523310955,1,#66c2a5,bicycle
85451,"9,17E+18",9,1,74,122,2017,7,6,5,3,9,3,0,1,0,0,0,0,0,0,684873.8428,5355245641.0,11.494065596,48.323342069,2,#fc8d62,car
85452,"9,17E+18",9,1,84,132,2017,7,10,5,3,0,1,1,0,0,0,0,0,0,0,683961.4527,5329336.8712,11.470536255,48.090728531,1,#66c2a5,bicycle
85454,"9,17E+18",9,1,75,132,2017,7,20,6,3,5,3,0,1,0,1,0,0,1,0,709677.6054,5336597627.0,11.819058883,48.148034991,2,#fc8d62,car
85456,"9,17E+18",9,1,85,158,2017,7,9,6,2,5,3,0,1,0,0,0,1,0,0,668963.0187,5381580.0457,11.290227978,48.564523347,2,#fc8d62,car
85457,"9,17E+18",9,1,73,126,2017,7,17,2,3,2,6,0,1,0,0,0,0,0,0,687518.4646,5303504.0254,11.506986352,47.857491735,2,#fc8d62,car
85469,"9,17E+18",9,1,84,114,2017,7,12,2,3,2,6,0,1,0,0,0,1,0,0,701109.3554,5314596825.0,11.69365788,47.953077842,2,#fc8d62,car
85470,"9,17E+18",9,1,74,115,2017,7,12,5,3,2,6,0,1,0,0,0,0,0,0,680652.9519,5348418.2963,11.434256737,48.263194087,2,#fc8d62,car
85472,"9,17E+18",9,1,74,115,2017,7,7,5,3,5,3,1,1,0,0,0,0,0,0,681001.7263,5348192.9282,11.438855549,48.261068794,1,#66c2a5,bicycle
85473,"9,17E+18",9,7,77,158,2017,7,13,6,3,2,6,0,1,0,0,0,0,0,0,619921.5943,5307829.0109,10.60493607,47.912566204,2,#fc8d62,car
85474,"9,17E+18",9,1,84,119,2017,7,16,5,3,1,6,0,1,0,0,0,0,0,0,696109.8419,5347079.3327,11.641693426,48.246565044,2,#fc8d62,car
85476,"9,17E+18",9,1,77,134,2017,7,16,5,3,4,1,0,1,0,1,0,0,0,0,713720.2082,5343736.0828,11.876929915,48.21083282,2,#fc8d62,car
85477,"9,17E+18",9,1,78,145,2017,7,13,5,3,2,1,0,1,0,1,0,0,0,0,700021.0397,5354633.1463,11.697893886,48.313227534,2,#fc8d62,car
85478,"9,17E+18",9,1,78,142,2017,7,17,5,3,0,7,1,0,0,0,0,0,0,0,713631.2005,5377893.2361,11.89307706,48.517771691,1,#66c2a5,bicycle
85479,"9,17E+18",9,1,78,124,2017,7,12,5,3,5,2,0,1,0,1,0,0,0,0,703009.61,5363868579.0,11.742610172,48.395268007,2,#fc8d62,car
85480,"9,17E+18",9,1,77,116,2017,7,18,5,3,5,3,0,1,0,1,0,0,0,0,712929.3396,5361687.0625,11.875346597,48.37239574,2,#fc8d62,car
85481,"9,17E+18",9,1,77,115,2017,7,7,5,3,1,6,0,1,0,0,0,1,0,0,734097.7624,5351135.8983,12.154912776,48.270119975,2,#fc8d62,car
85482,"9,17E+18",9,1,84,130,2017,7,16,4,3,5,3,1,1,0,0,0,0,0,0,698213898.0,5344563.2305,11.668827222,48.223298365,1,#66c2a5,bicycle
85484,"9,17E+18",9,1,85,158,2017,7,13,2,3,8,7,0,0,0,1,0,0,0,0,667256.5725,5380329.4273,11.266614159,48.553738821,4,#e78ac3,marker
85485,"9,17E+18",9,1,74,146,2017,7,6,2,3,2,6,0,1,0,0,0,0,0,0,665032442.0,5351725.3601,11.225238044,48.297186353,2,#fc8d62,car
85487,"9,17E+18",9,1,81,122,2017,7,11,2,2,6,7,0,1,1,0,0,0,0,0,651606.4394,5330511.0972,11.036752134,48.10980512,2,#fc8d62,car
85489,"9,17E+18",9,1,79,123,2017,7,7,2,3,5,2,0,1,0,0,0,0,0,0,676629.8995,5334054.7807,11.374119421,48.135213109,2,#fc8d62,car
85491,"9,17E+18",9,1,79,123,2017,7,14,2,3,2,6,0,1,0,1,0,0,0,0,676639.1348,5334027.9396,11.374232314,48.134969265,2,#fc8d62,car
85492,"9,17E+18",9,1,74,146,2017,7,9,2,3,4,2,0,1,0,0,0,0,0,0,664899.7033,5352508.1708,11.223755433,48.304258373,2,#fc8d62,car
85493,"9,17E+18",9,1,62,0,2017,7,16,5,2,1,6,0,1,0,1,0,0,0,0,700017.1334,5332902.8727,11.68759377,48.117940948,2,#fc8d62,car
85494,"9,17E+18",9,1,78,120,2017,7,5,2,2,3,6,0,1,0,0,0,1,1,0,694748.1077,5353780.0827,11.626457307,48.307206476,2,#fc8d62,car
85495,"9,17E+18",9,1,75,135,2017,7,16,2,3,5,3,1,1,0,0,0,0,0,0,708989269.0,5339468323.0,11.811226185,48.174057847,1,#66c2a5,bicycle
85496,"9,17E+18",9,1,75,127,2017,7,17,2,2,5,3,0,1,0,1,0,0,0,0,712277.5938,5341346.0381,11.856340612,48.189840728,2,#fc8d62,car
85497,"9,17E+18",9,1,84,148,2017,7,17,4,3,0,1,1,0,0,0,0,0,0,0,694471.1364,5327124.6965,11.610522945,48.067726413,1,#66c2a5,bicycle
85498,"9,17E+18",9,1,62,0,2017,7,18,4,3,5,3,1,1,0,0,0,0,0,0,697499.3504,5333587087.0,11.654117624,48.124876061,1,#66c2a5,bicycle
85499,"9,17E+18",9,1,78,155,2017,7,14,2,2,5,2,0,1,0,0,0,0,0,0,711107881.0,5376772369.0,11.858382835,48.508553814,2,#fc8d62,car
85500,"9,17E+18",9,1,84,145,2017,7,11,1,3,4,2,0,1,0,0,0,0,0,0,696458.7392,5322885.1761,11.635228929,48.029014379,2,#fc8d62,car
85501,"9,17E+18",9,1,62,0,2017,7,10,1,3,9,6,0,0,0,1,0,0,2,0,692021.7712,5339257.8184,11.583143544,48.177519209,4,#e78ac3,marker
85502,"9,17E+18",9,1,62,0,2017,7,13,1,2,6,4,0,1,1,0,0,0,0,0,688302362.0,5340200.0937,11.533577602,48.187101512,2,#fc8d62,car
85503,"9,17E+18",9,1,84,135,2017,7,9,4,2,5,3,1,1,0,0,0,0,0,0,689388.5368,5347110.8816,11.551263206,48.24889227,1,#66c2a5,bicycle
85504,"9,17E+18",9,1,62,0,2017,7,20,1,3,6,7,0,1,1,0,0,0,0,0,692162.4816,5339311.8281,11.58505885,48.1779621,2,#fc8d62,car
85505,"9,17E+18",9,1,62,0,2017,7,14,4,2,5,3,0,1,0,1,0,0,0,0,693757.2544,5337008.5012,11.605440093,48.15677645,2,#fc8d62,car
85506,"9,17E+18",9,1,84,123,2017,7,19,1,3,2,6,0,1,0,0,0,1,0,0,702342.5609,5332122583.0,11.718433667,48.110193955,2,#fc8d62,car
85512,"9,17E+18",9,1,62,0,2017,7,12,5,3,5,3,0,1,0,1,0,1,0,0,684443.8222,5335409.6405,11.479634927,48.145174671,2,#fc8d62,car
85514,"9,17E+18",9,1,74,146,2017,7,17,6,3,2,6,0,1,0,0,0,0,0,0,667732.1185,5350433.8975,11.261097416,48.284866629,2,#fc8d62,car
85515,"9,17E+18",9,7,78,203,2017,7,21,1,3,1,7,0,1,0,0,0,0,2,1,620730.9488,5322097.2555,10.619773085,48.040737692,2,#fc8d62,car
85517,"9,17E+18",9,1,87,150,2017,7,7,6,3,5,3,0,1,0,0,0,0,0,0,725583361.0,5304015.22,12.015485782,47.849852873,2,#fc8d62,car
85523,"9,17E+18",9,7,62,0,2017,7,4,1,3,0,1,1,0,0,0,0,0,1,1,621656.1985,5308792.4146,10.62841294,47.920904015,1,#66c2a5,bicycle
85525,"9,17E+18",9,7,62,0,2017,7,6,1,3,0,7,0,1,1,0,0,0,0,0,621036.1781,5304571.7799,10.618932897,47.883062075,2,#fc8d62,car
85528,"9,17E+18",9,1,62,0,2017,7,20,4,2,0,4,1,0,1,0,0,0,0,0,701973.4037,5332184.1463,11.713509031,48.110864377,1,#66c2a5,bicycle
85530,"9,17E+18",9,1,84,122,2017,7,14,4,3,2,1,0,1,0,0,0,1,0,0,687776214.0,5324060859.0,11.519399328,48.042193392,2,#fc8d62,car
85531,"9,17E+18",9,7,78,137,2017,7,14,6,3,9,6,0,1,0,0,0,0,0,0,624880.4661,5331347.8464,10.6781247,48.123131906,2,#fc8d62,car
85532,"9,17E+18",9,1,62,0,2017,7,7,4,3,5,2,1,1,0,0,0,0,0,0,692045.6634,5341310.2892,11.584392491,48.19595905,1,#66c2a5,bicycle
85533,"9,17E+18",9,1,62,0,2017,7,16,4,3,0,7,1,0,0,0,0,0,0,0,692032.3919,5341000.4092,11.584073942,48.193177949,1,#66c2a5,bicycle
85534,"9,17E+18",9,1,84,122,2017,7,12,4,3,2,6,0,1,0,1,0,0,0,0,689638.3268,5327048.5282,11.545682167,48.068496841,2,#fc8d62,car
85535,"9,17E+18",9,1,62,0,2017,7,10,4,3,2,6,0,1,0,0,0,0,0,0,688676874.0,5331695.7536,11.534842041,48.110552318,2,#fc8d62,car
85538,"9,17E+18",9,1,79,142,2017,7,17,7,3,2,6,0,1,0,0,0,0,0,1,673201773.0,5341413.3389,11.331078643,48.202304964,2,#fc8d62,car
85548,"9,17E+18",9,7,73,139,2017,7,18,1,3,0,1,1,0,0,0,0,0,0,1,614907.2807,5385039.1176,10.558828951,48.607872545,1,#66c2a5,bicycle
85550,"9,17E+18",9,7,72,147,2017,7,17,1,3,8,1,0,1,0,0,0,0,0,1,629875.4596,5364207.1784,10.755308511,48.417621936,2,#fc8d62,car
85552,"9,17E+18",9,7,72,223,2017,7,17,1,3,3,1,0,1,0,0,0,0,0,1,616492.2565,5362720146.0,10.574092428,48.406865548,2,#fc8d62,car
85554,"9,17E+18",9,7,61,0,2017,7,13,1,2,2,6,0,1,0,1,0,0,0,0,639707.1172,5352563.8295,10.884247286,48.310824819,2,#fc8d62,car
85556,"9,17E+18",9,7,72,111,2017,7,9,1,3,8,1,0,1,0,0,0,0,0,1,627639.1152,5364059.5869,10.725053062,48.41675174,2,#fc8d62,car
85557,"9,17E+18",9,1,62,0,2017,7,18,5,3,4,2,1,1,0,0,0,0,0,0,694709808.0,5340873.9122,11.62000563,48.191225906,1,#66c2a5,bicycle
85558,"9,17E+18",9,7,72,178,2017,7,7,1,3,4,6,0,1,0,0,0,0,0,1,623287.2676,5344723.7919,10.660606888,48.243733998,2,#fc8d62,car
85559,"9,17E+18",9,7,72,200,2017,7,9,1,3,9,1,0,1,0,0,0,0,0,1,625766.4595,5340714.9589,10.692795595,48.207195943,2,#fc8d62,car
85560,"9,17E+18",9,1,62,0,2017,7,12,6,2,2,6,0,1,0,0,0,0,0,0,687153.5171,5344061.3515,11.519838452,48.222146621,2,#fc8d62,car
85561,"9,17E+18",9,7,72,184,2017,7,22,1,3,0,1,1,0,0,0,0,0,2,1,636076.5426,5361305.3929,10.838133522,48.39022062,1,#66c2a5,bicycle
85562,"9,17E+18",9,7,72,145,2017,7,11,1,3,0,1,0,0,0,1,0,0,0,0,633329.9141,5369347.7054,10.803609002,48.463124217,4,#e78ac3,marker
85563,"9,17E+18",9,7,61,0,2017,7,6,1,3,4,2,0,1,0,1,0,0,0,0,639238.4057,5360875.5454,10.880678107,48.385665423,2,#fc8d62,car
85573,"9,17E+18",9,7,61,0,2017,7,13,4,3,2,6,0,1,0,0,0,0,0,0,637254.6509,5357396.4737,10.852762852,48.354816763,2,#fc8d62,car
85574,"9,17E+18",9,7,62,0,2017,7,14,6,3,8,1,0,0,0,1,0,0,0,0,619440.2616,5303722.4547,10.597360292,47.875722286,4,#e78ac3,marker