OBJECTID,UIDENTSTLA,ULAND,UREGBEZ,UKREIS,UGEMEINDE,UJAHR,UMONAT,USTUNDE,UWOCHENTAG,UKATEGORIE,UART,UTYP1,IstRad,IstPKW,IstFuss,IstKrad,IstGkfz,IstSonstig,ULICHTVERH,STRZUSTAND,LINREFX,LINREFY,XGCSWGS84,YGCSWGS84,Teilnehmer,color,symbol
85575,"9,17E+18",9,7,71,130,2017,7,13,4,3,5,7,0,1,0,0,0,1,0,0,645611029.0,5357727.9615,10.965610959,48.355925716,2,#fc8d62,car
85576,"9,17E+18",9,7,61,0,2017,7,14,4,3,5,3,1,1,0,0,0,0,0,0,643689.9668,5360631.2504,10.940686004,48.382470546,1,#66c2a5,bicycle
85594,"9,17E+18",9,1,77,115,2017,7,16,7,3,5,3,0,1,0,1,0,0,0,0,733350.09,5350816777.0,12.144676199,48.267529087,2,#fc8d62,car
85599,"9,17E+18",9,7,71,144,2017,7,15,5,3,4,6,0,1,0,0,0,0,0,0,662848811.0,5373487.8495,11.20425645,48.49339525,2,#fc8d62,car
85609,"9,17E+18",9,2,61,0,2017,7,12,6,3,8,1,0,1,0,0,0,0,0,0,725990.1689,5379335.2411,12.060986312,48.526400633,2,#fc8d62,car
85620,"9,17E+18",9,1,77,120,2017,7,4,6,3,0,7,1,0,0,0,0,0,1,0,722755.2385,5362156.5448,12.008095881,48.373222809,1,#66c2a5,bicycle
85635,"9,17E+18",9,7,61,0,2017,7,13,6,3,1,1,0,1,0,0,0,0,0,0,639246.2756,5356456.4164,10.879321368,48.345927927,2,#fc8d62,car
85661,"9,17E+18",9,2,61,0,2017,7,16,1,3,0,1,1,0,0,0,0,0,0,0,732355.5501,5380169.2597,12.147535062,48.531569116,1,#66c2a5,bicycle
85663,"9,17E+18",9,2,61,0,2017,7,9,1,3,0,1,0,0,0,1,0,0,0,1,732112.3115,5380736.5612,12.144561146,48.536755048,4,#e78ac3,marker
85669,"9,17E+18",9,1,84,119,2017,7,9,5,2,3,6,0,0,0,1,0,1,0,0,696977.2382,5346351.0992,11.65302598,48.239751386,4,#e78ac3,marker
85672,"9,17E+18",9,1,83,126,2017,7,20,1,3,4,6,0,1,0,0,0,1,0,1,729744.8892,5334868.4985,12.087536939,48.12557114,2,#fc8d62,car
85681,"9,17E+18",9,1,87,165,2017,7,3,1,3,8,6,0,1,0,0,0,0,2,0,731877.1952,5299624.3566,12.097142975,47.808164807,2,#fc8d62,car
85689,"9,17E+18",9,1,87,134,2017,7,19,1,2,4,6,0,1,0,0,0,0,0,1,738259.0493,5323035.2151,12.195183084,48.016143338,2,#fc8d62,car
85690,"9,17E+18",9,1,78,157,2017,7,12,7,3,5,3,0,1,0,0,0,0,0,0,704192.2642,5372369574.0,11.762709727,48.4712766,2,#fc8d62,car
85692,"9,17E+18",9,1,87,150,2017,7,16,1,3,2,6,0,1,0,0,0,0,0,0,727768.4284,5303209.1516,12.044228047,47.84184011,2,#fc8d62,car
85694,"9,17E+18",9,1,87,150,2017,7,16,1,3,2,6,0,1,0,0,0,0,0,0,727760.4211,5303208.6585,12.044120923,47.841838516,2,#fc8d62,car
85702,"9,17E+18",9,1,84,147,2017,7,16,7,2,8,1,0,1,0,0,0,0,0,0,700373.8394,5341377.8905,11.696371999,48.193993647,2,#fc8d62,car
85703,"9,17E+18",9,1,74,135,2017,7,14,1,3,2,6,0,1,0,0,0,1,0,0,662388.2604,5353993.2652,11.190484898,48.318259207,2,#fc8d62,car
85704,"9,17E+18",9,1,74,113,2017,7,8,1,2,9,1,0,1,0,0,0,1,0,1,670759.6118,5347528.5777,11.300702035,48.257939886,2,#fc8d62,car
85706,"9,17E+18",9,1,81,130,2017,7,19,1,3,3,2,1,1,0,0,0,0,0,0,635808.6331,5322277.3912,10.822018168,48.039328295,1,#66c2a5,bicycle
85707,"9,17E+18",9,1,88,120,2017,7,16,1,2,5,3,0,1,0,1,0,0,0,0,671917.3994,5326370.9288,11.307736397,48.067428066,2,#fc8d62,car
85708,"9,17E+18",9,7,61,0,2017,7,15,5,3,2,1,0,1,0,0,0,0,0,0,639690.6425,5356252.46,10.885247685,48.343995883,2,#fc8d62,car
85709,"9,17E+18",9,1,74,131,2017,7,9,1,3,2,6,0,1,0,0,0,0,0,1,677084.4724,5358532.2918,11.390460749,48.355115024,2,#fc8d62,car
85710,"9,17E+18",9,1,78,143,2017,7,14,1,2,0,7,1,0,0,0,0,0,0,0,720434.2666,5371904.8746,11.981919842,48.461620075,1,#66c2a5,bicycle
85711,"9,17E+18",9,1,84,127,2017,7,16,7,3,4,6,1,0,0,0,0,0,0,0,706371.3875,5321564.2586,11.767400966,48.01401841,1,#66c2a5,bicycle
85712,"9,17E+18",9,1,62,0,2017,7,23,7,3,0,1,0,0,0,1,0,0,2,1,693833.1853,5331644.5617,11.604019754,48.108544009,4,#e78ac3,marker
85754,"9,17E+18",9,1,73,137,2017,7,8,6,3,5,3,1,1,0,0,0,0,0,0,675075.7259,5300092.7656,11.339404452,47.830335582,1,#66c2a5,bicycle
85755,"9,17E+18",9,7,61,0,2017,7,15,7,2,2,6,0,1,0,0,0,0,0,0,639714932.0,5352654.7938,10.884382751,48.311641028,2,#fc8d62,car
85758,"9,17E+18",9,7,72,171,2017,7,15,7,2,8,1,0,1,0,0,0,0,0,1,636860.6696,5374065.5328,10.852890412,48.504787373,2,#fc8d62,car
85760,"9,17E+18",9,7,72,171,2017,7,15,7,3,2,6,0,1,0,0,0,0,0,1,636857.2077,5374067.2774,10.852844141,48.504803815,2,#fc8d62,car
85761,"9,17E+18",9,7,71,130,2017,7,10,7,2,4,1,0,1,0,1,0,0,0,0,651690.4985,5353336.85,11.046043752,48.315014475,2,#fc8d62,car
85762,"9,17E+18",9,7,61,0,2017,7,9,7,3,0,1,1,0,0,0,0,0,0,0,639467.8803,5360890323.0,10.88378076,48.385747604,1,#66c2a5,bicycle
85786,"9,17E+18",9,1,81,128,2017,7,14,7,2,5,2,0,1,1,0,0,0,0,0,639642997.0,5328045.2823,10.875315876,48.090367569,2,#fc8d62,car
85788,"9,17E+18",9,2,74,194,2017,7,18,4,2,0,1,0,0,0,1,0,0,0,0,723209913.0,5377015.0361,12.022142116,48.506550878,4,#e78ac3,marker
85791,"9,17E+18",9,2,74,185,2017,7,15,4,3,5,3,0,1,0,0,0,1,0,0,732569.2945,5371123.4037,12.145391278,48.45023264,2,#fc8d62,car
85799,"9,17E+18",9,1,62,0,2017,7,14,6,3,2,7,0,1,0,0,0,1,2,0,679410.3149,5337587.3644,11.412946534,48.166189616,2,#fc8d62,car
85832,"9,17E+18",9,2,61,0,2017,7,14,4,3,2,6,0,1,0,1,0,0,0,0,734061.5032,5382381.7944,12.171850246,48.550809555,2,#fc8d62,car
85833,"9,17E+18",9,1,73,120,2017,7,17,4,2,8,1,0,1,0,0,0,0,0,0,688338.8684,5311167.3815,11.521287152,47.926135014,2,#fc8d62,car
85834,"9,17E+18",9,1,90,157,2017,7,7,4,3,2,6,0,1,0,0,0,0,0,0,660022.4565,5299817.4859,11.138308899,47.831782242,2,#fc8d62,car
85850,"9,17E+18",9,1,83,126,2017,7,14,4,2,4,3,0,1,0,0,0,1,0,0,730782705.0,5338504526.0,12.103433194,48.15786102,2,#fc8d62,car
85851,"9,17E+18",9,1,62,0,2017,7,13,6,3,3,6,0,1,0,1,0,0,0,0,687314182.0,5332367038.0,11.516847711,48.116988236,2,#fc8d62,car
85861,"9,17E+18",9,2,74,185,2017,7,13,7,2,5,2,0,1,0,1,0,0,0,0,732532419.0,5370617451.0,12.144612443,48.44570133,2,#fc8d62,car
85863,"9,17E+18",9,2,74,146,2017,7,19,7,2,4,2,0,1,0,0,0,0,0,0,735596.0732,5379726.5135,12.191111258,48.526384424,2,#fc8d62,car
85875,"9,17E+18",9,1,73,118,2017,7,2,7,3,8,7,0,1,0,0,0,0,2,1,695665216.0,5307244.4549,11.617481175,47.888681847,2,#fc8d62,car
85880,"9,17E+18",9,1,62,0,2017,7,19,6,3,5,3,1,1,0,0,0,0,0,0,689191.9072,5329856.4992,11.540939001,48.093868024,1,#66c2a5,bicycle
85886,"9,17E+18",9,1,87,182,2017,7,18,4,3,2,3,0,1,0,0,0,0,0,0,738455.1229,5328288.6558,12.200733204,48.063262317,2,#fc8d62,car
85887,"9,17E+18",9,1,87,177,2017,7,8,4,3,5,3,1,1,0,0,0,0,0,0,737108.0989,5306513593.0,12.170674454,47.868150229,1,#66c2a5,bicycle
85888,"9,17E+18",9,1,82,120,2017,7,12,4,3,5,3,0,1,0,0,0,0,0,0,703155679.0,5306122001.0,11.71704132,47.876267286,2,#fc8d62,car
85890,"9,17E+18",9,1,87,165,2017,7,14,4,3,3,6,0,1,0,0,0,0,0,0,733595818.0,5299739.6402,12.120125367,47.808579246,2,#fc8d62,car
85891,"9,17E+18",9,1,87,117,2017,7,17,4,2,3,6,0,1,0,1,0,0,0,0,725635063.0,5305290602.0,12.01684117,47.861293947,2,#fc8d62,car
85892,"9,17E+18",9,1,87,179,2017,7,16,4,3,5,3,0,0,0,1,0,1,0,0,723336.8403,5312290.6253,11.989777862,47.924992788,4,#e78ac3,marker
85896,"9,17E+18",9,1,87,117,2017,7,13,4,3,0,3,0,1,0,1,0,0,0,0,725289648.0,5305839.91,12.012515637,47.866350648,2,#fc8d62,car
85902,"9,17E+18",9,1,87,117,2017,7,13,7,3,2,6,0,1,0,0,0,1,0,0,725542.9062,5301069.4207,12.013411423,47.82339912,2,#fc8d62,car
85905,"9,17E+18",9,1,62,0,2017,7,17,5,2,5,2,1,1,0,0,0,0,0,0,688310.9533,5328342.9212,11.528452007,48.080524473,1,#66c2a5,bicycle
85906,"9,17E+18",9,1,81,123,2017,7,17,6,3,2,6,0,1,0,0,0,0,0,0,655239.9469,5326551.3497,11.084093566,48.073327455,2,#fc8d62,car
85907,"9,17E+18",9,1,87,181,2017,7,19,7,3,5,2,0,1,0,0,0,0,0,0,736775562.0,5311589615.0,12.169018378,47.913873788,2,#fc8d62,car
85908,"9,17E+18",9,1,82,120,2017,7,11,6,3,4,6,1,0,0,0,0,0,0,0,702369.3701,5307065.3068,11.70697918,47.884993341,1,#66c2a5,bicycle
85910,"9,17E+18",9,1,73,118,2017,7,20,6,3,8,1,0,0,0,1,0,0,0,0,689815112.0,5305214786.0,11.538411058,47.872194724,4,#e78ac3,marker
85919,"9,17E+18",9,7,61,0,2017,7,13,6,3,1,6,0,1,0,0,0,0,0,0,636966.0525,5359745.9907,10.849634326,48.376006098,2,#fc8d62,car
85923,"9,17E+18",9,7,61,0,2017,7,12,2,3,2,6,0,1,0,0,0,0,0,0,644201.7185,5357598.3558,10.946553666,48.35508379,2,#fc8d62,car
85924,"9,17E+18",9,7,72,209,2017,7,20,2,3,0,3,0,1,0,1,0,0,1,1,634800.6167,5337297.3897,10.813247848,48.174609552,2,#fc8d62,car
85933,"9,17E+18",9,7,61,0,2017,7,14,2,3,2,6,0,1,0,0,0,0,0,0,641562.8873,5359883.5664,10.91172246,48.37622859,2,#fc8d62,car
85938,"9,17E+18",9,7,62,0,2017,7,16,2,3,8,1,0,0,0,1,0,0,0,0,618380.3784,5303469.7236,10.583122079,47.873645524,4,#e78ac3,marker
85940,"9,17E+18",9,1,62,0,2017,7,7,2,3,0,1,0,0,0,1,0,0,0,1,686893.5518,5335146.0991,11.512420417,48.142090936,4,#e78ac3,marker
85941,"9,17E+18",9,1,84,131,2017,7,17,2,3,5,3,0,1,0,1,0,0,0,0,705995.1529,5338179.4887,11.770375607,48.163453358,2,#fc8d62,car
85942,"9,17E+18",9,1,62,0,2017,7,15,2,3,1,6,0,1,0,1,0,0,0,0,684357.7742,5343202.0774,11.481859893,48.215241658,2,#fc8d62,car
85943,"9,17E+18",9,1,75,115,2017,7,11,3,3,2,6,0,1,0,0,0,0,0,0,721018.6987,5329979.4229,11.967900119,48.084732275,2,#fc8d62,car
85945,"9,17E+18",9,1,84,136,2017,7,15,2,3,5,3,1,0,0,0,0,1,0,0,698224.8355,5326986.5508,11.660791668,48.065329503,1,#66c2a5,bicycle
85953,"9,17E+18",9,1,86,162,2017,7,15,5,3,2,6,0,1,0,0,0,0,0,0,691371.9361,5384184.6858,11.594864998,48.581492147,2,#fc8d62,car
85956,"9,17E+18",9,1,79,142,2017,7,3,5,3,2,6,0,1,0,0,0,0,2,0,675540.4543,5343944.1325,11.363574113,48.224412445,2,#fc8d62,car
85957,"9,17E+18",9,1,74,113,2017,7,17,5,2,0,6,0,1,0,0,0,0,0,0,671751.4864,5346772.2798,11.313747686,48.25087312,2,#fc8d62,car
85958,"9,17E+18",9,1,62,0,2017,7,6,5,3,3,6,0,1,0,0,0,1,0,0,679677.0902,5333566.1492,11.414833863,48.129967774,2,#fc8d62,car
85959,"9,17E+18",9,1,79,134,2017,7,12,5,3,2,6,0,1,0,0,0,0,0,0,666710.3783,5342911445.0,11.244372234,48.217510639,2,#fc8d62,car
85960,"9,17E+18",9,1,74,136,2017,7,15,5,3,5,3,0,1,0,0,0,0,0,0,682691.3423,5364706.1554,11.468759586,48.409010103,2,#fc8d62,car
85961,"9,17E+18",9,1,78,113,2017,7,14,5,3,2,6,0,1,0,0,0,0,0,0,691483.9182,5368412703.0,11.58914545,48.439712557,2,#fc8d62,car
85962,"9,17E+18",9,1,86,152,2017,7,11,5,2,2,6,0,1,0,0,0,0,0,0,691403.0454,5373519.9015,11.590389185,48.485636881,2,#fc8d62,car
85963,"9,17E+18",9,1,78,157,2017,7,16,5,3,8,1,0,1,0,0,0,0,0,0,702996731.0,5370808955.0,11.745796497,48.457639669,2,#fc8d62,car
85964,"9,17E+18",9,1,78,137,2017,7,15,5,3,5,3,0,1,0,1,0,0,0,0,690862.8588,5362412149.0,11.578027147,48.385971669,2,#fc8d62,car
85965,"9,17E+18",9,1,77,133,2017,7,15,5,3,2,6,0,1,0,1,0,0,0,0,710902.7964,5356138.3077,11.845236975,48.323217656,2,#fc8d62,car
85966,"9,17E+18",9,1,84,138,2017,7,8,4,3,2,6,0,1,0,0,0,1,0,0,678358.8872,5331253.8279,11.396166183,48.109552795,2,#fc8d62,car
85967,"9,17E+18",9,1,62,0,2017,7,8,4,3,0,2,0,1,0,1,0,0,0,1,684638.5779,5329114957.0,11.479525045,48.08853804,2,#fc8d62,car
85968,"9,17E+18",9,1,62,0,2017,7,17,4,2,5,7,0,1,0,0,0,1,0,0,684371386.0,5332105286.0,11.477232282,48.115494286,2,#fc8d62,car
85969,"9,17E+18",9,1,84,112,2017,7,19,4,3,2,2,0,1,0,0,0,0,0,0,703234.6229,5338203.8975,11.733305742,48.164561113,2,#fc8d62,car
85970,"9,17E+18",9,1,62,0,2017,7,23,4,2,5,2,0,1,0,0,0,0,2,1,694992.4662,5332987.0325,11.620190873,48.12025578,2,#fc8d62,car
85971,"9,17E+18",9,1,62,0,2017,7,8,4,3,2,6,0,1,0,0,0,0,0,0,688849.7077,5340117.3156,11.540897745,48.18619502,2,#fc8d62,car
85972,"9,17E+18",9,1,84,135,2017,7,15,4,3,1,6,0,1,0,0,0,0,0,0,687471.2917,5347468.9333,11.525620652,48.252680384,2,#fc8d62,car
85973,"9,17E+18",9,1,62,0,2017,7,7,4,2,5,2,1,1,0,0,0,0,0,1,687580.4,5327177335.0,11.518141124,48.070263097,1,#66c2a5,bicycle
85974,"9,17E+18",9,1,62,0,2017,7,16,4,3,1,6,0,1,0,0,0,0,0,0,688373391.0,5328456.1634,11.529339439,48.081523883,2,#fc8d62,car
85975,"9,17E+18",9,1,62,0,2017,7,16,4,3,4,2,0,1,0,0,0,0,0,0,697589.4616,5330173.0189,11.653745957,48.094164684,2,#fc8d62,car
85976,"9,17E+18",9,1,62,0,2017,7,10,4,3,2,6,0,1,0,0,0,0,0,0,697589.4394,5330173.0287,11.653745663,48.094164779,2,#fc8d62,car
85981,"9,17E+18",9,7,78,116,2017,7,11,4,3,2,6,0,1,0,0,0,0,0,0,620555151.0,5315743532.0,10.615629098,47.983628177,2,#fc8d62,car
85983,"9,17E+18",9,7,62,0,2017,7,21,4,3,5,2,1,1,0,0,0,0,1,1,622675042.0,5306481432.0,10.641387243,47.899925736,1,#66c2a5,bicycle
85984,"9,17E+18",9,7,61,0,2017,7,16,4,3,1,6,0,1,0,0,0,0,0,0,638217.6587,5356807.8163,10.865561796,48.349313585,2,#fc8d62,car
85985,"9,17E+18",9,7,72,178,2017,7,16,4,3,9,1,0,1,0,0,0,0,0,0,620679.6118,5345236.4354,10.625644273,48.2488461,2,#fc8d62,car
85986,"9,17E+18",9,7,71,130,2017,7,6,4,3,8,1,0,1,0,0,0,0,0,1,651272.3259,5351726.2064,11.039829628,48.300633363,2,#fc8d62,car
85987,"9,17E+18",9,7,61,0,2017,7,5,4,2,4,3,0,1,0,0,0,0,2,0,637478826.0,5359473453.0,10.85646609,48.373443962,2,#fc8d62,car
86046,"9,17E+18",9,2,61,0,2017,7,11,4,3,2,6,1,1,1,0,0,0,0,0,732197.4302,5380677248.0,12.145679447,48.536190767,1,#66c2a5,bicycle
86047,"9,17E+18",9,2,74,185,2017,7,13,4,3,2,2,0,1,0,0,0,1,0,0,732408.3938,5369827.2514,12.142499509,48.438648803,2,#fc8d62,car
86051,"9,17E+18",9,2,61,0,2017,7,15,4,3,2,6,0,1,0,1,0,0,0,0,734523.2393,5381759.0482,12.177746772,48.545043309,2,#fc8d62,car
86052,"9,17E+18",9,2,61,0,2017,7,19,4,3,0,1,1,0,0,0,0,0,0,1,733976.2035,5382436.2301,12.170726745,48.551330345,1,#66c2a5,bicycle
86060,"9,17E+18",9,1,82,123,2017,7,15,4,3,8,1,0,1,0,0,0,0,0,0,720261.2974,5301206.9964,11.94301273,47.826465061,2,#fc8d62,car
86061,"9,17E+18",9,1,87,134,2017,7,11,4,3,2,7,1,1,0,0,0,0,0,0,735869121.0,5320738618.0,12.161921162,47.996398397,1,#66c2a5,bicycle
86062,"9,17E+18",9,1,63,0,2017,7,16,4,3,5,3,1,1,0,0,0,0,0,0,734294.0853,5304529.5882,12.132028391,47.85135844,1,#66c2a5,bicycle
86065,"9,17E+18",9,1,87,122,2017,7,17,4,3,5,3,1,1,0,0,0,0,0,0,717849679.0,5307234254.0,11.913868491,47.881445811,1,#66c2a5,bicycle
86071,"9,17E+18",9,1,74,135,2017,7,20,4,3,3,1,0,1,0,0,0,1,0,1,664194.8014,5352367.9205,11.214202308,48.303180875,2,#fc8d62,car
86072,"9,17E+18",9,1,88,121,2017,7,7,4,3,9,1,0,0,0,0,0,1,0,1,670133139.0,5329136237.0,11.284906337,48.092766308,6,#ffd92f,circle
86073,"9,17E+18",9,1,88,139,2017,7,15,4,3,5,3,1,1,0,0,0,0,0,0,675302.7506,5319120.9532,11.350173206,48.001332711,1,#66c2a5,bicycle
86074,"9,17E+18",9,1,81,130,2017,7,9,4,3,4,2,0,1,0,0,0,0,0,1,640240.4251,5323622.9681,10.881883557,48.050469992,2,#fc8d62,car
86075,"9,17E+18",9,1,78,123,2017,7,17,4,3,4,6,0,0,0,0,0,1,0,0,689906.1201,5359729.2094,11.563906032,48.362147274,6,#ffd92f,circle
86076,"9,17E+18",9,1,78,143,2017,7,19,4,3,2,6,0,1,0,0,0,0,0,1,722130089.0,5374375.8401,12.006139567,48.483223028,2,#fc8d62,car
86077,"9,17E+18",9,1,77,117,2017,7,17,4,3,8,1,0,1,0,0,0,0,0,0,716917.6591,5353937.1451,11.925141967,48.301405506,2,#fc8d62,car
86078,"9,17E+18",9,1,75,122,2017,7,13,4,3,2,6,0,1,0,0,0,0,0,0,719598.2886,5324655.5613,11.946119609,48.037387261,2,#fc8d62,car
86079,"9,17E+18",9,1,84,145,2017,7,19,3,2,2,6,0,1,0,1,0,0,0,0,698011.0853,5324381.9687,11.656720414,48.041987421,2,#fc8d62,car
86087,"9,17E+18",9,7,62,0,2017,7,7,3,3,4,6,1,0,0,0,0,0,0,0,622023.1051,5304649.5206,10.632150101,47.883574405,1,#66c2a5,bicycle
86093,"9,17E+18",9,7,61,0,2017,7,7,3,3,3,6,0,1,0,0,0,1,0,0,639781799.0,5356187.0008,10.886455501,48.343387125,2,#fc8d62,car
86094,"9,17E+18",9,7,71,130,2017,7,17,3,3,2,6,0,1,0,0,0,0,0,0,644810.2542,5361131.5652,10.955979969,48.386712884,2,#fc8d62,car
86095,"9,17E+18",9,7,61,0,2017,7,12,3,3,5,3,1,1,0,0,0,0,0,0,640836788.0,5360481.3731,10.902122868,48.381766328,1,#66c2a5,bicycle
86096,"9,17E+18",9,7,61,0,2017,7,4,3,3,0,7,1,0,0,0,0,0,2,1,641456.7531,5359951.9354,10.910313017,48.376867138,1,#66c2a5,bicycle
86097,"9,17E+18",9,7,71,144,2017,7,14,3,3,0,6,0,1,0,0,0,0,0,1,659710.1213,5376276.2987,11.162871141,48.51926884,2,#fc8d62,car
86150,"9,17E+18",9,2,74,146,2017,7,22,3,3,8,6,0,1,0,1,0,0,2,1,736568.7178,5378609.6645,12.20363083,48.515986851,2,#fc8d62,car
86152,"9,17E+18",9,1,73,147,2017,7,16,3,3,0,7,1,0,0,0,0,0,0,0,680732.0359,5309720.6158,11.4189439,47.915319442,1,#66c2a5,bicycle
86162,"9,17E+18",9,1,84,114,2017,7,15,3,3,3,6,0,1,0,0,0,1,0,0,698214.2203,5322301.0689,11.658480029,48.023222437,2,#fc8d62,car
86163,"9,17E+18",9,1,84,114,2017,7,14,3,3,2,6,0,1,0,0,0,1,0,0,701929.5211,5312883.9683,11.703826994,47.937425934,2,#fc8d62,car
86168,"9,17E+18",9,1,87,122,2017,7,10,3,2,4,6,0,1,0,0,0,0,0,0,716795.3839,5308472.8991,11.900407264,47.892932883,2,#fc8d62,car
86169,"9,17E+18",9,1,87,137,2017,7,17,3,3,4,2,1,1,0,0,0,0,0,0,730500.8166,5307781.8371,12.083130722,47.881949207,1,#66c2a5,bicycle
86171,"9,17E+18",9,1,86,151,2017,7,19,3,3,5,3,0,1,0,0,0,0,0,0,681509.9258,5374465.4776,11.457041274,48.497070218,2,#fc8d62,car
86173,"9,17E+18",9,1,88,121,2017,7,13,3,3,2,7,0,1,0,0,0,0,0,0,670136.5955,5329173566.0,11.284967595,48.093100968,2,#fc8d62,car
86174,"9,17E+18",9,1,74,113,2017,7,8,3,2,3,6,0,1,0,1,0,0,0,0,674032.5301,5345186453.0,11.343798481,48.235995482,2,#fc8d62,car
86175,"9,17E+18",9,1,81,130,2017,7,1,3,2,1,1,0,0,0,0,0,1,2,1,637389.4466,5323831.6948,10.843714091,48.052967075,6,#ffd92f,circle
86176,"9,17E+18",9,1,79,134,2017,7,7,3,3,5,3,1,1,0,0,0,0,0,0,666301084.0,5342131.38,11.238560543,48.210605275,1,#66c2a5,bicycle
86177,"9,17E+18",9,1,81,130,2017,7,6,3,3,3,6,0,1,0,0,0,1,0,0,636980356.0,5323432584.0,10.838099415,48.049466027,2,#fc8d62,car
86178,"9,17E+18",9,1,79,125,2017,7,15,3,2,4,6,0,1,0,0,0,1,0,0,660591.8053,5332175.5765,11.158006347,48.122567697,2,#fc8d62,car
86179,"9,17E+18",9,1,74,122,2017,7,19,3,3,2,6,1,1,0,0,0,0,0,0,685655.4971,5354292.9933,11.504180797,48.314550545,1,#66c2a5,bicycle
86180,"9,17E+18",9,1,74,113,2017,7,12,3,2,4,1,0,1,0,1,0,0,0,0,676979.1039,5346477.0895,11.38398568,48.246781549,2,#fc8d62,car
86181,"9,17E+18",9,1,74,143,2017,7,10,3,3,2,6,0,1,0,0,0,0,0,0,675919.5404,5352076.5217,11.372055396,48.297410043,2,#fc8d62,car
86182,"9,17E+18",9,1,75,111,2017,7,21,3,3,9,6,0,1,0,1,0,0,1,0,712393075.0,5338210.6113,11.856325888,48.161628084,2,#fc8d62,car
86183,"9,17E+18",9,1,75,135,2017,7,7,3,3,2,6,0,1,0,0,0,0,0,0,709908.9636,5337531.3481,11.822626003,48.15634913,2,#fc8d62,car
86184,"9,17E+18",9,1,78,113,2017,7,8,3,3,3,6,0,0,0,0,0,1,0,0,691491.3298,5369162.3972,11.589588268,48.446448024,6,#ffd92f,circle
86185,"9,17E+18",9,1,78,124,2017,7,9,3,3,6,2,0,1,0,0,0,1,0,0,701388.7756,5365569.1613,11.721554652,48.411069763,2,#fc8d62,car
86186,"9,17E+18",9,1,75,124,2017,7,11,3,3,5,2,1,1,0,0,0,0,0,0,713602.8951,5329386.7737,11.868153942,48.081934534,1,#66c2a5,bicycle
86189,"9,17E+18",9,7,72,131,2017,7,6,2,3,8,1,0,1,0,0,0,0,0,1,620091.8043,5356705.6333,10.620992478,48.35210159,2,#fc8d62,car
86190,"9,17E+18",9,7,72,147,2017,7,12,7,3,2,2,0,1,0,0,0,0,0,0,638163.6281,5365126.3995,10.867568572,48.424124452,2,#fc8d62,car
86191,"9,17E+18",9,7,71,145,2017,7,17,7,2,4,2,1,1,0,0,0,0,0,0,644877.9047,5344499.1334,10.951181123,48.237147534,1,#66c2a5,bicycle
86235,"9,17E+18",9,1,86,152,2017,7,21,1,3,8,1,0,1,0,0,0,0,2,0,693623.2623,5376096789.0,11.621598952,48.508115457,2,#fc8d62,car
86240,"9,17E+18",9,1,88,113,2017,7,10,1,3,5,3,1,1,0,0,0,0,0,0,675649.1712,5314861.7159,11.353071696,47.962948738,1,#66c2a5,bicycle
86241,"9,17E+18",9,1,81,145,2017,7,11,1,2,0,1,1,0,0,0,0,0,0,0,644448.1506,5331021.9165,10.940815966,48.116062098,1,#66c2a5,bicycle
86242,"9,17E+18",9,1,88,145,2017,7,18,1,3,0,7,1,0,0,0,0,0,0,0,664035327.0,5327100.0145,11.202293997,48.076058581,1,#66c2a5,bicycle
86243,"9,17E+18",9,1,88,121,2017,7,16,1,3,5,2,1,1,0,0,0,0,0,0,671500.5493,5330726.7825,11.303894606,48.106698415,1,#66c2a5,bicycle
86244,"9,17E+18",9,1,81,114,2017,7,12,1,3,8,1,0,0,0,1,0,0,0,0,652288.6744,5311835.1566,11.039274093,47.941719086,4,#e78ac3,marker
86245,"9,17E+18",9,1,74,131,2017,7,14,1,3,8,1,0,1,0,0,0,0,0,0,673907.4103,5362644.2304,11.349312194,48.392960282,2,#fc8d62,car
86246,"9,17E+18",9,1,75,127,2017,7,13,1,3,6,4,0,1,1,0,0,0,0,0,713245.9352,5341166.1828,11.869263103,48.187900296,2,#fc8d62,car
86247,"9,17E+18",9,1,78,137,2017,7,8,1,2,9,1,0,0,0,1,0,0,0,0,690433.9827,5361794302.0,11.571960339,48.380548371,4,#e78ac3,marker
86248,"9,17E+18",9,1,77,139,2017,7,11,1,3,5,3,1,1,0,0,0,0,0,0,731248.8148,5356310.5096,12.119410239,48.317651885,1,#66c2a5,bicycle
86249,"9,17E+18",9,1,62,0,2017,7,8,7,3,5,3,0,1,0,0,0,0,0,1,685231.6755,5328901.9574,11.48738965,48.086451409,2,#fc8d62,car
86270,"9,17E+18",9,2,61,0,2017,7,16,7,3,3,6,0,1,0,0,0,0,0,0,734542.07,5381767515.0,12.178006282,48.545112323,2,#fc8d62,car
86272,"9,17E+18",9,1,73,130,2017,7,17,7,3,9,1,0,1,0,0,0,0,0,0,679540169.0,5312397316.0,11.404121836,47.939716098,2,#fc8d62,car
86276,"9,17E+18",9,1,84,114,2017,7,17,7,3,2,6,0,1,0,0,0,0,0,0,701503.4511,5313820.06,11.698566625,47.945972976,2,#fc8d62,car
86277,"9,17E+18",9,1,87,117,2017,7,1,7,3,9,1,0,1,0,0,0,0,2,1,725385.6668,5302350.9335,12.011980351,47.834968626,2,#fc8d62,car