OBJECTID,UIDENTSTLA,ULAND,UREGBEZ,UKREIS,UGEMEINDE,UJAHR,UMONAT,USTUNDE,UWOCHENTAG,UKATEGORIE,UART,UTYP1,IstRad,IstPKW,IstFuss,IstKrad,IstGkfz,IstSonstig,ULICHTVERH,STRZUSTAND,LINREFX,LINREFY,XGCSWGS84,YGCSWGS84,Teilnehmer,color,symbol
86281,"9,17E+18",9,1,81,122,2017,7,15,7,2,4,2,0,1,0,1,0,0,0,0,647995.4667,5332141.8412,10.988837358,48.125317404,2,#fc8d62,car
86282,"9,17E+18",9,1,81,113,2017,7,12,7,2,8,1,0,0,0,1,0,0,0,0,641175274.0,5308159.2386,10.889338728,47.911209285,4,#e78ac3,marker
86283,"9,17E+18",9,1,88,120,2017,7,22,7,3,8,1,0,1,0,0,0,0,2,0,672062.2825,5325797.5858,11.309448899,48.062234782,2,#fc8d62,car
86284,"9,17E+18",9,1,74,126,2017,7,17,7,3,5,3,0,1,0,1,0,0,0,0,683873.0096,5343776749.0,11.475589401,48.220547697,2,#fc8d62,car
86285,"9,17E+18",9,1,62,0,2017,7,12,7,3,2,6,0,1,0,0,0,0,0,0,696497.9877,5343178.8221,11.645107796,48.211390099,2,#fc8d62,car
86286,"9,17E+18",9,1,84,149,2017,7,7,7,3,2,7,0,1,0,0,0,1,0,0,688978.6911,5350171.9079,11.547115219,48.276526721,2,#fc8d62,car
86287,"9,17E+18",9,1,84,135,2017,7,13,7,3,2,6,0,1,0,0,0,0,0,0,693065.6274,5344973.4473,11.599770853,48.228572745,2,#fc8d62,car
86288,"9,17E+18",9,1,75,135,2017,7,15,7,2,5,3,1,0,0,1,0,0,0,0,709395.0903,5337940.7371,11.815926138,48.160197325,1,#66c2a5,bicycle
86289,"9,17E+18",9,1,78,123,2017,7,20,7,3,7,1,1,0,0,0,0,0,1,0,687923.1606,5359426.0432,11.537026306,48.360015802,1,#66c2a5,bicycle
86290,"9,17E+18",9,1,78,124,2017,7,16,7,2,2,6,0,1,0,0,0,0,0,0,703383607.0,5367231.8787,11.749286704,48.425370726,2,#fc8d62,car
86291,"9,17E+18",9,1,77,117,2017,7,14,7,3,8,1,0,1,0,0,0,0,0,0,716848.5014,5350477.4559,11.922435149,48.270343852,2,#fc8d62,car
86292,"9,17E+18",9,1,75,136,2017,7,6,7,3,8,1,0,1,0,0,0,0,0,0,726031.2734,5319793109.0,12.029738156,47.991455984,2,#fc8d62,car
86293,"9,17E+18",9,1,75,121,2017,7,19,7,3,8,1,0,1,0,0,0,0,0,0,713886.9664,5318561.6209,11.866558705,47.984566211,2,#fc8d62,car
86294,"9,17E+18",9,1,75,115,2017,7,5,7,3,9,7,0,0,0,0,0,1,1,1,718494.9968,5335175.9896,11.936718751,48.132294292,6,#ffd92f,circle
86295,"9,17E+18",9,1,62,0,2017,7,7,6,3,5,2,1,1,0,0,0,0,0,1,691253966.0,5339262796.0,11.572827829,48.177795493,1,#66c2a5,bicycle
86296,"9,17E+18",9,1,84,123,2017,7,17,6,3,2,6,0,1,0,0,0,0,0,0,704378.9619,5331537.6435,11.745479724,48.104287173,2,#fc8d62,car
86297,"9,17E+18",9,1,62,0,2017,7,7,6,3,3,7,1,1,0,0,0,0,0,0,695277.5914,5334029.1551,11.624495482,48.129534524,1,#66c2a5,bicycle
86299,"9,17E+18",9,7,78,216,2017,7,13,6,2,8,1,0,1,0,0,0,0,0,1,626123.4706,5321220.2123,10.691830946,48.0318077,2,#fc8d62,car
86305,"9,17E+18",9,7,77,130,2017,7,12,6,2,9,6,0,1,0,1,0,0,0,0,623593.6037,5307095.1826,10.653848143,47.905269252,2,#fc8d62,car
86307,"9,17E+18",9,7,77,121,2017,7,13,6,3,0,2,1,0,0,0,0,0,0,1,628215072.0,5321589732.0,10.719985494,48.034714307,1,#66c2a5,bicycle
86312,"9,17E+18",9,7,72,111,2017,7,21,6,3,2,6,0,1,0,0,0,0,1,0,628071.9815,5364063.4267,10.730901685,48.416698433,2,#fc8d62,car
86313,"9,17E+18",9,7,72,184,2017,7,8,6,3,2,6,0,1,0,0,0,0,0,0,633088.8806,5358893.5788,10.797033084,48.369170767,2,#fc8d62,car
86314,"9,17E+18",9,7,72,202,2017,7,14,6,3,1,6,0,1,0,0,0,1,0,0,636312.0438,5359743.2567,10.840806244,48.376123138,2,#fc8d62,car
86315,"9,17E+18",9,7,61,0,2017,7,14,6,3,0,7,1,0,0,0,0,0,0,0,642049146.0,5364856775.0,10.919967817,48.420835955,1,#66c2a5,bicycle
86316,"9,17E+18",9,7,71,113,2017,7,13,6,3,4,6,0,1,0,0,0,0,0,1,659186788.0,5366475595.0,11.152057809,48.431292677,2,#fc8d62,car
86394,"9,17E+18",9,1,82,137,2017,7,12,6,3,2,6,0,1,0,0,0,0,0,0,711497.3405,5305121337.0,11.827976777,47.864582083,2,#fc8d62,car
86396,"9,17E+18",9,1,63,0,2017,7,9,6,3,6,4,0,1,1,0,0,0,0,0,733875.4558,5304875.5302,12.126627806,47.854618828,2,#fc8d62,car
86397,"9,17E+18",9,1,63,0,2017,7,21,6,3,4,6,0,1,0,0,0,0,2,1,734285758.0,5304535447.0,12.131920417,47.85141411,2,#fc8d62,car
86402,"9,17E+18",9,1,87,122,2017,7,6,6,3,5,3,0,1,0,0,0,0,0,0,716950578.0,5306123627.0,11.901300793,47.871770312,2,#fc8d62,car
86403,"9,17E+18",9,1,87,150,2017,7,7,6,3,6,4,0,1,1,0,0,0,0,1,728875.0144,5304025.1521,12.059427826,47.848778629,2,#fc8d62,car
86409,"9,17E+18",9,1,81,127,2017,7,16,6,3,2,7,0,1,0,0,0,0,0,0,632274.3729,5322257.1059,10.774619898,48.039887901,2,#fc8d62,car
86410,"9,17E+18",9,1,88,141,2017,7,9,6,3,2,6,0,1,0,0,0,0,0,1,666082.0652,5305825.9898,11.221526659,47.884266325,2,#fc8d62,car
86411,"9,17E+18",9,1,88,137,2017,7,9,6,3,2,6,0,1,0,0,0,1,0,0,672633.5075,5316918.3885,11.313533116,47.982258286,2,#fc8d62,car
86412,"9,17E+18",9,1,79,142,2017,7,17,6,3,5,3,0,1,0,0,0,0,0,0,673206.9731,5338980484.0,11.330156309,48.180433557,2,#fc8d62,car
86413,"9,17E+18",9,1,79,119,2017,7,7,6,3,5,3,1,0,0,0,0,1,0,0,671318.6056,5339081.3258,11.304814175,48.181852068,1,#66c2a5,bicycle
86414,"9,17E+18",9,1,79,121,2017,7,7,6,3,5,2,0,1,0,0,0,1,0,1,665468.1476,5339738.0825,11.226424319,48.189307065,2,#fc8d62,car
86415,"9,17E+18",9,1,81,139,2017,7,12,6,3,6,4,0,1,1,0,0,0,0,0,655537.6682,5324203.1554,11.087233656,48.052142041,2,#fc8d62,car
86416,"9,17E+18",9,1,74,115,2017,7,7,6,3,5,3,1,0,0,0,0,1,0,1,681421.6976,5346903.7718,11.443956351,48.249360983,1,#66c2a5,bicycle
86417,"9,17E+18",9,1,78,137,2017,7,19,6,3,2,7,0,1,0,0,0,0,1,1,692299.0586,5362481.9288,11.597437496,48.386162661,2,#fc8d62,car
86418,"9,17E+18",9,1,62,0,2017,7,8,6,3,2,6,0,1,0,0,0,0,0,0,694850.7565,5342779.9488,11.622775045,48.208313071,2,#fc8d62,car
86419,"9,17E+18",9,1,78,145,2017,7,19,6,3,4,1,0,1,0,0,0,0,0,0,699737.6682,5356450.8666,11.694937106,48.329652432,2,#fc8d62,car
86420,"9,17E+18",9,1,77,133,2017,7,14,6,3,5,3,0,1,0,0,0,0,0,0,713842.6303,5355786544.0,11.884667289,48.319069557,2,#fc8d62,car
86421,"9,17E+18",9,1,62,0,2017,7,21,5,2,4,7,0,1,0,1,0,0,2,0,699714106.0,5332955.25,11.683551212,48.118506776,2,#fc8d62,car
86422,"9,17E+18",9,1,62,0,2017,7,8,5,3,3,6,1,1,0,0,0,0,0,0,687915483.0,5335004.9993,11.52608222,48.140521697,1,#66c2a5,bicycle
86423,"9,17E+18",9,1,84,122,2017,7,18,5,3,2,2,0,1,0,1,0,0,0,0,689118.5891,5323530.5677,11.537157587,48.037030774,2,#fc8d62,car
86424,"9,17E+18",9,1,84,136,2017,7,13,5,2,6,2,0,1,1,0,0,0,0,0,698562.4744,5326355.2567,11.665025669,48.059550849,2,#fc8d62,car
86429,"9,17E+18",9,7,62,0,2017,7,20,5,3,9,1,0,0,0,1,0,0,0,0,618668.9813,5303540.3532,10.58699949,47.874227491,4,#e78ac3,marker
86433,"9,17E+18",9,7,71,130,2017,7,17,5,3,2,6,0,1,0,0,0,1,0,0,648832.0008,5362694357.0,11.010821958,48.399827877,2,#fc8d62,car
86434,"9,17E+18",9,7,71,113,2017,7,21,5,3,0,6,0,1,0,1,0,0,0,0,659347804.0,5371257.1416,11.156053017,48.474238557,2,#fc8d62,car
86493,"9,17E+18",9,2,74,126,2017,7,19,5,3,5,3,0,1,0,1,0,0,0,0,733293.6901,5383710.5468,12.16220641,48.563031211,2,#fc8d62,car
86494,"9,17E+18",9,1,62,0,2017,7,7,5,3,2,6,0,1,0,0,0,0,0,0,686817.9339,5331171.9497,11.509663082,48.106392118,2,#fc8d62,car
86495,"9,17E+18",9,1,73,147,2017,7,17,5,3,0,1,1,0,0,0,0,0,0,0,681228.2896,5309505.6936,11.42548934,47.913247403,1,#66c2a5,bicycle
86496,"9,17E+18",9,1,73,147,2017,7,15,5,3,0,1,1,0,0,0,0,0,0,0,681126.5683,5309484.6553,11.424120364,47.913087021,1,#66c2a5,bicycle
86497,"9,17E+18",9,1,90,159,2017,7,14,5,3,4,6,0,1,0,0,0,0,0,0,662013.7792,5304037.0297,11.166478767,47.869221546,2,#fc8d62,car
86522,"9,17E+18",9,2,61,0,2017,7,7,4,3,5,6,1,1,0,0,0,0,0,0,733518.7957,5381280.3322,12.16389012,48.541117818,1,#66c2a5,bicycle
86523,"9,17E+18",9,1,88,139,2017,7,21,4,3,9,1,0,0,0,1,0,0,0,0,676199351.0,5319135941.0,11.362188962,48.001220981,4,#e78ac3,marker
86525,"9,17E+18",9,1,90,157,2017,7,11,4,2,5,3,1,1,0,0,0,0,0,0,660536.6462,5300889.4838,11.145572325,47.841292567,1,#66c2a5,bicycle
86547,"9,17E+18",9,1,90,152,2017,7,18,4,2,5,3,0,1,0,1,0,0,0,0,670857802.0,5299608234.0,11.28289921,47.827113829,2,#fc8d62,car
86548,"9,17E+18",9,1,83,126,2017,7,18,4,3,4,6,0,1,0,0,0,1,0,0,731667.6671,5338962.0274,12.115564537,48.1616493,2,#fc8d62,car
86555,"9,17E+18",9,1,63,0,2017,7,20,4,3,5,3,0,1,0,1,0,0,1,0,732573151.0,5302028173.0,12.107714431,47.829510204,2,#fc8d62,car
86557,"9,17E+18",9,1,87,150,2017,7,15,4,2,0,1,0,0,0,1,0,0,0,0,730273.2391,5303402.7362,12.07775929,47.84268727,4,#e78ac3,marker
86565,"9,17E+18",9,1,74,146,2017,7,17,4,3,3,6,0,1,0,0,0,1,0,0,665297.1007,5351586.4224,11.228749411,48.295868236,2,#fc8d62,car
86566,"9,17E+18",9,1,88,139,2017,7,10,4,3,0,6,0,1,0,1,0,0,0,0,673920275.0,5318018.1153,11.331208294,47.991796054,2,#fc8d62,car
86567,"9,17E+18",9,1,79,117,2017,7,17,4,3,3,3,1,1,0,0,0,0,0,0,660621.0015,5349892.2969,11.165103458,48.281841759,1,#66c2a5,bicycle
86568,"9,17E+18",9,1,79,117,2017,7,18,4,3,0,3,1,1,0,0,0,0,0,0,661849209.0,5346545508.0,11.180365972,48.251440527,1,#66c2a5,bicycle
86569,"9,17E+18",9,1,81,133,2017,7,19,4,2,4,2,0,1,0,0,0,0,0,0,645164.2227,5312911.1748,10.944292889,47.953048734,2,#fc8d62,car
86570,"9,17E+18",9,1,88,144,2017,7,7,4,3,5,3,1,1,0,0,0,0,0,0,668910054.0,5325218045.0,11.266944935,48.057867047,1,#66c2a5,bicycle
86571,"9,17E+18",9,1,74,131,2017,7,16,4,3,2,6,0,1,0,0,0,0,0,0,675704.8937,5360169.7496,11.372538343,48.370219309,2,#fc8d62,car
86572,"9,17E+18",9,1,74,115,2017,7,12,4,3,1,6,0,1,0,0,0,0,0,0,681227.5555,5347174.9067,11.441459581,48.251853647,2,#fc8d62,car
86573,"9,17E+18",9,1,75,135,2017,7,8,4,3,6,4,0,0,1,1,0,0,0,0,708665.3375,5339300.4798,11.806791859,48.172656021,3,#8da0cb,toilet
86574,"9,17E+18",9,1,75,135,2017,7,17,4,3,1,6,0,1,0,1,0,0,0,0,709068588.0,5339105372.0,11.812113336,48.170770259,2,#fc8d62,car
86575,"9,17E+18",9,1,78,120,2017,7,8,4,3,1,5,0,1,0,0,0,0,0,0,695087.8906,5353005.5282,11.63067677,48.300140696,2,#fc8d62,car
86576,"9,17E+18",9,1,77,117,2017,7,0,4,3,4,2,0,1,0,0,0,0,2,0,713507425.0,5354492943.0,11.879496794,48.307559403,2,#fc8d62,car
86577,"9,17E+18",9,1,75,124,2017,7,11,4,3,5,3,0,1,0,0,0,0,0,0,715472.9449,5328550.2701,11.892809255,48.07378888,2,#fc8d62,car
86578,"9,17E+18",9,1,62,0,2017,7,7,3,3,3,2,1,1,0,0,0,0,0,0,688601.2489,5335684.9408,11.535592553,48.146430211,1,#66c2a5,bicycle
86579,"9,17E+18",9,1,62,0,2017,7,18,3,3,2,6,0,1,0,0,0,0,1,0,688539.5024,5334609.2072,11.534286992,48.136779657,2,#fc8d62,car
86580,"9,17E+18",9,1,84,132,2017,7,13,3,3,3,2,1,1,0,0,0,0,0,0,683720.5436,5329506.1988,11.467376898,48.09232005,1,#66c2a5,bicycle
86581,"9,17E+18",9,1,84,136,2017,7,13,3,3,3,3,0,1,0,1,0,0,0,0,698693.4094,5326109.6255,11.666666968,48.057302521,2,#fc8d62,car
86582,"9,17E+18",9,1,62,0,2017,7,21,3,3,4,2,1,1,0,0,0,0,1,0,693098.9268,5338850.2334,11.597433249,48.173529579,1,#66c2a5,bicycle
86583,"9,17E+18",9,1,84,137,2017,7,19,3,3,3,2,0,1,0,0,0,0,0,0,707277.1336,5315804.2781,11.776751985,47.96196257,2,#fc8d62,car
86584,"9,17E+18",9,1,84,135,2017,7,16,3,3,2,6,0,1,0,0,0,0,0,0,686772.1674,5347502.2531,11.516226175,48.253186275,2,#fc8d62,car
86585,"9,17E+18",9,1,84,113,2017,7,13,3,3,2,6,0,1,0,0,0,0,0,0,685430.8807,5321474.9061,11.486843556,48.019634641,2,#fc8d62,car
86586,"9,17E+18",9,1,62,0,2017,7,11,3,3,1,6,0,1,0,0,0,0,0,0,688335.7198,5340196.5446,11.534024397,48.187059724,2,#fc8d62,car
86587,"9,17E+18",9,1,62,0,2017,7,9,3,3,2,6,0,1,0,1,0,0,0,0,684826.3643,5332017.5276,11.483301434,48.114573581,2,#fc8d62,car
86588,"9,17E+18",9,7,78,116,2017,7,22,3,1,2,6,0,1,0,1,0,0,2,0,618609.5356,5322122.8467,10.591329952,48.041365523,2,#fc8d62,car
86597,"9,17E+18",9,7,61,0,2017,7,4,3,3,2,6,0,0,0,0,0,1,2,0,640189.5308,5364036735.0,10.894573149,48.413879026,6,#ffd92f,circle
86598,"9,17E+18",9,7,72,156,2017,7,15,3,3,1,1,0,1,0,0,0,0,0,0,626916.7508,5370299.7554,10.717185959,48.473012042,2,#fc8d62,car
86599,"9,17E+18",9,7,71,145,2017,7,17,3,3,4,6,1,1,0,0,0,0,0,0,642815.9783,5347663404.0,10.924495685,48.266067526,1,#66c2a5,bicycle
86600,"9,17E+18",9,7,61,0,2017,7,8,3,3,5,3,0,1,0,0,0,0,0,0,641090089.0,5355555.81,10.903890292,48.337420818,2,#fc8d62,car
86644,"9,17E+18",9,1,90,157,2017,7,5,3,2,4,7,0,1,0,0,0,0,0,0,661428591.0,5302698315.0,11.158159379,47.857332494,2,#fc8d62,car
86645,"9,17E+18",9,1,73,118,2017,7,7,3,3,5,3,0,1,0,0,0,0,0,0,693614.7544,5306221.1069,11.589621773,47.880105572,2,#fc8d62,car
86656,"9,17E+18",9,1,87,126,2017,7,15,3,2,8,1,0,0,0,1,0,0,0,0,739034.4664,5325456.8745,12.206915624,48.03760769,4,#e78ac3,marker
86657,"9,17E+18",9,1,82,127,2017,7,8,3,3,5,3,1,1,0,0,0,0,0,0,699995.8244,5309249.3906,11.676277697,47.905366654,1,#66c2a5,bicycle
86658,"9,17E+18",9,1,82,136,2017,7,16,3,3,2,1,0,1,0,0,0,0,0,0,703289752.0,5301108692.0,11.716476384,47.831168824,2,#fc8d62,car
86662,"9,17E+18",9,1,87,150,2017,7,10,3,3,2,6,0,1,0,0,0,0,0,0,729600.1818,5303360.7553,12.068754511,47.842550771,2,#fc8d62,car
86671,"9,17E+18",9,1,74,146,2017,7,7,3,3,2,6,0,0,0,0,0,1,0,0,664704.4352,5351934.8866,11.220900513,48.299155448,6,#ffd92f,circle
86672,"9,17E+18",9,1,79,145,2017,7,20,3,3,1,6,0,1,0,0,0,0,0,0,674009293.0,5335591.15,11.339553831,48.149746207,2,#fc8d62,car
86673,"9,17E+18",9,1,74,118,2017,7,19,3,3,8,6,0,1,0,0,0,0,0,0,667723.9445,5352454.0362,11.261789656,48.303029254,2,#fc8d62,car
86674,"9,17E+18",9,1,74,115,2017,7,6,3,3,5,2,0,1,0,1,0,0,0,0,677720.3451,5352184.0605,11.396360309,48.297873499,2,#fc8d62,car
86675,"9,17E+18",9,1,74,135,2017,7,18,3,3,2,6,0,1,0,0,0,0,0,0,662523571.0,5353095.9311,11.191963009,48.310157319,2,#fc8d62,car
86676,"9,17E+18",9,1,84,119,2017,7,16,3,3,9,1,0,1,0,0,0,0,0,0,696359.9671,5349217.2997,11.646050983,48.265701921,2,#fc8d62,car
86677,"9,17E+18",9,1,75,132,2017,7,14,3,3,4,2,0,1,0,1,0,0,0,0,707237353.0,5336756.1218,11.786367986,48.150258908,2,#fc8d62,car
86678,"9,17E+18",9,1,84,138,2017,7,12,2,3,3,6,1,0,0,0,0,0,0,0,682684.0548,5330045.7354,11.453700939,48.097467761,1,#66c2a5,bicycle
86679,"9,17E+18",9,1,62,0,2017,7,15,2,3,4,7,0,1,0,0,0,0,0,0,688598.6343,5328754.9527,11.532492685,48.084142892,2,#fc8d62,car
86680,"9,17E+18",9,1,84,147,2017,7,18,2,3,2,6,0,1,0,1,0,0,0,0,695678.4557,5339950.1276,11.632599938,48.182625828,2,#fc8d62,car
86681,"9,17E+18",9,1,62,0,2017,7,7,2,3,4,2,1,1,0,0,0,0,0,0,691283.3754,5331873.19,11.56990324,48.111369695,1,#66c2a5,bicycle
86682,"9,17E+18",9,7,74,144,2017,7,9,2,3,2,6,0,1,0,0,0,0,0,0,613920.2539,5361959.9509,10.539145308,48.400499011,2,#fc8d62,car
86697,"9,17E+18",9,7,72,160,2017,7,9,2,3,2,6,0,1,0,0,0,0,0,0,637897.5004,5340681.4389,10.855981473,48.204374984,2,#fc8d62,car
86698,"9,17E+18",9,7,72,223,2017,7,7,2,2,5,3,0,1,0,1,0,0,0,0,618335.9995,5362463.4621,10.598923469,48.404213716,2,#fc8d62,car
86699,"9,17E+18",9,7,72,200,2017,7,18,2,3,4,2,0,1,0,0,0,0,0,0,628985009.0,5337293.1941,10.735056964,48.175778951,2,#fc8d62,car
86700,"9,17E+18",9,7,72,200,2017,7,18,2,3,8,7,0,1,0,0,0,0,0,0,627001.1556,5339831.1255,10.709142246,48.1990019,2,#fc8d62,car
86701,"9,17E+18",9,7,72,149,2017,7,18,2,3,0,1,0,0,0,1,0,0,0,0,635668.1994,5340002.8872,10.825776034,48.19875362,4,#e78ac3,marker
86702,"9,17E+18",9,7,72,209,2017,7,12,2,3,4,6,0,1,0,0,0,0,0,0,636392.8768,5337131.7957,10.834601402,48.172780712,2,#fc8d62,car
86703,"9,17E+18",9,7,61,0,2017,7,18,2,3,5,3,1,1,0,0,0,0,0,0,644693.4304,5357218.7385,10.953056696,48.351558021,1,#66c2a5,bicycle
86704,"9,17E+18",9,7,61,0,2017,7,7,2,3,5,2,1,1,0,0,0,0,0,0,640118.37,5352450152.0,10.889753018,48.309711673,1,#66c2a5,bicycle
86705,"9,17E+18",9,7,61,0,2017,7,8,2,3,5,3,0,1,0,0,0,0,0,0,640743.8987,5352361.9122,10.898155183,48.30877935,2,#fc8d62,car
86706,"9,17E+18",9,7,61,0,2017,7,8,2,3,2,6,0,1,0,0,0,1,0,0,641420.8314,5357559.3055,10.909023716,48.355361597,2,#fc8d62,car
86746,"9,17E+18",9,2,61,0,2017,7,13,2,3,5,3,1,1,0,0,0,0,0,0,733635.3532,5381335.5461,12.165497776,48.541570399,1,#66c2a5,bicycle
86747,"9,17E+18",9,2,61,0,2017,7,12,2,3,4,2,0,1,0,1,0,0,0,0,732200.2079,5381528.5621,12.146191358,48.543836893,2,#fc8d62,car
86755,"9,17E+18",9,1,90,129,2017,7,14,2,3,4,6,0,1,0,0,0,0,0,0,642161.3523,5300600.1357,10.900040104,47.843016823,2,#fc8d62,car
86758,"9,17E+18",9,1,73,118,2017,7,13,2,3,2,2,0,1,0,0,0,0,0,0,688182.1112,5303406.6239,11.515807618,47.856422216,2,#fc8d62,car
86763,"9,17E+18",9,1,63,0,2017,7,18,2,3,5,3,1,1,0,0,0,0,0,0,730721.5359,5303417.4289,12.083749951,47.842658579,1,#66c2a5,bicycle
86768,"9,17E+18",9,1,87,169,2017,7,19,2,3,6,4,0,1,1,0,0,0,0,0,736313.9207,5301004.4748,12.157063663,47.818950319,2,#fc8d62,car
86771,"9,17E+18",9,1,87,150,2017,7,9,2,3,5,3,0,1,0,1,0,0,0,0,728973.6384,5304319.7074,12.060900081,47.851389963,2,#fc8d62,car
86777,"9,17E+18",9,1,74,113,2017,7,10,2,3,8,1,0,0,0,0,0,1,0,0,670185.6379,5348286.6548,11.293280096,48.264909085,6,#ffd92f,circle
86778,"9,17E+18",9,1,74,146,2017,7,6,2,3,8,7,0,1,0,0,0,0,0,0,666837098.0,5350941342.0,11.249242263,48.289664963,2,#fc8d62,car
86779,"9,17E+18",9,1,88,145,2017,7,16,2,3,2,7,0,1,0,1,0,0,0,0,663842.4418,5327796.6892,11.199973504,48.08237157,2,#fc8d62,car
86780,"9,17E+18",9,1,74,122,2017,7,20,2,3,0,1,0,0,0,1,0,0,0,1,684476958.0,5353062.4465,11.487761933,48.30383501,4,#e78ac3,marker
86781,"9,17E+18",9,1,74,115,2017,7,11,2,3,4,2,0,1,0,1,0,0,0,0,683286.0289,5348531.4979,11.469751897,48.263455328,2,#fc8d62,car
86782,"9,17E+18",9,1,62,0,2017,7,9,2,3,2,6,0,1,0,0,0,0,0,0,696455.6373,5335124.8354,11.640816074,48.139019367,2,#fc8d62,car
86783,"9,17E+18",9,1,75,132,2017,7,8,2,2,5,3,0,1,0,0,0,0,0,0,707797.2662,5333560.4553,11.792328145,48.121359122,2,#fc8d62,car
86784,"9,17E+18",9,1,78,143,2017,7,14,2,3,0,2,0,1,0,1,0,0,0,0,716753.1668,5372149.5396,11.932319028,48.465097091,2,#fc8d62,car
86785,"9,17E+18",9,1,77,115,2017,7,11,2,3,5,3,0,1,0,0,0,0,0,0,730231.2699,5347596.9934,12.100959521,48.239744919,2,#fc8d62,car
86786,"9,17E+18",9,1,62,0,2017,7,12,1,3,2,6,0,1,0,0,0,0,2,0,691058.0202,5339205.8614,11.570169045,48.177342717,2,#fc8d62,car
86793,"9,17E+18",9,7,77,182,2017,7,18,1,2,8,1,1,1,0,0,0,0,0,0,628187.7541,5308365463.0,10.715673695,47.915791585,1,#66c2a5,bicycle
86796,"9,17E+18",9,7,73,125,2017,7,11,1,2,8,1,0,0,0,1,0,0,0,0,618375.7907,5380971.1288,10.604704665,48.570643832,4,#e78ac3,marker
86797,"9,17E+18",9,7,61,0,2017,7,21,1,3,0,6,0,1,0,1,0,0,1,0,638610.8862,5362855.8671,10.872860625,48.403610199,2,#fc8d62,car
86798,"9,17E+18",9,1,81,138,2017,7,16,1,3,2,6,0,1,0,0,0,0,0,0,639968.8838,5334744.0931,10.881889425,48.150532755,2,#fc8d62,car
86799,"9,17E+18",9,7,71,156,2017,7,13,1,2,9,1,0,0,0,1,0,0,0,0,652670501.0,5383334039.0,11.070191404,48.584472317,4,#e78ac3,marker
86838,"9,17E+18",9,1,62,0,2017,7,13,7,3,4,2,0,1,0,0,0,0,0,0,688184695.0,5342565.04,11.533044309,48.208392701,2,#fc8d62,car
86839,"9,17E+18",9,1,62,0,2017,7,13,7,3,0,7,1,0,0,0,0,0,0,0,687975.0176,5342900.5042,11.530373454,48.211470003,1,#66c2a5,bicycle
86840,"9,17E+18",9,1,62,0,2017,7,17,7,3,2,6,0,1,0,0,0,1,0,0,690570.1694,5331998.6445,11.560387267,48.112711071,2,#fc8d62,car
86841,"9,17E+18",9,1,62,0,2017,7,19,7,3,4,3,0,1,0,1,0,0,0,0,699209.0663,5333049.0861,11.676816543,48.119508289,2,#fc8d62,car
86842,"9,17E+18",9,1,62,0,2017,7,17,7,3,5,3,1,1,0,0,0,0,0,0,690182.7502,5331913.6707,11.555149617,48.112063125,1,#66c2a5,bicycle
86852,"9,17E+18",9,7,71,130,2017,7,18,7,3,8,1,0,1,0,0,0,0,0,0,644009.7867,5363217455.0,10.945889752,48.405651156,2,#fc8d62,car
86853,"9,17E+18",9,7,72,111,2017,7,10,7,3,8,1,0,1,0,0,0,0,0,0,625615.0341,5364223.7932,10.697759218,48.418635159,2,#fc8d62,car
86854,"9,17E+18",9,7,72,223,2017,7,12,7,3,3,6,0,1,0,0,0,0,0,0,621338.3775,5363189.4391,10.63968362,48.41017154,2,#fc8d62,car
86855,"9,17E+18",9,7,71,160,2017,7,17,7,3,5,3,0,1,0,0,0,0,0,0,655568.9518,5351102.6295,11.097497867,48.293985095,2,#fc8d62,car
86856,"9,17E+18",9,7,71,129,2017,7,10,7,3,8,1,0,1,0,0,0,0,0,0,659001.8306,5354417.3892,11.144998278,48.322932889,2,#fc8d62,car
86857,"9,17E+18",9,7,61,0,2017,7,10,7,2,4,6,0,1,0,0,0,0,0,0,641856.6606,5359693.4859,10.91562325,48.374453493,2,#fc8d62,car
86858,"9,17E+18",9,7,72,163,2017,7,11,7,3,0,7,1,0,0,0,0,0,0,0,639503.8747,5345824.8905,10.879282957,48.250273853,1,#66c2a5,bicycle
86859,"9,17E+18",9,7,71,156,2017,7,16,7,3,8,1,0,0,0,0,0,1,0,0,654469.9914,5383257.2308,11.094546808,48.583340653,6,#ffd92f,circle
86904,"9,17E+18",9,2,61,0,2017,7,14,7,3,2,6,0,1,0,0,0,0,0,0,733159493.0,5380984504.0,12.158864218,48.538594096,2,#fc8d62,car
86905,"9,17E+18",9,2,61,0,2017,7,9,7,2,5,3,1,1,0,0,0,0,0,0,731238.7387,5383563208.0,12.134314099,48.562468864,1,#66c2a5,bicycle
86916,"9,17E+18",9,1,82,137,2017,7,11,7,3,0,7,1,0,0,0,0,1,0,1,710072.8854,5301516381.0,11.807203681,47.832653098,1,#66c2a5,bicycle
86917,"9,17E+18",9,1,87,179,2017,7,18,7,3,4,2,0,1,0,0,0,0,0,0,723392384.0,5309421.63,11.989034185,47.899195336,2,#fc8d62,car
86918,"9,17E+18",9,1,87,130,2017,7,12,7,3,6,4,0,1,1,0,0,0,0,0,712751.0871,5310095.6833,11.847170325,47.908868886,2,#fc8d62,car
86924,"9,17E+18",9,1,86,128,2017,7,15,7,3,2,6,0,1,0,0,0,0,0,0,678612.0904,5386039.6984,11.422815134,48.601932989,2,#fc8d62,car