OBJECTID,UIDENTSTLA,ULAND,UREGBEZ,UKREIS,UGEMEINDE,UJAHR,UMONAT,USTUNDE,UWOCHENTAG,UKATEGORIE,UART,UTYP1,IstRad,IstPKW,IstFuss,IstKrad,IstGkfz,IstSonstig,ULICHTVERH,STRZUSTAND,LINREFX,LINREFY,XGCSWGS84,YGCSWGS84,Teilnehmer,color,symbol
86926,"9,17E+18",9,1,86,143,2017,7,10,7,3,5,3,0,1,0,0,0,0,0,0,685056872.0,5377442.6489,11.506327851,48.522793861,2,#fc8d62,car
86927,"9,17E+18",9,1,86,152,2017,7,15,7,3,9,1,0,1,0,0,0,0,0,0,693667.9048,5376116.9215,11.622212079,48.508282625,2,#fc8d62,car
86928,"9,17E+18",9,1,78,120,2017,7,18,1,3,9,1,0,1,0,0,0,0,0,1,693966.1179,5354561077.0,11.616281525,48.314465767,2,#fc8d62,car
86931,"9,17E+18",9,1,88,113,2017,7,23,7,2,9,6,0,1,0,0,0,0,2,0,676365.7152,5316842615.0,11.363475269,47.980559179,2,#fc8d62,car
86932,"9,17E+18",9,1,88,113,2017,7,18,7,3,5,3,1,1,0,0,0,0,0,0,676308.1035,5317098.9945,11.362809125,47.982879795,1,#66c2a5,bicycle
86933,"9,17E+18",9,1,79,134,2017,7,15,7,3,9,6,0,1,0,0,0,0,0,0,668699.7896,5344485.8349,11.271759914,48.231138237,2,#fc8d62,car
86934,"9,17E+18",9,1,74,147,2017,7,19,7,3,0,1,0,0,0,1,0,0,0,0,669947.4741,5366477.6239,11.297415285,48.428499358,4,#e78ac3,marker
86935,"9,17E+18",9,1,74,113,2017,7,16,7,3,5,3,0,1,0,0,0,0,0,0,677732.0935,5347682.8411,11.394625891,48.25740929,2,#fc8d62,car
86936,"9,17E+18",9,1,88,120,2017,7,16,1,3,0,1,0,0,0,1,0,0,0,0,676848.6198,5326517.4327,11.373933257,48.067396989,4,#e78ac3,marker
86937,"9,17E+18",9,1,78,136,2017,7,11,1,2,0,1,1,0,0,0,0,0,0,1,697773103.0,5368985.8673,11.674360226,48.442919562,1,#66c2a5,bicycle
86938,"9,17E+18",9,1,74,115,2017,7,14,7,3,6,4,0,1,1,0,0,0,0,0,680070.7957,5348131.1351,11.426297405,48.260778612,2,#fc8d62,car
86939,"9,17E+18",9,1,74,131,2017,7,10,7,3,5,2,0,1,0,0,0,0,0,0,675730189.0,5360160015.0,11.372875532,48.370124763,2,#fc8d62,car
86940,"9,17E+18",9,1,84,112,2017,7,15,7,3,2,6,0,1,0,0,0,1,0,0,703073.1218,5339482.3057,11.731746833,48.176101368,2,#fc8d62,car
86941,"9,17E+18",9,1,84,135,2017,7,23,7,3,2,6,0,1,0,0,0,0,2,0,691800234.0,5344905.8554,11.582718845,48.228349121,2,#fc8d62,car
86942,"9,17E+18",9,1,84,119,2017,7,9,7,3,2,6,0,1,0,0,0,0,0,0,695651.9909,5345475.4797,11.634791933,48.232292231,2,#fc8d62,car
86943,"9,17E+18",9,1,77,116,2017,7,13,7,3,2,6,0,1,0,0,0,1,0,0,712516.5904,5364790.9717,11.871349918,48.400424321,2,#fc8d62,car
86944,"9,17E+18",9,1,75,121,2017,7,17,7,2,2,6,0,1,0,1,0,0,0,0,714721.7502,5319976.0308,11.878439355,47.99699626,2,#fc8d62,car
86945,"9,17E+18",9,1,77,115,2017,7,13,7,3,5,3,0,0,0,1,0,1,0,0,733713.0046,5351450.4598,12.149909417,48.273087788,4,#e78ac3,marker
86946,"9,17E+18",9,1,62,0,2017,7,11,6,3,2,6,0,1,0,0,0,0,0,0,694903965.0,5332747.2883,11.618893345,48.118128153,2,#fc8d62,car
86958,"9,17E+18",9,7,77,158,2017,7,13,6,3,3,6,0,0,0,1,0,1,0,0,621748.6461,5309130.2645,10.629745329,47.923924973,4,#e78ac3,marker
86959,"9,17E+18",9,1,81,113,2017,7,9,6,2,4,6,0,1,0,1,0,0,0,0,631475.0779,5302425.5719,10.757841196,47.861707818,2,#fc8d62,car
86963,"9,17E+18",9,7,72,200,2017,7,10,6,3,0,2,0,0,0,1,0,0,0,0,630867.7191,5337479.2133,10.760427427,48.177066789,4,#e78ac3,marker
86964,"9,17E+18",9,7,72,147,2017,7,19,6,2,5,3,1,1,0,0,0,0,0,0,638266.6138,5365176.0681,10.868976247,48.424548463,1,#66c2a5,bicycle
86965,"9,17E+18",9,7,71,122,2017,7,9,6,3,3,6,0,0,0,1,0,1,0,0,655902.0873,5362125.4938,11.106066846,48.393004987,4,#e78ac3,marker
86966,"9,17E+18",9,7,72,202,2017,7,14,6,3,6,2,0,1,1,0,0,0,0,0,636417314.0,5356775317.0,10.841264649,48.349412783,2,#fc8d62,car
86967,"9,17E+18",9,7,71,112,2017,7,18,6,3,5,2,1,1,0,0,0,0,0,0,646763.1474,5368495891.0,10.984918869,48.452475132,1,#66c2a5,bicycle
87037,"9,17E+18",9,2,61,0,2017,7,14,6,3,5,3,1,1,0,0,0,0,0,0,732352.5585,5382045.0775,12.148540463,48.548420216,1,#66c2a5,bicycle
87039,"9,17E+18",9,1,73,120,2017,7,12,6,3,2,6,0,1,0,0,0,0,0,0,688508.9662,5311163364.0,11.523560204,47.926048907,2,#fc8d62,car
87040,"9,17E+18",9,1,81,127,2017,7,15,6,3,9,7,0,1,0,0,0,0,0,0,636683077.0,5327537.21,10.835424798,48.086440453,2,#fc8d62,car
87042,"9,17E+18",9,1,73,126,2017,7,16,6,3,9,1,0,0,0,1,0,0,0,1,684650615.0,5303950843.0,11.468873167,47.862338696,4,#e78ac3,marker
87055,"9,17E+18",9,1,63,0,2017,7,14,6,3,0,6,1,0,0,0,0,0,0,0,733167.9385,5305326.4457,12.117426728,47.858926939,1,#66c2a5,bicycle
87056,"9,17E+18",9,1,87,177,2017,7,12,6,3,2,6,0,1,0,0,0,0,0,0,736039.9949,5304279.1016,12.155194512,47.848469433,2,#fc8d62,car
87057,"9,17E+18",9,1,87,137,2017,7,13,6,3,2,6,0,1,0,0,0,0,0,0,731202.7245,5307515.9586,12.092362876,47.87930815,2,#fc8d62,car
87059,"9,17E+18",9,1,87,130,2017,7,11,6,3,0,1,1,0,0,0,0,0,0,0,713724612.0,5313617.1701,11.861928364,47.940189631,1,#66c2a5,bicycle
87062,"9,17E+18",9,1,84,120,2017,7,18,6,2,3,6,0,1,0,1,0,0,0,0,679964811.0,5333628639.0,11.418723611,48.130448207,2,#fc8d62,car
87063,"9,17E+18",9,2,74,126,2017,7,21,1,3,4,6,0,1,0,0,0,0,2,0,732848.8309,5385262.2994,12.157054518,48.577135369,2,#fc8d62,car
87064,"9,17E+18",9,1,81,130,2017,7,10,6,3,2,2,0,1,0,1,0,0,0,0,640435.2992,5323467.7498,10.884446165,48.049031381,2,#fc8d62,car
87065,"9,17E+18",9,1,74,141,2017,7,14,6,3,4,2,0,1,0,1,0,0,0,0,682520.1919,5355690.6509,11.462536689,48.328025847,2,#fc8d62,car
87066,"9,17E+18",9,1,62,0,2017,7,12,6,3,2,6,0,1,0,0,0,1,0,0,694870.6055,5344453.2382,11.623810729,48.223345509,2,#fc8d62,car
87067,"9,17E+18",9,1,78,157,2017,7,5,6,3,0,6,0,1,0,0,0,1,0,0,703989.7412,5372768.4467,11.760167464,48.474926579,2,#fc8d62,car
87068,"9,17E+18",9,1,62,0,2017,7,10,5,3,2,6,0,1,0,0,0,0,0,0,688132.0654,5340202.8598,11.531289836,48.187176831,2,#fc8d62,car
87069,"9,17E+18",9,1,84,119,2017,7,13,5,3,5,2,1,1,0,0,0,0,0,0,696000.6936,5344579.4565,11.639068302,48.224131767,1,#66c2a5,bicycle
87070,"9,17E+18",9,1,84,121,2017,7,18,5,3,2,2,0,1,0,0,0,1,0,0,705433299.0,5331123677.0,11.759426677,48.100227946,2,#fc8d62,car
87071,"9,17E+18",9,1,62,0,2017,7,17,5,3,3,6,0,1,0,1,0,0,0,0,694902.9677,5332743.3959,11.618878179,48.118093475,2,#fc8d62,car
87072,"9,17E+18",9,1,84,136,2017,7,15,5,3,5,3,1,1,0,0,0,0,0,1,698832.8785,5325821.8866,11.668402962,48.054673077,1,#66c2a5,bicycle
87073,"9,17E+18",9,1,62,0,2017,7,17,5,3,5,7,0,1,0,1,0,0,0,0,694822.4014,5332436.0276,11.617656369,48.115355625,2,#fc8d62,car
87074,"9,17E+18",9,1,84,136,2017,7,16,5,3,2,6,0,1,0,0,0,0,0,1,698599.7668,5327179.5965,11.665908425,48.066947864,2,#fc8d62,car
87075,"9,17E+18",9,1,62,0,2017,7,12,5,2,5,2,1,1,0,0,0,0,0,0,692114282.0,5331369643.0,11.580828039,48.1065938,1,#66c2a5,bicycle
87076,"9,17E+18",9,1,62,0,2017,7,9,5,3,3,6,1,0,0,0,0,0,0,0,694805.2895,5332348433.0,11.617386689,48.114573594,1,#66c2a5,bicycle
87090,"9,17E+18",9,7,62,0,2017,7,15,5,3,3,2,1,0,0,0,0,1,0,0,621446374.0,5304365436.0,10.624359209,47.881128794,1,#66c2a5,bicycle
87094,"9,17E+18",9,7,73,125,2017,7,0,5,3,4,7,0,1,0,0,0,0,2,0,616872.3127,5380268.3787,10.584134212,48.564606295,2,#fc8d62,car
87095,"9,17E+18",9,7,61,0,2017,7,11,5,3,2,6,0,1,0,0,0,1,0,0,640021.5938,5355721.5662,10.889535141,48.339148947,2,#fc8d62,car
87096,"9,17E+18",9,7,72,215,2017,7,9,5,3,5,3,0,1,0,0,0,0,0,0,633496.4507,5344949.0371,10.798121952,48.243691766,2,#fc8d62,car
87097,"9,17E+18",9,7,61,0,2017,7,15,5,3,4,6,1,0,0,0,0,0,0,0,639124.6998,5360896.9361,10.879150237,48.385882852,1,#66c2a5,bicycle
87106,"9,17E+18",9,1,82,127,2017,7,16,1,3,8,7,0,1,0,0,0,0,0,0,702171548.0,5312419.0017,11.706845711,47.93317086,2,#fc8d62,car
87125,"9,17E+18",9,1,82,123,2017,7,9,1,2,9,1,0,0,0,1,0,0,0,1,714422.4801,5302905.3588,11.865940796,47.843699429,4,#e78ac3,marker
87126,"9,17E+18",9,1,81,128,2017,7,15,1,3,0,1,0,1,0,1,0,0,0,0,639252.2644,5327928.3107,10.870033342,48.089401226,2,#fc8d62,car
87134,"9,17E+18",9,1,88,121,2017,7,21,1,3,4,6,0,1,0,0,0,0,2,1,672190.7985,5329766.4913,11.312771938,48.097879489,2,#fc8d62,car
87152,"9,17E+18",9,2,61,0,2017,7,16,5,2,0,1,1,0,0,0,0,0,0,1,732376.2534,5380247.5784,12.147858724,48.53226497,1,#66c2a5,bicycle
87153,"9,17E+18",9,2,74,124,2017,7,14,5,3,0,1,1,0,0,0,0,0,0,0,722890.3003,5374053.4354,12.016240978,48.480057546,1,#66c2a5,bicycle
87156,"9,17E+18",9,1,73,137,2017,7,20,5,3,5,3,0,1,0,0,0,0,1,0,679144508.0,5308246699.0,11.397103259,47.902515196,2,#fc8d62,car
87157,"9,17E+18",9,1,73,120,2017,7,13,5,3,5,3,0,1,0,0,0,0,0,0,685167.7989,5310546.9597,11.478610993,47.921481933,2,#fc8d62,car
87158,"9,17E+18",9,1,90,159,2017,7,18,5,3,8,1,0,1,0,0,0,0,0,1,665244.9258,5305858.2032,11.210349985,47.884771979,2,#fc8d62,car
87159,"9,17E+18",9,1,90,159,2017,7,8,5,2,5,3,0,1,0,0,0,0,0,0,663275.8104,5305802.9563,11.184009716,47.884779127,2,#fc8d62,car
87164,"9,17E+18",9,1,87,130,2017,7,14,1,3,2,6,0,1,0,1,0,0,0,0,712486.5902,5310143.8286,11.843658892,47.909389197,2,#fc8d62,car
87165,"9,17E+18",9,1,84,145,2017,7,7,5,3,2,6,0,1,0,0,0,0,0,0,696457.8193,5322859.4739,11.635204819,48.028783661,2,#fc8d62,car
87167,"9,17E+18",9,1,87,170,2017,7,11,5,3,4,1,0,1,0,0,0,1,0,0,733395.4889,5319257.1186,12.128007389,47.983996395,2,#fc8d62,car
87168,"9,17E+18",9,1,87,150,2017,7,16,5,2,5,3,1,1,0,0,0,0,0,1,728979.5913,5303462.6822,12.060526085,47.843687835,1,#66c2a5,bicycle
87170,"9,17E+18",9,1,87,130,2017,7,15,5,3,4,1,0,1,0,0,0,1,0,1,712093.7497,5310278603.0,11.838474559,47.910730322,2,#fc8d62,car
87174,"9,17E+18",9,1,85,158,2017,7,15,5,3,0,7,1,1,0,0,0,0,0,1,666657.5382,5380995.2558,11.258769373,48.559883639,1,#66c2a5,bicycle
87177,"9,17E+18",9,1,62,0,2017,7,16,5,3,2,6,0,1,0,0,0,0,0,0,687229.7659,5333176.2529,11.516069966,48.124286538,2,#fc8d62,car
87178,"9,17E+18",9,1,81,123,2017,7,19,5,3,2,6,0,1,0,0,0,0,0,0,655497.4881,5326587.1683,11.087561707,48.073586759,2,#fc8d62,car
87179,"9,17E+18",9,1,88,144,2017,7,6,5,3,2,6,0,1,0,0,0,0,0,0,666342.9308,5328709.9417,11.233877928,48.089934393,2,#fc8d62,car
87181,"9,17E+18",9,1,79,134,2017,7,10,5,2,0,1,1,0,0,0,0,0,0,0,665629.6887,5343989311.0,11.230255819,48.227483677,1,#66c2a5,bicycle
87182,"9,17E+18",9,1,88,124,2017,7,19,5,3,5,2,1,1,0,0,0,0,0,0,661571.7533,5317039.8117,11.165449029,47.986239368,1,#66c2a5,bicycle
87183,"9,17E+18",9,1,79,121,2017,7,11,5,2,0,4,0,0,1,1,0,0,0,0,668091.0067,5338421.7401,11.261166589,48.176784606,3,#8da0cb,toilet
87184,"9,17E+18",9,1,79,121,2017,7,15,5,3,4,2,1,1,0,0,0,0,0,1,667179845.0,5339647.4404,11.249401724,48.188043975,1,#66c2a5,bicycle
87185,"9,17E+18",9,1,74,122,2017,7,8,5,3,0,7,0,1,0,0,0,0,0,0,685708.7642,5352461.6096,11.504092699,48.298074245,2,#fc8d62,car
87186,"9,17E+18",9,1,62,0,2017,7,21,4,3,5,2,1,1,0,0,0,0,2,0,691253966.0,5339262796.0,11.572827829,48.177795493,1,#66c2a5,bicycle
87187,"9,17E+18",9,1,62,0,2017,7,17,4,3,0,2,1,1,0,0,0,0,0,0,686216.1889,5335256431.0,11.503371872,48.14328125,1,#66c2a5,bicycle
87188,"9,17E+18",9,1,62,0,2017,7,18,4,3,1,6,0,1,0,0,0,1,0,0,695459.7626,5333994.5911,11.626925309,48.129167967,2,#fc8d62,car
87189,"9,17E+18",9,1,62,0,2017,7,14,4,3,1,7,1,1,0,0,0,0,0,0,684111.2828,5335414.7252,11.475170848,48.145316701,1,#66c2a5,bicycle
87190,"9,17E+18",9,1,84,142,2017,7,15,4,2,3,6,1,1,0,0,0,0,0,0,683247.6072,5318169.9745,11.456179712,47.990556824,1,#66c2a5,bicycle
87191,"9,17E+18",9,1,84,136,2017,7,10,4,3,5,3,1,1,0,0,0,0,0,0,698283.1912,5326881.1284,11.661525226,48.064363899,1,#66c2a5,bicycle
87192,"9,17E+18",9,1,84,147,2017,7,10,4,2,5,3,0,1,0,1,0,0,0,0,695621.9751,5339975.6285,11.631852637,48.182872407,2,#fc8d62,car
87193,"9,17E+18",9,1,84,147,2017,7,10,4,3,5,3,1,0,0,0,0,0,0,0,696036.7979,5340709.0851,11.637765892,48.189336383,1,#66c2a5,bicycle
87194,"9,17E+18",9,1,62,0,2017,7,10,4,3,0,7,1,0,0,0,0,0,0,0,697509701.0,5333584.3513,11.654255299,48.124848264,1,#66c2a5,bicycle
87198,"9,17E+18",9,7,74,166,2017,7,16,4,2,4,6,0,1,0,0,0,0,0,0,614618.1005,5341980.4125,10.543141786,48.220688136,2,#fc8d62,car
87201,"9,17E+18",9,7,77,141,2017,7,23,4,1,8,1,0,1,0,0,0,0,2,1,630806.2723,5304554.1675,10.749547883,47.880987215,2,#fc8d62,car
87205,"9,17E+18",9,1,88,144,2017,7,19,1,3,2,6,0,1,0,0,0,0,0,0,669092.4837,5329147.8657,11.270946246,48.093147808,2,#fc8d62,car
87208,"9,17E+18",9,1,81,113,2017,7,17,1,2,5,3,0,1,0,1,0,0,0,0,639540.5237,5310372.3939,10.86818974,47.931468921,2,#fc8d62,car
87209,"9,17E+18",9,7,71,145,2017,7,17,4,3,4,6,0,1,0,0,0,0,0,0,647714.3629,5343661713.0,10.989066228,48.228963524,2,#fc8d62,car
87210,"9,17E+18",9,7,61,0,2017,7,17,4,3,0,7,1,1,0,0,0,0,0,0,639072.0053,5360958.2923,10.878459202,48.386446171,1,#66c2a5,bicycle
87211,"9,17E+18",9,7,61,0,2017,7,13,4,3,2,6,0,1,0,0,0,0,0,0,643240.5756,5359507829.0,10.934237276,48.372471545,2,#fc8d62,car
87212,"9,17E+18",9,7,61,0,2017,7,4,4,3,5,2,0,1,0,0,0,0,1,0,644940965.0,5355735594.0,10.955885377,48.338165721,2,#fc8d62,car
87213,"9,17E+18",9,7,61,0,2017,7,6,4,3,0,7,0,1,0,0,0,0,0,0,638345.5528,5352294.3284,10.865805494,48.308700797,2,#fc8d62,car
87214,"9,17E+18",9,7,71,158,2017,7,17,4,3,5,3,0,1,0,0,0,0,0,0,641909225.0,5373329575.0,10.920950919,48.497049912,2,#fc8d62,car
87215,"9,17E+18",9,7,71,113,2017,7,10,4,3,2,6,0,1,0,0,0,0,0,0,657644.0815,5369422.3154,11.132326096,48.458172479,2,#fc8d62,car
87223,"9,17E+18",9,1,84,113,2017,7,12,7,2,8,1,1,0,0,0,0,0,0,0,685475.0921,5321657.2423,11.487514798,48.021260768,1,#66c2a5,bicycle
87224,"9,17E+18",9,1,78,113,2017,7,20,1,3,2,6,0,1,0,0,0,0,0,0,691483918.0,5368412.7083,11.58914545,48.439712604,2,#fc8d62,car
87225,"9,17E+18",9,1,84,135,2017,7,23,7,2,8,7,0,1,0,0,0,0,2,0,688536.2595,5345190.7288,11.538939162,48.231888075,2,#fc8d62,car
87269,"9,17E+18",9,2,74,124,2017,7,11,5,3,5,3,1,1,0,0,0,0,0,0,726066.7897,5375910.4101,12.06016763,48.495605975,1,#66c2a5,bicycle
87275,"9,17E+18",9,1,84,132,2017,7,19,5,3,9,7,0,1,0,0,0,0,0,0,683404.3674,5325380.0639,11.46136417,48.055322304,2,#fc8d62,car
87285,"9,17E+18",9,1,82,123,2017,7,12,5,3,2,6,0,1,0,0,0,1,0,0,720165.0372,5301168.4509,11.941708718,47.826151655,2,#fc8d62,car
87286,"9,17E+18",9,1,82,120,2017,7,12,5,3,4,2,1,1,0,0,0,0,0,0,701647.6389,5306814.8442,11.697219135,47.882969431,1,#66c2a5,bicycle
87290,"9,17E+18",9,1,88,144,2017,7,14,5,3,2,6,0,1,0,0,0,0,0,1,667878.9319,5328969.7091,11.254591079,48.091867002,2,#fc8d62,car
87291,"9,17E+18",9,1,88,145,2017,7,22,5,3,2,1,0,1,0,0,0,0,2,1,664399.6111,5328172.9084,11.207593873,48.085610487,2,#fc8d62,car
87292,"9,17E+18",9,7,71,129,2017,7,7,5,3,3,6,0,1,0,0,0,0,0,0,660179.1054,5355796.6557,11.161392659,48.33503567,2,#fc8d62,car
87293,"9,17E+18",9,1,81,130,2017,7,21,5,3,5,3,0,1,0,1,0,0,2,1,638660.1092,5323083.5603,10.860514211,48.04596475,2,#fc8d62,car
87294,"9,17E+18",9,1,88,120,2017,7,19,5,3,5,3,0,1,0,0,0,0,0,0,676551.8777,5325341468.0,11.369468008,48.056907989,2,#fc8d62,car
87295,"9,17E+18",9,1,74,131,2017,7,17,5,3,2,6,0,1,0,0,0,0,0,0,677027.3396,5354261.8102,11.387895959,48.316744407,2,#fc8d62,car
87296,"9,17E+18",9,1,84,119,2017,7,18,5,3,2,6,0,1,0,0,0,0,0,0,695530.9969,5345019.6389,11.632954014,48.228232758,2,#fc8d62,car
87297,"9,17E+18",9,1,62,0,2017,7,16,5,3,2,6,0,1,0,0,0,0,0,0,685127.1359,5342632.6923,11.49195855,48.20989987,2,#fc8d62,car
87298,"9,17E+18",9,1,75,119,2017,7,5,5,3,9,1,0,1,0,0,0,0,1,0,727311.2058,5326824.0064,12.050597682,48.054170844,2,#fc8d62,car
87299,"9,17E+18",9,1,75,115,2017,7,7,5,2,4,6,0,1,0,0,0,0,0,1,717172.5671,5336789.9045,11.91979132,48.147248327,2,#fc8d62,car
87300,"9,17E+18",9,1,62,0,2017,7,9,4,3,6,2,0,1,1,0,0,0,0,1,682911.7834,5335446.0562,11.459073834,48.145944338,2,#fc8d62,car
87301,"9,17E+18",9,1,62,0,2017,7,16,4,3,2,2,0,1,0,0,0,0,0,1,689099.5643,5329666.3682,11.539615849,48.092186495,2,#fc8d62,car
87302,"9,17E+18",9,1,84,119,2017,7,17,4,3,5,3,0,1,0,0,0,0,0,1,697581.5624,5349508.2183,11.662630098,48.267936615,2,#fc8d62,car
87306,"9,17E+18",9,2,61,0,2017,7,17,2,3,2,6,0,1,0,0,0,0,0,0,732136.4322,5379974.4738,12.144463059,48.529900461,2,#fc8d62,car
87318,"9,17E+18",9,7,61,0,2017,7,17,4,3,2,1,0,1,0,0,0,1,0,1,637698844.0,5360949.3165,10.859919051,48.386666726,2,#fc8d62,car
87319,"9,17E+18",9,7,72,111,2017,7,13,4,3,5,3,0,1,0,0,0,0,0,1,625464097.0,5365780.6783,10.696186085,48.432665636,2,#fc8d62,car
87320,"9,17E+18",9,7,72,151,2017,7,14,4,3,5,3,0,1,0,0,0,1,0,1,633670.4613,5342629.3501,10.79973269,48.222795602,2,#fc8d62,car
87321,"9,17E+18",9,7,61,0,2017,7,13,4,3,2,6,0,1,0,0,0,1,0,1,642144.9988,5362266.3411,10.920385123,48.397522496,2,#fc8d62,car
87322,"9,17E+18",9,7,71,140,2017,7,13,4,3,5,3,0,1,0,0,0,0,0,1,654611.4805,5372795.5882,11.092582528,48.489252174,2,#fc8d62,car
87323,"9,17E+18",9,7,71,165,2017,7,17,4,3,8,1,0,1,0,0,0,0,0,1,656731.3849,5362447.5097,11.117381988,48.395694489,2,#fc8d62,car
87329,"9,17E+18",9,1,73,147,2017,7,10,2,3,5,3,1,1,0,0,0,0,0,1,681798.7918,5309619.2697,11.433165499,47.914106896,1,#66c2a5,bicycle
87397,"9,17E+18",9,1,87,150,2017,7,11,2,3,2,6,0,1,0,0,0,0,0,1,730288.0547,5303403.9381,12.077957654,47.842692763,2,#fc8d62,car
87403,"9,17E+18",9,2,74,113,2017,7,7,4,3,0,7,0,1,0,0,0,1,0,1,726646.4648,5381515.1333,12.071047736,48.545746935,2,#fc8d62,car
87407,"9,17E+18",9,2,61,0,2017,7,18,4,3,0,7,1,0,0,0,0,0,0,1,732236.6307,5380665902.0,12.146203358,48.536074346,1,#66c2a5,bicycle
87417,"9,17E+18",9,1,83,144,2017,7,17,4,3,9,1,0,1,0,0,0,0,0,1,739839.9135,5351202.3923,12.232210521,48.268569481,2,#fc8d62,car
87418,"9,17E+18",9,1,74,113,2017,7,7,2,3,2,3,0,1,0,0,0,1,0,0,679200.0371,5341963.1783,11.411966924,48.205582767,2,#fc8d62,car
87419,"9,17E+18",9,1,84,131,2017,7,14,2,3,2,7,0,1,0,0,0,1,0,0,704466.6842,5337458.3062,11.749497668,48.157465779,2,#fc8d62,car
87421,"9,17E+18",9,1,77,126,2017,7,7,2,3,2,6,0,1,0,0,0,0,0,0,719047.0666,5370146.5024,11.962260776,48.44630652,2,#fc8d62,car
87422,"9,17E+18",9,1,78,145,2017,7,15,2,3,2,6,0,1,0,0,0,0,0,0,696442.5665,5353956.3232,11.649366271,48.308266461,2,#fc8d62,car
87423,"9,17E+18",9,1,78,133,2017,7,19,2,3,2,1,0,1,0,1,0,0,0,0,686937.5529,5366290657.0,11.526788489,48.422006308,2,#fc8d62,car
87424,"9,17E+18",9,1,77,133,2017,7,21,2,3,4,6,0,1,0,0,0,0,2,1,713762.6074,5355659.6874,11.883524937,48.31795677,2,#fc8d62,car
87425,"9,17E+18",9,1,75,122,2017,7,17,2,3,1,6,0,1,0,0,0,0,0,1,721172.0579,5325654.5333,11.967719945,48.045819993,2,#fc8d62,car
87433,"9,17E+18",9,1,87,182,2017,7,9,4,3,2,2,0,1,0,0,0,0,0,1,738176.3115,5328280.2639,12.196992145,48.063291059,2,#fc8d62,car
87437,"9,17E+18",9,1,85,158,2017,7,5,4,3,5,3,1,1,0,0,0,0,1,1,667815.0285,5379872.1836,11.273991715,48.549479366,1,#66c2a5,bicycle
87439,"9,17E+18",9,1,62,0,2017,7,14,4,3,8,1,0,1,0,0,0,0,0,1,678298.1759,5334374.0585,11.396656466,48.13761791,2,#fc8d62,car
87440,"9,17E+18",9,1,62,0,2017,7,11,4,3,3,7,0,0,0,0,0,1,2,1,682817.7542,5342236.1569,11.460731526,48.207004949,6,#ffd92f,circle
87441,"9,17E+18",9,1,84,131,2017,7,16,4,3,2,6,0,1,0,0,0,0,0,1,704463.9732,5337462921.0,11.749463474,48.157508122,2,#fc8d62,car
87442,"9,17E+18",9,1,77,113,2017,7,15,4,2,5,3,0,1,0,0,0,0,0,0,720783.9522,5353033.0584,11.976733918,48.291945547,2,#fc8d62,car
87443,"9,17E+18",9,1,77,117,2017,7,18,4,3,8,1,0,1,0,0,0,0,0,1,717208.0214,5351466.5068,11.927781887,48.2791073,2,#fc8d62,car
87444,"9,17E+18",9,1,77,115,2017,7,13,4,3,0,7,1,0,0,0,0,0,0,1,733785501.0,5351389518.0,12.150851274,48.272513587,1,#66c2a5,bicycle
87445,"9,17E+18",9,1,77,139,2017,7,17,4,3,5,3,0,1,0,0,0,0,0,1,733035.0622,5358322.5971,12.144580155,48.335071071,2,#fc8d62,car
87446,"9,17E+18",9,1,84,114,2017,7,18,3,3,2,6,0,1,0,0,0,0,0,1,696908.1578,5319958.8502,11.639906809,48.002575366,2,#fc8d62,car
87447,"9,17E+18",9,1,84,120,2017,7,9,3,3,5,3,1,1,0,0,0,0,0,1,681373.2983,5332052.7875,11.436965445,48.115883328,1,#66c2a5,bicycle
87448,"9,17E+18",9,1,84,141,2017,7,16,3,3,2,6,0,1,0,0,0,0,0,0,699380.05,5316662591.0,11.671479519,47.972184493,2,#fc8d62,car
87449,"9,17E+18",9,1,62,0,2017,7,16,3,3,9,1,0,1,0,0,0,0,0,1,683838.6253,5335543889.0,11.471564586,48.14655655,2,#fc8d62,car
87450,"9,17E+18",9,1,62,0,2017,7,7,3,3,5,3,1,1,0,0,0,0,0,1,682665.4044,5341168.8225,11.458223501,48.197454988,1,#66c2a5,bicycle
87451,"9,17E+18",9,1,84,140,2017,7,17,3,3,4,6,0,1,0,0,0,0,0,1,702466.7881,5329264.0283,11.718744934,48.084464969,2,#fc8d62,car
87452,"9,17E+18",9,1,77,115,2017,7,14,2,3,5,3,0,1,0,0,0,0,0,1,734110.4458,5350942.6287,12.154976463,48.268379126,2,#fc8d62,car
87453,"9,17E+18",9,1,62,0,2017,7,17,1,3,4,6,1,0,0,0,0,0,0,0,687241202.0,5335097693.0,11.517067941,48.141553634,1,#66c2a5,bicycle
87460,"9,17E+18",9,7,77,140,2017,7,13,3,3,0,1,0,0,0,1,0,0,0,1,628055.5826,5318454.7221,10.716910282,48.00655283,4,#e78ac3,marker
87462,"9,17E+18",9,7,71,142,2017,7,17,3,3,5,3,0,1,0,0,0,0,0,1,648315798.0,5352145.1897,11.000135092,48.305100542,2,#fc8d62,car
87463,"9,17E+18",9,7,71,122,2017,7,15,3,3,4,6,0,1,0,0,0,0,0,1,648879.6555,5360098.4878,11.010545459,48.376477091,2,#fc8d62,car
87464,"9,17E+18",9,7,61,0,2017,7,9,3,3,3,6,0,1,0,0,0,1,0,0,641375.7296,5357487.1083,10.908390991,48.354722525,2,#fc8d62,car