OBJECTID,UIDENTSTLA,ULAND,UREGBEZ,UKREIS,UGEMEINDE,UJAHR,UMONAT,USTUNDE,UWOCHENTAG,UKATEGORIE,UART,UTYP1,IstRad,IstPKW,IstFuss,IstKrad,IstGkfz,IstSonstig,ULICHTVERH,STRZUSTAND,LINREFX,LINREFY,XGCSWGS84,YGCSWGS84,Teilnehmer,color,symbol
87465,"9,17E+18",9,1,62,0,2017,7,2,1,2,5,3,0,1,0,0,0,0,2,1,684630.8451,5329116.6012,11.479422012,48.088555059,2,#fc8d62,car
87466,"9,17E+18",9,7,71,113,2017,7,11,3,3,8,1,0,1,0,0,0,0,0,1,661033.7221,5369159.1221,11.178039685,48.454948024,2,#fc8d62,car
87507,"9,17E+18",9,7,61,0,2017,7,0,1,3,3,6,0,1,0,0,0,0,2,0,637723.7421,5360984.5308,10.860266713,48.386977931,2,#fc8d62,car
87523,"9,17E+18",9,2,74,132,2017,7,18,3,2,4,6,0,1,0,0,0,1,0,1,719532.0235,5385708.2317,11.97699725,48.585948117,2,#fc8d62,car
87526,"9,17E+18",9,2,74,121,2017,7,10,3,3,2,6,0,1,0,0,0,1,0,0,722222841.0,5372007326.0,12.006134619,48.461911422,2,#fc8d62,car
87527,"9,17E+18",9,2,61,0,2017,7,9,3,3,0,1,1,0,0,0,0,0,0,0,732385.5627,5380416.1258,12.148078584,48.533775544,1,#66c2a5,bicycle
87532,"9,17E+18",9,1,73,137,2017,7,8,3,3,9,1,0,1,0,0,0,0,0,1,679146.9271,5304810.0307,11.39570968,47.87162064,2,#fc8d62,car
87535,"9,17E+18",9,1,83,126,2017,7,12,3,3,2,6,0,1,0,0,0,0,0,1,729932255.0,5338021.96,12.091753414,48.153833766,2,#fc8d62,car
87544,"9,17E+18",9,1,87,170,2017,7,14,3,3,5,7,0,1,0,1,0,0,0,1,733362.1957,5319106.6036,12.127480114,47.982656342,2,#fc8d62,car
87550,"9,17E+18",9,1,85,143,2017,7,19,3,3,5,3,0,1,0,0,0,0,1,1,662428.0319,5386081.8605,11.203477805,48.606720231,2,#fc8d62,car
87553,"9,17E+18",9,1,81,132,2017,7,17,3,3,2,6,0,1,0,0,0,0,0,1,646060.2127,5324612.6708,10.960270642,48.058063884,2,#fc8d62,car
87554,"9,17E+18",9,7,71,129,2017,7,19,3,3,8,7,0,1,0,0,0,0,0,1,660387.3272,5355477691.0,11.164078832,48.332115288,2,#fc8d62,car
87555,"9,17E+18",9,1,88,141,2017,7,6,3,3,5,3,0,1,0,0,0,0,0,1,666153.9652,5305887.6426,11.222511374,47.884802015,2,#fc8d62,car
87556,"9,17E+18",9,1,75,139,2017,7,13,3,3,5,3,0,1,0,0,0,0,0,1,710111.5737,5330698.3915,11.821978861,48.094880924,2,#fc8d62,car
87557,"9,17E+18",9,1,78,124,2017,7,14,3,3,4,2,1,1,0,0,0,0,0,0,702709442.0,5364206771.0,11.738723034,48.398403643,1,#66c2a5,bicycle
87558,"9,17E+18",9,1,77,117,2017,7,18,3,3,0,7,1,0,0,0,0,0,0,1,716675.0131,5355722.4046,11.922790932,48.317529169,1,#66c2a5,bicycle
87559,"9,17E+18",9,1,62,0,2017,7,7,2,3,2,6,0,1,0,0,0,0,0,0,695002.0624,5333463.9218,11.620537824,48.12453892,2,#fc8d62,car
87560,"9,17E+18",9,1,84,135,2017,7,7,2,3,8,1,0,1,0,0,0,0,0,0,689877.2844,5349287.2923,11.558816972,48.268307205,2,#fc8d62,car
87561,"9,17E+18",9,1,84,129,2017,7,8,2,3,2,6,0,1,0,0,0,1,0,1,699824.8643,5324117.4023,11.680905002,48.039044632,2,#fc8d62,car
87562,"9,17E+18",9,1,62,0,2017,7,17,2,3,4,2,0,1,0,0,0,0,0,0,685940.5807,5340765.8077,11.502079529,48.192882022,2,#fc8d62,car
87563,"9,17E+18",9,1,84,119,2017,7,17,2,3,5,3,0,1,0,0,0,1,0,0,693803.3523,5347426.3589,11.610816455,48.250393241,2,#fc8d62,car
87564,"9,17E+18",9,1,62,0,2017,7,12,2,3,2,6,0,1,0,0,0,0,0,1,685760.9588,5335283.6129,11.497269944,48.143658652,2,#fc8d62,car
87565,"9,17E+18",9,1,84,129,2017,7,12,2,3,5,2,1,1,0,0,0,1,0,1,698722.9826,5326050667.0,11.667036039,48.056763433,1,#66c2a5,bicycle
87566,"9,17E+18",9,1,62,0,2017,7,12,2,3,2,6,0,1,0,0,0,0,0,1,694822.6763,5332436.9315,11.617660472,48.115363665,2,#fc8d62,car
87578,"9,17E+18",9,7,73,139,2017,7,6,2,3,8,1,0,1,0,0,0,0,0,0,615960.1451,5385390.7845,10.57320475,48.610840842,2,#fc8d62,car
87579,"9,17E+18",9,7,72,200,2017,7,18,2,2,0,1,1,0,0,0,0,0,0,0,630571.2538,5336245.5883,10.75606241,48.166034181,1,#66c2a5,bicycle
87580,"9,17E+18",9,7,71,160,2017,7,21,2,3,5,3,0,1,0,0,0,0,1,1,651236389.0,5350365491.0,11.03885801,48.288407736,2,#fc8d62,car
87581,"9,17E+18",9,7,71,130,2017,7,10,2,3,2,6,0,1,0,0,0,0,0,1,645905.2938,5357841.5854,10.969620211,48.356879417,2,#fc8d62,car
87582,"9,17E+18",9,7,61,0,2017,7,9,2,3,5,3,1,1,0,0,0,0,0,1,640742.5662,5355555.6962,10.899203412,48.3374973,1,#66c2a5,bicycle
87583,"9,17E+18",9,7,61,0,2017,7,8,2,3,2,6,0,1,0,0,0,0,0,0,641596228.0,5359675.6956,10.912102432,48.374352022,2,#fc8d62,car
87585,"9,17E+18",9,7,71,156,2017,7,11,2,2,5,3,0,1,0,0,0,1,0,1,649248.6403,5385341.7348,11.024543311,48.603347391,2,#fc8d62,car
87586,"9,17E+18",9,7,71,144,2017,7,12,2,3,8,1,0,1,0,0,0,0,0,1,658693.8434,5374292.3287,11.148363879,48.501690535,2,#fc8d62,car
87648,"9,17E+18",9,1,78,145,2017,8,17,3,3,2,6,0,1,0,0,0,0,0,0,699427077.0,5354893992.0,11.690014986,48.315759253,2,#fc8d62,car
87666,"9,17E+18",9,1,75,135,2017,8,9,3,3,5,2,0,1,0,0,0,0,0,0,708794.2329,5340162.0765,11.808946711,48.180356076,2,#fc8d62,car
87694,"9,17E+18",9,7,74,198,2017,7,15,2,3,5,2,0,1,0,0,0,0,0,0,615159.8125,5351556.3396,10.553039614,48.306710834,2,#fc8d62,car
87695,"9,17E+18",9,1,62,0,2017,7,18,2,3,6,7,1,0,1,0,0,0,0,0,692094.7536,5340134.9075,11.584520793,48.1853802,1,#66c2a5,bicycle
87700,"9,17E+18",9,1,84,114,2017,7,21,6,3,2,6,0,1,0,0,0,0,2,0,700498404.0,5316526.7533,11.686383899,47.970614327,2,#fc8d62,car
87703,"9,17E+18",9,1,63,0,2017,7,17,6,3,2,6,0,1,0,0,0,0,0,0,733000567.0,5303182.6251,12.114038093,47.83972731,2,#fc8d62,car
87709,"9,17E+18",9,1,62,0,2017,7,20,2,3,0,6,1,0,0,0,0,0,1,0,690862.8212,5330138.4785,11.563483062,48.095904258,1,#66c2a5,bicycle
87712,"9,17E+18",9,1,84,142,2017,7,17,2,3,3,6,0,1,0,0,0,0,0,0,681232.0785,5318281.8946,11.429236877,47.992137162,2,#fc8d62,car
87713,"9,17E+18",9,1,73,147,2017,7,23,2,3,0,1,1,0,0,0,0,0,2,0,682097.2169,5308272.7699,11.436587315,47.901918294,1,#66c2a5,bicycle
87714,"9,17E+18",9,1,73,123,2017,7,13,2,3,4,6,0,1,0,0,0,1,0,0,681392845.0,5302735408.0,11.424846024,47.852340788,2,#fc8d62,car
87718,"9,17E+18",9,1,73,118,2017,7,11,2,3,5,3,0,1,0,0,0,1,0,0,687308.5861,5306747.8865,11.505589265,47.8867113,2,#fc8d62,car
87723,"9,17E+18",9,1,87,179,2017,7,8,6,2,4,1,0,1,0,0,0,0,0,0,725202.9952,5310808684.0,12.013950051,47.911025018,2,#fc8d62,car
87724,"9,17E+18",9,1,87,117,2017,7,7,6,3,2,6,0,1,0,0,0,1,0,1,725555.2976,5301020.4709,12.013551265,47.822954962,2,#fc8d62,car
87732,"9,17E+18",9,1,62,0,2017,7,19,6,3,2,6,0,1,0,0,0,0,0,0,686887.1842,5333216.3486,11.511488385,48.124747589,2,#fc8d62,car
87735,"9,17E+18",9,7,71,111,2017,7,13,2,3,2,6,0,1,0,0,0,1,0,0,657894.7258,5357989.0336,11.131412521,48.355320968,2,#fc8d62,car
87738,"9,17E+18",9,1,74,151,2017,8,15,3,3,3,6,1,0,0,0,0,0,0,0,679945.8535,5360271.1597,11.429794379,48.369936043,1,#66c2a5,bicycle
87739,"9,17E+18",9,1,88,139,2017,7,12,2,3,0,1,1,0,0,0,0,0,0,0,668599.2256,5318019.3401,11.259944373,47.993231952,1,#66c2a5,bicycle
87740,"9,17E+18",9,1,79,121,2017,7,23,2,2,0,1,0,0,0,1,0,0,2,0,667257.3906,5339390.6094,11.250343134,48.185714664,4,#e78ac3,marker
87741,"9,17E+18",9,1,78,143,2017,7,17,2,3,4,3,0,1,0,0,0,0,0,0,721797.48,5374277995.0,12.001592811,48.482461393,2,#fc8d62,car
87742,"9,17E+18",9,1,77,117,2017,7,17,2,3,2,6,0,1,0,0,0,0,0,0,715459.4735,5355173727.0,11.906135931,48.313014534,2,#fc8d62,car
87743,"9,17E+18",9,1,77,117,2017,7,15,2,3,0,7,1,0,0,0,0,0,0,0,716354.7327,5354817.4748,11.91801236,48.309508014,1,#66c2a5,bicycle
87744,"9,17E+18",9,1,77,115,2017,7,11,2,3,3,6,0,1,0,0,0,0,0,0,732541.8786,5352706.4719,12.134840875,48.284801897,2,#fc8d62,car
87745,"9,17E+18",9,1,84,114,2017,7,10,1,3,5,3,0,1,0,0,0,0,0,0,699626.9947,5324353.5406,11.678363418,48.041228762,2,#fc8d62,car
87746,"9,17E+18",9,1,62,0,2017,7,16,1,3,5,3,1,1,0,0,0,0,0,0,678945.7805,5340832.5503,11.408071217,48.19549137,1,#66c2a5,bicycle
87747,"9,17E+18",9,1,84,137,2017,7,9,1,2,5,2,0,1,0,1,0,0,0,0,710927.4192,5313532893.0,11.824478042,47.940359146,2,#fc8d62,car
87748,"9,17E+18",9,1,62,0,2017,7,18,1,3,4,6,1,0,0,0,0,0,0,1,698177.1344,5329811.1622,11.661462,48.090730097,1,#66c2a5,bicycle
87751,"9,17E+18",9,1,81,127,2017,7,16,6,3,2,6,0,1,0,0,0,0,0,0,633459.6356,5322476.8617,10.790582118,48.041617434,2,#fc8d62,car
87752,"9,17E+18",9,1,62,0,2017,7,16,6,3,2,6,0,1,0,0,0,0,0,0,680442.8713,5338742.5191,11.427311096,48.176280863,2,#fc8d62,car
87753,"9,17E+18",9,1,79,147,2017,7,19,6,3,8,1,0,0,0,1,0,0,0,0,664066.2121,5333109.8789,11.205019067,48.130081488,4,#e78ac3,marker
87759,"9,17E+18",9,7,77,140,2017,7,15,1,3,3,1,1,1,0,0,0,0,0,0,624125.0591,5317706.8232,10.664018618,48.00060209,1,#66c2a5,bicycle
87761,"9,17E+18",9,1,75,123,2017,7,22,6,3,2,2,0,1,0,0,0,0,2,0,719948683.0,5338067.8291,11.957724112,48.157776723,2,#fc8d62,car
87762,"9,17E+18",9,1,75,115,2017,7,20,6,3,9,1,0,1,0,0,0,0,0,0,720545663.0,5331309323.0,11.962243651,48.09684524,2,#fc8d62,car
87763,"9,17E+18",9,1,62,0,2017,7,15,5,3,2,6,0,1,0,1,0,0,0,1,694430.1296,5331858.5726,11.612128213,48.110285543,2,#fc8d62,car
87764,"9,17E+18",9,7,72,200,2017,7,11,1,3,0,1,0,0,0,1,0,0,0,0,626564958.0,5340280515.0,10.703408748,48.203130316,4,#e78ac3,marker
87765,"9,17E+18",9,7,72,121,2017,7,18,1,3,2,6,0,1,0,0,0,0,0,0,630688.6777,5376661.9113,10.770186751,48.52944865,2,#fc8d62,car
87766,"9,17E+18",9,7,72,186,2017,7,22,1,3,8,1,0,0,0,1,0,0,2,0,638736.7288,5343043.4393,10.868043253,48.225431378,4,#e78ac3,marker
87767,"9,17E+18",9,7,61,0,2017,7,6,2,3,5,3,1,1,0,0,0,0,0,0,640837.5067,5360481.72,10.902132685,48.381769287,1,#66c2a5,bicycle
87770,"9,17E+18",9,1,62,0,2017,7,16,2,3,3,6,0,1,0,0,0,0,0,0,692650.0612,5330217.8806,11.587498097,48.096080143,2,#fc8d62,car
87771,"9,17E+18",9,7,61,0,2017,7,15,1,2,5,2,0,0,0,1,0,1,0,0,637399.3081,5351517.3475,10.852797892,48.301920458,4,#e78ac3,marker
87779,"9,17E+18",9,1,75,128,2017,8,9,3,3,4,6,1,1,0,0,0,0,0,0,715035.5904,5324038784.0,11.884678289,48.033397719,1,#66c2a5,bicycle
87793,"9,17E+18",9,1,62,0,2017,7,14,5,3,1,1,0,1,0,0,0,0,0,1,693044.2685,5337736.6011,11.596193242,48.16353722,2,#fc8d62,car
87795,"9,17E+18",9,7,72,223,2017,7,18,2,3,3,6,0,1,0,0,0,1,0,0,621286.9023,5363191.3028,10.638988854,48.410198209,2,#fc8d62,car
87799,"9,17E+18",9,1,62,0,2017,7,18,2,2,5,3,1,1,0,0,0,0,0,0,696027.6209,5333819.2665,11.634468167,48.127417625,1,#66c2a5,bicycle
87817,"9,17E+18",9,7,78,116,2017,7,15,2,2,8,7,0,0,0,1,0,0,0,0,616439961.0,5319409164.0,10.56149545,48.017358641,4,#e78ac3,marker
87818,"9,17E+18",9,1,84,145,2017,7,5,2,2,5,3,0,1,0,0,0,0,1,0,699228.3147,5324806.2401,11.673231084,48.045421836,2,#fc8d62,car
87820,"9,17E+18",9,1,74,146,2017,8,17,3,2,0,1,1,0,0,0,0,0,0,0,667764982.0,5351244.7855,11.261862115,48.292147574,1,#66c2a5,bicycle
87828,"9,17E+18",9,2,74,118,2017,7,15,1,3,0,1,0,0,0,1,0,0,0,0,737816.4462,5365441.0243,12.213019584,48.397231308,4,#e78ac3,marker
87829,"9,17E+18",9,2,61,0,2017,7,11,1,3,5,3,0,1,0,1,0,0,0,0,732650183.0,5381784399.0,12.152421544,48.545968325,2,#fc8d62,car
87836,"9,17E+18",9,1,90,115,2017,7,2,1,3,9,1,0,1,0,0,0,0,2,0,671240.7306,5303903.4803,11.289711239,47.865627302,2,#fc8d62,car
87842,"9,17E+18",9,7,61,0,2017,7,15,2,3,4,6,1,0,0,0,0,0,0,0,643401.8619,5360760.5388,10.936841275,48.38369859,1,#66c2a5,bicycle
87847,"9,17E+18",9,1,77,119,2017,8,9,3,3,4,6,0,1,0,0,0,0,0,0,720133.1312,5340139223.0,11.961273154,48.17632417,2,#fc8d62,car
87848,"9,17E+18",9,1,87,169,2017,7,17,1,3,2,6,0,1,0,0,0,1,0,0,738330.5675,5299230.9163,12.182987771,47.802273761,2,#fc8d62,car
87855,"9,17E+18",9,1,85,158,2017,7,17,1,3,5,3,1,1,0,0,0,0,0,0,667766431.0,5379959.7603,11.273369013,48.550279613,1,#66c2a5,bicycle
87856,"9,17E+18",9,1,85,158,2017,7,18,1,2,0,1,0,0,0,1,0,0,0,1,667497.7258,5379961.1029,11.269731363,48.550363498,4,#e78ac3,marker
87863,"9,17E+18",9,7,62,0,2017,7,15,5,3,3,2,1,1,0,0,0,0,0,0,622889.9568,5306329.0764,10.644218172,47.898514373,1,#66c2a5,bicycle
87864,"9,17E+18",9,7,77,158,2017,7,19,5,3,2,6,0,1,0,0,0,0,1,0,620172.7328,5310581.7739,10.609063592,47.937276864,2,#fc8d62,car
87868,"9,17E+18",9,7,77,128,2017,7,17,2,3,0,1,0,0,0,1,0,0,0,0,614943.9349,5303629.4188,10.537225756,47.875706195,4,#e78ac3,marker
87871,"9,17E+18",9,1,81,146,2017,7,16,1,3,8,1,0,1,0,0,0,0,0,0,652816.7542,5326509652.0,11.051569124,48.07353782,2,#fc8d62,car
87872,"9,17E+18",9,1,81,126,2017,7,21,1,3,8,1,0,1,0,0,0,0,2,0,634770818.0,5331731997.0,10.811084886,48.124569373,2,#fc8d62,car
87873,"9,17E+18",9,1,81,137,2017,7,11,1,3,8,6,0,1,0,1,0,0,0,0,648559.1914,5307810.8708,10.987977142,47.90640889,2,#fc8d62,car
87874,"9,17E+18",9,1,75,132,2017,7,14,1,3,2,6,0,1,0,0,0,0,0,0,707730.1486,5336790.5882,11.793002433,48.150407893,2,#fc8d62,car
87875,"9,17E+18",9,1,84,135,2017,7,12,1,3,2,6,0,1,0,0,0,0,0,0,693062.6459,5344973.6173,11.599730826,48.228575181,2,#fc8d62,car
87876,"9,17E+18",9,1,75,123,2017,7,17,1,3,5,2,1,1,0,0,0,0,0,0,722399.92,5338477.5738,11.990854562,48.16060568,1,#66c2a5,bicycle
87877,"9,17E+18",9,1,62,0,2017,7,14,7,3,4,6,1,0,0,0,0,0,0,0,699711.4824,5332955.8703,11.68351629,48.118513173,1,#66c2a5,bicycle
87878,"9,17E+18",9,1,62,0,2017,7,12,7,3,2,6,0,1,0,0,0,0,0,0,685918.1159,5340768.7987,11.501778844,48.192915483,2,#fc8d62,car
87888,"9,17E+18",9,7,73,140,2017,7,19,7,3,5,3,1,1,0,0,0,0,0,0,615194.6187,5375324.7498,10.560035768,48.520458845,1,#66c2a5,bicycle
87890,"9,17E+18",9,7,72,207,2017,7,11,7,3,0,1,1,0,0,0,0,0,0,0,638643.9447,5380450.0789,10.879143768,48.561803025,1,#66c2a5,bicycle
87891,"9,17E+18",9,7,72,207,2017,7,12,7,3,8,1,0,0,0,1,0,0,0,0,640735521.0,5380978558.0,10.907654949,48.5660887,4,#e78ac3,marker
87892,"9,17E+18",9,7,61,0,2017,7,22,7,1,4,6,1,1,0,0,0,0,2,0,640694697.0,5360368.3359,10.900167061,48.380781644,1,#66c2a5,bicycle
87895,"9,17E+18",9,7,61,0,2017,7,11,5,3,5,3,1,1,0,0,0,0,0,1,641597.9583,5359672.0084,10.912124542,48.37431848,1,#66c2a5,bicycle
87898,"9,17E+18",9,7,71,130,2017,7,17,2,3,0,1,1,0,0,0,0,0,0,0,644651.2132,5357650.0475,10.952635425,48.355445764,1,#66c2a5,bicycle
87912,"9,17E+18",9,7,72,177,2017,7,1,2,3,9,1,0,1,0,0,0,0,2,1,635886.6158,5375382.4172,10.840139114,48.516839923,2,#fc8d62,car
87951,"9,17E+18",9,2,61,0,2017,7,9,7,3,5,3,1,1,0,0,0,0,0,0,733389.1814,5381199.5375,12.162091544,48.540440288,1,#66c2a5,bicycle
87960,"9,17E+18",9,1,90,157,2017,7,16,7,2,5,3,1,1,0,0,0,0,0,0,660541.2668,5300899.6682,11.145637812,47.841382983,1,#66c2a5,bicycle
87969,"9,17E+18",9,1,87,170,2017,7,15,7,2,0,7,1,0,0,0,0,0,0,0,732327.0907,5319734616.0,12.113968749,47.988675003,1,#66c2a5,bicycle
87970,"9,17E+18",9,1,87,177,2017,7,14,7,3,4,6,0,1,0,0,0,1,0,0,736726.1277,5303641.0737,12.164002796,47.842485309,2,#fc8d62,car
87971,"9,17E+18",9,1,87,177,2017,7,16,7,3,1,6,0,1,0,0,0,0,0,0,736732.2132,5303450.1303,12.163979591,47.84076769,2,#fc8d62,car
87975,"9,17E+18",9,1,87,150,2017,7,12,7,3,8,1,0,1,0,0,0,0,0,0,725071.5152,5304162.4529,12.008730033,47.851355171,2,#fc8d62,car
87976,"9,17E+18",9,1,87,150,2017,7,13,7,3,5,3,1,1,0,0,0,0,0,0,726107.8014,5303593.2707,12.022265706,47.845877457,1,#66c2a5,bicycle
87979,"9,17E+18",9,1,87,117,2017,7,12,7,3,3,6,0,1,0,0,0,0,0,0,723683.0696,5304712.1599,11.990479901,47.85677902,2,#fc8d62,car
87983,"9,17E+18",9,1,81,122,2017,7,11,7,3,0,7,0,0,0,1,0,0,0,0,651226.7922,5331227.7594,11.031909237,48.116339134,4,#e78ac3,marker
87984,"9,17E+18",9,1,81,130,2017,7,13,7,2,8,1,0,1,0,0,0,0,0,0,637555784.0,5322277436.0,10.845445564,48.038954661,2,#fc8d62,car
87985,"9,17E+18",9,1,88,124,2017,7,14,7,3,0,7,1,1,0,0,0,0,0,0,662768676.0,5318631.3482,11.182082139,48.000244899,1,#66c2a5,bicycle
87987,"9,17E+18",9,1,81,114,2017,7,11,7,3,2,6,1,1,0,0,0,0,0,0,651638.3326,5311153.5117,11.030331052,47.935744252,1,#66c2a5,bicycle
87988,"9,17E+18",9,1,81,144,2017,7,13,7,3,8,1,0,1,0,0,0,0,0,0,652906.7315,5322406.0225,11.051309578,48.036619193,2,#fc8d62,car
87990,"9,17E+18",9,1,84,147,2017,7,13,7,3,2,6,0,1,0,0,0,0,0,0,699841.9076,5341358.2222,11.689212887,48.193984484,2,#fc8d62,car
87991,"9,17E+18",9,1,78,113,2017,7,22,7,3,8,6,0,1,0,0,0,1,2,0,691552.6614,5366831.1309,11.589351168,48.425477575,2,#fc8d62,car
87992,"9,17E+18",9,1,84,132,2017,7,18,6,3,0,7,1,0,0,0,0,0,0,0,683672022.0,5329544.5484,11.466742373,48.092678748,1,#66c2a5,bicycle
87993,"9,17E+18",9,1,62,0,2017,7,12,6,3,0,3,1,1,0,0,0,0,0,0,691189412.0,5330893026.0,11.568202927,48.102588223,1,#66c2a5,bicycle
87994,"9,17E+18",9,1,84,132,2017,7,12,6,3,0,1,1,0,0,0,0,0,0,1,683587.3992,5329596.3415,11.465629238,48.093168682,1,#66c2a5,bicycle
87995,"9,17E+18",9,1,62,0,2017,7,17,6,3,5,2,0,1,0,0,0,0,0,0,687326.3211,5332466.0761,11.517054164,48.11787485,2,#fc8d62,car
87996,"9,17E+18",9,7,77,121,2017,7,17,6,3,2,6,0,1,0,0,0,0,0,0,628182.0693,5320630.8773,10.719256051,48.026097873,2,#fc8d62,car
87997,"9,17E+18",9,1,74,115,2017,8,20,3,3,4,2,1,1,0,0,0,0,1,1,680893.7322,5348432.4178,11.437504187,48.263252317,1,#66c2a5,bicycle
88003,"9,17E+18",9,7,61,0,2017,7,21,2,3,5,3,0,1,0,0,0,0,2,0,640837.1473,5360481.5465,10.902127776,48.381767807,2,#fc8d62,car
88008,"9,17E+18",9,7,77,121,2017,7,11,6,3,0,1,1,0,0,0,0,0,0,1,628830.0996,5321903.9366,10.72832664,48.03741617,1,#66c2a5,bicycle
88010,"9,17E+18",9,7,72,202,2017,7,11,6,3,0,1,0,0,0,1,0,0,0,0,637140.8533,5357590.0946,10.851290659,48.356582513,4,#e78ac3,marker
88011,"9,17E+18",9,7,71,146,2017,7,16,6,3,2,6,0,1,0,0,0,0,0,0,646446.1366,5348217.4676,10.973575459,48.270220483,2,#fc8d62,car
88012,"9,17E+18",9,7,61,0,2017,7,13,6,3,3,6,0,1,0,0,0,1,0,0,641297081.0,5357405015.0,10.907302387,48.354001975,2,#fc8d62,car
88013,"9,17E+18",9,7,61,0,2017,7,16,6,3,5,3,1,0,0,0,0,0,0,0,642679.3139,5358911.5949,10.926460493,48.367237643,1,#66c2a5,bicycle
88069,"9,17E+18",9,1,62,0,2017,7,10,2,3,2,6,0,1,0,0,0,1,0,0,687730.4922,5335022.8255,11.523605815,48.14073653,2,#fc8d62,car
88070,"9,17E+18",9,1,81,120,2017,8,16,3,3,5,6,0,1,0,1,0,0,0,0,649976.7421,5320820.2764,11.011472709,48.02305574,2,#fc8d62,car
88076,"9,17E+18",9,2,61,0,2017,7,12,6,3,4,2,0,1,0,1,0,0,0,0,733057778.0,5381067.3665,12.157534693,48.539376202,2,#fc8d62,car
88077,"9,17E+18",9,2,74,113,2017,7,6,6,3,9,6,0,1,0,0,0,0,0,0,728227.6184,5384003.8216,12.093804064,48.567530147,2,#fc8d62,car
88090,"9,17E+18",9,7,72,147,2017,8,19,7,3,2,6,0,1,0,0,0,0,0,0,638118788.0,5365612153.0,10.867122838,48.428502052,2,#fc8d62,car
88102,"9,17E+18",9,1,78,113,2017,8,11,7,3,2,6,0,1,0,1,0,0,0,0,691648.2774,5364960.3404,11.589787623,48.408635088,2,#fc8d62,car
88110,"9,17E+18",9,2,61,0,2017,8,13,6,2,5,3,0,1,0,1,0,0,0,0,731504749.0,5382149048.0,12.13712781,48.549667582,2,#fc8d62,car
88120,"9,17E+18",9,7,78,203,2017,8,10,6,3,3,6,0,1,0,0,0,1,0,0,621011.6623,5322136.5725,10.623548795,48.041038141,2,#fc8d62,car
88121,"9,17E+18",9,1,75,132,2017,8,11,7,3,3,6,0,1,0,1,0,0,0,0,708331.8396,5336839.1431,11.801106122,48.150647442,2,#fc8d62,car
88122,"9,17E+18",9,1,86,143,2017,8,16,7,3,8,1,0,0,0,1,0,0,0,0,682163.4806,5380114.7353,11.468347125,48.547656725,4,#e78ac3,marker
88128,"9,17E+18",9,1,82,123,2017,8,7,6,3,8,1,0,1,0,0,0,0,0,0,720936.4317,5301264.4221,11.952050438,47.826749567,2,#fc8d62,car
88130,"9,17E+18",9,1,82,133,2017,8,11,6,2,4,6,1,1,0,0,0,0,0,0,706638.4723,5309970.6419,11.765407553,47.909743362,1,#66c2a5,bicycle
88131,"9,17E+18",9,1,87,117,2017,8,14,6,3,4,6,0,1,0,0,0,0,0,0,726063.9385,5305172.3939,12.022505391,47.860081128,2,#fc8d62,car
88132,"9,17E+18",9,1,87,130,2017,8,9,6,3,5,3,0,1,0,0,0,0,0,0,711644.5133,5309378.4407,11.832028318,47.902789549,2,#fc8d62,car
88138,"9,17E+18",9,1,81,126,2017,8,17,6,2,0,7,0,0,0,1,0,0,0,0,636933217.0,5331720377.0,10.840124606,48.124003389,4,#e78ac3,marker
88139,"9,17E+18",9,1,79,123,2017,8,14,6,3,2,6,0,1,0,0,0,0,0,0,676625.9407,5334065.5053,11.374070704,48.135310614,2,#fc8d62,car
88140,"9,17E+18",9,1,74,131,2017,8,2,6,2,8,1,0,0,0,1,0,0,2,0,673733.4294,5358395489.0,11.34520838,48.354816091,4,#e78ac3,marker
88141,"9,17E+18",9,1,78,124,2017,8,19,6,3,2,6,0,1,0,0,0,0,0,0,701149.4646,5357962.8095,11.714685225,48.342791915,2,#fc8d62,car
88142,"9,17E+18",9,1,62,0,2017,8,21,6,3,9,6,0,1,0,0,0,0,2,0,695574.2452,5345274116.0,11.633653171,48.230506491,2,#fc8d62,car
88144,"9,17E+18",9,1,78,120,2017,8,5,6,3,4,6,0,1,0,0,0,0,1,1,694784.0467,5352819.7872,11.62649835,48.298565,2,#fc8d62,car
88145,"9,17E+18",9,1,78,130,2017,8,19,6,3,0,1,1,0,0,0,0,0,0,0,697393.77,5373933983.0,11.671570998,48.487505702,1,#66c2a5,bicycle
88146,"9,17E+18",9,7,77,130,2017,8,13,6,3,4,2,0,1,0,1,0,0,0,0,624925.6909,5308915.2012,10.67219286,47.921379511,2,#fc8d62,car
88150,"9,17E+18",9,1,78,122,2017,8,18,6,3,4,7,0,1,0,0,0,0,0,0,703023.7789,5384515.3525,11.752832416,48.580796645,2,#fc8d62,car
88153,"9,17E+18",9,7,77,114,2017,8,5,7,3,9,1,0,0,0,1,0,0,2,0,615329465.0,5311119738.0,10.544383248,47.943005454,4,#e78ac3,marker
88154,"9,17E+18",9,1,78,155,2017,8,16,6,3,5,3,1,1,0,0,0,0,0,0,719057919.0,5373562854.0,11.96419553,48.476996668,1,#66c2a5,bicycle
88155,"9,17E+18",9,1,78,116,2017,8,7,6,3,5,3,0,1,0,0,0,0,0,1,702235.8706,5382969.1849,11.741410004,48.567157616,2,#fc8d62,car
88156,"9,17E+18",9,1,78,113,2017,8,15,6,3,5,3,1,1,0,0,0,0,0,0,692751023.0,5369728.2885,11.606865614,48.45114935,1,#66c2a5,bicycle