OBJECTID,UIDENTSTLA,ULAND,UREGBEZ,UKREIS,UGEMEINDE,UJAHR,UMONAT,USTUNDE,UWOCHENTAG,UKATEGORIE,UART,UTYP1,IstRad,IstPKW,IstFuss,IstKrad,IstGkfz,IstSonstig,ULICHTVERH,STRZUSTAND,LINREFX,LINREFY,XGCSWGS84,YGCSWGS84,Teilnehmer,color,symbol
88157,"9,17E+18",9,1,78,113,2017,8,15,6,3,4,2,0,1,0,0,0,0,0,0,691470124.0,5365357726.0,11.587564063,48.412260673,2,#fc8d62,car
88158,"9,17E+18",9,1,75,123,2017,8,12,6,2,2,2,0,1,0,0,0,0,0,0,726564.95,5335113023.0,12.044994802,48.128907528,2,#fc8d62,car
88159,"9,17E+18",9,1,77,115,2017,8,11,6,3,3,2,1,0,0,0,0,1,0,0,733899.8615,5351660.7773,12.152540194,48.274908127,1,#66c2a5,bicycle
88160,"9,17E+18",9,1,84,148,2017,8,22,5,2,4,2,0,1,0,0,0,0,2,0,696420.9999,5326384958.0,11.636329001,48.060480581,2,#fc8d62,car
88161,"9,17E+18",9,1,84,119,2017,8,17,5,3,5,7,0,1,0,0,0,0,0,0,697683.6433,5346309.9576,11.662510486,48.239161813,2,#fc8d62,car
88163,"9,17E+18",9,7,72,147,2017,8,22,6,2,2,6,0,0,0,0,0,1,2,0,629874.8669,5364221.1736,10.755304838,48.417747907,6,#ffd92f,circle
88164,"9,17E+18",9,1,75,121,2017,8,10,7,3,8,1,0,0,0,1,0,0,0,0,714556.3333,5320307.0422,11.87639023,48.000026192,4,#e78ac3,marker
88165,"9,17E+18",9,1,84,142,2017,8,15,5,2,5,3,1,1,0,0,0,0,0,0,680630045.0,5318519.1917,11.421274534,47.994440574,1,#66c2a5,bicycle
88166,"9,17E+18",9,1,81,132,2017,8,9,7,3,5,3,0,1,0,1,0,0,0,0,641992.3817,5328678.3369,10.907059188,48.095540929,2,#fc8d62,car
88167,"9,17E+18",9,1,62,0,2017,8,13,5,3,5,3,1,0,0,0,0,1,0,0,688149.5053,5328020.1096,11.526144287,48.077670604,1,#66c2a5,bicycle
88169,"9,17E+18",9,1,62,0,2017,8,11,5,3,5,3,0,1,0,1,0,0,0,0,696872.1544,5335227.9902,11.646456516,48.139817729,2,#fc8d62,car
88170,"9,17E+18",9,7,78,173,2017,8,21,5,2,2,7,0,1,0,0,0,0,2,0,614103.7842,5320961.3446,10.530591637,48.031740347,2,#fc8d62,car
88175,"9,17E+18",9,7,77,158,2017,8,17,5,3,5,3,0,1,0,1,0,0,0,0,622876698.0,5308758.0313,10.644733039,47.920362009,2,#fc8d62,car
88181,"9,17E+18",9,1,62,0,2017,8,19,7,3,4,2,0,1,0,0,0,0,0,0,691743.1764,5331880.4126,11.576077473,48.111296359,2,#fc8d62,car
88187,"9,17E+18",9,7,71,122,2017,8,18,5,3,2,6,0,1,0,0,0,1,0,0,652071.3294,5362413.4927,11.054456819,48.396529707,2,#fc8d62,car
88188,"9,17E+18",9,7,71,122,2017,8,21,5,3,2,6,0,1,0,0,0,0,1,0,651024.6632,5362339.7723,11.040299389,48.396118453,2,#fc8d62,car
88189,"9,17E+18",9,7,72,125,2017,8,13,5,3,0,1,1,0,0,0,0,0,0,0,636841.3443,5349716.3448,10.8446943,48.285846681,1,#66c2a5,bicycle
88190,"9,17E+18",9,7,61,0,2017,8,17,5,3,0,6,0,1,0,0,0,1,0,0,642525.8898,5359429.6034,10.924565736,48.371929991,2,#fc8d62,car
88191,"9,17E+18",9,7,61,0,2017,8,17,5,3,5,3,1,1,0,0,0,0,0,0,642180.9098,5357573.7846,10.91928285,48.355321102,1,#66c2a5,bicycle
88192,"9,17E+18",9,7,71,160,2017,8,13,6,3,9,1,0,0,0,1,0,0,0,0,654955.3,5349524.7322,11.088651092,48.279949174,4,#e78ac3,marker
88193,"9,17E+18",9,7,61,0,2017,8,23,6,3,0,1,0,0,0,1,0,0,2,0,641509.9428,5357890.8875,10.910337427,48.358323092,4,#e78ac3,marker
88197,"9,17E+18",9,1,62,0,2017,8,15,6,3,0,2,0,1,0,0,0,1,0,0,687363139.0,5335074135.0,11.518695122,48.141305993,2,#fc8d62,car
88199,"9,17E+18",9,1,79,123,2017,8,19,7,3,1,2,1,1,0,0,0,0,0,0,675397.8451,5333182.2709,11.357214524,48.127710579,1,#66c2a5,bicycle
88237,"9,17E+18",9,1,75,132,2017,8,17,7,2,3,3,0,1,0,1,0,0,0,0,707294.5965,5336540376.0,11.787031639,48.1483015,2,#fc8d62,car
88251,"9,17E+18",9,2,74,183,2017,8,11,5,3,0,7,0,0,0,1,0,1,0,1,739608.9257,5362343.8322,12.235431381,48.368733249,4,#e78ac3,marker
88252,"9,17E+18",9,1,62,0,2017,8,14,1,3,0,1,0,0,0,1,0,0,0,1,692769.4519,5339152.2401,11.593143052,48.176343938,4,#e78ac3,marker
88253,"9,17E+18",9,2,74,183,2017,8,12,5,3,0,7,0,0,0,1,0,1,0,1,739570.4171,5362376.6294,12.234930941,48.369042455,4,#e78ac3,marker
88254,"9,17E+18",9,1,63,0,2017,8,7,1,3,8,1,0,1,0,0,0,0,0,1,732873401.0,5307879.8663,12.114870506,47.881973886,2,#fc8d62,car
88257,"9,17E+18",9,2,74,121,2017,8,7,5,3,2,6,0,1,0,0,0,0,0,0,722222841.0,5372007326.0,12.006134619,48.461911422,2,#fc8d62,car
88262,"9,17E+18",9,1,90,138,2017,8,10,5,3,3,6,0,1,0,1,0,0,0,0,660725.1198,5310508.3531,11.151669729,47.927728995,2,#fc8d62,car
88269,"9,17E+18",9,1,87,165,2017,8,18,5,2,2,6,0,1,0,1,0,0,0,0,733137.5322,5299664.6414,12.113973107,47.808071567,2,#fc8d62,car
88271,"9,17E+18",9,1,87,159,2017,8,13,5,3,8,1,0,1,0,0,0,0,0,1,731818.8121,5326358.0353,12.110747497,48.048363506,2,#fc8d62,car
88273,"9,17E+18",9,1,87,170,2017,8,22,5,3,2,6,0,1,0,0,0,0,2,0,735089.1465,5320663.9438,12.151440801,47.99601472,2,#fc8d62,car
88277,"9,17E+18",9,1,87,182,2017,8,15,5,3,2,6,0,1,0,0,0,1,0,0,736544.2947,5327973.5184,12.174951267,48.061142559,2,#fc8d62,car
88280,"9,17E+18",9,1,62,0,2017,8,20,6,3,2,6,0,1,0,0,0,1,0,0,698329.3498,5333219.4424,11.665088133,48.121313929,2,#fc8d62,car
88283,"9,17E+18",9,1,74,135,2017,8,16,5,3,8,1,0,1,0,0,0,0,0,0,662911.8994,5353592.4626,11.197388159,48.314521269,2,#fc8d62,car
88284,"9,17E+18",9,1,74,135,2017,8,16,5,2,2,6,0,1,0,0,0,1,0,1,661183.7632,5354799.2774,11.174557541,48.325813607,2,#fc8d62,car
88285,"9,17E+18",9,1,88,139,2017,8,8,5,2,4,6,0,1,0,1,0,0,0,0,671135931.0,5321360.4271,11.295251966,48.022594386,2,#fc8d62,car
88286,"9,17E+18",9,1,81,130,2017,8,18,5,3,1,6,0,1,0,0,0,0,0,0,642236.5333,5324580.6176,10.908972388,48.058639529,2,#fc8d62,car
88287,"9,17E+18",9,1,88,121,2017,8,17,5,3,5,3,1,1,0,0,0,0,0,0,671549722.0,5330683.4008,11.304537182,48.106295184,1,#66c2a5,bicycle
88288,"9,17E+18",9,1,88,120,2017,8,18,5,3,1,5,0,1,0,0,0,0,0,0,677151.0508,5326644.9285,11.378042156,48.068459172,2,#fc8d62,car
88289,"9,17E+18",9,1,88,120,2017,8,15,5,2,2,6,0,1,0,0,0,1,0,0,677387.4367,5326421.4748,11.38111981,48.066384785,2,#fc8d62,car
88290,"9,17E+18",9,1,74,115,2017,8,11,5,3,0,6,0,1,0,0,0,0,0,0,680945.1155,5347611.5603,11.437844869,48.255859264,2,#fc8d62,car
88292,"9,17E+18",9,1,84,129,2017,8,9,7,3,4,2,0,1,0,1,0,0,0,0,701362.8334,5325181.1106,11.702015416,48.04812117,2,#fc8d62,car
88293,"9,17E+18",9,1,85,158,2017,8,18,1,2,8,1,0,1,0,0,0,0,0,0,670130.5082,5382213.4801,11.306298564,48.569901541,2,#fc8d62,car
88297,"9,17E+18",9,1,77,116,2017,8,12,5,3,9,1,0,1,0,0,0,0,0,0,714664.0482,5358241.1512,11.896983271,48.340846301,2,#fc8d62,car
88298,"9,17E+18",9,1,77,117,2017,8,10,5,3,4,2,1,1,0,0,0,0,0,0,716422.6698,5354287.2743,11.918655528,48.304720915,1,#66c2a5,bicycle
88299,"9,17E+18",9,1,75,124,2017,8,9,5,3,3,2,1,1,0,0,0,0,0,0,714591.1331,5328841.0896,11.881132137,48.076699381,1,#66c2a5,bicycle
88301,"9,17E+18",9,1,62,0,2017,8,14,4,3,3,6,0,1,0,0,0,0,0,0,689695.3855,5331911999.0,11.548607741,48.112193439,2,#fc8d62,car
88303,"9,17E+18",9,1,62,0,2017,8,18,4,3,2,6,0,1,0,0,0,0,0,0,688879.9787,5340142.6388,11.541315873,48.186413626,2,#fc8d62,car
88306,"9,17E+18",9,1,62,0,2017,8,7,4,3,2,6,0,1,0,0,0,0,0,0,688699.5576,5337248.1025,11.537605999,48.160450933,2,#fc8d62,car
88308,"9,17E+18",9,1,84,140,2017,8,8,4,3,2,2,0,1,0,0,0,0,0,0,702249.4751,5328215.5313,11.715333959,48.075111158,2,#fc8d62,car
88310,"9,17E+18",9,1,84,136,2017,8,17,4,3,5,3,0,1,0,1,0,0,0,0,697654.7716,5327974.0041,11.653604682,48.074381028,2,#fc8d62,car
88311,"9,17E+18",9,1,62,0,2017,8,6,4,3,3,6,0,1,0,1,0,0,0,1,694108.2702,5336812.8734,11.610065864,48.154911182,2,#fc8d62,car
88312,"9,17E+18",9,1,62,0,2017,8,10,4,3,2,6,0,1,0,0,0,0,0,0,685446.6475,5340920671.0,11.49550718,48.194418401,2,#fc8d62,car
88313,"9,17E+18",9,1,62,0,2017,8,21,4,3,5,2,0,1,0,0,0,0,1,0,687108643.0,5331939297.0,11.513901073,48.113203982,2,#fc8d62,car
88316,"9,17E+18",9,7,74,198,2017,8,11,4,3,4,6,0,1,0,0,0,0,0,0,617335.4922,5347192.0631,10.581156926,48.267061699,2,#fc8d62,car
88323,"9,17E+18",9,1,81,114,2017,8,10,1,3,6,7,0,1,1,0,0,0,0,0,657047.3116,5313218.0349,11.103457174,47.953004003,2,#fc8d62,car
88327,"9,17E+18",9,7,78,204,2017,8,6,4,3,8,1,0,1,0,0,0,0,0,1,615479.2953,5326579.8046,10.550552682,48.082024408,2,#fc8d62,car
88333,"9,17E+18",9,7,77,130,2017,8,18,4,3,2,6,0,1,0,0,0,0,0,0,624603.8326,5308946774.0,10.667895647,47.921726101,2,#fc8d62,car
88334,"9,17E+18",9,7,62,0,2017,8,9,4,3,5,3,0,1,0,0,0,0,0,0,623017.7725,5306247.8942,10.645904418,47.897759756,2,#fc8d62,car
88338,"9,17E+18",9,7,72,147,2017,8,7,4,3,5,3,0,1,0,1,0,0,0,0,635993139.0,5364427849.0,10.838019192,48.418315483,2,#fc8d62,car
88339,"9,17E+18",9,7,61,0,2017,8,17,4,3,5,2,1,1,0,0,0,0,0,0,641307.8778,5355857.1993,10.906928579,48.34008214,1,#66c2a5,bicycle
88358,"9,17E+18",9,1,62,0,2017,8,7,7,2,1,5,0,1,0,0,0,0,0,0,680496.1719,5336131.8533,11.426919478,48.152798858,2,#fc8d62,car
88373,"9,17E+18",9,1,77,139,2017,8,9,7,3,5,3,0,1,0,0,0,0,0,0,731417.6155,5356694.8146,12.121894596,48.321042477,2,#fc8d62,car
88374,"9,17E+18",9,1,81,130,2017,8,9,7,2,5,2,0,1,0,0,0,0,0,0,642256.1732,5324568.0567,10.909231648,48.058522201,2,#fc8d62,car
88399,"9,17E+18",9,1,84,139,2017,8,16,7,3,8,1,1,0,0,0,0,0,0,0,687210976.0,5323853195.0,11.511732278,48.0404928,1,#66c2a5,bicycle
88400,"9,17E+18",9,1,74,146,2017,8,7,1,3,2,7,0,1,0,0,0,1,0,0,668820.4664,5349716.5529,11.275470233,48.278128659,2,#fc8d62,car
88407,"9,17E+18",9,1,62,0,2017,8,14,7,3,4,6,1,0,0,0,0,0,0,0,678833.8411,5334655.9629,11.403968602,48.140001643,1,#66c2a5,bicycle
88409,"9,17E+18",9,1,62,0,2017,8,15,1,3,1,6,0,1,0,0,0,0,0,0,687357.7958,5333154.8423,11.517779351,48.124056429,2,#fc8d62,car
88415,"9,17E+18",9,1,90,159,2017,8,16,4,2,4,2,0,1,0,1,0,0,0,0,663278.6632,5305794.4678,11.184044637,47.884702083,2,#fc8d62,car
88432,"9,17E+18",9,7,71,114,2017,8,8,7,3,8,7,0,1,0,0,0,0,0,0,644077.1206,5373961.1977,10.950496958,48.502235597,2,#fc8d62,car
88434,"9,17E+18",9,1,77,113,2017,8,6,1,2,8,1,0,1,0,0,0,0,0,0,719444.2482,5353207.1615,11.958786823,48.293975676,2,#fc8d62,car
88435,"9,17E+18",9,1,82,127,2017,8,21,1,3,0,7,1,0,0,0,0,0,2,0,699807363.0,5309926.2873,11.674072199,47.911509001,1,#66c2a5,bicycle
88438,"9,17E+18",9,1,62,0,2017,8,4,4,3,9,1,0,1,0,0,0,0,2,1,679960.5794,5338169.3199,11.420586676,48.171265211,2,#fc8d62,car
88439,"9,17E+18",9,1,88,139,2017,8,17,4,3,7,7,1,0,0,0,0,1,0,0,678845.9374,5319802.7629,11.397916032,48.00648041,1,#66c2a5,bicycle
88440,"9,17E+18",9,1,81,138,2017,8,16,4,2,0,6,0,0,0,1,0,1,0,0,641071.8211,5336876.4332,10.897417264,48.16946306,4,#e78ac3,marker
88441,"9,17E+18",9,1,79,121,2017,8,7,4,3,2,6,0,1,0,0,0,0,0,1,667913.6193,5338376.2424,11.258764317,48.176422484,2,#fc8d62,car
88442,"9,17E+18",9,1,74,115,2017,8,16,4,3,0,1,0,0,0,1,0,0,0,0,681677.1536,5346604749.0,11.44726606,48.246600025,4,#e78ac3,marker
88443,"9,17E+18",9,1,75,118,2017,8,13,4,3,2,6,0,1,0,0,0,0,0,0,716100.5075,5340368.6491,11.907215307,48.179769631,2,#fc8d62,car
88444,"9,17E+18",9,1,78,113,2017,8,12,4,3,2,6,0,1,0,1,0,0,0,0,691643924.0,5364731.0028,11.589624139,48.406575275,2,#fc8d62,car
88445,"9,17E+18",9,1,78,143,2017,8,5,4,3,9,1,0,1,0,0,0,0,1,1,719869.5974,5371653.9693,11.974160209,48.459563414,2,#fc8d62,car
88446,"9,17E+18",9,1,62,0,2017,8,16,3,3,6,4,0,1,1,0,0,0,0,0,695552.2371,5338555.0783,11.630261869,48.170126799,2,#fc8d62,car
88447,"9,17E+18",9,1,62,0,2017,8,18,3,3,0,7,1,0,1,0,0,0,0,0,689122313.0,5330949.1279,11.540489385,48.103709421,1,#66c2a5,bicycle
88448,"9,17E+18",9,1,75,132,2017,8,8,7,2,0,7,1,0,0,0,0,0,0,0,706324.4486,5331440.6764,11.771535557,48.102788737,1,#66c2a5,bicycle
88451,"9,17E+18",9,1,62,0,2017,8,11,3,3,6,7,0,1,1,0,0,0,0,0,690699.6119,5329605.5232,11.561055227,48.091162894,2,#fc8d62,car
88453,"9,17E+18",9,1,84,113,2017,8,14,3,2,8,1,0,1,0,0,0,0,0,0,686236.9047,5322997.4907,11.498304371,48.033086104,2,#fc8d62,car
88461,"9,17E+18",9,7,62,0,2017,8,20,3,2,4,6,1,0,0,0,0,0,1,1,620437.5548,5306325.1534,10.611418487,47.898944155,1,#66c2a5,bicycle
88462,"9,17E+18",9,7,77,139,2017,8,15,3,3,4,6,0,1,0,0,0,0,0,0,614598.8735,5306897.1139,10.533480313,47.905157966,2,#fc8d62,car
88466,"9,17E+18",9,7,72,223,2017,8,14,3,2,6,4,0,0,0,0,0,1,0,0,624365.6854,5363977.5945,10.680808147,48.416669034,6,#ffd92f,circle
88471,"9,17E+18",9,1,62,0,2017,8,15,7,3,3,2,1,1,0,0,0,0,0,0,695501.9587,5330865.0777,11.626057171,48.101028382,1,#66c2a5,bicycle
88472,"9,17E+18",9,1,86,143,2017,8,13,1,3,3,6,0,1,0,0,0,0,0,0,682856.2266,5379646006.0,11.477519063,48.543242277,2,#fc8d62,car
88473,"9,17E+18",9,7,72,111,2017,8,7,3,2,0,3,0,1,0,1,0,0,0,0,628244.89,5363240051.0,10.732985742,48.409259126,2,#fc8d62,car
88474,"9,17E+18",9,7,61,0,2017,8,12,3,3,5,3,0,1,0,1,0,0,0,0,638400.8708,5355408.2816,10.867573357,48.336689042,2,#fc8d62,car
88475,"9,17E+18",9,7,61,0,2017,8,6,3,3,5,3,1,1,0,0,0,0,0,0,640837.9728,5360481945.0,10.902139052,48.381771206,1,#66c2a5,bicycle
88485,"9,17E+18",9,1,84,135,2017,8,10,6,2,5,2,0,0,0,1,0,1,0,0,692501.8322,5348960632.0,11.593999734,48.264579209,4,#e78ac3,marker
88486,"9,17E+18",9,1,79,123,2017,8,19,7,3,5,3,0,1,0,0,0,0,0,0,676981.3927,5332980.0187,11.378393285,48.125454182,2,#fc8d62,car
88488,"9,17E+18",9,1,82,120,2017,8,22,7,3,8,1,0,1,0,0,0,0,2,0,702380.6814,5305723.4085,11.706501653,47.872929699,2,#fc8d62,car
88505,"9,17E+18",9,1,88,132,2017,8,13,7,3,2,6,0,1,0,1,0,0,0,0,665485.1441,5323992.6132,11.220541364,48.047747448,2,#fc8d62,car
88506,"9,17E+18",9,1,63,0,2017,8,10,7,3,2,6,0,1,0,0,0,0,0,0,730770.4848,5303403.8864,12.084395987,47.842519343,2,#fc8d62,car
88507,"9,17E+18",9,2,74,182,2017,8,17,7,3,3,6,1,0,0,0,0,0,0,0,729872.6678,5378534.2154,12.113052299,48.517795526,1,#66c2a5,bicycle
88516,"9,17E+18",9,7,61,0,2017,8,12,7,3,5,2,1,1,0,0,0,0,0,0,643344.3005,5357598.5492,10.934986481,48.355280749,1,#66c2a5,bicycle
88530,"9,17E+18",9,7,61,0,2017,8,11,7,3,5,3,1,1,0,0,0,0,0,0,636762857.0,5360424.8041,10.84711267,48.382154002,1,#66c2a5,bicycle
88532,"9,17E+18",9,1,74,131,2017,8,1,1,3,0,1,1,0,0,0,0,0,2,0,676806.8547,5360345.5356,11.387478606,48.371491693,1,#66c2a5,bicycle
88545,"9,17E+18",9,1,84,119,2017,8,3,7,3,8,1,0,1,0,0,0,0,2,0,696180.2192,5347250.4621,11.642719685,48.248081247,2,#fc8d62,car
88552,"9,17E+18",9,2,61,0,2017,8,22,3,3,5,3,0,1,0,0,0,1,2,1,731818.0354,5381195.5897,12.140835987,48.540987174,2,#fc8d62,car
88553,"9,17E+18",9,2,74,113,2017,8,17,3,3,5,3,1,1,0,0,0,0,0,0,729619739.0,5381797.8756,12.111429803,48.547205766,1,#66c2a5,bicycle
88554,"9,17E+18",9,2,74,126,2017,8,18,3,3,2,6,0,1,0,1,0,0,0,0,732954.2241,5385571.3647,12.158654348,48.579872413,2,#fc8d62,car
88555,"9,17E+18",9,1,90,157,2017,8,9,3,2,9,7,0,0,0,1,0,0,0,0,660299.4435,5300915.0817,11.142413884,47.841581909,4,#e78ac3,marker
88568,"9,17E+18",9,1,62,0,2017,8,11,7,2,6,4,0,1,1,0,0,0,0,0,693512.2929,5331531.1845,11.599661957,48.107622566,2,#fc8d62,car
88569,"9,17E+18",9,1,83,119,2017,8,16,3,3,4,6,0,1,0,0,0,0,0,0,737440.8904,5337912.6164,12.192496269,48.150093146,2,#fc8d62,car
88584,"9,17E+18",9,1,77,127,2017,8,17,7,2,5,2,0,1,0,1,0,0,0,0,726588624.0,5349032527.0,12.052738137,48.253953779,2,#fc8d62,car
88585,"9,17E+18",9,1,81,130,2017,8,15,7,3,2,6,0,1,0,0,0,0,0,0,638692.1167,5319487.1834,10.859779112,48.013617766,2,#fc8d62,car
88587,"9,17E+18",9,1,82,123,2017,8,15,7,3,2,6,0,1,0,0,0,0,0,0,720063.1487,5301058.3015,11.940293254,47.825196756,2,#fc8d62,car
88589,"9,17E+18",9,1,87,176,2017,8,10,3,3,5,3,0,1,0,1,0,0,0,0,738687.7034,5330793.6651,12.205248718,48.085677818,2,#fc8d62,car
88590,"9,17E+18",9,1,87,117,2017,8,16,3,3,2,6,0,1,0,1,0,0,0,0,725549.3391,5301042644.0,12.013483311,47.823156276,2,#fc8d62,car
88591,"9,17E+18",9,1,87,122,2017,8,13,3,3,3,6,0,1,0,0,0,1,0,0,716470.3624,5306152.3203,11.894901683,47.872190161,2,#fc8d62,car
88593,"9,17E+18",9,1,74,146,2017,8,15,3,3,2,6,0,1,0,0,0,0,0,0,669037.3796,5349589.8336,11.27834085,48.27693163,2,#fc8d62,car
88594,"9,17E+18",9,1,81,146,2017,8,10,3,3,8,1,0,1,0,0,0,0,0,0,649035.1109,5325544.1573,11.000496332,48.065751505,2,#fc8d62,car
88595,"9,17E+18",9,1,88,139,2017,8,21,3,3,2,6,0,1,0,0,0,0,2,1,674450.6337,5318321.5875,11.338434365,47.994379735,2,#fc8d62,car
88605,"9,17E+18",9,2,74,121,2017,8,18,1,3,0,1,0,0,0,1,0,0,0,0,725394.8706,5367600.4923,12.046611041,48.421193352,4,#e78ac3,marker
88607,"9,17E+18",9,1,62,0,2017,8,17,6,3,0,1,0,0,0,1,0,0,0,0,687690.0185,5333172.1626,11.52224702,48.124114253,4,#e78ac3,marker
88608,"9,17E+18",9,1,88,126,2017,8,17,6,3,2,6,0,1,0,0,0,0,0,1,661195.1821,5327793.8881,11.164453213,48.083021232,2,#fc8d62,car
88609,"9,17E+18",9,1,73,120,2017,8,18,5,1,8,1,0,1,0,0,0,0,0,1,692213.3224,5313713572.0,11.57423728,47.947870718,2,#fc8d62,car
88611,"9,17E+18",9,1,88,145,2017,8,21,6,3,2,6,0,1,0,0,0,0,2,1,664786.5937,5328271.1942,11.212824267,48.08639419,2,#fc8d62,car
88614,"9,17E+18",9,1,62,0,2017,8,11,6,3,8,7,0,1,0,0,0,0,0,1,682105.2406,5341927.0985,11.451017574,48.204431739,2,#fc8d62,car
88616,"9,17E+18",9,1,87,165,2017,8,17,5,3,2,6,0,1,0,0,0,1,0,1,732998.9175,5299677.4593,12.112131367,47.808236907,2,#fc8d62,car
88617,"9,17E+18",9,1,63,0,2017,8,9,5,3,3,6,1,0,0,0,0,1,0,0,732864.9912,5305502.4216,12.113477298,47.860617769,1,#66c2a5,bicycle
88618,"9,17E+18",9,1,73,120,2017,8,9,1,2,2,2,0,1,0,1,0,0,0,0,688767.4381,5306292.0436,11.524885253,47.882186575,2,#fc8d62,car
88619,"9,17E+18",9,1,73,120,2017,8,12,1,2,4,6,1,0,0,0,0,0,0,0,683392.8923,5310176.8485,11.454717715,47.918665133,1,#66c2a5,bicycle
88625,"9,17E+18",9,1,88,139,2017,8,17,5,3,0,3,0,1,0,0,0,0,0,1,675552.9546,5319041.5408,11.353492115,48.000550175,2,#fc8d62,car
88626,"9,17E+18",9,1,81,128,2017,8,18,5,3,4,2,0,1,0,0,0,0,0,1,638561604.0,5327018766.0,10.860468392,48.081372853,2,#fc8d62,car
88627,"9,17E+18",9,1,88,120,2017,8,17,5,3,5,3,1,1,0,0,0,0,0,1,677405.7921,5326406.9203,11.38135994,48.066248846,1,#66c2a5,bicycle
88628,"9,17E+18",9,1,74,118,2017,8,14,5,3,4,6,0,1,0,0,0,0,0,1,669137.3492,5352795.3728,11.280970849,48.305721436,2,#fc8d62,car
88629,"9,17E+18",9,1,75,118,2017,8,7,5,3,3,6,0,1,0,0,0,1,0,0,714929589.0,5339251.2387,11.890918777,48.170126312,2,#fc8d62,car
88630,"9,17E+18",9,1,78,120,2017,8,8,5,3,2,6,0,1,0,0,0,1,0,0,694996.9962,5352944.2361,11.629424131,48.299617867,2,#fc8d62,car
88631,"9,17E+18",9,1,84,127,2017,8,21,4,3,2,3,0,1,0,0,0,0,2,0,702182.5959,5320866.2762,11.710966839,48.009084421,2,#fc8d62,car
88632,"9,17E+18",9,1,62,0,2017,8,7,4,3,8,1,0,1,0,0,0,0,0,1,678108.8455,5335320.4523,11.394509667,48.146178159,2,#fc8d62,car
88633,"9,17E+18",9,1,84,135,2017,8,11,4,3,5,3,0,1,0,0,0,0,0,0,692515.0573,5348973.4104,11.59418357,48.264690037,2,#fc8d62,car
88634,"9,17E+18",9,1,62,0,2017,8,7,4,3,3,7,0,1,0,0,0,0,0,1,696969044.0,5329365.4415,11.645050106,48.087098671,2,#fc8d62,car
88635,"9,17E+18",9,1,62,0,2017,8,13,4,3,2,6,0,1,0,0,0,0,2,0,694520.0306,5334939.5642,11.614740693,48.137948869,2,#fc8d62,car
88643,"9,17E+18",9,7,72,163,2017,8,6,4,3,9,1,0,1,0,0,0,1,0,1,638530.8688,5346891.8646,10.866531956,48.260081521,2,#fc8d62,car
88645,"9,17E+18",9,7,72,160,2017,8,7,4,3,2,1,0,1,0,0,0,0,0,1,638578.6876,5342880059.0,10.865863038,48.2239968,2,#fc8d62,car
88646,"9,17E+18",9,7,72,223,2017,8,12,4,2,8,7,0,1,0,0,0,0,0,0,618146.4283,5361701968.0,10.596148754,48.397401113,2,#fc8d62,car
88647,"9,17E+18",9,7,61,0,2017,8,15,4,2,0,6,0,0,0,0,0,1,0,0,639955.9446,5355312.01,10.888513667,48.335480861,6,#ffd92f,circle
88655,"9,17E+18",9,1,79,123,2017,8,18,6,3,4,2,0,1,0,0,0,0,0,0,677443.7834,5331962.8717,11.384178261,48.11618213,2,#fc8d62,car
88656,"9,17E+18",9,1,79,138,2017,8,6,6,3,8,1,0,1,0,0,0,0,0,1,652805.2546,5336068.9401,11.054840634,48.159490243,2,#fc8d62,car
88657,"9,17E+18",9,1,86,152,2017,8,13,6,3,1,6,0,1,0,0,0,0,0,1,691316.6735,5373306.2326,11.58912369,48.483742881,2,#fc8d62,car
88658,"9,17E+18",9,1,87,165,2017,8,12,1,3,2,6,0,1,0,0,0,0,0,0,732441.7493,5299745.2566,12.104736997,47.809047422,2,#fc8d62,car
88659,"9,17E+18",9,1,87,129,2017,8,15,1,3,2,6,0,1,0,0,0,1,0,0,721244.0272,5301235.0805,11.956139753,47.826380213,2,#fc8d62,car
88660,"9,17E+18",9,1,63,0,2017,8,12,1,3,2,2,1,0,0,0,0,0,0,0,731324.7026,5302134.3235,12.091114125,47.830914029,1,#66c2a5,bicycle
88663,"9,17E+18",9,1,78,120,2017,8,6,6,3,3,1,0,1,0,0,0,1,0,1,695224.9947,5352666.0891,11.632366586,48.2970478,2,#fc8d62,car
88666,"9,17E+18",9,1,78,143,2017,8,11,6,3,2,6,0,1,0,0,0,1,0,1,721794.4897,5374277.2009,12.00155198,48.482455313,2,#fc8d62,car
88668,"9,17E+18",9,1,87,177,2017,8,3,1,3,8,1,0,1,0,0,0,0,2,0,736243931.0,5305837154.0,12.158767152,47.862391649,2,#fc8d62,car
88669,"9,17E+18",9,1,78,123,2017,8,17,6,3,8,1,0,0,0,1,0,0,0,1,688231.9257,5360912.8355,11.541855789,48.37328675,4,#e78ac3,marker
88671,"9,17E+18",9,1,78,124,2017,8,8,6,3,0,1,1,0,0,0,0,0,0,1,702524.7496,5364198.2973,11.736226606,48.398386838,1,#66c2a5,bicycle
88678,"9,17E+18",9,1,87,179,2017,8,15,1,2,0,6,0,1,0,1,0,0,0,0,729634.8546,5317309.1593,12.076641721,47.967856177,2,#fc8d62,car
88681,"9,17E+18",9,1,84,136,2017,8,18,5,2,1,5,1,1,0,0,0,0,0,1,699270.9611,5327400.4286,11.675010976,48.068723237,1,#66c2a5,bicycle