OBJECTID,UIDENTSTLA,ULAND,UREGBEZ,UKREIS,UGEMEINDE,UJAHR,UMONAT,USTUNDE,UWOCHENTAG,UKATEGORIE,UART,UTYP1,IstRad,IstPKW,IstFuss,IstKrad,IstGkfz,IstSonstig,ULICHTVERH,STRZUSTAND,LINREFX,LINREFY,XGCSWGS84,YGCSWGS84,Teilnehmer,color,symbol
88684,"9,17E+18",9,1,62,0,2017,8,16,5,3,3,6,0,1,0,0,0,0,0,1,688744.0843,5338576.4102,11.538793708,48.172376659,2,#fc8d62,car
88687,"9,17E+18",9,1,84,135,2017,8,16,5,3,2,6,0,1,0,0,0,0,0,1,692624.6869,5348889089.0,11.595620883,48.263898873,2,#fc8d62,car
88693,"9,17E+18",9,1,84,129,2017,8,10,1,3,2,6,0,1,0,0,0,0,0,0,700156.8853,5324945.4197,11.685741502,48.046382227,2,#fc8d62,car
88694,"9,17E+18",9,1,77,117,2017,8,14,1,2,4,2,0,1,0,1,0,0,0,0,716423065.0,5354283619.0,11.918658976,48.304687937,2,#fc8d62,car
88696,"9,17E+18",9,1,77,118,2017,8,19,1,3,0,1,1,0,0,0,0,0,0,0,709599.81,5344187.5328,11.821757988,48.21626346,1,#66c2a5,bicycle
88698,"9,17E+18",9,1,84,139,2017,8,12,7,3,8,1,0,1,0,0,0,0,0,1,687354.0659,5324075.0727,11.513747228,48.042445167,2,#fc8d62,car
88709,"9,17E+18",9,1,84,149,2017,8,10,5,3,5,3,1,1,0,0,0,0,0,0,690136.7569,5351013.2197,11.563086311,48.283741568,1,#66c2a5,bicycle
88710,"9,17E+18",9,1,84,148,2017,8,22,5,3,9,1,0,1,0,0,0,0,2,1,695080313.0,5327242494.0,11.618745259,48.068599139,2,#fc8d62,car
88712,"9,17E+18",9,1,84,148,2017,8,12,7,3,0,5,0,1,0,0,0,0,0,1,693962.8361,5327871.3737,11.604045771,48.074592134,2,#fc8d62,car
88714,"9,17E+18",9,1,62,0,2017,8,11,7,3,5,7,0,1,0,0,0,0,0,1,694596.7612,5332014.0378,11.614435381,48.111631923,2,#fc8d62,car
88721,"9,17E+18",9,2,74,182,2017,8,16,4,3,5,3,0,1,0,0,0,0,0,0,731183.7742,5377239.3669,12.130063243,48.505682736,2,#fc8d62,car
88728,"9,17E+18",9,7,62,0,2017,8,18,7,3,1,1,1,1,0,0,0,0,0,0,620859.0987,5304437.8905,10.616527854,47.881891267,1,#66c2a5,bicycle
88742,"9,17E+18",9,1,87,165,2017,8,11,4,3,2,6,0,1,0,0,0,0,0,0,729433.7141,5300251.4644,12.064886148,47.81467457,2,#fc8d62,car
88743,"9,17E+18",9,1,87,165,2017,8,10,4,3,2,6,0,1,0,0,0,0,0,0,732498.5473,5299722.1825,12.105482129,47.808819608,2,#fc8d62,car
88749,"9,17E+18",9,1,63,0,2017,8,6,4,3,0,1,1,0,0,0,0,0,0,1,734289.3447,5304532.9235,12.131966923,47.851390132,1,#66c2a5,bicycle
88755,"9,17E+18",9,1,86,143,2017,8,17,4,3,2,6,0,1,0,0,0,0,0,0,685509.3969,5378013.8957,11.512704639,48.527794512,2,#fc8d62,car
88756,"9,17E+18",9,7,72,147,2017,8,21,5,3,2,6,0,1,0,0,0,1,2,0,633789.1716,5364526.7016,10.808278505,48.419676229,2,#fc8d62,car
88770,"9,17E+18",9,1,81,130,2017,8,11,4,3,6,2,1,0,1,0,0,0,0,0,639567.5625,5323196.6979,10.872720418,48.046784345,1,#66c2a5,bicycle
88771,"9,17E+18",9,1,74,146,2017,8,16,4,3,4,2,0,1,0,0,0,0,0,0,668396274.0,5349724575.0,11.269760559,48.278313729,2,#fc8d62,car
88772,"9,17E+18",9,1,75,135,2017,8,9,4,3,0,1,0,0,0,1,0,0,0,1,707055775.0,5337880643.0,11.78447675,48.160423332,4,#e78ac3,marker
88773,"9,17E+18",9,1,62,0,2017,8,18,3,3,1,6,0,1,0,0,0,0,0,1,692876.6631,5331250.0765,11.591004841,48.105288793,2,#fc8d62,car
88784,"9,17E+18",9,7,73,125,2017,8,19,3,3,5,3,0,1,0,0,0,0,1,1,617510.5185,5380524.1554,10.592853484,48.566787129,2,#fc8d62,car
88785,"9,17E+18",9,7,71,122,2017,8,21,3,3,8,1,0,1,0,0,0,0,2,1,653513.9306,5361631.3091,11.073646999,48.389147796,2,#fc8d62,car
88786,"9,17E+18",9,7,72,151,2017,8,13,3,2,4,6,0,1,0,0,0,0,0,0,624631.3446,5345098.2833,10.678813028,48.246838939,2,#fc8d62,car
88787,"9,17E+18",9,7,72,215,2017,8,10,3,3,5,3,1,1,0,0,0,0,0,0,633560.0306,5345077.3324,10.799018369,48.244832051,1,#66c2a5,bicycle
88852,"9,17E+18",9,2,74,124,2017,8,7,3,3,5,3,0,1,0,1,0,0,0,0,722885817.0,5374705347.0,12.016527985,48.485915874,2,#fc8d62,car
88853,"9,17E+18",9,2,61,0,2017,8,11,7,3,3,2,1,1,0,0,0,0,0,0,732044.1056,5379524.7269,12.142964128,48.525894604,1,#66c2a5,bicycle
88879,"9,17E+18",9,1,82,137,2017,8,9,7,3,2,6,0,1,0,0,0,0,0,0,710114.3819,5305108.6982,11.80950186,47.864922271,2,#fc8d62,car
88881,"9,17E+18",9,1,82,123,2017,8,9,7,3,2,6,0,1,0,0,0,0,0,1,719859405.0,5300883.7629,11.937486144,47.823698074,2,#fc8d62,car
88883,"9,17E+18",9,1,87,177,2017,8,11,7,3,2,6,0,1,0,0,0,0,0,0,737437.4652,5302981.4954,12.173133541,47.836297644,2,#fc8d62,car
88890,"9,17E+18",9,1,81,145,2017,8,14,3,3,5,3,0,1,0,0,0,1,0,0,644204.2899,5332527.2586,10.938050675,48.12965317,2,#fc8d62,car
88891,"9,17E+18",9,1,74,111,2017,8,19,3,2,9,1,0,1,0,0,0,0,1,1,663777.9953,5361879.3465,11.21228527,48.388796063,2,#fc8d62,car
88892,"9,17E+18",9,1,74,131,2017,8,14,3,3,4,2,0,1,0,1,0,0,0,0,672457964.0,5357928.5164,11.327814528,48.350967983,2,#fc8d62,car
88893,"9,17E+18",9,1,84,147,2017,8,18,3,3,2,7,0,1,0,0,0,0,0,0,698490.6307,5341827.3526,11.671269048,48.198624348,2,#fc8d62,car
88894,"9,17E+18",9,1,75,115,2017,8,8,3,2,5,2,0,1,0,0,0,1,0,0,718386792.0,5327806989.0,11.931496427,48.066119284,2,#fc8d62,car
88895,"9,17E+18",9,1,62,0,2017,8,17,2,3,2,6,0,1,0,0,0,0,2,0,691755.4569,5331917.1708,11.576258814,48.111623041,2,#fc8d62,car
88896,"9,17E+18",9,1,62,0,2017,8,9,2,3,2,6,0,1,0,1,0,0,0,0,688266.3579,5340195.6144,11.533091679,48.187071923,2,#fc8d62,car
88897,"9,17E+18",9,1,84,136,2017,8,16,2,3,5,2,1,1,0,0,0,0,0,0,698835779.0,5325815.9198,11.668439071,48.054618548,1,#66c2a5,bicycle
88899,"9,17E+18",9,1,62,0,2017,8,17,7,3,9,1,0,1,0,0,0,0,0,0,680779.8036,5339329.2598,11.432088858,48.181459193,2,#fc8d62,car
88900,"9,17E+18",9,1,84,130,2017,8,19,2,3,5,3,0,1,0,0,0,0,0,0,698895.1936,5346171.6374,11.678744896,48.237539884,2,#fc8d62,car
88901,"9,17E+18",9,1,62,0,2017,8,11,2,2,2,2,0,1,0,0,0,0,0,0,688756.6606,5329472.3076,11.534929531,48.090543879,2,#fc8d62,car
88902,"9,17E+18",9,1,84,132,2017,8,4,2,2,5,3,0,1,0,0,0,0,2,0,683182729.0,5329810044.0,11.460291297,48.095206037,2,#fc8d62,car
88903,"9,17E+18",9,1,62,0,2017,8,20,2,2,4,2,0,1,0,1,0,0,1,0,695475.2929,5331059.7701,11.62578855,48.102786374,2,#fc8d62,car
88904,"9,17E+18",9,1,84,119,2017,8,7,2,3,5,3,1,1,0,0,0,0,0,0,696506.7082,5346867.6147,11.646935237,48.244539402,1,#66c2a5,bicycle
88905,"9,17E+18",9,1,62,0,2017,8,8,2,3,4,2,1,1,0,0,0,0,0,0,689044.6938,5331679.8511,11.539771561,48.110300322,1,#66c2a5,bicycle
88916,"9,17E+18",9,1,81,130,2017,8,18,7,3,1,6,0,1,0,0,0,0,0,0,640291.8277,5323361.3467,10.882487174,48.04810613,2,#fc8d62,car
88917,"9,17E+18",9,1,81,121,2017,8,14,7,3,2,6,0,1,0,1,0,0,0,0,639586.8498,5312593.3911,10.869529843,47.951431118,2,#fc8d62,car
88918,"9,17E+18",9,1,74,111,2017,8,14,7,3,5,3,0,1,0,1,0,0,0,0,667000.8401,5362015.0151,11.255838083,48.389170622,2,#fc8d62,car
88919,"9,17E+18",9,1,62,0,2017,8,11,7,3,0,1,0,0,0,1,0,0,0,1,695281.6148,5344025.6335,11.629141731,48.219376103,4,#e78ac3,marker
88920,"9,17E+18",9,1,78,143,2017,8,18,7,3,5,3,0,1,0,0,0,0,0,0,721000.4937,5374034.4538,11.99069375,48.480553996,2,#fc8d62,car
88923,"9,17E+18",9,1,75,122,2017,8,20,7,3,5,2,0,1,0,0,0,1,1,0,721012.2395,5326068837.0,11.965792357,48.049597874,2,#fc8d62,car
88933,"9,17E+18",9,1,75,124,2017,8,11,7,3,1,6,0,1,0,0,0,0,0,1,714133.3905,5329118.8692,11.87513363,48.079349289,2,#fc8d62,car
88934,"9,17E+18",9,1,62,0,2017,8,13,6,3,0,1,0,0,0,1,0,0,0,1,682928.2795,5338852.1153,11.460760108,48.176555403,4,#e78ac3,marker
88935,"9,17E+18",9,1,84,119,2017,8,5,6,3,0,7,0,0,0,1,0,0,2,1,697064627.0,5348416054.0,11.655162846,48.258282246,4,#e78ac3,marker
88938,"9,17E+18",9,1,84,113,2017,8,13,6,3,0,1,0,0,0,1,0,0,0,1,685474.2665,5321656.5281,11.487503427,48.021254588,4,#e78ac3,marker
88940,"9,17E+18",9,7,72,151,2017,8,10,2,2,2,6,0,0,0,1,0,1,0,0,632980.2768,5343030.5118,10.790570661,48.226548079,4,#e78ac3,marker
88944,"9,17E+18",9,7,72,209,2017,8,13,2,3,5,3,1,1,0,0,0,0,0,0,634373.4408,5335184.5468,10.806837086,48.155700402,1,#66c2a5,bicycle
88945,"9,17E+18",9,7,61,0,2017,8,19,6,2,8,1,0,1,0,0,0,0,1,0,639934.6104,5355232.2577,10.888199465,48.334768471,2,#fc8d62,car
88946,"9,17E+18",9,7,72,202,2017,8,9,2,3,5,2,1,1,0,0,0,0,0,0,636378418.0,5357774259.0,10.841063626,48.358403651,1,#66c2a5,bicycle
88947,"9,17E+18",9,7,71,144,2017,8,10,2,3,5,3,0,1,0,0,0,0,0,0,660587.0085,5373549.4758,11.173688391,48.494531299,2,#fc8d62,car
88948,"9,17E+18",9,7,71,156,2017,8,16,2,3,2,6,0,1,0,0,0,0,0,0,654529.3006,5383256.4161,11.095350152,48.583318702,2,#fc8d62,car
88956,"9,17E+18",9,7,72,200,2017,8,7,6,3,8,1,0,1,0,0,0,0,0,1,624976.1996,5342907.1956,10.682809736,48.227066742,2,#fc8d62,car
88959,"9,17E+18",9,7,72,160,2017,8,17,6,2,5,3,0,1,0,1,0,0,0,1,638753.8983,5343003.9909,10.868261393,48.225072901,2,#fc8d62,car
89040,"9,17E+18",9,2,61,0,2017,8,17,2,3,0,1,0,0,0,1,0,0,0,0,731846.7941,5379830.1856,12.140465609,48.528711377,4,#e78ac3,marker
89042,"9,17E+18",9,1,73,147,2017,8,8,2,3,2,6,0,1,0,0,0,0,0,0,680814.1094,5307824.5808,11.419246513,47.898252276,2,#fc8d62,car
89063,"9,17E+18",9,1,63,0,2017,8,16,2,3,2,6,0,1,0,1,0,0,0,0,734982.6519,5303676.0166,12.140755373,47.843438715,2,#fc8d62,car
89064,"9,17E+18",9,1,82,136,2017,8,9,2,2,2,6,0,1,0,0,0,0,0,0,703401.8359,5301736.3116,11.718267165,47.836774003,2,#fc8d62,car
89065,"9,17E+18",9,1,82,120,2017,8,16,2,3,2,6,0,1,0,0,0,1,0,0,702356.4926,5306005.6209,11.706310703,47.875473658,2,#fc8d62,car
89066,"9,17E+18",9,1,87,129,2017,8,17,2,3,0,1,1,0,0,0,0,0,0,0,725742.6084,5299277.3115,12.01514258,47.807226984,1,#66c2a5,bicycle
89076,"9,17E+18",9,1,86,143,2017,8,17,2,3,2,6,0,1,0,0,0,1,0,0,685457.1661,5377924.7881,11.511958254,48.527009073,2,#fc8d62,car
89077,"9,17E+18",9,1,86,143,2017,8,7,2,3,1,6,0,1,0,0,0,0,0,0,687028.3577,5381795.5231,11.534955762,48.561331254,2,#fc8d62,car
89085,"9,17E+18",9,1,62,0,2017,8,13,2,3,3,6,0,1,0,0,0,1,2,0,679766.1951,5337939.8894,11.417877493,48.169257892,2,#fc8d62,car
89086,"9,17E+18",9,1,74,121,2017,8,8,2,2,0,1,0,0,0,1,0,0,0,0,690751.8314,5353437.0874,11.572463812,48.305341426,4,#e78ac3,marker
89087,"9,17E+18",9,1,74,115,2017,8,11,2,3,5,2,1,1,0,0,0,0,0,0,681044.8113,5349034.3233,11.439795671,48.268619453,1,#66c2a5,bicycle
89088,"9,17E+18",9,1,77,133,2017,8,16,2,3,5,3,0,1,0,1,0,0,0,0,709742.75,5359314863.0,11.831188258,48.352146999,2,#fc8d62,car
89089,"9,17E+18",9,1,75,135,2017,8,18,2,3,6,6,1,0,1,0,0,0,0,0,709276.3716,5338293.1529,11.814504987,48.163403239,1,#66c2a5,bicycle
89090,"9,17E+18",9,1,78,120,2017,8,10,2,3,1,5,0,1,0,0,0,0,0,0,694824.1225,5352843.5777,11.627049126,48.298766474,2,#fc8d62,car
89091,"9,17E+18",9,1,78,136,2017,8,16,2,2,0,6,0,0,0,1,0,0,0,0,697390.1419,5369264353.0,11.669318772,48.445542411,4,#e78ac3,marker
89092,"9,17E+18",9,1,75,114,2017,8,19,2,3,5,3,0,1,0,0,0,0,0,0,715766.2351,5322254.2821,11.893568501,48.017116397,2,#fc8d62,car
89093,"9,17E+18",9,1,77,115,2017,8,19,2,3,2,6,0,1,0,0,0,0,0,0,734125.8798,5350881.1018,12.155150076,48.267820719,2,#fc8d62,car
89094,"9,17E+18",9,1,62,0,2017,8,18,1,3,3,6,0,1,0,0,0,0,0,0,686935.4676,5335140.5029,11.512980875,48.142028322,2,#fc8d62,car
89099,"9,17E+18",9,2,74,113,2017,8,14,6,2,2,6,0,1,0,0,0,0,0,0,727123.1452,5382965.3818,12.078287961,48.558602616,2,#fc8d62,car
89100,"9,17E+18",9,1,62,0,2017,8,14,1,3,5,3,1,1,0,0,0,0,0,0,688717851.0,5336790.9,11.537648957,48.156336121,1,#66c2a5,bicycle
89101,"9,17E+18",9,1,62,0,2017,8,5,1,3,3,7,0,1,0,0,0,0,2,1,694087.6474,5331698.2906,11.607459058,48.108949427,2,#fc8d62,car
89103,"9,17E+18",9,7,78,209,2017,8,23,1,3,8,1,0,1,0,0,0,0,2,0,618533967.0,5322274.62,10.590358512,48.042744555,2,#fc8d62,car
89110,"9,17E+18",9,7,71,130,2017,8,1,1,3,0,1,1,0,0,0,0,0,2,0,647084.3464,5358033.0242,10.985593619,48.358327139,1,#66c2a5,bicycle
89111,"9,17E+18",9,2,61,0,2017,8,21,6,2,5,3,0,1,0,0,0,0,1,1,732787715.0,5381508.39,12.154127951,48.543438012,2,#fc8d62,car
89126,"9,17E+18",9,1,73,147,2017,8,14,6,3,3,6,0,1,0,0,0,0,0,0,682020.5562,5308345.0397,11.435592992,47.902589696,2,#fc8d62,car
89127,"9,17E+18",9,1,73,134,2017,8,7,6,3,2,6,0,1,0,0,0,0,0,1,685977.24,5299707.8877,11.484770443,47.823816309,2,#fc8d62,car
89133,"9,17E+18",9,1,84,145,2017,8,15,6,2,9,1,0,1,0,0,0,0,0,1,694323398.0,5323542.4829,11.606915248,48.0355753,2,#fc8d62,car
89134,"9,17E+18",9,1,87,124,2017,8,7,6,3,8,1,0,1,0,0,0,0,0,1,735850.3323,5329367.8185,12.16642049,48.07392487,2,#fc8d62,car
89178,"9,17E+18",9,1,62,0,2017,8,17,5,3,2,3,1,0,0,0,0,0,0,0,688880.29,5340146599.0,11.541321818,48.186449128,1,#66c2a5,bicycle
89179,"9,17E+18",9,1,88,139,2017,8,13,6,3,2,6,0,1,0,0,0,0,0,0,676284.2924,5318974.7213,11.363260482,47.999748279,2,#fc8d62,car
89183,"9,17E+18",9,1,83,119,2017,8,20,6,3,0,1,0,0,0,1,0,0,2,0,737603.7621,5339545.3658,12.19559425,48.164699219,4,#e78ac3,marker
89210,"9,17E+18",9,1,73,118,2017,8,17,5,3,2,6,0,1,0,1,0,0,0,0,692967.5757,5308185.7499,11.58185288,47.897959035,2,#fc8d62,car
89215,"9,17E+18",9,1,84,114,2017,8,19,5,2,8,6,0,1,0,0,0,1,0,0,698684.1259,5321407.0341,11.664361086,48.01504142,2,#fc8d62,car
89217,"9,17E+18",9,1,79,134,2017,8,19,5,2,4,6,0,1,0,1,0,0,0,0,668630.3596,5346782.3728,11.271740134,48.251801956,2,#fc8d62,car
89218,"9,17E+18",9,1,75,132,2017,8,11,5,3,2,6,0,1,0,0,0,0,0,0,705210.7307,5335549.1033,11.758570641,48.140069049,2,#fc8d62,car
89219,"9,17E+18",9,1,78,143,2017,8,16,5,3,4,6,0,1,0,0,0,0,0,0,717003.0664,5372533.4004,11.935894242,48.468459798,2,#fc8d62,car
89220,"9,17E+18",9,1,84,123,2017,8,17,4,3,3,2,1,0,0,0,0,1,0,0,702170855.0,5332157883.0,11.716146249,48.110565712,1,#66c2a5,bicycle
89221,"9,17E+18",9,1,84,138,2017,8,14,4,3,5,3,0,1,0,0,0,0,0,0,678994497.0,5331005307.0,11.404593238,48.107140521,2,#fc8d62,car
89223,"9,17E+18",9,1,62,0,2017,8,5,4,2,3,2,1,1,0,0,0,0,2,1,690206.8815,5339068.2188,11.558669552,48.176360925,1,#66c2a5,bicycle
89226,"9,17E+18",9,1,74,118,2017,8,15,6,2,9,1,0,1,0,0,0,0,0,0,671202.0813,5355375.5182,11.309839589,48.328359912,2,#fc8d62,car
89227,"9,17E+18",9,1,82,137,2017,8,2,7,3,2,6,0,1,0,0,0,0,2,1,711053.1637,5305192.6242,11.822079851,47.865368767,2,#fc8d62,car
89235,"9,17E+18",9,7,71,130,2017,8,5,4,2,9,1,0,1,0,0,0,0,2,1,645790.1596,5362820.1142,10.969793807,48.401669319,2,#fc8d62,car
89236,"9,17E+18",9,7,72,147,2017,8,16,4,3,2,6,0,1,0,0,0,0,0,0,636031.1935,5364288.3066,10.838487985,48.417052518,2,#fc8d62,car
89237,"9,17E+18",9,1,88,120,2017,8,8,6,3,0,6,0,1,0,0,0,0,0,0,672733.1358,5323110.0881,11.317360843,48.037893608,2,#fc8d62,car
89239,"9,17E+18",9,7,72,209,2017,8,7,4,3,0,1,1,0,0,0,0,0,0,1,635416.4666,5335664.8252,10.821007574,48.15979798,1,#66c2a5,bicycle
89241,"9,17E+18",9,7,61,0,2017,8,14,4,3,2,6,0,1,0,0,0,0,0,0,643332.0906,5357724.2275,10.934864562,48.356413556,2,#fc8d62,car
89243,"9,17E+18",9,7,61,0,2017,8,7,4,3,0,4,0,0,1,1,0,0,0,1,638444.3688,5355883.4088,10.868316149,48.340951793,3,#8da0cb,toilet
89262,"9,17E+18",9,7,77,158,2017,8,16,5,2,2,6,0,0,0,1,0,0,0,0,620187.5206,5310498.4259,10.609238247,47.93652448,4,#e78ac3,marker
89263,"9,17E+18",9,1,62,0,2017,8,18,5,3,3,6,1,0,0,0,0,0,0,0,690094.0244,5331913.6425,11.553958781,48.112089359,1,#66c2a5,bicycle
89277,"9,17E+18",9,7,61,0,2017,8,15,6,3,3,6,0,1,0,0,0,0,0,0,642850.2609,5360017.2846,10.929142912,48.377140783,2,#fc8d62,car
89281,"9,17E+18",9,1,62,0,2017,8,6,6,3,3,6,0,1,0,1,0,0,1,0,688689.8608,5336571.0878,11.537175491,48.15436873,2,#fc8d62,car
89296,"9,17E+18",9,7,62,0,2017,8,6,2,3,5,3,0,1,0,0,0,0,1,0,622540.1797,5304879908.0,10.639128825,47.885547934,2,#fc8d62,car
89297,"9,17E+18",9,7,73,139,2017,8,14,2,3,0,1,0,0,0,1,0,0,0,1,615468235.0,5385931879.0,10.566684304,48.615797783,4,#e78ac3,marker
89302,"9,17E+18",9,1,79,123,2017,8,17,6,3,0,1,1,0,0,0,0,0,0,0,675646.7385,5333407.5257,11.360649368,48.129666841,1,#66c2a5,bicycle
89303,"9,17E+18",9,1,86,152,2017,8,18,6,3,2,6,0,1,0,0,0,0,0,0,691559.4827,5379270.4791,11.595143672,48.53727056,2,#fc8d62,car
89313,"9,17E+18",9,7,77,158,2017,8,19,6,3,4,6,1,0,0,0,0,0,0,0,619962.6794,5307739.5161,10.605460794,47.911753622,1,#66c2a5,bicycle
89318,"9,17E+18",9,1,88,121,2017,8,17,6,3,5,3,0,1,0,0,0,0,0,0,671948934.0,5329724.39,11.309509126,48.097566324,2,#fc8d62,car
89326,"9,17E+18",9,2,74,124,2017,8,11,6,3,5,3,0,1,0,1,0,0,0,0,724497.0798,5375939.2987,12.038965908,48.496428138,2,#fc8d62,car
89331,"9,17E+18",9,2,74,111,2017,8,9,4,3,8,1,0,1,0,0,0,0,0,1,738374303.0,5381538229.0,12.229715972,48.541608743,2,#fc8d62,car
89334,"9,17E+18",9,2,61,0,2017,8,12,4,3,5,3,0,1,0,0,0,0,0,0,731822.4149,5381188.9112,12.140891516,48.540925565,2,#fc8d62,car
89336,"9,17E+18",9,2,74,126,2017,8,12,4,2,0,1,0,1,0,0,0,0,0,0,733710573.0,5382547782.0,12.167195389,48.552431385,2,#fc8d62,car
89349,"9,17E+18",9,1,83,140,2017,8,14,4,3,2,6,0,1,0,0,0,0,0,0,739342.3779,5340189.5045,12.219301663,48.169833287,2,#fc8d62,car
89350,"9,17E+18",9,7,62,0,2017,8,13,5,2,5,3,0,1,0,1,0,0,0,0,621492.44,5304372959.0,10.624977208,47.881187737,2,#fc8d62,car
89353,"9,17E+18",9,1,78,156,2017,8,15,6,2,5,3,0,1,0,0,0,0,0,0,701960784.0,5376037086.0,11.734326409,48.50495393,2,#fc8d62,car
89357,"9,17E+18",9,1,87,182,2017,8,12,4,3,4,1,0,1,0,1,0,0,0,0,739493157.0,5327765094.0,12.214350742,48.058170463,2,#fc8d62,car
89359,"9,17E+18",9,1,87,122,2017,8,19,4,2,4,3,0,1,0,1,0,0,0,0,718839.7093,5307990.8591,11.927476278,47.887907729,2,#fc8d62,car
89365,"9,17E+18",9,1,88,121,2017,8,18,4,3,2,6,0,1,0,0,0,0,0,0,670260.8086,5329155.7672,11.286627326,48.092907787,2,#fc8d62,car
89366,"9,17E+18",9,1,81,135,2017,8,13,4,3,8,1,0,0,0,1,0,0,0,0,646542314.0,5310742.1881,10.962001082,47.93323135,4,#e78ac3,marker
89371,"9,17E+18",9,1,88,124,2017,8,9,4,3,6,6,1,0,1,0,0,0,0,0,661822.0349,5318842598.0,11.169480558,48.002384485,1,#66c2a5,bicycle
89372,"9,17E+18",9,1,78,124,2017,8,16,6,3,5,3,1,1,0,0,0,0,0,0,702815502.0,5364030551.0,11.740069158,48.396785982,1,#66c2a5,bicycle
89374,"9,17E+18",9,1,79,113,2017,8,21,4,3,2,1,0,1,0,0,0,0,2,0,670538.2712,5336201.9333,11.293169897,48.156177123,2,#fc8d62,car
89377,"9,17E+18",9,1,74,143,2017,8,15,4,3,9,1,0,0,0,1,0,0,0,0,672577.7018,5356238.6323,11.328736893,48.335744562,4,#e78ac3,marker
89379,"9,17E+18",9,1,75,132,2017,8,12,4,3,2,6,0,1,0,0,0,0,0,0,707541.4062,5336729.7024,11.790438165,48.149922366,2,#fc8d62,car
89380,"9,17E+18",9,1,62,0,2017,8,7,4,3,2,6,0,1,0,0,0,0,0,1,694235.5577,5340703.9757,11.613553324,48.189843802,2,#fc8d62,car
89381,"9,17E+18",9,1,78,120,2017,8,7,4,3,3,6,0,1,0,0,0,1,0,1,694788.0847,5353689.3274,11.626953977,48.306378529,2,#fc8d62,car
89382,"9,17E+18",9,1,78,113,2017,8,19,4,2,5,3,0,1,0,0,0,0,0,0,692792535.0,5369693139.0,11.607410255,48.450820742,2,#fc8d62,car
89383,"9,17E+18",9,1,77,139,2017,8,18,4,3,0,7,1,0,0,0,0,0,0,0,731099.2615,5359775.5111,12.119295842,48.348833781,1,#66c2a5,bicycle
89384,"9,17E+18",9,1,77,121,2017,8,19,4,3,9,1,0,1,0,0,0,0,0,0,729341123.0,5365149573.0,12.098531951,48.397752041,2,#fc8d62,car
89385,"9,17E+18",9,1,84,120,2017,8,13,3,3,0,1,0,0,0,1,0,0,0,0,681361.4827,5332085.7207,11.436820844,48.116182725,4,#e78ac3,marker
89386,"9,17E+18",9,1,62,0,2017,8,18,3,3,4,2,1,1,0,0,0,0,0,0,692147.9774,5339566.2214,11.584978958,48.180252906,1,#66c2a5,bicycle
89387,"9,17E+18",9,7,72,111,2017,8,13,6,3,3,7,0,0,0,1,0,1,0,0,628690.4012,5364109.9669,10.739269952,48.416990936,4,#e78ac3,marker
89388,"9,17E+18",9,1,84,142,2017,8,19,3,2,3,2,0,1,0,1,0,0,0,0,683449.79,5317464668.0,11.458585807,47.984158928,2,#fc8d62,car
89391,"9,17E+18",9,1,74,113,2017,8,12,7,3,9,7,0,1,0,0,0,0,0,1,671544804.0,5346913635.0,11.311023009,48.252199802,2,#fc8d62,car
89400,"9,17E+18",9,1,84,113,2017,8,19,3,3,2,6,0,1,0,0,0,0,0,0,684477.7773,5320352.7866,11.473590939,48.009824055,2,#fc8d62,car
89409,"9,17E+18",9,7,72,162,2017,8,9,7,3,5,3,1,1,0,0,0,0,0,0,636081291.0,5335585443.0,10.82991766,48.158942196,1,#66c2a5,bicycle
89419,"9,17E+18",9,1,81,126,2017,8,12,6,2,8,1,0,0,0,1,0,0,0,0,636575.6907,5330722.5526,10.835003007,48.115107383,4,#e78ac3,marker
89424,"9,17E+18",9,7,72,207,2017,8,22,3,3,0,7,1,0,0,0,0,0,2,0,641063.7323,5380344.2914,10.91188621,48.560312051,1,#66c2a5,bicycle
89435,"9,17E+18",9,1,62,0,2017,8,8,6,3,5,3,1,1,0,0,0,0,0,0,695441.3138,5329907.2607,11.624804946,48.092438528,1,#66c2a5,bicycle
89442,"9,17E+18",9,2,61,0,2017,8,10,2,3,0,2,1,1,0,0,0,0,0,0,731820423.0,5381192039.0,12.14086631,48.540954397,1,#66c2a5,bicycle
89465,"9,17E+18",9,7,72,147,2017,8,21,6,3,8,1,0,1,0,0,0,0,2,1,638231.4037,5364075.2625,10.86813773,48.414658034,2,#fc8d62,car
89472,"9,17E+18",9,1,86,152,2017,8,11,6,3,6,4,0,1,1,0,0,0,0,0,692483852.0,5375744225.0,11.606025791,48.505297105,2,#fc8d62,car
89489,"9,17E+18",9,1,84,114,2017,8,11,2,3,2,6,0,1,0,0,0,0,0,0,699471.8069,5319878.3893,11.674201195,48.001057577,2,#fc8d62,car
89491,"9,17E+18",9,1,87,177,2017,8,15,2,3,2,6,0,1,0,0,0,0,0,0,736844.5222,5306226.3317,12.166998033,47.8656668,2,#fc8d62,car
89493,"9,17E+18",9,1,87,124,2017,8,14,2,2,5,3,0,1,0,0,0,0,0,0,735475606.0,5329721902.0,12.161592587,48.077244173,2,#fc8d62,car
89497,"9,17E+18",9,1,63,0,2017,8,10,2,3,0,1,0,1,0,0,0,0,0,0,733765.3434,5303295.0505,12.124304301,47.840459804,2,#fc8d62,car