OBJECTID,UIDENTSTLA,ULAND,UREGBEZ,UKREIS,UGEMEINDE,UJAHR,UMONAT,USTUNDE,UWOCHENTAG,UKATEGORIE,UART,UTYP1,IstRad,IstPKW,IstFuss,IstKrad,IstGkfz,IstSonstig,ULICHTVERH,STRZUSTAND,LINREFX,LINREFY,XGCSWGS84,YGCSWGS84,Teilnehmer,color,symbol
90225,"9,17E+18",9,1,84,145,2017,8,22,7,3,8,6,0,1,0,0,0,0,2,0,697421.2561,5324655.3793,11.648941507,48.044627343,2,#fc8d62,car
90226,"9,17E+18",9,1,62,0,2017,8,1,7,2,3,6,1,1,0,0,0,0,2,0,694672.3681,5331949.8862,11.615420796,48.111032248,1,#66c2a5,bicycle
90228,"9,17E+18",9,1,87,177,2017,8,0,7,3,8,1,0,1,0,0,0,0,2,0,736244.4309,5305835.8649,12.158773122,47.862379884,2,#fc8d62,car
90233,"9,17E+18",9,1,88,139,2017,8,18,7,3,0,7,1,0,0,0,0,0,0,0,675251.1785,5320837.8942,11.350183945,48.016781457,1,#66c2a5,bicycle
90234,"9,17E+18",9,1,88,113,2017,8,1,7,2,8,7,0,1,0,0,0,0,2,0,676139.8583,5318013041.0,11.360931272,47.991143015,2,#fc8d62,car
90235,"9,17E+18",9,1,79,126,2017,8,17,7,2,3,6,0,1,0,1,0,0,0,0,677000.0548,5339845.3663,11.381499773,48.187162768,2,#fc8d62,car
90236,"9,17E+18",9,1,79,121,2017,8,11,7,3,5,7,0,1,0,1,0,0,0,0,666386.5077,5340997.2585,11.239264813,48.200387154,2,#fc8d62,car
90237,"9,17E+18",9,1,81,114,2017,8,19,7,3,8,1,0,0,0,1,0,0,0,0,651687.5132,5311342.2879,11.031055622,47.937430017,4,#e78ac3,marker
90238,"9,17E+18",9,1,75,132,2017,8,13,7,3,1,7,0,1,0,0,0,0,0,0,705197.2963,5333803.3504,11.757549536,48.124385096,2,#fc8d62,car
90239,"9,17E+18",9,1,75,135,2017,8,17,7,3,4,2,0,1,0,0,0,0,0,0,708989269.0,5339468323.0,11.811226185,48.174057847,2,#fc8d62,car
90240,"9,17E+18",9,1,78,145,2017,8,12,7,3,0,1,1,0,0,0,0,0,0,0,696478.4009,5355129.8167,11.650395541,48.318801588,1,#66c2a5,bicycle
90241,"9,17E+18",9,1,78,143,2017,8,9,7,3,5,3,1,1,0,0,0,0,0,0,716436633.0,5371823.3792,11.927873966,48.462275606,1,#66c2a5,bicycle
90242,"9,17E+18",9,1,77,117,2017,8,15,7,3,5,2,1,1,0,0,0,0,0,0,715393.8969,5355177.0082,11.905254285,48.31306635,1,#66c2a5,bicycle
90243,"9,17E+18",9,1,77,113,2017,8,19,7,3,5,3,0,1,0,0,0,0,1,0,723520.2562,5358332.8125,12.016381456,48.338599431,2,#fc8d62,car
90244,"9,17E+18",9,1,75,115,2017,8,14,7,2,0,1,0,0,0,1,0,0,0,0,721047.1149,5329985.3399,11.96828423,48.084775588,4,#e78ac3,marker
90245,"9,17E+18",9,1,75,122,2017,8,8,7,3,8,1,0,0,0,1,0,0,0,0,721101.2515,5325481.7491,11.966681944,48.044292044,4,#e78ac3,marker
90246,"9,17E+18",9,1,77,123,2017,8,11,7,3,5,3,0,1,0,0,0,1,0,0,727511.0992,5343374.5927,12.062111155,48.202792731,2,#fc8d62,car
90247,"9,17E+18",9,1,77,138,2017,8,19,7,3,1,6,1,1,0,0,0,0,0,0,728403.6765,5364608.6889,12.085591535,48.393233203,1,#66c2a5,bicycle
90248,"9,17E+18",9,1,84,127,2017,8,17,6,3,5,3,0,1,0,0,0,0,0,0,701279945.0,5321270688.0,11.699067365,48.013003803,2,#fc8d62,car
90249,"9,17E+18",9,1,62,0,2017,8,14,6,3,3,6,0,1,0,1,0,0,0,0,687687.5581,5333441.0326,11.522332386,48.126531652,2,#fc8d62,car
90250,"9,17E+18",9,1,62,0,2017,8,14,6,3,5,2,1,0,0,0,0,1,0,0,682948884.0,5339416982.0,11.461280189,48.18162683,1,#66c2a5,bicycle
90251,"9,17E+18",9,1,84,114,2017,8,17,6,3,5,2,1,1,0,0,0,0,0,0,702658.0479,5318099.2802,11.716028142,47.984066686,1,#66c2a5,bicycle
90255,"9,17E+18",9,7,62,0,2017,8,11,6,3,1,6,0,1,0,0,0,0,0,0,623183.1979,5306263934.0,10.648121344,47.897872272,2,#fc8d62,car
90257,"9,17E+18",9,7,72,115,2017,8,5,6,3,0,7,0,1,0,1,0,0,2,0,617964.8431,5371588.4123,10.596480979,48.486343924,2,#fc8d62,car
90258,"9,17E+18",9,7,72,178,2017,8,17,6,3,4,6,0,0,0,1,0,0,0,0,622619664.0,5343079.4186,10.65114253,48.22907552,4,#e78ac3,marker
90259,"9,17E+18",9,7,71,142,2017,8,12,6,3,4,6,1,0,0,0,0,0,0,0,645521184.0,5352339.6189,10.962538146,48.307497811,1,#66c2a5,bicycle
90260,"9,17E+18",9,7,61,0,2017,8,9,6,3,5,3,0,1,0,0,0,0,0,0,642773.4539,5357572.9907,10.927276566,48.355180266,2,#fc8d62,car
90308,"9,17E+18",9,1,73,120,2017,8,16,6,3,1,2,0,1,0,1,0,0,0,0,689282.6389,5311178.6705,11.533913587,47.92595852,2,#fc8d62,car
90320,"9,17E+18",9,1,87,169,2017,8,16,6,3,9,7,0,1,0,0,0,0,0,0,738783.0522,5299168762.0,12.188986991,47.801547767,2,#fc8d62,car
90321,"9,17E+18",9,1,63,0,2017,8,7,6,3,5,3,1,1,0,0,0,0,0,0,733575.8419,5303185.9299,12.121716606,47.839548315,1,#66c2a5,bicycle
90322,"9,17E+18",9,1,82,136,2017,8,13,6,3,3,6,0,1,0,0,0,0,0,0,703021.7559,5300298.2839,11.712519611,47.823970038,2,#fc8d62,car
90324,"9,17E+18",9,1,87,150,2017,8,15,6,3,2,6,0,1,0,1,0,0,0,0,727068.5898,5303189.7872,12.034877816,47.841913635,2,#fc8d62,car
90327,"9,17E+18",9,1,85,166,2017,8,14,6,3,5,3,0,1,0,0,0,0,0,0,672550.9097,5383560.1504,11.339640144,48.581344816,2,#fc8d62,car
90328,"9,17E+18",9,1,86,143,2017,8,10,6,2,9,6,0,0,0,1,0,1,0,0,682803.1683,5379734371.0,11.476839652,48.544051956,4,#e78ac3,marker
90331,"9,17E+18",9,1,81,130,2017,8,15,6,3,0,1,0,0,0,1,0,0,0,0,639479.5518,5323125.6451,10.871516986,48.046164655,4,#e78ac3,marker
90332,"9,17E+18",9,1,88,117,2017,8,12,6,3,4,6,0,1,0,0,0,0,0,0,664198.8391,5315325.7055,11.199976491,47.970159609,2,#fc8d62,car
90333,"9,17E+18",9,1,74,126,2017,8,12,6,3,2,6,0,1,0,0,0,0,0,0,683456348.0,5344141452.0,11.470142871,48.223946426,2,#fc8d62,car
90334,"9,17E+18",9,1,74,126,2017,8,15,6,3,5,3,0,1,0,1,0,0,0,0,683745.0393,5343891504.0,11.47391786,48.221616237,2,#fc8d62,car
90335,"9,17E+18",9,1,78,124,2017,8,16,6,3,9,1,0,1,0,0,0,0,0,0,699575.3371,5367479.9737,11.697985547,48.42881815,2,#fc8d62,car
90336,"9,17E+18",9,1,78,136,2017,8,12,6,2,4,6,0,1,0,1,0,0,0,0,700717.7496,5366431.3578,11.712909525,48.419031875,2,#fc8d62,car
90337,"9,17E+18",9,1,78,136,2017,8,14,6,3,8,1,0,0,0,1,0,0,0,0,697145.9685,5374365.3126,11.668424497,48.491459671,4,#e78ac3,marker
90338,"9,17E+18",9,1,77,135,2017,8,21,6,3,7,1,0,1,0,0,0,0,2,0,720658.9965,5341990613.0,11.969298822,48.192776194,2,#fc8d62,car
90339,"9,17E+18",9,1,77,130,2017,8,19,6,3,9,1,0,0,0,1,0,0,0,0,713423034.0,5349552.2504,11.8758647,48.263193863,4,#e78ac3,marker
90340,"9,17E+18",9,1,75,124,2017,8,11,6,3,2,6,0,1,0,1,0,0,0,0,712185434.0,5329421.2531,11.849162573,48.082717627,2,#fc8d62,car
90341,"9,17E+18",9,1,75,115,2017,8,14,6,3,5,3,0,1,0,0,0,0,0,0,718386792.0,5327806989.0,11.931496427,48.066119284,2,#fc8d62,car
90342,"9,17E+18",9,1,62,0,2017,8,20,5,3,2,6,0,0,0,1,0,0,2,0,697618.5756,5330160.2463,11.654130629,48.094040865,4,#e78ac3,marker
90343,"9,17E+18",9,1,84,137,2017,8,10,5,3,4,2,0,1,0,0,0,0,0,0,709252.4809,5313749.4274,11.802182462,47.942854187,2,#fc8d62,car
90344,"9,17E+18",9,1,84,130,2017,8,14,5,2,8,1,0,0,0,1,0,0,0,0,700910.8081,5348524.1008,11.706976417,48.258045518,4,#e78ac3,marker
90393,"9,17E+18",9,2,74,113,2017,8,19,5,2,4,2,0,1,0,0,0,0,1,1,728396358.0,5383928.99,12.096046908,48.566796475,2,#fc8d62,car
90403,"9,17E+18",9,1,87,124,2017,8,12,5,3,2,2,0,1,0,0,0,0,0,0,733172413.0,5329559007.0,12.130628184,48.076626988,2,#fc8d62,car
90404,"9,17E+18",9,1,87,177,2017,8,18,5,2,0,2,0,1,0,1,0,0,1,0,737215681.0,5303177901.0,12.170281884,47.83814392,2,#fc8d62,car
90407,"9,17E+18",9,1,82,123,2017,8,15,5,3,4,2,0,1,0,0,0,0,0,0,717270741.0,5301399445.0,11.903204432,47.829211307,2,#fc8d62,car
90410,"9,17E+18",9,1,74,135,2017,8,17,5,3,2,6,0,1,0,0,0,0,0,0,663402.0089,5353136.1141,11.203817021,48.310292232,2,#fc8d62,car
90411,"9,17E+18",9,1,81,130,2017,8,15,5,3,3,3,0,1,0,0,0,1,0,1,636851.1084,5323159.4326,10.836278655,48.047037444,2,#fc8d62,car
90412,"9,17E+18",9,1,79,125,2017,8,15,5,3,2,2,0,1,0,0,0,0,0,0,660464.6901,5332322.4207,11.156354731,48.123919969,2,#fc8d62,car
90413,"9,17E+18",9,1,84,112,2017,8,17,5,3,3,6,0,1,0,0,0,0,0,1,701152.8349,5340969.0913,11.706648972,48.190073596,2,#fc8d62,car
90414,"9,17E+18",9,1,78,123,2017,8,17,5,3,2,6,0,1,0,0,0,0,0,1,692230.1513,5360652.9053,11.595671395,48.369745592,2,#fc8d62,car
90415,"9,17E+18",9,1,77,117,2017,8,9,5,3,2,7,0,1,0,1,0,0,0,0,716638769.0,5355596.0581,11.922237798,48.316406365,2,#fc8d62,car
90416,"9,17E+18",9,1,78,133,2017,8,23,5,3,8,1,0,1,0,0,0,0,2,0,688311.8479,5366857.3629,11.545599986,48.426690407,2,#fc8d62,car
90417,"9,17E+18",9,1,77,144,2017,8,19,5,3,2,6,0,1,0,0,0,0,1,1,717445.3924,5348692.3363,11.929551008,48.254099948,2,#fc8d62,car
90418,"9,17E+18",9,1,75,124,2017,8,12,5,3,2,6,0,1,0,0,0,1,0,0,712475.8064,5329418.6417,11.853055301,48.082597466,2,#fc8d62,car
90419,"9,17E+18",9,1,77,121,2017,8,19,5,3,9,1,0,1,0,0,0,0,2,1,731210.2272,5365988.5978,12.124207723,48.404606709,2,#fc8d62,car
90420,"9,17E+18",9,1,84,148,2017,8,14,4,3,9,1,0,1,0,0,0,0,0,0,696143751.0,5326328.4831,11.632585991,48.060058293,2,#fc8d62,car
90421,"9,17E+18",9,1,62,0,2017,8,16,4,3,2,6,0,1,0,1,0,0,0,0,688565.5367,5334934.3627,11.534780535,48.139694491,2,#fc8d62,car
90422,"9,17E+18",9,1,62,0,2017,8,18,4,3,4,2,1,1,0,0,0,0,0,0,694782.5299,5340922.8884,11.621005572,48.191643781,1,#66c2a5,bicycle
90423,"9,17E+18",9,1,84,137,2017,8,12,4,3,0,7,0,0,0,1,0,0,0,0,707262.9506,5316736.7906,11.777011738,47.970347336,4,#e78ac3,marker
90435,"9,17E+18",9,7,73,182,2017,8,12,4,3,8,1,0,0,0,1,0,0,0,0,628751.3822,5376288.7476,10.743843465,48.526493514,4,#e78ac3,marker
90436,"9,17E+18",9,7,72,160,2017,8,15,4,3,8,6,0,1,0,0,0,0,0,0,638279.7769,5341927.8715,10.861530074,48.215499877,2,#fc8d62,car
90437,"9,17E+18",9,7,71,122,2017,8,16,4,3,0,3,1,1,0,0,0,0,0,0,649731.4623,5360679.3742,11.022248185,48.381498279,1,#66c2a5,bicycle
90438,"9,17E+18",9,7,61,0,2017,8,23,4,2,7,1,1,0,0,0,0,0,2,1,639596693.0,5360887872.0,10.885518829,48.385697071,1,#66c2a5,bicycle
90439,"9,17E+18",9,7,61,0,2017,8,7,4,3,3,6,0,1,0,0,0,1,0,0,643450.3749,5360838.0985,10.937522599,48.384384933,2,#fc8d62,car
90497,"9,17E+18",9,1,73,120,2017,8,7,4,2,3,6,1,1,0,0,0,0,0,0,688686.0468,5311189.1657,11.52593969,47.92622873,1,#66c2a5,bicycle
90508,"9,17E+18",9,1,82,127,2017,8,18,4,3,2,6,0,1,0,0,0,0,0,0,702455.9539,5311726.2458,11.710323608,47.926855138,2,#fc8d62,car
90511,"9,17E+18",9,1,82,120,2017,8,12,4,3,6,2,0,1,1,0,0,0,0,0,701868.9916,5306319.3939,11.699944983,47.878447076,2,#fc8d62,car
90512,"9,17E+18",9,1,87,169,2017,8,15,4,3,2,6,0,1,0,0,0,0,0,0,736199.2591,5301345.8106,12.155720248,47.822058907,2,#fc8d62,car
90520,"9,17E+18",9,1,86,151,2017,8,11,4,3,0,6,1,0,0,0,0,0,0,0,682145.9687,5376923.1761,11.466715388,48.518976085,1,#66c2a5,bicycle
90524,"9,17E+18",9,1,88,139,2017,8,11,4,3,4,6,0,1,0,0,0,1,0,0,668334.7858,5319657.0006,11.257045057,48.008024506,2,#fc8d62,car
90525,"9,17E+18",9,1,88,139,2017,8,12,4,3,5,3,0,1,0,1,0,0,0,0,673908.7336,5320353.4736,11.332000286,48.012793423,2,#fc8d62,car
90526,"9,17E+18",9,1,88,141,2017,8,5,4,3,8,7,0,0,0,1,0,0,1,0,668935.5339,5307290.9841,11.260237745,47.896692582,4,#e78ac3,marker
90527,"9,17E+18",9,1,81,146,2017,8,14,4,2,5,3,0,0,0,0,0,1,0,0,649373.3645,5325499.9983,11.0050184,48.065275327,6,#ffd92f,circle
90528,"9,17E+18",9,1,81,133,2017,8,6,4,3,2,6,0,1,0,0,0,1,0,0,644341.1031,5315174.4369,10.934034572,47.973586305,2,#fc8d62,car
90529,"9,17E+18",9,1,79,121,2017,8,20,4,2,9,7,0,1,0,1,0,0,2,0,667180.4894,5339638.4047,11.249406831,48.187962575,2,#fc8d62,car
90530,"9,17E+18",9,1,81,114,2017,8,15,4,3,5,2,0,1,0,1,0,0,0,0,656405958.0,5316467456.0,11.096055307,47.982377201,2,#fc8d62,car
90531,"9,17E+18",9,1,84,112,2017,8,12,4,3,2,6,0,1,0,0,0,1,0,0,702056.5043,5340473.2659,11.718558447,48.18533093,2,#fc8d62,car
90532,"9,17E+18",9,1,62,0,2017,8,15,3,3,6,4,0,1,1,0,0,0,0,0,695019136.0,5334873428.0,11.62141212,48.137201706,2,#fc8d62,car
90533,"9,17E+18",9,1,62,0,2017,8,14,3,3,3,6,0,1,0,0,0,1,0,0,693570.0314,5339553.6627,11.604083792,48.179708419,2,#fc8d62,car
90534,"9,17E+18",9,1,62,0,2017,8,17,3,3,4,2,1,1,0,0,0,0,0,0,692089.3864,5341854.3053,11.585226409,48.200835284,1,#66c2a5,bicycle
90535,"9,17E+18",9,1,62,0,2017,8,15,3,3,3,6,0,1,0,1,0,0,0,0,690650.8587,5332007152.0,11.56147404,48.112763388,2,#fc8d62,car
90536,"9,17E+18",9,1,62,0,2017,8,10,3,3,5,6,0,0,0,1,0,1,0,0,687419.2109,5332793.7183,11.518445073,48.120792464,4,#e78ac3,marker
90537,"9,17E+18",9,1,62,0,2017,8,19,3,3,6,4,0,1,1,0,0,0,0,0,688226.6306,5334994.7678,11.53025612,48.140337767,2,#fc8d62,car
90541,"9,17E+18",9,7,78,116,2017,8,12,3,2,8,1,1,0,0,0,0,0,0,0,621050.8349,5314406.8429,10.621892639,47.971512902,1,#66c2a5,bicycle
90549,"9,17E+18",9,7,62,0,2017,8,14,3,2,5,3,0,1,0,0,0,1,0,0,621973207.0,5304625915.0,10.631476288,47.883371586,2,#fc8d62,car
90550,"9,17E+18",9,7,72,197,2017,8,18,3,3,5,3,0,1,0,0,0,0,0,0,621928.6193,5336819.4706,10.640042731,48.172911933,2,#fc8d62,car
90551,"9,17E+18",9,7,71,122,2017,8,14,3,3,8,1,0,1,0,0,0,0,0,0,648406531.0,5359876477.0,11.004081847,48.374592426,2,#fc8d62,car
90552,"9,17E+18",9,7,61,0,2017,8,18,3,3,4,2,1,1,0,0,0,0,0,0,640849.6761,5360487593.0,10.902298917,48.381819378,1,#66c2a5,bicycle
90592,"9,17E+18",9,2,61,0,2017,8,10,3,2,6,4,0,1,1,0,0,0,0,0,732103.8602,5379958.2254,12.144013494,48.529766548,2,#fc8d62,car
90593,"9,17E+18",9,2,74,126,2017,8,12,3,3,4,2,0,1,0,1,0,0,0,0,731900795.0,5383988756.0,12.143510973,48.566046966,2,#fc8d62,car
90596,"9,17E+18",9,1,90,157,2017,8,16,3,2,5,3,0,1,0,0,0,0,0,0,660511797.0,5299957828.0,11.14489503,47.832922133,2,#fc8d62,car
90597,"9,17E+18",9,1,90,152,2017,8,14,3,2,0,1,1,0,0,0,0,0,0,0,671912.6622,5299588.7646,11.296974219,47.82665774,1,#66c2a5,bicycle
90614,"9,17E+18",9,1,85,158,2017,8,8,3,3,5,3,0,1,0,0,0,1,0,0,666649206.0,5381043955.0,11.258676035,48.560323626,2,#fc8d62,car
90617,"9,17E+18",9,7,71,129,2017,8,17,3,3,2,6,0,1,0,0,0,0,0,0,660183.4789,5355763.8163,11.161439145,48.334739327,2,#fc8d62,car
90618,"9,17E+18",9,1,81,128,2017,8,14,3,3,4,6,0,1,0,0,0,0,0,0,637815.5326,5329913.7218,10.851390926,48.107566994,2,#fc8d62,car
90619,"9,17E+18",9,1,81,131,2017,8,8,3,3,4,3,0,1,0,0,0,0,0,0,637875.1969,5334989.4332,10.853834578,48.153196254,2,#fc8d62,car
90620,"9,17E+18",9,1,88,121,2017,8,17,3,3,4,6,0,1,0,0,0,1,0,0,671764.8527,5330194.2612,11.307227841,48.101839985,2,#fc8d62,car
90621,"9,17E+18",9,1,78,143,2017,8,8,3,3,2,6,0,1,0,0,0,0,0,0,719642.0112,5371207.6465,11.970851791,48.455632963,2,#fc8d62,car
90622,"9,17E+18",9,1,84,149,2017,8,23,3,2,6,1,0,1,1,0,0,0,2,0,690588.1436,5351913.5621,11.569570927,48.291697836,2,#fc8d62,car
90623,"9,17E+18",9,1,62,0,2017,8,16,3,3,2,6,0,0,0,1,0,1,0,0,694532.6626,5341663083.0,11.617986098,48.198372841,4,#e78ac3,marker
90624,"9,17E+18",9,1,78,120,2017,8,18,3,2,5,3,0,1,0,1,0,0,0,0,694202.7761,5353730.7567,11.619088027,48.306930815,2,#fc8d62,car
90625,"9,17E+18",9,1,77,133,2017,8,23,3,3,5,3,0,1,0,0,0,0,2,0,711143228.0,5354118306.0,11.847465464,48.304986553,2,#fc8d62,car
90626,"9,17E+18",9,1,84,119,2017,8,16,2,3,0,7,0,1,0,0,0,0,0,0,695283.3038,5347366.0466,11.630704017,48.249396978,2,#fc8d62,car
90627,"9,17E+18",9,1,62,0,2017,8,21,2,2,8,6,0,1,0,1,0,0,2,0,688799179.0,5338957798.0,11.539703418,48.175788234,2,#fc8d62,car
90637,"9,17E+18",9,7,62,0,2017,8,12,2,3,0,7,1,0,0,0,0,1,0,1,622702.5267,5305805.5739,10.641562633,47.893842048,1,#66c2a5,bicycle
90641,"9,17E+18",9,7,77,177,2017,8,15,2,3,8,1,0,0,0,1,0,0,0,0,632969.8234,5316394.2106,10.782127318,47.987019566,4,#e78ac3,marker
90644,"9,17E+18",9,7,72,223,2017,8,5,2,3,3,6,0,1,0,0,0,1,0,0,618392.7837,5363094.6769,10.599868492,48.40987959,2,#fc8d62,car
90645,"9,17E+18",9,7,72,160,2017,8,15,2,2,2,6,0,1,0,0,0,0,0,0,638069.3496,5341257.4829,10.858480612,48.209517488,2,#fc8d62,car
90646,"9,17E+18",9,7,61,0,2017,8,21,2,3,5,3,1,1,0,0,0,0,2,0,640837.1473,5360481.5465,10.902127776,48.381767807,1,#66c2a5,bicycle
90678,"9,17E+18",9,7,71,146,2017,9,14,2,3,2,6,0,1,0,0,0,0,0,0,646351.5115,5348135.9647,10.972272823,48.269509529,2,#fc8d62,car
90679,"9,17E+18",9,7,71,130,2017,9,16,2,2,4,1,1,0,0,0,0,0,0,0,645217.0313,5359756.3169,10.960995862,48.374254079,1,#66c2a5,bicycle
90684,"9,17E+18",9,7,61,0,2017,9,6,2,3,2,6,0,1,0,0,0,0,1,0,641141.8217,5356549.3613,10.904920942,48.346342951,2,#fc8d62,car
90685,"9,17E+18",9,7,71,114,2017,9,15,2,3,2,1,0,1,0,0,0,1,0,0,648326.7422,5372229.4607,11.007376548,48.485676797,2,#fc8d62,car
90726,"9,17E+18",9,2,74,114,2017,9,16,2,2,4,6,0,1,0,1,0,1,0,0,735623895.0,5371458.9554,12.186826049,48.452110914,2,#fc8d62,car
90735,"9,17E+18",9,1,84,114,2017,9,7,2,3,2,6,0,1,0,0,0,1,0,0,700807.7006,5315367835.0,11.689982043,47.96010181,2,#fc8d62,car
90736,"9,17E+18",9,1,82,123,2017,9,17,2,3,2,6,0,1,0,0,0,0,0,0,719383.1162,5300688.1133,11.931032133,47.822102603,2,#fc8d62,car
90737,"9,17E+18",9,1,63,0,2017,9,19,2,3,3,2,1,1,0,0,0,0,0,0,734298364.0,5304526.5779,12.13208387,47.851329836,1,#66c2a5,bicycle
90743,"9,17E+18",9,1,74,135,2017,9,4,2,3,0,7,0,1,0,0,0,0,2,0,660670.3996,5355180.6745,11.167782205,48.329373143,2,#fc8d62,car
90744,"9,17E+18",9,1,62,0,2017,9,8,2,3,2,6,0,1,0,0,0,1,0,0,684366.6871,5342538.9646,11.481691562,48.209278743,2,#fc8d62,car
90745,"9,17E+18",9,1,79,125,2017,9,13,2,2,8,7,1,1,0,0,0,0,0,0,660589016.0,5332208848.0,11.157981428,48.122867532,1,#66c2a5,bicycle
90746,"9,17E+18",9,1,81,114,2017,9,16,2,3,5,3,0,1,0,0,0,1,0,0,656082.5808,5312656.4679,11.090340993,47.94819066,2,#fc8d62,car
90747,"9,17E+18",9,1,74,141,2017,9,7,2,3,9,1,0,1,0,0,0,0,1,1,684086.4934,5355075.9422,11.483380057,48.322046522,2,#fc8d62,car
90748,"9,17E+18",9,1,75,118,2017,9,17,2,3,2,6,0,0,0,0,0,1,0,0,718046.8108,5339090.0024,11.932707835,48.167616011,6,#ffd92f,circle
90749,"9,17E+18",9,1,78,115,2017,9,18,2,3,0,7,0,0,0,1,0,1,0,1,703641.6707,5376576.2748,11.757319462,48.509256487,4,#e78ac3,marker
90750,"9,17E+18",9,1,75,115,2017,9,14,2,3,3,6,0,0,0,1,0,1,0,0,721484.4061,5330917.5419,11.974631506,48.092999586,4,#e78ac3,marker
90751,"9,17E+18",9,1,75,122,2017,9,7,2,3,4,2,0,1,0,0,0,0,0,0,719963985.0,5327057006.0,11.952253032,48.058838776,2,#fc8d62,car
90752,"9,17E+18",9,1,77,124,2017,9,18,2,2,9,1,0,0,0,1,0,0,0,1,725472.3272,5367222.2823,12.047453177,48.417767885,4,#e78ac3,marker
90753,"9,17E+18",9,1,84,129,2017,9,22,1,3,6,4,0,1,1,0,0,0,2,0,702042.2371,5323687.8701,11.710416959,48.034486688,2,#fc8d62,car
90754,"9,17E+18",9,1,62,0,2017,9,13,1,2,0,7,1,0,0,0,0,0,0,0,688689.5289,5336303.3187,11.537052312,48.151962089,1,#66c2a5,bicycle
90799,"9,17E+18",9,1,87,130,2017,9,7,3,3,5,3,0,1,0,0,0,1,0,0,716390393.0,5312282787.0,11.896907808,47.927304524,2,#fc8d62,car
90800,"9,17E+18",9,1,87,117,2017,9,17,3,3,0,1,1,0,0,0,0,0,0,0,726539.4135,5307967.3794,12.030318453,47.885026062,1,#66c2a5,bicycle
90827,"9,17E+18",9,1,73,123,2017,9,15,1,3,9,1,0,1,0,0,0,0,0,1,677617.5047,5301353.2446,11.373855486,47.840970037,2,#fc8d62,car
90830,"9,17E+18",9,1,84,114,2017,9,16,1,3,8,1,0,1,0,0,0,0,0,1,700746162.0,5315564.2907,11.689250324,47.961886717,2,#fc8d62,car
90831,"9,17E+18",9,1,87,165,2017,9,4,1,3,3,1,0,1,0,0,0,0,2,1,729186703.0,5300290.5427,12.061611984,47.815113676,2,#fc8d62,car
90833,"9,17E+18",9,1,87,179,2017,9,13,1,3,5,3,0,1,0,0,0,0,0,1,725099674.0,5313527937.0,12.01398949,47.935493367,2,#fc8d62,car
90834,"9,17E+18",9,1,86,152,2017,9,16,1,3,2,6,0,1,0,0,0,0,0,1,691325.7757,5380593.8192,11.592588659,48.549234866,2,#fc8d62,car
90835,"9,17E+18",9,1,85,131,2017,9,19,1,2,8,1,0,1,0,0,0,0,2,1,665671.7195,5378438.9145,11.244401983,48.537164895,2,#fc8d62,car
90842,"9,17E+18",9,1,79,123,2017,9,15,1,3,8,1,0,1,0,0,0,0,0,1,676133.7677,5334984.5402,11.36784125,48.143708485,2,#fc8d62,car
90844,"9,17E+18",9,1,81,115,2017,9,12,1,3,5,3,0,1,0,0,0,0,0,1,656255.3406,5326746.2259,11.097787018,48.07483161,2,#fc8d62,car
90845,"9,17E+18",9,1,78,122,2017,9,17,1,2,8,1,0,0,0,1,0,0,0,0,705634.4665,5385569.2493,11.788709102,48.589415246,4,#e78ac3,marker
90846,"9,17E+18",9,1,78,132,2017,9,18,1,3,8,1,0,1,0,0,0,0,1,0,710913.3321,5382181.6727,11.858488895,48.557222577,2,#fc8d62,car
90847,"9,17E+18",9,1,77,116,2017,9,20,1,3,1,5,0,1,0,0,0,0,2,0,714661.0241,5358193.7757,11.896918373,48.340421653,2,#fc8d62,car
90848,"9,17E+18",9,1,62,0,2017,9,0,7,3,1,6,0,1,0,0,0,0,2,1,697365.9338,5331326.5341,11.651280551,48.104601034,2,#fc8d62,car
90849,"9,17E+18",9,1,62,0,2017,9,20,7,3,3,5,0,1,0,1,0,0,2,0,682937.4607,5335894527.0,11.459611437,48.149968104,2,#fc8d62,car
90850,"9,17E+18",9,1,62,0,2017,9,11,7,3,9,1,0,0,0,1,0,0,0,1,693595729.0,5337072261.0,11.60329941,48.157398693,4,#e78ac3,marker
90859,"9,17E+18",9,7,77,145,2017,9,7,7,3,8,1,0,1,0,0,0,0,0,1,629908.4149,5328089.6343,10.744665364,48.092825124,2,#fc8d62,car
90865,"9,17E+18",9,7,61,0,2017,9,19,7,3,0,7,1,0,0,0,0,0,2,1,641395.5825,5357517.5173,10.908669041,48.354991507,1,#66c2a5,bicycle
90899,"9,17E+18",9,2,74,134,2017,9,14,7,3,9,1,0,1,0,0,0,0,0,1,738215.4261,5372553.2478,12.222441922,48.460964776,2,#fc8d62,car
90901,"9,17E+18",9,2,74,113,2017,9,16,7,3,0,1,0,0,0,1,0,0,0,1,730509.2542,5383380.7164,12.124340618,48.561098139,4,#e78ac3,marker
90912,"9,17E+18",9,1,82,123,2017,9,10,7,2,0,1,0,0,0,1,0,0,0,1,720177076.0,5301154963.0,11.941862499,47.826026339,4,#e78ac3,marker