OBJECTID,UIDENTSTLA,ULAND,UREGBEZ,UKREIS,UGEMEINDE,UJAHR,UMONAT,USTUNDE,UWOCHENTAG,UKATEGORIE,UART,UTYP1,IstRad,IstPKW,IstFuss,IstKrad,IstGkfz,IstSonstig,ULICHTVERH,STRZUSTAND,LINREFX,LINREFY,XGCSWGS84,YGCSWGS84,Teilnehmer,color,symbol
90913,"9,17E+18",9,1,87,170,2017,9,19,7,2,8,6,0,1,0,0,0,0,0,1,734592.6959,5318917.2329,12.143842029,47.980505174,2,#fc8d62,car
90915,"9,17E+18",9,1,82,123,2017,9,17,7,3,5,3,0,1,0,0,0,0,0,1,717207177.0,5301373.5261,11.90234321,47.828999868,2,#fc8d62,car
90918,"9,17E+18",9,1,87,150,2017,9,19,7,3,8,1,1,0,0,0,0,0,0,1,727348.7754,5304444.7249,12.039276452,47.853089945,1,#66c2a5,bicycle
90923,"9,17E+18",9,1,79,123,2017,9,13,7,3,8,1,0,1,0,0,0,0,0,1,678647.9893,5332719.6168,11.40066068,48.122647899,2,#fc8d62,car
90925,"9,17E+18",9,1,81,146,2017,9,9,7,3,9,1,0,1,0,0,0,0,0,1,651048.2446,5325986.3489,11.027657409,48.069253921,2,#fc8d62,car
90926,"9,17E+18",9,1,81,143,2017,9,9,7,2,8,1,0,1,0,0,0,0,0,1,638464.3708,5317251.1131,10.85600512,47.993559397,2,#fc8d62,car
90929,"9,17E+18",9,1,74,115,2017,9,10,7,3,3,6,1,0,0,0,0,0,0,1,680914.0582,5348406.7179,11.437766827,48.263015507,1,#66c2a5,bicycle
90930,"9,17E+18",9,1,78,124,2017,9,15,7,3,9,1,0,1,0,0,0,0,0,1,703319.1729,5361232.6905,11.745512146,48.371481562,2,#fc8d62,car
90931,"9,17E+18",9,1,75,127,2017,9,13,7,3,2,6,0,1,0,0,0,0,0,1,712447.7419,5341356.6293,11.858632412,48.189879016,2,#fc8d62,car
90932,"9,17E+18",9,1,78,137,2017,9,0,7,2,8,1,0,1,0,0,0,0,2,1,694485.4865,5366461.3886,11.628781645,48.421256138,2,#fc8d62,car
90933,"9,17E+18",9,1,77,135,2017,9,11,7,2,9,1,0,1,0,0,0,0,0,1,720528.4942,5342204.8657,11.96765642,48.194746533,2,#fc8d62,car
90934,"9,17E+18",9,1,75,123,2017,9,5,7,3,8,1,0,1,0,0,0,0,2,1,726564.95,5335113023.0,12.044994802,48.128907528,2,#fc8d62,car
90935,"9,17E+18",9,1,62,0,2017,9,22,6,2,4,2,0,1,0,1,0,0,2,1,694886.9117,5331858.2397,11.618258197,48.110142958,2,#fc8d62,car
90936,"9,17E+18",9,1,62,0,2017,9,18,6,3,0,7,0,0,0,1,0,0,0,1,693272.6379,5339098.5554,11.599880299,48.175708607,4,#e78ac3,marker
90945,"9,17E+18",9,1,81,130,2017,9,7,3,2,4,6,0,1,0,0,0,0,0,1,641894.5258,5322699.5999,10.903761163,48.041801319,2,#fc8d62,car
90948,"9,17E+18",9,7,72,111,2017,9,5,6,3,2,6,0,1,0,0,0,1,1,1,627222.8292,5364100.7989,10.719442064,48.41720653,2,#fc8d62,car
90950,"9,17E+18",9,7,71,146,2017,9,14,6,2,4,1,0,1,0,0,0,1,0,1,646943.0584,5350074.9884,10.980913891,48.286807038,2,#fc8d62,car
90951,"9,17E+18",9,7,61,0,2017,9,18,6,3,1,6,0,1,0,0,0,0,0,1,642109.6083,5362175.0474,10.919876378,48.396709605,2,#fc8d62,car
90968,"9,17E+18",9,7,62,0,2017,9,7,2,3,2,6,0,1,0,0,0,0,1,0,621134.3159,5304472.1472,10.620217058,47.88214749,2,#fc8d62,car
90977,"9,17E+18",9,1,73,120,2017,9,16,3,3,7,7,1,0,0,0,0,1,0,0,686375.1234,5313688.7316,11.496115825,47.949372709,1,#66c2a5,bicycle
90980,"9,17E+18",9,1,62,0,2017,9,18,2,3,2,6,0,1,0,0,0,0,0,0,693462.6102,5337313.3716,11.6016209,48.159606224,2,#fc8d62,car
91001,"9,17E+18",9,2,74,185,2017,9,7,6,3,0,1,0,1,0,0,0,0,0,1,732832.8111,5368507.7707,12.14749637,48.426639258,2,#fc8d62,car
91002,"9,17E+18",9,2,61,0,2017,9,11,6,3,4,6,1,0,0,0,0,0,0,1,732865.9912,5381350.2503,12.155098491,48.54198845,1,#66c2a5,bicycle
91004,"9,17E+18",9,1,73,137,2017,9,11,6,2,8,1,0,1,0,0,0,0,0,1,676710.4011,5299188.1013,11.360859268,47.821755781,2,#fc8d62,car
91005,"9,17E+18",9,1,73,147,2017,9,9,6,3,2,6,0,1,0,0,0,0,0,1,680823.7274,5309366.7655,11.420021575,47.912112732,2,#fc8d62,car
91006,"9,17E+18",9,1,90,157,2017,9,16,6,3,2,6,0,1,0,0,0,0,0,1,660563.5399,5299890.6457,11.14556105,47.832305171,2,#fc8d62,car
91007,"9,17E+18",9,1,81,122,2017,9,18,3,3,5,3,0,1,0,0,0,0,0,0,651621.9326,5330148732.0,11.036831342,48.106543289,2,#fc8d62,car
91016,"9,17E+18",9,1,84,141,2017,9,3,6,3,9,7,0,1,0,0,0,0,2,0,700475.2722,5316727.1836,11.686167803,47.972422906,2,#fc8d62,car
91017,"9,17E+18",9,1,87,182,2017,9,1,6,3,0,1,0,0,0,1,0,0,2,1,739834191.0,5328010554.0,12.219058038,48.060247338,4,#e78ac3,marker
91018,"9,17E+18",9,1,63,0,2017,9,16,6,3,5,3,0,1,0,0,0,0,0,0,732859.9652,5305505.3758,12.113411792,47.860646131,2,#fc8d62,car
91019,"9,17E+18",9,1,63,0,2017,9,15,6,3,1,6,0,1,0,0,0,0,0,0,734326.6714,5303717.6729,12.132023713,47.844052342,2,#fc8d62,car
91020,"9,17E+18",9,1,87,150,2017,9,18,6,3,8,1,0,1,0,0,0,0,0,1,728653.2241,5304406.8458,12.056669166,47.852286919,2,#fc8d62,car
91022,"9,17E+18",9,1,85,158,2017,9,16,6,3,2,3,1,1,0,0,0,0,0,1,667013.46,5382016646.0,11.26399936,48.568970485,1,#66c2a5,bicycle
91024,"9,17E+18",9,1,79,126,2017,9,6,6,3,5,3,0,1,0,0,0,0,1,1,677553.5407,5339364.3512,11.38873907,48.182684427,2,#fc8d62,car
91025,"9,17E+18",9,1,81,120,2017,9,14,6,2,0,1,0,0,0,1,0,0,0,1,648941.2187,5319783156.0,10.997232794,48.013972551,4,#e78ac3,marker
91026,"9,17E+18",9,1,74,113,2017,9,11,6,3,2,6,0,1,0,0,0,0,0,1,677813.3441,5346877.95,11.395381449,48.250151398,2,#fc8d62,car
91027,"9,17E+18",9,1,74,111,2017,9,7,6,3,9,6,0,1,0,0,0,0,0,1,667616711.0,5358687368.0,11.262823897,48.359093143,2,#fc8d62,car
91028,"9,17E+18",9,1,62,0,2017,9,12,6,3,8,1,0,1,0,0,0,0,0,1,700266.3891,5335486.2775,11.692153216,48.141079785,2,#fc8d62,car
91029,"9,17E+18",9,1,75,118,2017,9,13,6,3,8,1,0,1,0,0,0,0,0,1,716268.0893,5340542.7808,11.909555395,48.181277245,2,#fc8d62,car
91030,"9,17E+18",9,1,78,123,2017,9,8,6,2,0,7,0,1,0,0,0,0,0,1,692421.9295,5359217.0342,11.597601501,48.356782473,2,#fc8d62,car
91031,"9,17E+18",9,1,78,113,2017,9,15,6,3,2,6,0,1,0,0,0,0,0,1,691558.8567,5367010.5007,11.589516775,48.427087744,2,#fc8d62,car
91032,"9,17E+18",9,1,78,143,2017,9,9,6,3,2,6,0,1,0,0,0,1,0,1,719563.6575,5371026.3344,11.969698384,48.454031326,2,#fc8d62,car
91033,"9,17E+18",9,1,62,0,2017,9,15,6,3,4,6,0,1,0,0,0,0,0,1,695276.2643,5344166.9445,11.62913485,48.220647762,2,#fc8d62,car
91034,"9,17E+18",9,1,78,145,2017,9,22,6,3,5,2,0,1,0,0,0,0,2,1,699728.6042,5356434139.0,11.694807025,48.32950497,2,#fc8d62,car
91035,"9,17E+18",9,1,78,130,2017,9,14,6,2,0,1,0,0,0,1,0,0,0,1,702297526.0,5357016565.0,11.729706729,48.333922019,4,#e78ac3,marker
91036,"9,17E+18",9,1,78,136,2017,9,22,6,3,8,7,0,1,0,0,0,0,2,1,693459.7606,5370217.1524,11.616666464,48.455325375,2,#fc8d62,car
91037,"9,17E+18",9,1,78,124,2017,9,17,6,3,5,3,0,1,0,0,0,0,0,1,700155.9542,5357089.8123,11.700877719,48.335262111,2,#fc8d62,car
91038,"9,17E+18",9,1,77,122,2017,9,13,6,3,1,6,0,1,0,0,0,0,0,1,727133.7951,5358296.2227,12.06505409,48.336982372,2,#fc8d62,car
91039,"9,17E+18",9,1,62,0,2017,8,19,5,3,2,6,0,1,0,0,0,0,1,1,694724.7958,5332175.1303,11.616227228,48.113040631,2,#fc8d62,car
91040,"9,17E+18",9,1,62,0,2017,8,6,5,3,5,3,0,1,0,0,0,0,0,0,686218.0078,5335256285.0,11.503396236,48.143279406,2,#fc8d62,car
91041,"9,17E+18",9,1,62,0,2017,8,10,5,3,3,2,1,1,0,0,0,0,0,0,696753.2788,5333708.6102,11.644158645,48.126199246,1,#66c2a5,bicycle
91044,"9,17E+18",9,1,62,0,2017,8,20,5,3,5,2,0,1,0,0,0,1,2,1,693509.4315,5331530073.0,11.599623054,48.107613445,2,#fc8d62,car
91052,"9,17E+18",9,7,78,116,2017,8,12,5,3,0,1,0,0,0,1,0,0,0,1,619518.7607,5319741.0749,10.602859123,48.019775211,4,#e78ac3,marker
91058,"9,17E+18",9,7,77,128,2017,8,16,5,3,2,6,0,1,0,0,0,1,0,0,614652.0498,5303559.4184,10.533305041,47.875128788,2,#fc8d62,car
91060,"9,17E+18",9,7,72,177,2017,8,12,5,3,2,2,0,1,0,0,0,1,0,1,637488.9983,5374701.2801,10.861601817,48.51036657,2,#fc8d62,car
91061,"9,17E+18",9,7,72,147,2017,8,21,5,3,6,4,0,1,1,0,0,0,2,1,638977.9095,5365234997.0,10.878605137,48.424921804,2,#fc8d62,car
91062,"9,17E+18",9,7,61,0,2017,8,17,5,3,0,1,0,0,0,1,0,0,0,1,641736.3376,5361790.3411,10.914706645,48.393334521,4,#e78ac3,marker
91065,"9,17E+18",9,1,74,143,2017,9,10,3,3,9,7,0,1,0,0,0,0,0,1,677588.7683,5352809.0251,11.39485066,48.303528151,2,#fc8d62,car
91066,"9,17E+18",9,7,62,0,2017,9,17,2,3,5,3,1,1,0,0,0,0,0,0,620786.7971,5304444.3141,10.615562992,47.881962648,1,#66c2a5,bicycle
91067,"9,17E+18",9,1,63,0,2017,9,17,3,3,5,2,1,1,0,0,0,0,0,0,734694.6239,5304877944.0,12.13756344,47.85434193,1,#66c2a5,bicycle
91089,"9,17E+18",9,1,73,120,2017,9,6,2,3,9,1,0,1,0,0,0,0,0,0,683303.1046,5309549.6655,11.453250368,47.91305302,2,#fc8d62,car
91090,"9,17E+18",9,1,84,114,2017,9,7,2,3,2,6,0,1,0,0,0,1,0,0,699811.3916,5319155.2311,11.678412005,47.994452276,2,#fc8d62,car
91091,"9,17E+18",9,1,87,182,2017,9,17,2,3,5,3,0,1,0,0,0,0,0,0,736863.5041,5324656.4432,12.177393794,48.031226019,2,#fc8d62,car
91092,"9,17E+18",9,1,87,159,2017,9,5,2,3,0,7,0,0,0,1,0,0,2,0,731459.9288,5325955.5122,12.105721401,48.0448775,4,#e78ac3,marker
91093,"9,17E+18",9,1,82,120,2017,9,18,2,3,5,2,1,1,0,0,0,0,0,1,701877.2491,5306017.0705,11.699914031,47.875727386,1,#66c2a5,bicycle
91097,"9,17E+18",9,1,85,158,2017,9,8,2,2,6,4,0,0,1,0,0,1,0,0,667313.51,5380539295.0,11.267469475,48.555610189,3,#8da0cb,toilet
91098,"9,17E+18",9,1,85,158,2017,9,23,2,3,8,1,1,0,0,0,0,0,2,0,667900.3078,5381743.0233,11.275900993,48.566273909,1,#66c2a5,bicycle
91100,"9,17E+18",9,1,62,0,2017,9,7,2,3,2,6,0,1,0,0,0,0,0,0,686588.1601,5333286.1007,11.507504471,48.125462257,2,#fc8d62,car
91101,"9,17E+18",9,1,81,130,2017,9,7,2,3,2,2,1,1,0,0,0,0,0,0,640292.5025,5323362.5452,10.882496616,48.048116759,1,#66c2a5,bicycle
91102,"9,17E+18",9,1,78,145,2017,9,8,2,3,2,6,0,1,0,0,0,1,0,0,693262.3672,5357282.5884,11.608046961,48.339140377,2,#fc8d62,car
91103,"9,17E+18",9,1,84,135,2017,9,5,2,3,3,6,0,1,0,0,0,1,2,0,687999.7665,5347633.6276,11.532806224,48.254004117,2,#fc8d62,car
91104,"9,17E+18",9,1,78,123,2017,9,15,2,3,5,2,1,1,0,0,0,0,0,0,690570666.0,5357159032.0,11.571705267,48.338847424,1,#66c2a5,bicycle
91105,"9,17E+18",9,1,84,134,2017,9,16,1,3,4,2,0,1,0,0,0,0,0,0,694264849.0,5323339882.0,11.606038749,48.033772173,2,#fc8d62,car
91106,"9,17E+18",9,1,62,0,2017,9,9,1,3,5,3,0,1,0,0,0,0,0,1,688297.6273,5340192.9853,11.533510811,48.187039025,2,#fc8d62,car
91107,"9,17E+18",9,1,62,0,2017,9,18,1,2,2,2,0,1,0,0,0,0,0,0,694126.0408,5331708.6707,11.607979022,48.109031021,2,#fc8d62,car
91115,"9,17E+18",9,7,72,148,2017,9,18,1,3,9,7,0,1,0,0,0,0,0,0,627287.3887,5351498.5055,10.716501428,48.303866499,2,#fc8d62,car
91119,"9,17E+18",9,7,61,0,2017,9,1,1,3,5,3,0,1,0,0,0,0,2,1,643356.1858,5361338.3629,10.93642188,48.38890444,2,#fc8d62,car
91158,"9,17E+18",9,2,74,128,2017,9,14,1,3,5,3,0,1,0,0,0,0,0,0,735668.2261,5385743.7827,12.195492238,48.58040642,2,#fc8d62,car
91167,"9,17E+18",9,1,63,0,2017,9,1,1,3,8,6,0,1,0,0,0,0,2,1,732591.4438,5306195.1426,12.110198085,47.866940332,2,#fc8d62,car
91168,"9,17E+18",9,1,87,122,2017,9,14,1,3,5,3,0,1,0,0,0,0,0,0,722011.6118,5306913.1133,11.96929518,47.877134831,2,#fc8d62,car
91169,"9,17E+18",9,1,86,162,2017,9,17,1,3,1,6,0,1,0,0,0,0,0,0,691110.0199,5382212.8689,11.590411394,48.563851215,2,#fc8d62,car
91172,"9,17E+18",9,1,78,133,2017,9,6,1,3,0,6,0,1,0,0,0,0,2,1,686450.51,5369355443.0,11.521575504,48.449696259,2,#fc8d62,car
91174,"9,17E+18",9,1,74,146,2017,9,0,1,3,9,7,0,1,0,0,0,0,2,1,664912.1921,5351796.5495,11.223645712,48.297857692,2,#fc8d62,car
91176,"9,17E+18",9,1,84,147,2017,9,12,1,3,0,6,0,0,0,0,0,1,0,0,698344.0723,5341912.6134,11.669338736,48.199436389,6,#ffd92f,circle
91180,"9,17E+18",9,1,78,124,2017,9,0,1,3,5,3,0,1,0,0,0,0,2,1,703398429.0,5364190.3524,11.74801258,48.398034253,2,#fc8d62,car
91181,"9,17E+18",9,1,75,123,2017,9,15,1,3,1,6,0,1,0,0,0,0,0,1,724024.9002,5337242.9859,12.01202636,48.148943151,2,#fc8d62,car
91182,"9,17E+18",9,1,77,121,2017,9,11,1,3,8,1,0,1,0,0,0,0,0,1,730657.2207,5365855.7824,12.116673819,48.403616136,2,#fc8d62,car
91183,"9,17E+18",9,1,62,0,2017,9,13,7,2,2,6,0,1,0,0,0,0,0,0,694106.2925,5331703.0718,11.607711451,48.108986718,2,#fc8d62,car
91185,"9,17E+18",9,1,62,0,2017,9,12,7,3,5,3,1,1,0,0,0,0,0,0,685719.8371,5335288134.0,11.496719642,48.143711295,1,#66c2a5,bicycle
91192,"9,17E+18",9,1,84,122,2017,9,9,7,3,2,6,0,1,0,1,0,0,0,0,687820.1528,5322419.2586,11.519268432,48.02742507,2,#fc8d62,car
91195,"9,17E+18",9,7,62,0,2017,9,19,7,3,4,2,1,1,0,0,0,0,1,1,620719161.0,5304152864.0,10.614577239,47.879354127,1,#66c2a5,bicycle
91201,"9,17E+18",9,7,71,122,2017,9,12,7,3,8,1,0,1,0,0,0,0,0,1,651072.3338,5362344159.0,11.040944558,48.396146474,2,#fc8d62,car
91202,"9,17E+18",9,7,72,223,2017,9,9,7,3,2,6,0,1,0,0,0,0,0,1,619381403.0,5361824.4092,10.612861136,48.3982696,2,#fc8d62,car
91245,"9,17E+18",9,1,73,120,2017,9,7,7,2,8,1,0,1,0,0,0,0,0,0,687996501.0,5311421255.0,11.516819247,47.928517478,2,#fc8d62,car
91250,"9,17E+18",9,1,83,123,2017,9,14,7,2,8,1,0,0,0,1,0,0,0,0,738598.7897,5339923.3519,12.209166931,48.167722001,4,#e78ac3,marker
91254,"9,17E+18",9,1,84,141,2017,9,8,7,2,9,1,0,1,0,0,0,0,0,0,700357707.0,5317484014.0,11.684947211,47.979261608,2,#fc8d62,car
91255,"9,17E+18",9,1,87,129,2017,9,3,7,3,3,7,0,1,0,0,0,0,2,0,726117.6605,5300669.9972,12.020871122,47.819608598,2,#fc8d62,car
91256,"9,17E+18",9,1,63,0,2017,9,23,7,3,4,3,0,1,0,0,0,0,2,1,734139774.0,5304650689.0,12.130034284,47.852502631,2,#fc8d62,car
91260,"9,17E+18",9,1,81,130,2017,9,16,7,3,0,1,0,0,0,1,0,0,0,1,637167557.0,5323204613.0,10.840536999,48.0473758,4,#e78ac3,marker
91261,"9,17E+18",9,1,88,124,2017,9,11,7,2,0,7,1,0,0,0,0,0,0,1,660562.4415,5314834.9276,11.151107771,47.966669679,1,#66c2a5,bicycle
91263,"9,17E+18",9,1,88,132,2017,9,11,7,3,0,7,0,0,0,1,0,0,0,0,664753957.0,5323326.5104,11.210481237,48.041948057,4,#e78ac3,marker
91266,"9,17E+18",9,2,74,183,2017,9,14,4,3,4,6,0,1,0,0,0,1,0,0,738628.1087,5360920.6743,12.221402241,48.356321385,2,#fc8d62,car
91268,"9,17E+18",9,1,74,135,2017,9,18,7,3,0,1,0,0,0,1,0,0,0,1,663769992.0,5352891.8789,11.208681417,48.30800138,4,#e78ac3,marker
91269,"9,17E+18",9,1,74,118,2017,9,17,7,2,1,6,0,1,0,0,0,1,0,1,670981.6834,5355679.4793,11.306991821,48.331151986,2,#fc8d62,car
91270,"9,17E+18",9,1,73,137,2017,9,7,4,2,5,3,1,1,0,0,0,0,0,1,677026.3097,5308310.0838,11.368811215,47.903672974,1,#66c2a5,bicycle
91271,"9,17E+18",9,1,74,141,2017,9,8,7,2,5,3,0,1,0,0,0,0,0,0,683546.1135,5355676.7972,11.476358846,48.327604271,2,#fc8d62,car
91273,"9,17E+18",9,1,77,144,2017,9,9,7,2,5,2,0,1,0,1,0,0,0,0,712800.1431,5346570.9014,11.865983684,48.236614396,2,#fc8d62,car
91274,"9,17E+18",9,1,75,112,2017,9,11,7,3,4,2,0,1,0,0,0,0,0,0,724043.34,5319123387.0,12.002780439,47.986137999,2,#fc8d62,car
91275,"9,17E+18",9,1,77,115,2017,9,11,7,3,0,1,0,0,0,1,0,0,0,0,735363.2284,5352866.0232,12.172903449,48.285192715,4,#e78ac3,marker
91276,"9,17E+18",9,1,62,0,2017,9,7,6,2,3,6,0,1,0,1,0,0,0,0,689874.0501,5339027.0319,11.554178514,48.17609027,2,#fc8d62,car
91281,"9,17E+18",9,7,77,130,2017,9,23,6,3,8,1,0,1,0,0,0,0,2,1,623937.2094,5308998.2728,10.658991196,47.922318485,2,#fc8d62,car
91283,"9,17E+18",9,7,62,0,2017,9,12,6,2,2,6,0,1,0,0,0,0,0,0,620495274.0,5305544137.0,10.611972346,47.891909022,2,#fc8d62,car
91286,"9,17E+18",9,1,83,126,2017,9,17,4,3,8,1,0,1,0,0,0,0,0,1,729293.5249,5335057999.0,12.081582108,48.127436312,2,#fc8d62,car
91293,"9,17E+18",9,1,63,0,2017,9,19,4,3,2,6,0,1,0,0,0,0,2,0,732657.5727,5307202.0425,12.111623016,47.875962487,2,#fc8d62,car
91295,"9,17E+18",9,1,87,130,2017,9,5,4,3,9,1,0,1,0,0,0,0,2,0,714949.4933,5308895.8653,11.875954881,47.897354482,2,#fc8d62,car
91297,"9,17E+18",9,7,72,149,2017,9,6,6,3,4,6,1,0,0,0,0,0,0,0,636196.7009,5340832.1272,10.833150784,48.206097209,1,#66c2a5,bicycle
91298,"9,17E+18",9,7,71,130,2017,9,18,6,3,8,1,0,1,0,0,0,0,0,0,644484.2953,5361528.6284,10.951716402,48.390357767,2,#fc8d62,car
91299,"9,17E+18",9,7,61,0,2017,9,12,6,3,0,1,0,1,0,1,0,0,0,0,641071.0644,5356815.4765,10.904055678,48.348751577,2,#fc8d62,car
91300,"9,17E+18",9,7,61,0,2017,9,15,6,3,1,6,0,1,0,0,0,0,0,0,642026684.0,5359585336.0,10.917881364,48.373442813,2,#fc8d62,car
91301,"9,17E+18",9,7,71,162,2017,9,16,6,3,5,2,0,1,0,0,0,0,0,0,666215.4034,5370521.9514,11.248609826,48.46585195,2,#fc8d62,car
91324,"9,17E+18",9,1,86,149,2017,9,17,4,3,2,6,0,1,0,0,0,1,0,0,688802.5,5385797.8495,11.560794737,48.596769604,2,#fc8d62,car
91339,"9,17E+18",9,1,81,133,2017,9,20,4,2,5,3,0,1,0,1,0,0,1,1,643601571.0,5312708193.0,10.923307645,47.951575807,2,#fc8d62,car
91353,"9,17E+18",9,1,88,145,2017,9,5,4,3,5,3,1,1,0,0,0,0,2,0,662750067.0,5328066.6954,11.185419752,48.085078862,1,#66c2a5,bicycle
91355,"9,17E+18",9,2,61,0,2017,9,21,6,3,2,6,0,1,0,1,0,0,2,0,731914.0003,5379792.1057,12.141353343,48.52834449,2,#fc8d62,car
91356,"9,17E+18",9,2,74,126,2017,9,16,6,3,4,2,0,1,0,0,0,0,0,0,733007047.0,5386142712.0,12.15968964,48.584984948,2,#fc8d62,car
91357,"9,17E+18",9,2,74,121,2017,9,9,6,3,1,6,0,1,0,0,0,0,0,0,725155.7627,5368091.4851,12.043647414,48.425689819,2,#fc8d62,car
91358,"9,17E+18",9,1,79,123,2017,9,8,4,3,2,6,0,1,0,0,0,0,0,0,677380.0323,5332215.1603,11.383427406,48.118467766,2,#fc8d62,car
91361,"9,17E+18",9,1,74,115,2017,9,12,4,3,5,3,0,1,0,0,0,0,0,0,681291212.0,5347085634.0,11.442278105,48.251033005,2,#fc8d62,car
91362,"9,17E+18",9,1,78,123,2017,9,17,4,2,9,1,0,1,0,0,0,0,0,0,693827.8041,5359514.3237,11.616696531,48.35902435,2,#fc8d62,car
91366,"9,17E+18",9,1,83,123,2017,9,13,6,1,9,7,0,1,0,0,0,0,0,0,738729.1195,5339997.3552,12.210958557,48.168337833,2,#fc8d62,car
91373,"9,17E+18",9,1,87,129,2017,9,16,6,3,2,6,0,1,0,1,0,0,0,0,724890.1341,5300772.4884,12.00454825,47.820959643,2,#fc8d62,car
91374,"9,17E+18",9,1,87,165,2017,9,10,6,3,2,6,0,1,0,0,0,0,0,0,731838857.0,5299817.35,12.096734843,47.809912531,2,#fc8d62,car
91375,"9,17E+18",9,1,82,120,2017,9,14,6,3,2,6,0,1,0,0,0,1,0,0,698615453.0,5301441.3341,11.654238326,47.835618925,2,#fc8d62,car
91380,"9,17E+18",9,1,75,124,2017,9,18,4,3,2,1,0,1,0,0,0,1,1,1,716368.3497,5328337.7423,11.90470687,48.071576096,2,#fc8d62,car
91381,"9,17E+18",9,1,84,112,2017,9,17,3,3,2,6,0,1,0,0,0,0,0,0,701792.6583,5339316.6595,11.71446348,48.175020606,2,#fc8d62,car
91382,"9,17E+18",9,1,62,0,2017,9,6,3,3,5,2,1,1,0,0,0,0,0,1,687777.1683,5335027.7839,11.524234823,48.140767324,1,#66c2a5,bicycle
91384,"9,17E+18",9,1,87,122,2017,9,10,6,3,2,6,0,1,0,0,0,0,0,0,718839.99,5307990.7859,11.927479991,47.887906975,2,#fc8d62,car
91385,"9,17E+18",9,1,84,135,2017,9,10,3,3,5,3,0,1,0,0,0,1,0,0,689125.6607,5347354807.0,11.5478346,48.25116313,2,#fc8d62,car
91386,"9,17E+18",9,1,87,130,2017,9,12,6,3,4,2,0,1,0,0,0,0,0,0,710740.2878,5310659339.0,11.820569877,47.914597864,2,#fc8d62,car
91387,"9,17E+18",9,1,87,150,2017,9,11,6,3,3,6,1,0,0,0,0,0,0,0,727698.8659,5303204.5298,12.043297238,47.841823221,1,#66c2a5,bicycle
91394,"9,17E+18",9,1,88,126,2017,9,0,6,3,4,6,0,1,0,0,0,1,2,0,659999702.0,5329038.0786,11.148878777,48.09450855,2,#fc8d62,car
91395,"9,17E+18",9,1,88,124,2017,9,10,6,2,8,7,0,0,0,1,0,0,0,0,662746.6128,5319141.83,11.181980216,48.004840079,4,#e78ac3,marker
91396,"9,17E+18",9,1,79,145,2017,9,22,6,3,1,7,0,1,0,0,0,0,2,0,676242.9812,5339613.9544,11.371226564,48.185293065,2,#fc8d62,car
91397,"9,17E+18",9,1,79,126,2017,9,16,6,3,5,7,0,1,0,1,0,0,0,0,676266.0769,5340392.5834,11.371860156,48.192285888,2,#fc8d62,car
91398,"9,17E+18",9,1,77,133,2017,9,14,6,2,5,3,0,1,0,0,0,0,0,0,709267211.0,5360135698.0,11.825185459,48.359680487,2,#fc8d62,car
91400,"9,17E+18",9,1,75,115,2017,9,13,6,3,0,3,1,1,0,0,0,0,0,0,721353318.0,5328938492.0,11.971848017,48.075263489,1,#66c2a5,bicycle
91401,"9,17E+18",9,1,77,115,2017,9,11,6,3,2,6,0,1,0,0,0,0,0,0,733462.7364,5351932.6268,12.146807901,48.277511465,2,#fc8d62,car
91403,"9,17E+18",9,1,84,123,2017,9,8,5,3,6,7,0,1,1,0,0,0,0,0,703667.7066,5331722.0673,11.736024571,48.106172307,2,#fc8d62,car
91414,"9,17E+18",9,7,62,0,2017,9,12,5,3,2,6,0,1,0,0,0,0,0,0,622456.7317,5306807.8983,10.638560172,47.902903571,2,#fc8d62,car
91419,"9,17E+18",9,7,72,130,2017,9,15,5,3,5,3,0,1,0,0,0,1,0,0,630351298.0,5355772736.0,10.759120533,48.341678311,2,#fc8d62,car
91420,"9,17E+18",9,7,71,130,2017,9,7,5,3,2,6,0,1,0,0,0,1,0,1,647808.4064,5356454.2058,10.9948077,48.343962622,2,#fc8d62,car
91422,"9,17E+18",9,7,61,0,2017,9,8,5,3,1,1,0,1,0,0,0,1,0,0,641270471.0,5352296.8607,10.905230994,48.308077029,2,#fc8d62,car
91455,"9,17E+18",9,7,77,130,2017,9,17,3,3,5,2,0,1,0,0,0,0,0,0,623672583.0,5308898.44,10.655421855,47.921471741,2,#fc8d62,car
91460,"9,17E+18",9,2,61,0,2017,9,7,5,3,1,6,0,1,0,0,0,0,0,0,730615541.0,5380930.8348,12.124422527,48.539051954,2,#fc8d62,car
91465,"9,17E+18",9,1,90,138,2017,9,10,5,3,2,6,0,1,0,0,0,0,0,1,664164.0826,5308402.3259,11.196871265,47.907922818,2,#fc8d62,car
91466,"9,17E+18",9,7,61,0,2017,9,17,3,3,2,6,0,1,0,0,0,0,0,0,637623.0592,5360703.9772,10.858815614,48.384477214,2,#fc8d62,car
91473,"9,17E+18",9,1,82,123,2017,9,15,5,3,2,6,0,1,0,0,0,0,0,0,719930974.0,5300951082.0,11.938475228,47.824278518,2,#fc8d62,car
91474,"9,17E+18",9,1,87,122,2017,9,14,5,3,6,1,0,0,1,0,0,1,0,1,718078.5457,5308187.5159,11.917406994,47.889933842,3,#8da0cb,toilet
91475,"9,17E+18",9,1,87,122,2017,9,10,5,3,2,6,0,1,0,0,0,1,0,0,717717.1685,5308279.1147,11.912625227,47.89087959,2,#fc8d62,car