OBJECTID,UIDENTSTLA,ULAND,UREGBEZ,UKREIS,UGEMEINDE,UJAHR,UMONAT,USTUNDE,UWOCHENTAG,UKATEGORIE,UART,UTYP1,IstRad,IstPKW,IstFuss,IstKrad,IstGkfz,IstSonstig,ULICHTVERH,STRZUSTAND,LINREFX,LINREFY,XGCSWGS84,YGCSWGS84,Teilnehmer,color,symbol
92062,"9,17E+18",9,7,71,113,2017,9,14,2,3,5,3,0,1,0,0,0,0,0,0,658005.6442,5368098.4157,11.136713467,48.446179651,2,#fc8d62,car
92064,"9,17E+18",9,1,62,0,2017,9,8,2,3,1,5,1,1,0,0,0,0,0,0,694920.8092,5331742.8223,11.618660372,48.10909526,1,#66c2a5,bicycle
92065,"9,17E+18",9,1,74,115,2017,9,11,3,2,0,1,1,0,0,0,0,0,0,0,681676.4103,5346605.5517,11.447256402,48.246607453,1,#66c2a5,bicycle
92079,"9,17E+18",9,1,79,123,2017,9,17,3,2,0,2,1,1,0,0,0,0,0,0,676544.7739,5334277.4581,11.37306854,48.137238433,1,#66c2a5,bicycle
92081,"9,17E+18",9,1,73,118,2017,9,15,3,3,1,2,0,1,0,0,0,0,0,0,689366218.0,5301084516.0,11.530605904,47.835201786,2,#fc8d62,car
92089,"9,17E+18",9,1,73,123,2017,9,19,1,3,9,1,0,1,0,0,0,0,1,1,679259.5709,5300307.0315,11.39534878,47.831109307,2,#fc8d62,car
92099,"9,17E+18",9,1,78,143,2017,9,6,2,2,5,3,0,1,0,1,0,0,0,1,721005.2689,5374030.5071,11.990756192,48.48051686,2,#fc8d62,car
92101,"9,17E+18",9,1,78,113,2017,9,8,2,3,4,3,0,1,0,0,0,0,0,0,691393477.0,5367182.3911,11.587361995,48.428682848,2,#fc8d62,car
92108,"9,17E+18",9,1,78,124,2017,9,6,2,3,4,3,0,1,0,0,0,0,2,0,705680.5982,5363214.0469,11.77833026,48.388520995,2,#fc8d62,car
92110,"9,17E+18",9,1,84,134,2017,9,2,1,3,4,2,0,1,0,0,0,0,2,1,693785.4793,5323238.3799,11.599569013,48.033005517,2,#fc8d62,car
92113,"9,17E+18",9,1,62,0,2017,9,4,1,2,7,1,1,0,0,0,0,0,2,0,686036.5462,5335263.8302,11.50096249,48.143400312,1,#66c2a5,bicycle
92114,"9,17E+18",9,2,61,0,2017,9,13,6,3,7,7,1,0,0,0,0,1,0,0,734955.8847,5382056.8405,12.183767568,48.54755635,1,#66c2a5,bicycle
92119,"9,17E+18",9,1,90,140,2017,9,10,6,3,5,3,0,1,0,0,0,0,0,0,646651636.0,5301450672.0,10.960306956,47.849656313,2,#fc8d62,car
92122,"9,17E+18",9,1,90,157,2017,9,8,1,2,6,4,0,0,1,0,0,1,0,1,660462.9166,5300635.8139,11.144493604,47.839030195,3,#8da0cb,toilet
92127,"9,17E+18",9,1,75,118,2017,9,16,3,3,2,6,0,1,0,0,0,1,0,0,716127.4767,5340396.5909,11.90759185,48.180011525,2,#fc8d62,car
92130,"9,17E+18",9,2,61,0,2017,9,16,3,3,6,4,0,1,1,0,0,0,0,0,733729.4914,5381380.0891,12.166796199,48.541935454,2,#fc8d62,car
92144,"9,17E+18",9,1,84,135,2017,9,12,1,3,4,2,0,1,0,0,0,0,0,0,692575.3151,5349027.6141,11.59501937,48.265158881,2,#fc8d62,car
92145,"9,17E+18",9,1,87,159,2017,9,13,6,3,1,6,0,1,0,0,0,0,0,0,730223.8696,5329962.5854,12.091317854,48.081323876,2,#fc8d62,car
92147,"9,17E+18",9,1,87,164,2017,9,14,1,3,5,3,0,1,0,0,0,0,0,0,733878906.0,5323002.5764,12.136517203,48.017467949,2,#fc8d62,car
92148,"9,17E+18",9,1,82,127,2017,9,6,6,3,0,1,1,0,0,0,0,0,0,0,699858381.0,5309584.8205,11.674595971,47.908424168,1,#66c2a5,bicycle
92153,"9,17E+18",9,1,87,179,2017,9,17,6,3,4,2,0,1,0,0,0,0,0,0,720706989.0,5317911823.0,11.957504156,47.976411488,2,#fc8d62,car
92154,"9,17E+18",9,1,87,179,2017,9,10,6,3,5,3,0,1,0,0,0,0,0,0,724709.9468,5312925.3627,12.008464322,47.930216069,2,#fc8d62,car
92157,"9,17E+18",9,1,86,143,2017,9,14,6,3,6,7,0,1,1,0,0,0,0,0,685541.7962,5378887.9419,11.513532076,48.53564059,2,#fc8d62,car
92161,"9,17E+18",9,1,84,113,2017,9,17,1,3,0,1,0,0,0,1,0,0,0,1,683799.2286,5317439.2819,11.463253626,47.983830439,4,#e78ac3,marker
92163,"9,17E+18",9,1,74,146,2017,9,11,6,3,9,1,0,1,0,0,0,1,0,0,665517.0421,5351489.4219,11.231674588,48.294938723,2,#fc8d62,car
92165,"9,17E+18",9,1,62,0,2017,9,7,6,3,3,6,0,1,0,0,0,1,0,0,683630.2707,5342563.8242,11.471799289,48.209715662,2,#fc8d62,car
92166,"9,17E+18",9,1,88,117,2017,9,12,6,3,5,3,0,1,0,1,0,0,0,0,662485.0313,5314347.0348,11.176661823,47.96179802,2,#fc8d62,car
92168,"9,17E+18",9,1,79,121,2017,9,21,6,3,5,3,0,1,0,0,0,0,2,0,665516.3532,5338595.9271,11.226627443,48.179026421,2,#fc8d62,car
92169,"9,17E+18",9,1,79,136,2017,9,10,6,2,5,3,0,1,0,1,0,0,0,0,660181.2866,5341381.8518,11.155961349,48.20544071,2,#fc8d62,car
92170,"9,17E+18",9,1,74,118,2017,9,22,6,3,4,6,0,1,0,1,0,0,2,0,670626.2826,5355994.5129,11.302328115,48.334079992,2,#fc8d62,car
92171,"9,17E+18",9,1,82,120,2017,9,14,1,2,2,6,0,1,0,0,0,0,0,0,703285161.0,5305207.6882,11.718340926,47.868009155,2,#fc8d62,car
92173,"9,17E+18",9,1,88,141,2017,9,11,1,3,0,1,1,0,0,0,0,0,0,1,670338.0852,5308561.7528,11.279489347,47.907746286,1,#66c2a5,bicycle
92174,"9,17E+18",9,7,72,202,2017,9,16,2,3,5,3,1,1,0,0,0,0,0,0,636473552.0,5357988501.0,10.842416703,48.360309552,1,#66c2a5,bicycle
92175,"9,17E+18",9,1,74,113,2017,9,11,1,3,5,3,0,1,0,0,0,0,0,0,678981.2723,5342767.6856,11.409364522,48.212876114,2,#fc8d62,car
92176,"9,17E+18",9,1,62,0,2017,9,6,2,3,5,3,1,1,0,0,0,0,0,0,688659684.0,5336748399.0,11.536848749,48.155971376,1,#66c2a5,bicycle
92177,"9,17E+18",9,1,81,121,2017,9,16,3,3,3,6,0,1,0,0,0,1,0,1,634847.6156,5311203.2105,10.805653413,47.939944977,2,#fc8d62,car
92178,"9,17E+18",9,1,82,123,2017,9,10,3,3,2,6,0,1,0,0,0,0,0,1,718909.8575,5300811.5397,11.924780114,47.823372862,2,#fc8d62,car
92181,"9,17E+18",9,1,74,115,2017,9,7,6,2,1,6,0,1,0,1,0,0,0,0,681297576.0,5347076.5504,11.442359866,48.250949536,2,#fc8d62,car
92182,"9,17E+18",9,1,86,152,2017,9,13,6,3,2,6,0,1,0,1,0,0,0,0,691235615.0,5373068334.0,11.587919034,48.481629489,2,#fc8d62,car
92183,"9,17E+18",9,1,84,112,2017,9,16,1,3,2,6,0,1,0,0,0,0,0,0,700543.9248,5341174.1587,11.698561945,48.192109048,2,#fc8d62,car
92184,"9,17E+18",9,1,75,132,2017,9,16,6,3,5,2,0,1,0,1,0,0,0,0,706277.63,5331685.6435,11.77102582,48.10500529,2,#fc8d62,car
92185,"9,17E+18",9,1,84,114,2017,9,11,1,3,2,6,0,1,0,0,0,0,0,0,699519.3685,5323875.9299,11.676698529,48.036969973,2,#fc8d62,car
92186,"9,17E+18",9,1,78,120,2017,9,17,6,3,4,6,1,1,0,0,0,0,0,0,694744.9035,5352792.5424,11.625958547,48.298332192,1,#66c2a5,bicycle
92187,"9,17E+18",9,1,75,122,2017,9,9,6,3,2,2,0,1,0,0,0,1,0,0,719177.3368,5325384.0217,11.940852692,48.044077273,2,#fc8d62,car
92188,"9,17E+18",9,1,62,0,2017,9,16,5,3,2,5,0,1,0,0,0,0,0,0,692475.6881,5339224.0106,11.589228019,48.177078032,2,#fc8d62,car
92189,"9,17E+18",9,1,62,0,2017,9,20,5,3,1,6,0,1,0,0,0,0,2,0,689498.5257,5339034.1751,11.549135352,48.176266562,2,#fc8d62,car
92191,"9,17E+18",9,1,84,119,2017,9,17,5,3,2,6,0,1,0,0,0,0,0,0,696502.9297,5346858.9261,11.646880365,48.244462487,2,#fc8d62,car
92192,"9,17E+18",9,1,62,0,2017,9,7,5,3,2,6,0,1,0,1,0,0,0,0,693949.4382,5340112.4585,11.609437496,48.184614938,2,#fc8d62,car
92193,"9,17E+18",9,1,62,0,2017,9,11,5,3,5,2,0,1,0,1,0,0,0,0,692247.3125,5331151.3864,11.582514927,48.104592006,2,#fc8d62,car
92198,"9,17E+18",9,7,62,0,2017,9,17,5,3,4,2,1,1,0,0,0,0,0,0,621604.5068,5304394.0115,10.62648142,47.881355859,1,#66c2a5,bicycle
92203,"9,17E+18",9,1,62,0,2017,9,12,7,3,3,6,0,1,0,0,0,0,0,1,688609.0126,5335631.4816,11.53567314,48.14594741,2,#fc8d62,car
92205,"9,17E+18",9,1,62,0,2017,9,11,7,3,2,6,0,1,0,0,0,0,0,1,688536.6192,5328616.3985,11.531599643,48.082915873,2,#fc8d62,car
92207,"9,17E+18",9,7,77,158,2017,9,5,2,2,9,1,0,1,0,0,0,0,2,1,620005.1191,5307647.3633,10.606002884,47.910916878,2,#fc8d62,car
92208,"9,17E+18",9,1,84,123,2017,9,15,3,2,9,7,0,1,0,0,0,1,0,0,705197.3613,5332627.6122,11.756984594,48.113819221,2,#fc8d62,car
92210,"9,17E+18",9,1,62,0,2017,9,9,7,3,2,6,0,1,0,0,0,0,0,1,687815.3307,5333587.9455,11.524112538,48.127814457,2,#fc8d62,car
92211,"9,17E+18",9,1,84,114,2017,9,7,7,3,8,6,0,1,0,0,0,0,0,1,700988.16,5322847451.0,11.695898414,48.027266289,2,#fc8d62,car
92213,"9,17E+18",9,1,62,0,2017,9,19,7,3,6,3,0,1,1,0,0,0,2,0,701334.6413,5332328.4859,11.70500533,48.112363775,2,#fc8d62,car
92215,"9,17E+18",9,1,62,0,2017,9,19,7,1,2,6,0,1,0,0,0,0,1,0,701289.6729,5332325.9822,11.704400679,48.112355487,2,#fc8d62,car
92216,"9,17E+18",9,1,84,147,2017,9,14,3,3,1,6,0,1,0,0,0,0,0,0,700080.0416,5341294.2711,11.692383584,48.193334786,2,#fc8d62,car
92220,"9,17E+18",9,7,72,147,2017,9,16,5,3,2,6,0,1,0,0,0,1,0,0,639680.2559,5364070.2798,10.887705683,48.41429374,2,#fc8d62,car
92221,"9,17E+18",9,7,72,223,2017,9,16,5,3,2,6,0,0,0,0,0,1,0,0,615366.5937,5362282818.0,10.558767668,48.403139608,6,#ffd92f,circle
92222,"9,17E+18",9,7,72,223,2017,9,12,5,3,3,6,0,0,0,0,0,1,0,0,615654046.0,5362461.92,10.562699411,48.404697635,6,#ffd92f,circle
92223,"9,17E+18",9,7,72,223,2017,9,18,5,3,2,6,0,1,0,0,0,0,0,0,620345426.0,5363137.4303,10.626256283,48.409894225,2,#fc8d62,car
92224,"9,17E+18",9,7,61,0,2017,9,13,5,3,3,2,1,0,0,0,0,1,0,0,641308024.0,5355856.5988,10.90693035,48.340076708,1,#66c2a5,bicycle
92225,"9,17E+18",9,7,72,111,2017,9,16,5,3,1,6,0,1,0,1,0,0,0,0,626676.7246,5365031.4003,10.71234592,48.425684997,2,#fc8d62,car
92227,"9,17E+18",9,7,71,145,2017,9,17,5,3,1,6,0,1,0,0,0,0,0,0,648300.1354,5345106.8181,10.997454945,48.241820269,2,#fc8d62,car
92228,"9,17E+18",9,7,61,0,2017,9,19,5,3,4,2,0,0,0,1,0,1,2,0,642844.2835,5359922.0105,10.929029862,48.37628548,4,#e78ac3,marker
92240,"9,17E+18",9,7,72,171,2017,9,7,2,3,2,6,0,1,0,0,0,1,0,0,637529.0139,5372265.7297,10.861341124,48.488458199,2,#fc8d62,car
92259,"9,17E+18",9,7,72,131,2017,9,14,2,3,5,3,0,1,0,0,0,0,0,0,621596291.0,5357031373.0,10.641385454,48.354743047,2,#fc8d62,car
92260,"9,17E+18",9,1,75,122,2017,9,16,3,3,5,3,1,1,0,0,0,0,0,0,721093.6027,5325914.4603,11.966802926,48.04818262,1,#66c2a5,bicycle
92261,"9,17E+18",9,1,74,146,2017,9,14,3,3,2,6,0,1,0,0,0,0,0,0,667058.6998,5350825.2496,11.252181514,48.288562868,2,#fc8d62,car
92288,"9,17E+18",9,7,73,139,2017,9,14,1,3,0,1,1,0,0,0,0,0,0,0,615627.1235,5385438.8378,10.56870188,48.611334597,1,#66c2a5,bicycle
92294,"9,17E+18",9,7,77,112,2017,9,17,7,2,8,1,0,1,0,0,0,0,0,0,622745011.0,5299649525.0,10.640382442,47.838468254,2,#fc8d62,car
92297,"9,17E+18",9,1,84,123,2017,9,10,2,3,3,2,1,1,0,0,0,0,0,0,702372.6208,5332111.8082,11.718831933,48.110087574,1,#66c2a5,bicycle
92305,"9,17E+18",9,7,72,147,2017,9,8,7,3,8,3,0,1,0,0,0,0,0,1,638342.1493,5364436.6981,10.869752787,48.417883664,2,#fc8d62,car
92308,"9,17E+18",9,2,74,126,2017,9,19,5,2,5,3,1,1,0,0,0,0,1,0,733915093.0,5382467816.0,12.169917668,48.551636857,1,#66c2a5,bicycle
92309,"9,17E+18",9,2,61,0,2017,9,11,5,3,5,3,1,1,0,0,0,0,0,0,732823.1123,5378435.4224,12.152890981,48.515821296,1,#66c2a5,bicycle
92313,"9,17E+18",9,1,90,159,2017,9,8,5,3,2,6,0,1,0,0,0,0,0,0,663017.1612,5305604.2473,11.180477552,47.8830583,2,#fc8d62,car
92323,"9,17E+18",9,1,82,120,2017,9,17,5,3,9,1,0,0,0,1,0,0,0,0,699158.6519,5301747.1881,11.661630077,47.838199868,4,#e78ac3,marker
92326,"9,17E+18",9,1,87,150,2017,9,17,5,3,5,3,1,1,0,0,0,0,1,0,727756.9383,5303208.4432,12.044074328,47.841837815,1,#66c2a5,bicycle
92327,"9,17E+18",9,7,72,151,2017,9,10,7,3,2,6,0,1,0,0,0,0,0,0,632207.2658,5342943.7975,10.780140301,48.225929896,2,#fc8d62,car
92333,"9,17E+18",9,7,73,182,2017,9,13,2,3,5,3,0,1,0,0,0,0,0,0,622306.3868,5379925.8872,10.657657746,48.560489705,2,#fc8d62,car
92334,"9,17E+18",9,1,75,133,2017,9,10,3,2,4,6,0,1,0,0,0,0,0,0,707910.3201,5343232.8202,11.798573461,48.208240041,2,#fc8d62,car
92335,"9,17E+18",9,1,85,158,2017,9,14,3,3,8,1,0,0,0,1,0,0,0,1,668503.4162,5383368.3804,11.284727951,48.580722622,4,#e78ac3,marker
92336,"9,17E+18",9,1,87,130,2017,9,16,5,3,4,6,0,1,0,0,0,1,0,0,711341.9376,5310482079.0,11.828525401,47.912806972,2,#fc8d62,car
92340,"9,17E+18",9,1,74,113,2017,9,23,5,2,3,6,0,1,0,0,0,0,2,0,672823.0566,5346037.8723,11.327871207,48.243979984,2,#fc8d62,car
92341,"9,17E+18",9,1,81,130,2017,9,17,5,3,5,3,0,1,0,1,0,0,0,0,639499615.0,5323156758.0,10.871796183,48.046440047,2,#fc8d62,car
92342,"9,17E+18",9,1,81,133,2017,9,16,5,3,5,3,0,1,0,0,0,0,0,0,643601.5579,5312706.8099,10.923307008,47.951563373,2,#fc8d62,car
92343,"9,17E+18",9,1,79,126,2017,9,17,5,3,0,3,1,1,0,0,0,0,0,0,677479.5982,5339479.7463,11.387793376,48.183742383,1,#66c2a5,bicycle
92344,"9,17E+18",9,1,79,136,2017,9,6,5,2,5,3,0,1,0,1,0,0,1,0,659846.9608,5340847.4549,11.151263502,48.20072048,2,#fc8d62,car
92345,"9,17E+18",9,1,74,115,2017,9,17,5,3,4,2,1,1,0,0,0,0,0,0,681129.8784,5347330.1857,11.440211384,48.253277313,1,#66c2a5,bicycle
92346,"9,17E+18",9,1,78,145,2017,9,15,5,3,5,2,1,0,0,0,0,1,0,0,697395606.0,5354452363.0,11.662437317,48.312427688,1,#66c2a5,bicycle
92347,"9,17E+18",9,1,78,137,2017,9,9,5,2,5,3,1,1,0,0,0,0,0,0,693286.1974,5364724.5486,11.611788808,48.406015888,1,#66c2a5,bicycle
92348,"9,17E+18",9,1,77,113,2017,9,18,5,3,3,6,0,1,0,0,0,1,0,0,723264.6341,5358165.5638,12.012848204,48.337187193,2,#fc8d62,car
92349,"9,17E+18",9,1,62,0,2017,9,17,4,3,3,2,0,0,0,1,0,1,0,1,692022801.0,5331497.2631,11.57965783,48.107768417,4,#e78ac3,marker
92350,"9,17E+18",9,7,72,223,2017,9,22,1,2,8,1,0,1,0,0,0,0,2,1,620423.0875,5363125.3948,10.627301847,48.409771156,2,#fc8d62,car
92352,"9,17E+18",9,1,62,0,2017,9,12,4,3,2,6,0,1,0,0,0,1,0,0,693557.0218,5339517.0045,11.603892266,48.179382913,2,#fc8d62,car
92353,"9,17E+18",9,1,90,152,2017,9,15,2,3,8,1,0,0,0,1,0,0,0,0,672091.6947,5299516.5691,11.299335653,47.825960816,4,#e78ac3,marker
92354,"9,17E+18",9,1,62,0,2017,9,13,4,3,5,2,1,1,0,0,0,0,0,1,692199441.0,5331134.0468,11.581864722,48.104450604,1,#66c2a5,bicycle
92356,"9,17E+18",9,1,62,0,2017,9,22,4,2,6,4,0,1,1,0,0,0,2,1,688688.4882,5337152.7972,11.537415019,48.159597604,2,#fc8d62,car
92358,"9,17E+18",9,1,62,0,2017,9,23,4,3,1,5,0,1,0,0,0,0,2,0,695975.2405,5339084.4106,11.636189209,48.174753836,2,#fc8d62,car
92359,"9,17E+18",9,1,62,0,2017,9,13,4,3,3,6,0,1,0,0,0,1,0,0,688619245.0,5335668533.0,11.535826981,48.1462774,2,#fc8d62,car
92360,"9,17E+18",9,1,62,0,2017,9,15,4,3,1,6,0,1,0,0,0,0,0,0,682865337.0,5335928.2195,11.458657129,48.150291693,2,#fc8d62,car
92361,"9,17E+18",9,1,62,0,2017,9,17,4,3,2,6,0,1,0,0,0,0,0,1,684489588.0,5343035975.0,11.483560418,48.213710359,2,#fc8d62,car
92364,"9,17E+18",9,1,84,122,2017,9,12,4,3,6,4,0,1,1,0,0,0,0,0,687894.1014,5323835.7378,11.520880654,48.04013523,2,#fc8d62,car
92365,"9,17E+18",9,1,62,0,2017,9,10,4,3,2,6,0,1,0,0,0,1,2,0,687327.2407,5332269.8972,11.516980325,48.116111263,2,#fc8d62,car
92372,"9,17E+18",9,7,61,0,2017,9,10,2,3,0,7,0,0,0,1,0,0,0,1,643641.6087,5357589.1906,10.938994225,48.355129041,4,#e78ac3,marker
92374,"9,17E+18",9,1,84,119,2017,9,10,2,3,5,3,0,1,0,0,0,0,0,1,697263.8935,5348887015.0,11.658064251,48.262452814,2,#fc8d62,car
92383,"9,17E+18",9,7,72,223,2017,9,16,4,3,8,1,0,1,0,0,0,0,0,1,620492.5287,5363116.2921,10.628237212,48.409676024,2,#fc8d62,car
92384,"9,17E+18",9,7,61,0,2017,9,7,4,3,2,6,0,1,0,0,0,0,0,0,637499.1014,5359947.2893,10.856894713,48.377700217,2,#fc8d62,car
92385,"9,17E+18",9,7,72,168,2017,9,15,4,1,9,1,0,1,0,0,0,0,0,0,618107.1159,5347287658.0,10.591577504,48.267777995,2,#fc8d62,car
92386,"9,17E+18",9,7,72,177,2017,9,17,4,2,2,2,0,1,0,0,0,0,0,0,638005.0621,5380378.7425,10.870465682,48.56130257,2,#fc8d62,car
92387,"9,17E+18",9,7,71,142,2017,9,18,4,3,1,6,0,1,0,0,0,0,0,0,645850.5038,5350471.2475,10.966331223,48.290622665,2,#fc8d62,car
92388,"9,17E+18",9,7,61,0,2017,9,11,4,3,2,6,0,1,0,0,0,0,0,0,640655.0368,5360320.5461,10.899615738,48.380360778,2,#fc8d62,car
92391,"9,17E+18",9,7,71,130,2017,9,8,1,2,8,1,0,1,0,0,0,0,0,1,646189.4318,5362808695.0,10.97518113,48.401474188,2,#fc8d62,car
92393,"9,17E+18",9,7,72,223,2017,9,18,1,3,2,6,0,1,0,0,0,0,0,0,617714.3806,5360862.4944,10.590078859,48.389932456,2,#fc8d62,car
92395,"9,17E+18",9,1,87,150,2017,9,7,2,3,6,5,0,1,1,0,0,0,0,1,728660.4387,5303471.9433,12.056271484,47.843884619,2,#fc8d62,car
92406,"9,17E+18",9,1,82,120,2017,9,9,2,3,8,7,0,0,0,1,0,0,0,0,700422.7409,5302813.2155,11.678998421,47.847388146,4,#e78ac3,marker
92437,"9,17E+18",9,1,90,157,2017,9,18,4,3,0,4,0,1,1,1,0,0,0,0,660183.3568,5300976.2772,11.140886146,47.842161061,2,#fc8d62,car
92445,"9,17E+18",9,7,72,160,2017,9,12,1,3,0,6,1,0,0,0,0,0,0,0,635788.2546,5340221.6569,10.827460832,48.200695195,1,#66c2a5,bicycle
92447,"9,17E+18",9,1,87,169,2017,9,16,4,3,0,6,0,0,0,1,0,0,0,0,736122.6323,5302354.9854,12.155248063,47.831153258,4,#e78ac3,marker
92448,"9,17E+18",9,1,87,169,2017,9,11,2,3,2,6,0,1,0,0,0,0,0,1,737085.5383,5299286.1395,12.166416458,47.803229471,2,#fc8d62,car
92450,"9,17E+18",9,2,61,0,2017,9,12,2,3,4,2,1,1,0,0,0,0,0,0,732972.3141,5381154.1167,12.15642713,48.540187182,1,#66c2a5,bicycle
92453,"9,17E+18",9,1,86,162,2017,9,17,4,3,1,6,0,0,0,0,0,1,0,0,691245.3839,5383566.2807,11.592866438,48.575973147,6,#ffd92f,circle
92456,"9,17E+18",9,1,86,152,2017,9,16,4,3,5,3,0,1,0,0,0,0,0,0,690916.7589,5375981.4047,11.584940077,48.507906876,2,#fc8d62,car
92457,"9,17E+18",9,1,88,139,2017,9,18,4,2,0,7,1,0,0,0,0,0,0,0,674446.4801,5318584.0435,11.338485403,47.996740267,1,#66c2a5,bicycle
92458,"9,17E+18",9,1,88,117,2017,9,14,4,2,5,3,0,1,0,0,0,0,0,1,665950.8077,5315977.4491,11.223683269,47.975567219,2,#fc8d62,car
92463,"9,17E+18",9,2,74,194,2017,9,16,3,3,1,7,0,1,0,0,0,0,0,0,721133.9851,5378423.6587,11.994821732,48.519940156,2,#fc8d62,car
92467,"9,17E+18",9,1,84,121,2017,9,4,4,3,9,1,0,0,0,0,0,1,2,0,704034854.0,5329279.6892,11.739783706,48.084105824,6,#ffd92f,circle
92468,"9,17E+18",9,1,78,145,2017,9,7,4,2,6,1,0,1,1,0,0,0,0,0,696850.0488,5354560.7783,11.655137745,48.313572047,2,#fc8d62,car
92470,"9,17E+18",9,1,78,113,2017,9,17,4,3,2,1,0,1,0,0,0,0,0,0,691536.9038,5367227.4159,11.589319429,48.429043905,2,#fc8d62,car
92472,"9,17E+18",9,1,62,0,2017,9,7,3,3,0,7,1,0,0,0,0,0,0,1,693253.7272,5337533.4691,11.598914895,48.161647905,1,#66c2a5,bicycle
92479,"9,17E+18",9,7,71,122,2017,9,16,3,3,8,7,0,1,0,0,0,0,0,0,651571.0959,5362404.9115,11.047700153,48.396572997,2,#fc8d62,car
92480,"9,17E+18",9,7,61,0,2017,9,12,3,3,2,6,0,1,0,0,0,0,0,1,637802.1154,5361430453.0,10.861471018,48.390970467,2,#fc8d62,car
92482,"9,17E+18",9,7,72,111,2017,9,9,3,2,0,3,1,1,0,0,0,0,0,0,627253.0477,5364788.4933,10.720058964,48.423384497,1,#66c2a5,bicycle
92495,"9,17E+18",9,1,75,122,2017,9,18,3,3,0,1,0,0,0,1,0,0,0,0,721382666.0,5325757.8697,11.97059542,48.046675479,4,#e78ac3,marker
92496,"9,17E+18",9,1,74,113,2017,9,7,3,3,2,6,0,1,0,0,0,0,0,0,670574.2577,5347765.4985,11.298302299,48.260119617,2,#fc8d62,car
92498,"9,17E+18",9,7,61,0,2017,9,4,5,3,5,3,0,1,0,0,0,0,2,0,637424407.0,5359481667.0,10.85573432,48.373529674,2,#fc8d62,car
92499,"9,17E+18",9,1,88,139,2017,9,15,2,3,6,4,0,0,1,0,0,1,0,0,674745.1398,5319011567.0,11.342659606,48.000502013,3,#8da0cb,toilet
92500,"9,17E+18",9,1,81,134,2017,9,16,2,3,0,1,1,0,0,0,0,0,0,0,643213.2043,5339733.6442,10.927165239,48.194675642,1,#66c2a5,bicycle
92501,"9,17E+18",9,7,61,0,2017,9,20,5,3,0,1,1,0,0,0,0,0,2,0,640281.3387,5360501.5735,10.894632061,48.382071719,1,#66c2a5,bicycle
92502,"9,17E+18",9,1,81,134,2017,9,16,2,3,5,3,0,1,0,0,0,0,0,0,643173259.0,5339691692.0,10.926613878,48.194307424,2,#fc8d62,car
92503,"9,17E+18",9,7,71,122,2017,9,16,5,3,2,6,0,1,0,0,0,0,0,0,653945.4081,5362849.9187,11.079918056,48.399998703,2,#fc8d62,car
92504,"9,17E+18",9,1,81,138,2017,9,15,2,3,8,1,0,1,0,0,0,0,0,0,641192874.0,5334541715.0,10.898269575,48.148442413,2,#fc8d62,car
92507,"9,17E+18",9,1,79,121,2017,9,18,2,2,5,3,1,1,0,0,0,0,0,0,664982.7094,5340012.8986,11.220004458,48.191903975,1,#66c2a5,bicycle
92510,"9,17E+18",9,1,79,121,2017,9,14,2,3,2,6,0,1,0,0,0,0,0,0,667358.3548,5339238.3151,11.251640458,48.184318956,2,#fc8d62,car
92511,"9,17E+18",9,1,74,115,2017,9,13,2,2,6,4,0,1,1,0,0,0,0,0,679860.9424,5348595.0934,11.423669706,48.265008607,2,#fc8d62,car
92512,"9,17E+18",9,1,62,0,2017,9,15,2,3,8,1,0,0,0,1,0,0,0,0,700016.3656,5335488.0543,11.688796861,48.141174396,4,#e78ac3,marker
92521,"9,17E+18",9,1,78,145,2017,9,18,2,3,9,1,0,1,0,0,0,0,0,0,693275.7136,5357250.8813,11.608212328,48.338851333,2,#fc8d62,car
92522,"9,17E+18",9,1,77,130,2017,9,6,2,3,2,7,0,1,0,0,0,0,1,0,712332.3402,5351990.7465,11.862411352,48.285471464,2,#fc8d62,car
92523,"9,17E+18",9,1,75,123,2017,9,9,2,3,2,2,0,1,0,0,0,0,0,0,724127.8006,5337134.4835,12.013350757,48.147932068,2,#fc8d62,car
92524,"9,17E+18",9,1,77,122,2017,9,20,2,3,2,5,0,1,0,0,0,0,2,0,726689.8162,5358278.6151,12.059062235,48.336983589,2,#fc8d62,car
92528,"9,17E+18",9,1,62,0,2017,9,10,1,1,0,1,1,0,0,0,0,0,0,0,688599.6568,5335547.1426,11.535510128,48.145192133,1,#66c2a5,bicycle
92539,"9,17E+18",9,1,62,0,2017,9,22,1,3,5,2,0,1,0,0,0,1,2,1,687776092.0,5335027881.0,11.524220412,48.140768514,2,#fc8d62,car
92544,"9,17E+18",9,7,73,182,2017,9,11,1,3,5,2,1,1,0,0,0,0,0,0,624583052.0,5381101044.0,10.688852193,48.570608882,1,#66c2a5,bicycle
92546,"9,17E+18",9,7,72,197,2017,9,13,1,3,5,3,1,1,0,0,0,0,0,0,621979.6297,5337665.0309,10.640971279,48.180506449,1,#66c2a5,bicycle
92567,"9,17E+18",9,1,90,159,2017,9,14,5,3,1,6,0,1,0,0,0,0,0,0,662436.2671,5304561.6666,11.172321377,47.873831803,2,#fc8d62,car
92570,"9,17E+18",9,1,83,126,2017,9,18,5,3,2,6,0,1,0,0,0,0,0,0,730792.0875,5338508955.0,12.103561574,48.157897404,2,#fc8d62,car