OBJECTID,UIDENTSTLA,ULAND,UREGBEZ,UKREIS,UGEMEINDE,UJAHR,UMONAT,USTUNDE,UWOCHENTAG,UKATEGORIE,UART,UTYP1,IstRad,IstPKW,IstFuss,IstKrad,IstGkfz,IstSonstig,ULICHTVERH,STRZUSTAND,LINREFX,LINREFY,XGCSWGS84,YGCSWGS84,Teilnehmer,color,symbol
92583,"9,17E+18",9,1,82,120,2017,9,7,5,3,2,6,0,0,0,0,0,1,0,0,702950.7177,5310049.5634,11.716149996,47.911630034,6,#ffd92f,circle
92592,"9,17E+18",9,1,82,120,2017,9,6,5,3,4,2,0,1,0,0,0,0,2,0,703659202.0,5307868159.0,11.724591103,47.891800855,2,#fc8d62,car
92600,"9,17E+18",9,1,79,118,2017,9,12,5,3,5,3,0,1,0,0,0,1,0,0,672655.4958,5337975.1158,11.32233521,48.171545887,2,#fc8d62,car
92601,"9,17E+18",9,1,74,113,2017,9,17,5,3,5,3,0,1,0,0,0,0,0,0,678981.1079,5342767.0961,11.409362062,48.212870862,2,#fc8d62,car
92603,"9,17E+18",9,1,84,118,2017,9,8,5,3,2,6,0,1,0,0,0,1,0,0,704233.8159,5336019.0906,11.745679421,48.144606946,2,#fc8d62,car
92604,"9,17E+18",9,1,62,0,2017,9,12,5,3,1,6,0,1,0,0,0,1,0,0,695375.9743,5344546313.0,11.63065066,48.224026583,2,#fc8d62,car
92605,"9,17E+18",9,1,62,0,2017,9,10,5,3,2,6,0,1,0,0,0,1,0,0,694382.2179,5341183.1932,11.615743931,48.194105906,2,#fc8d62,car
92607,"9,17E+18",9,1,62,0,2017,9,21,4,1,5,3,0,1,0,1,0,0,2,0,689128563.0,5341376667.0,11.545206633,48.197431113,2,#fc8d62,car
92608,"9,17E+18",9,1,62,0,2017,9,6,4,3,5,2,0,1,0,0,0,0,1,0,694645.3373,5332072.8628,11.615114147,48.112145777,2,#fc8d62,car
92610,"9,17E+18",9,1,62,0,2017,9,18,4,3,0,6,1,1,0,0,0,0,0,0,679117271.0,5337947.7925,11.409160733,48.169512128,1,#66c2a5,bicycle
92611,"9,17E+18",9,1,84,148,2017,9,7,4,3,5,2,1,1,0,0,0,0,0,0,695017.0154,5327067.2616,11.617816551,48.067043561,1,#66c2a5,bicycle
92618,"9,17E+18",9,7,78,203,2017,9,17,4,3,2,6,0,1,0,0,0,0,0,0,620580.1019,5321692.1103,10.617636003,48.037122514,2,#fc8d62,car
92638,"9,17E+18",9,7,72,184,2017,9,17,4,3,8,1,1,0,0,0,0,0,0,0,635066942.0,5363629.3245,10.82525067,48.411334412,1,#66c2a5,bicycle
92639,"9,17E+18",9,7,72,125,2017,9,11,4,2,0,1,1,0,0,0,0,0,0,0,635624.4859,5347405.8787,10.827557769,48.265332478,1,#66c2a5,bicycle
92640,"9,17E+18",9,7,61,0,2017,9,7,4,3,5,1,1,1,0,0,0,0,0,0,641781.3997,5358750.1082,10.91428945,48.365987955,1,#66c2a5,bicycle
92652,"9,17E+18",9,2,74,121,2017,9,9,1,3,4,6,0,1,0,0,0,0,0,1,727110.2204,5369749979.0,12.070926949,48.439887568,2,#fc8d62,car
92655,"9,17E+18",9,2,61,0,2017,9,12,1,2,0,1,0,0,0,1,0,0,0,0,734072895.0,5381539.9754,12.171531363,48.543243641,4,#e78ac3,marker
92664,"9,17E+18",9,1,62,0,2017,9,14,1,3,2,6,0,1,0,0,0,1,0,0,694612.7296,5331441.6644,11.61438858,48.106482759,2,#fc8d62,car
92698,"9,17E+18",9,1,81,130,2017,9,21,1,3,8,1,0,1,0,0,0,0,2,1,639893.8773,5325029.4791,10.877695811,48.063193764,2,#fc8d62,car
92703,"9,17E+18",9,1,81,130,2017,9,21,1,3,2,6,0,1,0,0,0,0,2,1,639902.5764,5325023.4219,10.877810526,48.063137388,2,#fc8d62,car
92706,"9,17E+18",9,1,74,113,2017,9,13,1,3,2,6,0,1,0,0,0,0,0,0,672246.0078,5346433.3123,11.32026604,48.247691804,2,#fc8d62,car
92708,"9,17E+18",9,2,74,124,2017,9,8,4,3,4,2,0,1,0,1,0,0,0,0,726138.6104,5376272.9952,12.061334688,48.49883744,2,#fc8d62,car
92709,"9,17E+18",9,1,79,117,2017,9,17,1,2,8,1,0,0,0,1,0,0,0,0,660408.5123,5347010.3904,11.161148101,48.255986275,4,#e78ac3,marker
92713,"9,17E+18",9,1,81,111,2017,9,15,1,3,8,1,0,0,0,1,0,0,0,0,645128.0821,5305745.4412,10.941395907,47.888621688,4,#e78ac3,marker
92714,"9,17E+18",9,1,79,125,2017,9,15,1,2,4,6,0,1,0,0,0,0,0,0,660755.9535,5332368.2359,11.160283181,48.124258391,2,#fc8d62,car
92715,"9,17E+18",9,1,74,143,2017,9,16,1,2,5,3,0,0,0,1,0,0,0,0,669843.2141,5352755.5319,11.290466158,48.305174165,4,#e78ac3,marker
92716,"9,17E+18",9,1,75,132,2017,9,10,1,3,3,6,1,1,0,0,0,0,0,0,710819.1339,5333390.3179,11.832800029,48.118836966,1,#66c2a5,bicycle
92717,"9,17E+18",9,1,75,123,2017,9,18,1,3,2,6,0,1,0,0,0,0,0,0,724024.9002,5337242.9859,12.01202636,48.148943151,2,#fc8d62,car
92718,"9,17E+18",9,1,62,0,2017,9,10,7,3,2,6,0,1,0,0,0,0,0,0,694853.7567,5332552.2115,11.618130293,48.116390247,2,#fc8d62,car
92719,"9,17E+18",9,1,62,0,2017,9,15,7,3,0,7,0,0,0,1,0,0,0,0,687742.4121,5331593688.0,11.522255427,48.109911044,4,#e78ac3,marker
92726,"9,17E+18",9,1,82,137,2017,9,22,4,3,7,7,0,1,1,0,0,0,2,0,711053.2051,5305192.6187,11.822080401,47.865368704,2,#fc8d62,car
92728,"9,17E+18",9,1,87,159,2017,9,16,4,3,4,2,1,1,0,0,0,0,0,0,730511.9638,5329848558.0,12.095118865,48.080195389,1,#66c2a5,bicycle
92730,"9,17E+18",9,1,86,152,2017,9,13,4,2,4,2,0,1,0,0,0,1,0,0,690929.3624,5375954.8995,11.585098419,48.507664838,2,#fc8d62,car
92731,"9,17E+18",9,1,86,146,2017,9,12,4,2,8,1,0,0,0,0,0,1,0,0,684498.9498,5370476783.0,11.495702818,48.460349838,6,#ffd92f,circle
92733,"9,17E+18",9,7,78,203,2017,9,15,7,2,5,3,1,1,0,0,0,0,0,0,622027.7653,5322357.3161,10.637238486,48.042829968,1,#66c2a5,bicycle
92734,"9,17E+18",9,1,79,142,2017,9,10,4,2,4,2,0,1,0,0,0,0,0,0,670855191.0,5341470643.0,11.299546245,48.203455942,2,#fc8d62,car
92735,"9,17E+18",9,1,79,137,2017,9,19,4,1,9,1,0,1,0,0,0,0,2,0,655508.9504,5345024.1165,11.09445432,48.239349494,2,#fc8d62,car
92737,"9,17E+18",9,1,84,112,2017,9,16,4,3,2,6,0,1,0,0,0,0,0,0,701513.3175,5340801.7046,11.711414469,48.188455069,2,#fc8d62,car
92738,"9,17E+18",9,2,61,0,2017,9,7,4,3,2,6,0,1,0,0,0,0,0,1,731946.0052,5379879.0867,12.141834563,48.529114001,2,#fc8d62,car
92743,"9,17E+18",9,7,61,0,2017,9,18,7,3,2,6,0,1,0,0,0,0,0,0,642048.9381,5358937.2283,10.917962767,48.367610307,2,#fc8d62,car
92744,"9,17E+18",9,1,78,130,2017,9,4,4,2,4,2,0,1,0,0,0,0,2,1,702778.78,5358696282.0,11.737001425,48.34886237,2,#fc8d62,car
92745,"9,17E+18",9,7,72,141,2017,9,11,7,2,5,3,1,1,0,0,0,0,0,0,622553736.0,5349932944.0,10.652240618,48.290722274,1,#66c2a5,bicycle
92746,"9,17E+18",9,7,71,130,2017,9,10,7,3,8,1,0,0,0,1,0,0,0,0,644526865.0,5362770436.0,10.952718489,48.401513521,4,#e78ac3,marker
92747,"9,17E+18",9,7,61,0,2017,9,19,7,3,2,1,0,1,0,0,0,1,2,0,637394.6514,5351503.1985,10.852730526,48.301794242,2,#fc8d62,car
92750,"9,17E+18",9,1,77,115,2017,9,8,4,2,8,1,0,1,0,0,0,0,0,1,737116.1853,5353464.4847,12.196832618,48.289914511,2,#fc8d62,car
92751,"9,17E+18",9,1,84,127,2017,9,11,3,3,4,7,1,0,0,0,0,1,0,0,702636679.0,5322033772.0,11.717600015,48.019432965,1,#66c2a5,bicycle
92752,"9,17E+18",9,1,84,135,2017,9,8,3,2,2,6,0,1,0,0,0,1,0,0,686771.9707,5347502.2649,11.516223533,48.253186439,2,#fc8d62,car
92753,"9,17E+18",9,1,62,0,2017,9,17,3,3,0,7,0,1,0,0,0,0,1,0,691863.5054,5339261.9604,11.58101861,48.17760424,2,#fc8d62,car
92754,"9,17E+18",9,1,62,0,2017,9,6,3,3,3,6,0,1,0,0,0,1,0,0,688729.1886,5338404.7524,11.538517349,48.170838209,2,#fc8d62,car
92755,"9,17E+18",9,1,62,0,2017,9,9,3,3,5,2,1,1,0,0,0,0,0,0,687775462.0,5335018899.0,11.524207991,48.140687968,1,#66c2a5,bicycle
92757,"9,17E+18",9,1,84,114,2017,9,18,3,3,5,3,0,1,0,0,0,0,0,0,702666.0656,5318100.7874,11.716136181,47.984077692,2,#fc8d62,car
92762,"9,17E+18",9,7,77,172,2017,9,15,3,2,4,6,0,1,0,1,0,0,0,0,627766.7029,5305919.8377,10.709316431,47.893881318,2,#fc8d62,car
92771,"9,17E+18",9,7,73,139,2017,9,16,3,3,0,2,0,1,0,1,0,0,0,0,616444368.0,5385078235.0,10.5796838,48.607940233,2,#fc8d62,car
92772,"9,17E+18",9,7,71,122,2017,9,19,3,3,3,6,0,1,0,0,0,0,1,0,653960.6829,5361200.0074,11.079519493,48.385161222,2,#fc8d62,car
92773,"9,17E+18",9,7,61,0,2017,9,17,3,3,3,6,0,1,0,0,0,1,0,0,640326.6012,5364019434.0,10.896418727,48.413692954,2,#fc8d62,car
92774,"9,17E+18",9,7,72,115,2017,9,12,3,3,4,1,0,1,0,1,0,0,0,0,617382.2457,5367305.4731,10.58739758,48.447936555,2,#fc8d62,car
92775,"9,17E+18",9,7,61,0,2017,9,16,3,3,2,6,0,1,0,0,0,1,0,0,638101.1859,5361346.5547,10.865481141,48.390150652,2,#fc8d62,car
92776,"9,17E+18",9,7,61,0,2017,9,7,3,3,1,6,0,1,0,0,0,0,0,0,642099.7741,5362162.2831,10.919739278,48.396597051,2,#fc8d62,car
92837,"9,17E+18",9,2,74,194,2017,9,17,3,3,8,1,0,1,0,0,0,0,0,0,720781.3439,5382807.2447,11.992375107,48.55944666,2,#fc8d62,car
92851,"9,17E+18",9,1,62,0,2017,9,8,5,3,3,6,0,1,0,1,0,0,0,0,690326.4141,5331951.4727,11.557094651,48.112359977,2,#fc8d62,car
92858,"9,17E+18",9,1,62,0,2017,9,2,5,3,8,1,0,1,0,0,0,0,2,0,694601.7209,5336111.4559,11.616373151,48.148456355,2,#fc8d62,car
92859,"9,17E+18",9,1,79,113,2017,9,8,3,3,5,3,0,1,0,0,0,0,0,0,671753.0235,5335758.8281,11.309311696,48.15186684,2,#fc8d62,car
92860,"9,17E+18",9,1,74,141,2017,9,11,3,3,9,1,0,1,0,0,0,0,0,0,679105.0633,5355335.0778,11.416352181,48.325806604,2,#fc8d62,car
92861,"9,17E+18",9,1,78,145,2017,9,17,3,3,2,6,0,1,0,0,0,0,0,0,696568.2528,5354038.0278,11.651097541,48.308961703,2,#fc8d62,car
92862,"9,17E+18",9,1,77,115,2017,9,6,3,3,4,6,0,1,0,0,0,0,2,0,731950.5057,5353073.9022,12.127082761,48.288319553,2,#fc8d62,car
92863,"9,17E+18",9,1,84,137,2017,9,13,2,3,0,7,0,0,0,1,0,0,0,0,708631.7729,5313771.0136,11.793891021,47.943250587,4,#e78ac3,marker
92864,"9,17E+18",9,1,62,0,2017,9,10,2,3,2,2,0,1,0,0,0,1,0,0,682391.2444,5334044.4962,11.451482099,48.133495564,2,#fc8d62,car
92865,"9,17E+18",9,1,62,0,2017,9,8,2,3,2,6,0,1,0,0,0,0,0,0,685179.7269,5335350.7362,11.489493032,48.14443143,2,#fc8d62,car
92866,"9,17E+18",9,1,84,122,2017,9,15,2,3,5,3,1,1,0,0,0,0,0,0,688772.6741,5324937.4733,11.533141937,48.049778838,1,#66c2a5,bicycle
92867,"9,17E+18",9,1,84,136,2017,9,15,2,3,5,3,1,1,0,0,0,0,0,0,698060.0844,5327281.7231,11.658719387,48.068033498,1,#66c2a5,bicycle
92868,"9,17E+18",9,1,62,0,2017,9,14,2,3,0,6,1,1,0,0,0,0,0,0,696007.4971,5333824.4916,11.634200418,48.127470781,1,#66c2a5,bicycle
92869,"9,17E+18",9,1,62,0,2017,9,14,2,3,5,3,0,1,0,0,0,0,0,0,694061.3763,5340274.7975,11.611016067,48.186039785,2,#fc8d62,car
92872,"9,17E+18",9,1,84,130,2017,9,19,2,3,4,6,0,1,0,1,0,0,2,0,697690.3391,5343720.5493,11.66139288,48.215888434,2,#fc8d62,car
92874,"9,17E+18",9,1,62,0,2017,9,19,2,3,6,7,0,1,1,0,0,0,2,0,695285.2357,5331275.1733,11.623336892,48.10478061,2,#fc8d62,car
92881,"9,17E+18",9,7,78,203,2017,9,14,2,3,9,1,0,1,0,0,0,0,0,0,622990.6409,5322196596.0,10.650105619,48.04119976,2,#fc8d62,car
92889,"9,17E+18",9,1,73,147,2017,9,10,7,3,2,6,0,1,0,0,0,0,0,0,681989.0687,5308383.9219,11.435188458,47.902948148,2,#fc8d62,car
92891,"9,17E+18",9,1,90,159,2017,9,9,7,2,2,6,0,1,0,0,0,1,0,0,662059.7676,5306111.4417,11.16787156,47.887860843,2,#fc8d62,car
92895,"9,17E+18",9,1,82,123,2017,9,15,7,3,5,3,0,1,0,1,0,0,0,0,715803376.0,5301219683.0,11.883533481,47.82808989,2,#fc8d62,car
92900,"9,17E+18",9,7,77,140,2017,9,23,2,2,7,7,0,0,0,1,0,0,2,0,626074.2832,5317284.0281,10.690013984,47.99641835,4,#e78ac3,marker
92903,"9,17E+18",9,7,72,147,2017,9,20,2,3,2,6,0,1,0,0,0,1,2,0,638587.6964,5364121.9926,10.872965637,48.414999959,2,#fc8d62,car
92904,"9,17E+18",9,7,72,216,2017,9,15,2,3,0,7,1,0,0,0,0,0,0,0,622667.3342,5368432.6763,10.659169314,48.4570653,1,#66c2a5,bicycle
92905,"9,17E+18",9,7,72,211,2017,9,15,2,3,2,6,0,1,0,0,0,0,0,0,622460131.0,5353004.1754,10.651870427,48.318359875,2,#fc8d62,car
92906,"9,17E+18",9,7,71,130,2017,9,7,2,3,0,1,1,0,0,0,0,0,0,0,644845.4874,5358491.4339,10.955545968,48.362966453,1,#66c2a5,bicycle
92907,"9,17E+18",9,7,61,0,2017,9,23,2,3,0,1,0,1,0,0,0,0,2,0,641775.1606,5359746.8686,10.914541321,48.374951804,2,#fc8d62,car
92908,"9,17E+18",9,7,61,0,2017,9,8,2,3,3,2,1,1,0,0,0,0,0,0,640450.4992,5360311.9014,10.896852043,48.380328615,1,#66c2a5,bicycle
92911,"9,17E+18",9,1,87,170,2017,9,18,7,2,5,3,0,1,0,1,0,0,0,0,734763476.0,5319943601.0,12.146688063,47.989663058,2,#fc8d62,car
92913,"9,17E+18",9,1,87,164,2017,9,14,7,3,6,7,0,1,1,0,0,0,0,0,733015.9658,5323519027.0,12.125242982,48.022422818,2,#fc8d62,car
92915,"9,17E+18",9,1,87,186,2017,9,16,7,1,4,1,0,1,0,1,0,0,0,0,733117296.0,5332008098.0,12.13122586,48.098648802,2,#fc8d62,car
92931,"9,17E+18",9,1,87,130,2017,9,17,7,3,0,1,0,1,0,0,0,0,0,0,718188.5362,5312494.4876,11.921055262,47.928597333,2,#fc8d62,car
92938,"9,17E+18",9,1,85,158,2017,9,18,7,3,4,1,0,1,0,1,0,0,0,0,668541.8221,5385972.1666,11.286304565,48.604117957,2,#fc8d62,car
92955,"9,17E+18",9,7,73,125,2017,9,6,5,2,4,6,0,1,0,0,0,1,2,1,616104.2234,5379679.8459,10.573563108,48.559456417,2,#fc8d62,car
92970,"9,17E+18",9,1,81,146,2017,9,5,7,3,0,1,0,0,0,0,0,1,2,0,651414.5809,5326278.9058,11.0326755,48.071797556,6,#ffd92f,circle
92972,"9,17E+18",9,1,88,139,2017,9,14,7,3,0,7,1,0,0,0,0,0,0,0,676239.5434,5318998.2181,11.362670757,47.99997184,1,#66c2a5,bicycle
92974,"9,17E+18",9,1,81,130,2017,9,15,7,3,0,1,0,0,0,1,0,0,0,0,639429125.0,5323005.2505,10.870801521,48.045093046,4,#e78ac3,marker
92980,"9,17E+18",9,7,61,0,2017,9,17,5,2,2,6,0,1,0,1,0,0,0,0,638512.5387,5356718.0746,10.869510146,48.348442041,2,#fc8d62,car
92981,"9,17E+18",9,1,88,121,2017,9,9,7,3,2,6,1,1,0,0,0,0,0,0,671211.5134,5330987283.0,11.300119566,48.109118003,1,#66c2a5,bicycle
92982,"9,17E+18",9,1,74,115,2017,9,12,7,3,9,3,0,1,0,0,0,0,0,0,681867.5075,5345692.3803,11.449435969,48.23834455,2,#fc8d62,car
92983,"9,17E+18",9,1,77,130,2017,9,15,7,3,5,2,0,1,0,0,0,0,0,0,712573.5762,5352077.6293,11.865702893,48.286171197,2,#fc8d62,car
92984,"9,17E+18",9,1,77,123,2017,9,9,7,3,4,6,0,1,0,0,0,0,0,0,727104.0094,5344474.6398,12.057228865,48.212821326,2,#fc8d62,car
92985,"9,17E+18",9,1,77,138,2017,9,14,7,3,4,1,0,1,0,0,0,0,0,0,725349.0644,5365721.8007,12.044983933,48.404331916,2,#fc8d62,car
92986,"9,17E+18",9,1,62,0,2017,9,11,6,3,2,6,0,1,0,0,0,0,2,0,691973.2185,5339254.1417,11.582489424,48.177500833,2,#fc8d62,car
92989,"9,17E+18",9,7,72,170,2017,9,9,5,3,5,3,0,1,0,0,0,0,0,0,630991.4853,5333413.3068,10.760839468,48.140477887,2,#fc8d62,car
92991,"9,17E+18",9,7,72,184,2017,9,18,5,3,0,7,1,0,0,0,0,0,1,0,632796.8166,5358962.9953,10.79311342,48.369856494,1,#66c2a5,bicycle
92994,"9,17E+18",9,7,71,130,2017,9,18,5,3,3,6,1,0,0,0,0,0,0,0,647057.2864,5357447.9393,10.9850241,48.353072814,1,#66c2a5,bicycle
92997,"9,17E+18",9,1,82,123,2017,9,7,2,3,2,6,0,1,0,1,0,1,0,0,719835.9296,5300863.1447,11.937162461,47.823520827,2,#fc8d62,car
92998,"9,17E+18",9,1,87,177,2017,9,13,2,3,5,3,0,1,0,0,0,0,0,0,735948.5205,5304400.7008,12.154039971,47.849595432,2,#fc8d62,car
93001,"9,17E+18",9,1,84,121,2017,9,23,6,2,5,3,0,1,0,0,0,0,2,0,705418.7022,5331146.0789,11.759241627,48.100433968,2,#fc8d62,car
93002,"9,17E+18",9,1,85,158,2017,9,15,2,2,5,6,0,1,0,0,0,0,0,0,667953.3772,5379718.7533,11.275803003,48.548063116,2,#fc8d62,car
93003,"9,17E+18",9,7,77,121,2017,9,22,6,2,8,1,0,1,0,0,0,0,2,0,627740.1522,5320562.6507,10.713311199,48.025572836,2,#fc8d62,car
93014,"9,17E+18",9,7,72,125,2017,9,16,5,3,5,3,1,1,0,0,0,0,0,0,636585.3319,5348958.5439,10.841000005,48.27908776,1,#66c2a5,bicycle
93051,"9,17E+18",9,2,61,0,2017,10,15,5,3,2,6,0,1,0,0,0,0,0,0,731860.7679,5383872.66,12.142904557,48.565018908,2,#fc8d62,car
93055,"9,17E+18",9,1,73,130,2017,10,7,5,3,2,6,0,1,0,0,0,0,0,0,679246.0307,5310358.9473,11.399338557,47.921474749,2,#fc8d62,car
93056,"9,17E+18",9,1,73,130,2017,10,18,5,3,2,6,0,1,0,1,0,0,1,1,682002578.0,5314002995.0,11.437742924,47.953455035,2,#fc8d62,car
93058,"9,17E+18",9,1,90,138,2017,10,14,5,2,5,3,0,1,0,1,0,0,0,0,663528.2297,5307177.1227,11.187904165,47.897069721,2,#fc8d62,car
93059,"9,17E+18",9,1,90,157,2017,10,15,5,2,9,1,0,1,0,0,0,0,0,0,661131174.0,5301910.5962,11.153892629,47.850324726,2,#fc8d62,car
93097,"9,17E+18",9,1,86,143,2017,10,19,5,3,2,6,0,1,0,0,0,0,2,1,683323.74,5377522559.0,11.482913276,48.524020539,2,#fc8d62,car
93102,"9,17E+18",9,1,62,0,2017,10,17,5,3,2,7,0,1,0,0,0,0,0,0,679353.8024,5333444.1043,11.410441545,48.128961889,2,#fc8d62,car
93103,"9,17E+18",9,1,88,144,2017,10,10,5,2,6,4,0,1,1,0,0,0,0,0,667534939.0,5329031508.0,11.249999247,48.092513098,2,#fc8d62,car
93105,"9,17E+18",9,1,79,142,2017,10,9,5,3,2,6,0,1,0,0,0,0,0,0,675926.0443,5343624.7876,11.36862879,48.221434998,2,#fc8d62,car
93107,"9,17E+18",9,1,88,126,2017,10,12,5,3,5,3,0,1,0,0,0,0,0,0,658711884.0,5327210628.0,11.130916068,48.078400313,2,#fc8d62,car
93109,"9,17E+18",9,1,79,123,2017,10,19,5,3,2,6,0,1,0,0,0,0,0,1,677380.5606,5332212.8811,11.38343355,48.118447131,2,#fc8d62,car
93110,"9,17E+18",9,1,74,147,2017,10,16,5,3,4,6,0,1,0,0,0,1,0,0,668083.6966,5367612.4398,11.272695912,48.439200801,2,#fc8d62,car
93111,"9,17E+18",9,1,74,115,2017,10,16,5,3,6,4,0,1,1,0,0,0,0,0,681509.5847,5346741.9069,11.445069774,48.247880884,2,#fc8d62,car
93112,"9,17E+18",9,1,74,143,2017,10,13,5,3,6,4,0,1,1,0,0,0,0,0,674248.5967,5353042.3724,11.349943287,48.30655454,2,#fc8d62,car
93113,"9,17E+18",9,1,75,118,2017,10,16,5,3,2,6,0,1,0,0,0,0,0,0,716288.0498,5340543.7447,11.909824064,48.181279112,2,#fc8d62,car
93116,"9,17E+18",9,2,74,185,2017,9,8,7,3,5,3,0,1,0,0,0,0,0,0,732179768.0,5368823.44,12.138856959,48.429715904,2,#fc8d62,car
93123,"9,17E+18",9,1,78,124,2017,10,15,5,3,2,6,0,1,0,0,0,0,0,0,702864.5892,5359046046.0,11.73832678,48.351977921,2,#fc8d62,car
93127,"9,17E+18",9,1,75,132,2017,10,19,5,2,8,4,0,1,1,0,0,0,2,1,709650.4034,5336811.6444,11.818799017,48.149967127,2,#fc8d62,car
93128,"9,17E+18",9,1,78,143,2017,10,11,5,3,1,6,0,1,0,0,0,0,0,0,722035.2045,5374345.0799,12.004840973,48.482980189,2,#fc8d62,car
93129,"9,17E+18",9,1,84,114,2017,10,17,4,3,8,1,0,1,0,0,0,0,0,0,700897761.0,5319022.1431,11.692895571,47.992915856,2,#fc8d62,car
93130,"9,17E+18",9,1,88,127,2017,10,7,4,3,5,2,1,1,0,0,0,0,0,1,679521.9187,5329502.6394,11.411040004,48.093484545,1,#66c2a5,bicycle
93132,"9,17E+18",9,1,84,140,2017,10,15,4,3,5,3,1,1,0,0,0,0,0,0,702241.7288,5328209.3534,11.715227158,48.075058094,1,#66c2a5,bicycle
93133,"9,17E+18",9,1,62,0,2017,10,19,4,3,2,6,0,1,0,0,0,0,2,1,694211.7227,5336738.2907,11.611421396,48.15420928,2,#fc8d62,car
93146,"9,17E+18",9,1,63,0,2017,9,18,7,3,5,7,0,1,0,1,0,0,1,0,732573357.0,5305843211.0,12.109767287,47.86378508,2,#fc8d62,car
93150,"9,17E+18",9,7,72,121,2017,10,9,4,3,1,2,0,1,0,0,0,0,0,0,633676.2031,5375464.4413,10.81024829,48.518051958,2,#fc8d62,car
93154,"9,17E+18",9,1,85,158,2017,9,18,7,3,0,1,0,0,0,1,0,0,0,0,663499.6991,5379514.9418,11.215422377,48.54740766,4,#e78ac3,marker
93160,"9,17E+18",9,7,72,171,2017,10,7,4,3,2,6,0,1,0,0,0,0,0,0,638400.9314,5370864.3251,10.87267119,48.475665914,2,#fc8d62,car
93162,"9,17E+18",9,7,61,0,2017,10,7,4,3,5,2,0,1,0,0,0,0,0,0,641907499.0,5357633934.0,10.91561454,48.355923444,2,#fc8d62,car
93171,"9,17E+18",9,1,81,113,2017,9,19,7,3,0,1,0,0,0,1,0,0,2,1,641557.9636,5308393.6376,10.894534304,47.913232737,4,#e78ac3,marker
93172,"9,17E+18",9,1,79,138,2017,9,13,7,3,8,1,0,1,0,0,0,0,0,0,654394.1061,5333429.8669,11.07523495,48.135378381,2,#fc8d62,car
93173,"9,17E+18",9,1,86,152,2017,9,17,7,3,2,6,0,1,0,0,0,0,0,0,691256657.0,5375632.94,11.589377626,48.504671764,2,#fc8d62,car
93174,"9,17E+18",9,1,86,152,2017,9,15,7,3,2,6,0,1,0,0,0,0,0,0,691473.4374,5375295.7272,11.592154793,48.501575141,2,#fc8d62,car
93181,"9,17E+18",9,1,83,126,2017,10,18,1,2,9,1,0,1,0,0,0,0,1,1,729748.9957,5334770.7181,12.087539345,48.124691207,2,#fc8d62,car
93184,"9,17E+18",9,1,78,124,2017,9,9,7,3,5,2,1,1,0,0,0,0,0,0,701895.0075,5365354.5705,11.728284542,48.408979437,1,#66c2a5,bicycle
93191,"9,17E+18",9,1,77,119,2017,9,7,7,3,3,6,0,1,0,0,0,1,1,0,721334.4125,5340249.7608,11.977467996,48.176900115,2,#fc8d62,car
93193,"9,17E+18",9,1,75,113,2017,9,19,7,1,4,6,0,1,0,0,0,0,2,0,718309.2579,5318865175.0,11.925902273,47.985800191,2,#fc8d62,car
93196,"9,17E+18",9,1,84,119,2017,9,13,6,3,5,3,1,1,0,0,0,0,0,0,696514.2559,5346886.3967,11.647045507,48.24470586,1,#66c2a5,bicycle
93197,"9,17E+18",9,1,84,130,2017,9,17,6,3,0,1,1,0,0,0,0,0,0,1,698025.1643,5344283152.0,11.666158088,48.220840209,1,#66c2a5,bicycle
93216,"9,17E+18",9,1,84,145,2017,10,12,1,3,2,6,0,1,0,0,0,0,0,1,696491.3772,5322538.8301,11.635507429,48.025891516,2,#fc8d62,car
93239,"9,17E+18",9,1,81,128,2017,10,11,1,3,5,3,0,1,0,0,0,0,0,1,638625.6613,5327637.8334,10.861528941,48.086925768,2,#fc8d62,car
93242,"9,17E+18",9,1,88,144,2017,10,5,1,2,8,1,0,1,0,0,0,0,2,1,666928.9052,5326091.7623,11.240718127,48.066243309,2,#fc8d62,car
93244,"9,17E+18",9,1,79,145,2017,10,10,1,3,0,1,0,0,0,1,0,0,0,1,674006.0501,5335623.1939,11.339523368,48.150035151,4,#e78ac3,marker
93246,"9,17E+18",9,2,61,0,2017,10,16,4,3,2,6,0,1,0,0,0,0,0,0,734103177.0,5382352.9067,12.172397843,48.550534521,2,#fc8d62,car
93247,"9,17E+18",9,2,74,132,2017,10,15,4,2,4,6,0,0,0,0,0,1,0,0,720077.5379,5385759.3323,11.984411389,48.586215826,6,#ffd92f,circle
93248,"9,17E+18",9,7,61,0,2017,9,12,6,3,2,6,0,1,0,0,0,0,0,0,640178423.0,5364023.9089,10.894418834,48.41376617,2,#fc8d62,car
93251,"9,17E+18",9,1,73,126,2017,10,9,4,3,1,1,0,1,0,1,0,0,0,0,683062.3927,5306899.4078,11.448907322,47.889298313,2,#fc8d62,car
93253,"9,17E+18",9,7,72,148,2017,9,18,6,3,2,6,0,0,0,1,0,1,0,0,627749.8388,5353341271.0,10.72329282,48.32034457,4,#e78ac3,marker
93256,"9,17E+18",9,7,72,121,2017,9,15,6,2,2,6,0,1,0,1,0,0,0,1,631369.7718,5376328.1307,10.779302412,48.526305096,2,#fc8d62,car