OBJECTID,UIDENTSTLA,ULAND,UREGBEZ,UKREIS,UGEMEINDE,UJAHR,UMONAT,USTUNDE,UWOCHENTAG,UKATEGORIE,UART,UTYP1,IstRad,IstPKW,IstFuss,IstKrad,IstGkfz,IstSonstig,ULICHTVERH,STRZUSTAND,LINREFX,LINREFY,XGCSWGS84,YGCSWGS84,Teilnehmer,color,symbol
93866,"9,17E+18",9,1,73,118,2017,10,17,5,3,0,1,0,0,0,1,0,0,0,0,693263.0155,5299833.4603,11.582068657,47.822797686,4,#e78ac3,marker
93867,"9,17E+18",9,1,73,126,2017,10,15,5,3,1,7,0,1,0,0,0,1,0,0,687822.0314,5303431.0926,11.51100912,47.856747503,2,#fc8d62,car
93871,"9,17E+18",9,1,62,0,2017,10,0,6,3,3,6,0,1,0,0,0,0,2,0,695323.7523,5344321.1017,11.629844528,48.22201861,2,#fc8d62,car
93872,"9,17E+18",9,1,62,0,2017,10,15,6,3,3,6,0,1,0,0,0,1,0,0,694145.3931,5344777.8835,11.614205448,48.226485576,2,#fc8d62,car
93873,"9,17E+18",9,1,84,135,2017,10,13,6,3,3,6,0,1,0,0,0,0,0,0,688293.0804,5346121.7939,11.536081511,48.240328722,2,#fc8d62,car
93874,"9,17E+18",9,1,84,119,2017,10,15,6,3,2,6,0,1,0,0,0,0,0,0,696406.4897,5347968.7994,11.64609766,48.254467014,2,#fc8d62,car
93875,"9,17E+18",9,1,77,117,2017,10,9,6,2,5,2,0,1,0,0,0,0,0,0,716539818.0,5350925.2,11.918509961,48.274472459,2,#fc8d62,car
93876,"9,17E+18",9,1,75,137,2017,10,18,6,2,6,4,0,1,1,0,0,0,1,0,725368.5576,5330244.1491,12.026367231,48.085588065,2,#fc8d62,car
93877,"9,17E+18",9,1,62,0,2017,10,13,5,3,0,1,0,0,0,1,0,0,0,0,694651.06,5334488765.0,11.616294099,48.133857208,4,#e78ac3,marker
93878,"9,17E+18",9,1,62,0,2017,10,13,5,3,3,2,1,1,0,0,0,0,0,0,692069.5836,5340532859.0,11.584362436,48.188964491,1,#66c2a5,bicycle
93879,"9,17E+18",9,1,84,136,2017,10,13,5,3,5,3,1,1,0,0,0,0,0,0,700207472.0,5327774416.0,11.687743523,48.071791087,1,#66c2a5,bicycle
93885,"9,17E+18",9,7,72,145,2017,10,12,5,1,5,3,0,1,0,0,0,0,0,0,634293.2364,5366554.7618,10.815737592,48.437805287,2,#fc8d62,car
93886,"9,17E+18",9,7,72,171,2017,10,6,5,3,2,6,0,1,0,0,0,0,1,0,637584.9859,5372053.8577,10.862028474,48.486540868,2,#fc8d62,car
93918,"9,17E+18",9,1,86,132,2017,10,7,5,3,0,6,1,0,0,0,0,1,0,1,680162815.0,5367436.54,11.435796195,48.434279643,1,#66c2a5,bicycle
93920,"9,17E+18",9,1,79,134,2017,10,12,5,3,5,6,0,1,0,0,0,0,0,0,667859.3768,5342916.3832,11.259830366,48.217252122,2,#fc8d62,car
93921,"9,17E+18",9,1,81,127,2017,10,18,5,3,8,1,0,1,0,0,0,0,0,0,635291.7906,5324008.0635,10.815634879,48.055001256,2,#fc8d62,car
93922,"9,17E+18",9,1,79,126,2017,10,16,5,3,5,3,0,1,0,0,0,0,0,0,676035021.0,5340525.4219,11.368808864,48.193544082,2,#fc8d62,car
93923,"9,17E+18",9,1,88,121,2017,10,7,5,3,5,3,1,1,0,0,0,0,0,0,670448.8853,5332005.5709,11.290289623,48.118476759,1,#66c2a5,bicycle
93924,"9,17E+18",9,1,79,136,2017,10,17,5,3,2,6,0,1,0,0,0,0,0,0,661686.7361,5341448.8338,11.17623438,48.205661243,2,#fc8d62,car
93925,"9,17E+18",9,1,81,114,2017,10,11,5,3,2,6,0,1,0,0,0,1,0,0,657175.2774,5311990.1642,11.104721451,47.941932589,2,#fc8d62,car
93926,"9,17E+18",9,1,78,137,2017,10,17,5,3,0,3,0,1,0,1,0,0,1,0,691663.9818,5362674.9161,11.588956488,48.388090377,2,#fc8d62,car
93927,"9,17E+18",9,1,77,117,2017,10,18,5,3,0,1,0,1,0,0,0,0,1,0,714313.2232,5349756.4559,11.88794761,48.264728251,2,#fc8d62,car
93928,"9,17E+18",9,1,77,126,2017,10,6,5,2,3,6,1,0,0,0,0,1,2,0,717131.6547,5368416.3033,11.935496891,48.43142475,1,#66c2a5,bicycle
93929,"9,17E+18",9,1,77,133,2017,10,6,5,3,2,6,0,1,0,0,0,0,2,0,710929.9097,5360277.0553,11.847674651,48.360397467,2,#fc8d62,car
93930,"9,17E+18",9,1,84,135,2017,10,19,4,2,2,1,0,1,0,1,0,0,2,0,693112.8993,5346384.5141,11.601049868,48.241240374,2,#fc8d62,car
93931,"9,17E+18",9,1,62,0,2017,10,6,4,2,3,6,0,1,0,1,0,0,2,0,694977.2838,5332971.8198,11.619980125,48.120123704,2,#fc8d62,car
93932,"9,17E+18",9,1,84,130,2017,10,20,4,2,0,7,1,0,0,0,0,0,2,0,698747.8416,5345487.9056,11.676441875,48.231441391,1,#66c2a5,bicycle
93933,"9,17E+18",9,1,84,148,2017,10,6,4,2,6,2,0,0,1,0,0,1,2,0,695185103.0,5327606.69,11.620316706,48.071840352,3,#8da0cb,toilet
93934,"9,17E+18",9,1,84,121,2017,10,13,4,3,5,2,1,1,0,0,0,0,0,0,705418.9791,5331130.5234,11.759237855,48.100294088,1,#66c2a5,bicycle
93943,"9,17E+18",9,7,73,122,2017,10,16,4,3,2,2,0,1,0,0,0,0,0,0,626679077.0,5384323088.0,10.718234925,48.599162037,2,#fc8d62,car
93944,"9,17E+18",9,7,72,163,2017,10,8,4,3,2,6,0,1,0,0,0,1,0,0,639049.7148,5350091874.0,10.874571504,48.288742143,2,#fc8d62,car
93945,"9,17E+18",9,7,72,200,2017,10,18,4,3,4,1,0,1,0,1,0,0,2,0,626564959.0,5340301214.0,10.703414935,48.20331646,2,#fc8d62,car
93988,"9,17E+18",9,2,61,0,2017,10,15,4,3,3,2,1,1,0,0,0,0,0,0,731993.7002,5381343.9585,12.143294892,48.542255023,1,#66c2a5,bicycle
93990,"9,17E+18",9,1,73,130,2017,10,7,4,3,1,5,0,1,0,0,0,0,0,1,682012.3492,5314031287.0,11.437885646,47.953706578,2,#fc8d62,car
93994,"9,17E+18",9,1,63,0,2017,10,9,4,3,3,6,0,1,0,0,0,1,0,0,733592109.0,5303201244.0,12.121941943,47.839679989,2,#fc8d62,car
93996,"9,17E+18",9,1,82,123,2017,10,15,4,3,4,6,0,1,0,0,0,0,0,0,716442.8826,5300311.0623,11.891613371,47.819710189,2,#fc8d62,car
93998,"9,17E+18",9,1,87,150,2017,10,14,4,3,5,3,1,1,0,0,0,0,0,0,728775.8102,5303479.2482,12.057815128,47.843909211,1,#66c2a5,bicycle
93999,"9,17E+18",9,1,87,117,2017,10,7,4,3,2,6,0,1,0,0,0,0,0,0,723485.8849,5305828.6349,11.988424411,47.86687932,2,#fc8d62,car
94002,"9,17E+18",9,1,85,158,2017,10,19,4,3,9,1,0,1,0,0,0,0,1,0,667660.4402,5383133262.0,11.273212671,48.578835243,2,#fc8d62,car
94003,"9,17E+18",9,1,85,158,2017,10,17,4,3,2,6,0,1,0,0,0,0,0,0,668958.13,5381585.5865,11.290164018,48.564574472,2,#fc8d62,car
94006,"9,17E+18",9,1,88,144,2017,10,6,4,3,2,6,0,1,0,0,0,0,0,0,666467.5739,5328792.9052,11.235582826,48.090647708,2,#fc8d62,car
94007,"9,17E+18",9,1,79,123,2017,10,15,4,3,6,3,0,0,1,0,0,1,0,0,677010.4329,5333830688.0,11.379136568,48.133092961,3,#8da0cb,toilet
94008,"9,17E+18",9,1,79,121,2017,10,11,4,3,3,3,0,1,0,0,0,0,0,0,665340264.0,5338388.2547,11.224179639,48.177205267,2,#fc8d62,car
94009,"9,17E+18",9,1,79,138,2017,10,16,4,3,5,3,0,1,0,0,0,0,0,0,654643068.0,5335580707.0,11.079360283,48.154656193,2,#fc8d62,car
94010,"9,17E+18",9,1,78,113,2017,10,11,4,3,2,6,0,1,0,0,0,1,0,0,691644.9666,5365033285.0,11.58977624,48.409291672,2,#fc8d62,car
94011,"9,17E+18",9,1,77,123,2017,10,20,4,3,5,3,0,1,0,0,0,0,2,0,726809.6083,5342996.0394,12.052481346,48.199642727,2,#fc8d62,car
94012,"9,17E+18",9,1,77,115,2017,10,15,4,3,0,1,1,0,0,0,0,0,0,0,734111.9431,5351231767.0,12.155156655,48.270975933,1,#66c2a5,bicycle
94013,"9,17E+18",9,1,62,0,2017,10,6,3,3,2,6,0,1,0,0,0,0,2,0,689299.2445,5341001.4266,11.547333937,48.194007605,2,#fc8d62,car
94014,"9,17E+18",9,1,62,0,2017,10,15,3,2,4,2,0,1,0,1,0,0,0,0,697493525.0,5333578.2961,11.654035353,48.124798862,2,#fc8d62,car
94017,"9,17E+18",9,7,78,203,2017,10,15,3,3,9,1,0,0,0,1,0,0,0,1,623097.5233,5324403.7783,10.652173981,48.061029151,4,#e78ac3,marker
94018,"9,17E+18",9,7,78,203,2017,10,13,3,2,9,1,0,1,0,0,0,0,0,0,623040.0237,5322193295.0,10.650766931,48.041160557,2,#fc8d62,car
94024,"9,17E+18",9,7,72,125,2017,10,6,3,2,4,6,0,1,0,0,0,0,2,0,629868.5721,5346788.7019,10.749844984,48.260988754,2,#fc8d62,car
94025,"9,17E+18",9,7,61,0,2017,10,14,3,2,0,2,1,0,0,0,0,1,0,0,639369.0411,5360885.7046,10.882444965,48.385727922,1,#66c2a5,bicycle
94026,"9,17E+18",9,7,61,0,2017,10,15,3,3,5,2,0,1,0,0,0,0,0,0,641255948.0,5352289.9364,10.905032926,48.308018012,2,#fc8d62,car
94072,"9,17E+18",9,2,61,0,2017,10,15,3,3,2,6,0,1,0,0,0,0,0,0,731966.3248,5380962.8443,12.142712419,48.538841675,2,#fc8d62,car
94073,"9,17E+18",9,2,61,0,2017,10,12,3,3,4,2,0,1,0,1,0,0,0,0,732077.1783,5379446.7092,12.143367972,48.525181563,2,#fc8d62,car
94084,"9,17E+18",9,1,87,170,2017,10,7,3,3,5,3,0,1,0,0,0,1,0,0,735338.9921,5320962.2457,12.154948339,47.998602646,2,#fc8d62,car
94085,"9,17E+18",9,1,87,177,2017,10,18,3,3,0,1,1,0,0,0,0,0,1,1,735052.3809,5305121.4268,12.142471054,47.85639862,1,#66c2a5,bicycle
94087,"9,17E+18",9,1,82,120,2017,10,20,3,3,2,6,0,1,0,0,0,0,2,1,701143.7775,5307101.9295,11.690620942,47.885707641,2,#fc8d62,car
94091,"9,17E+18",9,1,62,0,2017,10,15,3,3,5,3,0,1,0,0,0,0,0,0,680901.5225,5339216.1576,11.433676699,48.180407898,2,#fc8d62,car
94092,"9,17E+18",9,1,88,139,2017,10,18,3,3,5,3,0,1,0,0,0,0,2,1,675219.86,5319201854.0,11.349095948,48.0020827,2,#fc8d62,car
94093,"9,17E+18",9,1,81,126,2017,10,16,3,3,2,6,0,1,0,0,0,0,0,1,636293.8864,5333173.6387,10.832002679,48.137208875,2,#fc8d62,car
94094,"9,17E+18",9,1,81,114,2017,10,11,3,2,4,6,0,1,0,0,0,0,0,0,651158978.0,5315059158.0,11.025289354,47.970975663,2,#fc8d62,car
94095,"9,17E+18",9,1,74,126,2017,10,19,3,3,5,2,1,1,0,0,0,0,2,0,683124.0969,5344432.8079,11.465799456,48.226661266,1,#66c2a5,bicycle
94096,"9,17E+18",9,1,75,123,2017,10,9,3,3,2,6,0,1,0,0,0,0,0,0,723887.1338,5337258333.0,12.010184807,48.149129536,2,#fc8d62,car
94097,"9,17E+18",9,1,75,118,2017,10,6,3,3,9,7,0,1,0,0,0,0,1,0,715738.6204,5342271.5377,11.903319703,48.196990677,2,#fc8d62,car
94098,"9,17E+18",9,1,75,115,2017,10,12,3,3,2,6,0,1,0,0,0,1,0,0,722077.7233,5328954.9577,11.981568675,48.075159613,2,#fc8d62,car
94099,"9,17E+18",9,1,77,115,2017,10,11,3,3,5,3,0,1,0,0,0,0,0,0,734411.8451,5352188.9688,12.159722765,48.279463634,2,#fc8d62,car
94100,"9,17E+18",9,1,62,0,2017,10,16,2,3,2,6,0,1,0,0,0,1,0,0,694988.7277,5333500.7976,11.620375688,48.124874428,2,#fc8d62,car
94101,"9,17E+18",9,1,62,0,2017,10,19,2,3,6,2,0,1,1,0,0,0,2,0,687359574.0,5335074446.0,11.518647383,48.141309838,2,#fc8d62,car
94102,"9,17E+18",9,1,84,135,2017,10,6,2,3,2,6,0,1,0,0,0,0,2,1,689909.2361,5347324.8922,11.558366326,48.250659973,2,#fc8d62,car
94103,"9,17E+18",9,1,88,127,2017,10,13,2,3,5,2,1,1,0,0,0,0,0,0,679535.7731,5329562.9081,11.411251246,48.094022401,1,#66c2a5,bicycle
94105,"9,17E+18",9,7,62,0,2017,10,7,2,3,2,6,0,1,0,1,0,0,1,0,623060.1888,5306219.4194,10.646463559,47.897495529,2,#fc8d62,car
94109,"9,17E+18",9,7,72,223,2017,10,8,2,3,9,1,0,1,0,0,0,0,0,1,618142.6318,5363067.0618,10.596481724,48.40967819,2,#fc8d62,car
94110,"9,17E+18",9,7,61,0,2017,10,8,2,3,2,6,0,1,0,0,0,0,0,1,637445.1127,5359481.8087,10.856013817,48.373526439,2,#fc8d62,car
94111,"9,17E+18",9,7,72,147,2017,10,13,2,3,5,3,0,1,0,0,0,0,0,0,638263.9075,5365174.7513,10.868939252,48.424537216,2,#fc8d62,car
94112,"9,17E+18",9,7,61,0,2017,10,7,2,3,2,6,0,1,0,0,0,0,0,1,637387.2113,5359472.6027,10.855229354,48.373456268,2,#fc8d62,car
94168,"9,17E+18",9,7,62,0,2017,10,11,1,3,2,2,0,1,0,1,0,0,0,0,623014293.0,5303943889.0,10.645201354,47.877039008,2,#fc8d62,car
94169,"9,17E+18",9,7,77,139,2017,10,11,1,3,8,1,0,0,0,1,0,0,0,1,616575.2984,5306521.3229,10.5598158,47.901421938,4,#e78ac3,marker
94170,"9,17E+18",9,7,77,118,2017,10,14,1,3,9,1,0,0,0,1,0,0,0,1,632500.8403,5300883.8093,10.771076682,47.847631824,4,#e78ac3,marker
94175,"9,17E+18",9,7,71,145,2017,10,16,1,3,0,7,1,1,0,0,0,0,0,0,643556158.0,5347754192.0,10.934494795,48.266716541,1,#66c2a5,bicycle
94176,"9,17E+18",9,7,72,215,2017,10,18,1,3,6,6,0,1,1,0,0,0,1,0,634644.5091,5346590.8438,10.814099924,48.258212539,2,#fc8d62,car
94177,"9,17E+18",9,7,61,0,2017,10,3,1,3,0,7,1,0,0,0,0,0,2,0,641535.2388,5358632.4055,10.910928179,48.364984862,1,#66c2a5,bicycle
94178,"9,17E+18",9,7,61,0,2017,10,14,1,3,2,6,0,1,0,0,0,0,0,0,640901543.0,5355546.7224,10.901344443,48.337381179,2,#fc8d62,car
94233,"9,17E+18",9,2,61,0,2017,10,22,1,3,3,7,0,1,0,0,0,0,2,0,732380.0659,5380281.8548,12.147929394,48.532571456,2,#fc8d62,car
94236,"9,17E+18",9,1,62,0,2017,10,16,1,3,2,6,0,1,0,0,0,0,0,0,687008536.0,5331326.2142,11.512288648,48.107722779,2,#fc8d62,car
94237,"9,17E+18",9,1,62,0,2017,10,19,1,3,2,6,0,1,0,0,0,0,1,0,685245.3618,5329693.86,11.487916776,48.093565492,2,#fc8d62,car
94241,"9,17E+18",9,1,73,118,2017,10,12,1,2,3,6,0,1,0,1,0,0,0,0,688185.0216,5304395.5321,11.516276876,47.865310383,2,#fc8d62,car
94242,"9,17E+18",9,1,73,118,2017,10,13,1,3,2,2,0,1,0,1,0,0,0,0,685982.8611,5307049.1953,11.488002457,47.889805187,2,#fc8d62,car
94254,"9,17E+18",9,1,82,127,2017,10,14,1,3,2,6,0,1,0,0,0,0,0,0,702676.1011,5311008.4241,11.712929756,47.920334362,2,#fc8d62,car
94258,"9,17E+18",9,1,86,152,2017,10,12,1,2,2,6,0,1,0,1,0,0,0,0,691577.0897,5379122.2894,11.595313827,48.535933389,2,#fc8d62,car
94260,"9,17E+18",9,1,88,141,2017,10,14,1,2,6,4,0,1,1,0,0,0,0,0,670397914.0,5308793305.0,11.280380821,47.909812095,2,#fc8d62,car
94261,"9,17E+18",9,1,88,137,2017,10,16,1,2,5,2,1,1,0,0,0,0,0,0,672465.9162,5314551.5017,11.310339249,47.961025397,1,#66c2a5,bicycle
94262,"9,17E+18",9,1,79,118,2017,10,9,1,2,5,3,0,1,0,1,0,0,0,0,673073.6375,5338437.7144,11.328143038,48.17559068,2,#fc8d62,car
94263,"9,17E+18",9,1,79,145,2017,10,10,1,3,5,3,1,1,0,0,0,0,0,0,675903.9875,5338365.6632,11.366152959,48.174165856,1,#66c2a5,bicycle
94264,"9,17E+18",9,1,79,132,2017,10,14,1,3,5,3,0,1,0,0,0,0,0,0,661445025.0,5337532279.0,11.171494772,48.1705113,2,#fc8d62,car
94265,"9,17E+18",9,1,62,0,2017,10,1,1,3,1,6,0,1,0,0,0,0,2,0,695577.7362,5345280.5918,11.633703119,48.230563615,2,#fc8d62,car
94266,"9,17E+18",9,1,84,135,2017,10,20,1,3,2,6,0,1,0,0,0,0,2,0,692933612.0,5344993.9292,11.59800439,48.228796994,2,#fc8d62,car
94267,"9,17E+18",9,1,75,139,2017,10,14,1,2,3,7,0,1,0,0,0,0,0,0,711570.6445,5329390.4082,11.840902623,48.082644748,2,#fc8d62,car
94268,"9,17E+18",9,1,75,118,2017,10,12,1,3,2,2,0,1,0,0,0,0,0,0,715558.9122,5338108.5633,11.898793196,48.159645829,2,#fc8d62,car
94269,"9,17E+18",9,1,78,157,2017,10,2,1,3,8,1,0,1,1,0,0,0,2,0,703868.9973,5373544.3039,11.758913972,48.481937579,2,#fc8d62,car
94270,"9,17E+18",9,1,78,124,2017,10,18,1,2,4,1,0,1,0,1,0,0,1,1,700092.6569,5366954.4624,11.704720122,48.423931545,2,#fc8d62,car
94271,"9,17E+18",9,1,75,123,2017,10,15,1,3,2,6,0,1,0,0,0,0,0,0,723974.4013,5337304.0258,12.011380486,48.149509346,2,#fc8d62,car
94272,"9,17E+18",9,1,75,124,2017,10,11,1,3,2,6,0,1,0,0,0,0,0,0,712902.6282,5329362.9589,11.85875139,48.081954737,2,#fc8d62,car
94273,"9,17E+18",9,1,75,114,2017,10,10,1,2,5,3,0,1,0,0,0,0,0,0,718046.9656,5324939.4099,11.925479859,48.040469296,2,#fc8d62,car
94274,"9,17E+18",9,1,62,0,2017,10,18,7,3,0,7,1,1,0,0,0,0,2,1,696545.0726,5333736.0372,11.641376305,48.126510058,1,#66c2a5,bicycle
94275,"9,17E+18",9,1,84,149,2017,10,11,7,3,5,2,1,1,0,0,0,0,0,0,690377.4651,5350600.8523,11.566141967,48.279962995,1,#66c2a5,bicycle
94276,"9,17E+18",9,1,62,0,2017,10,10,7,2,4,2,1,1,0,0,0,0,0,0,691299.1232,5331123.4086,11.569778394,48.104625963,1,#66c2a5,bicycle
94277,"9,17E+18",9,1,84,135,2017,10,3,7,2,8,1,0,1,0,0,0,1,2,0,689710.0614,5347866.5045,11.555928667,48.255587535,2,#fc8d62,car
94278,"9,17E+18",9,1,84,135,2017,10,14,7,3,5,2,0,1,0,1,0,0,0,0,692026.2199,5345070.0777,11.585833087,48.229756726,2,#fc8d62,car
94279,"9,17E+18",9,1,88,120,2017,10,9,7,3,5,2,0,1,0,0,0,0,0,0,679266071.0,5329254433.0,11.407502821,48.091325413,2,#fc8d62,car
94280,"9,17E+18",9,1,62,0,2017,10,15,7,3,5,2,1,1,0,0,0,0,0,0,690857.4221,5330111.0426,11.563398357,48.095659281,1,#66c2a5,bicycle
94290,"9,17E+18",9,7,73,116,2017,10,8,7,3,8,7,0,1,0,0,0,0,0,1,619907.0329,5381301.4734,10.625548812,48.573323405,2,#fc8d62,car
94293,"9,17E+18",9,7,72,131,2017,10,11,7,3,8,1,0,1,0,0,0,0,0,0,619944.5609,5356680.4384,10.61899864,48.351902995,2,#fc8d62,car
94294,"9,17E+18",9,7,71,158,2017,10,12,7,3,1,5,1,1,0,0,0,0,0,0,641926.1056,5373197.2476,10.921134318,48.495856299,1,#66c2a5,bicycle
94367,"9,17E+18",9,1,73,120,2017,10,15,7,2,8,1,0,0,0,1,0,0,0,0,687672.0967,5310002.96,11.511862946,47.91586398,4,#e78ac3,marker
94369,"9,17E+18",9,1,90,115,2017,10,8,7,3,5,3,0,1,0,0,0,0,0,0,670501.5864,5303582.2624,11.279709336,47.862936077,2,#fc8d62,car
94377,"9,17E+18",9,1,82,127,2017,10,17,7,3,3,6,0,1,0,0,0,1,0,0,702175.2633,5312369.1556,11.706872,47.932721709,2,#fc8d62,car
94382,"9,17E+18",9,1,87,117,2017,10,18,7,3,5,3,0,1,0,1,0,0,0,0,723563.3569,5304485.1993,11.988764381,47.854781397,2,#fc8d62,car
94383,"9,17E+18",9,1,87,117,2017,10,17,7,3,5,3,0,1,0,0,0,0,0,0,726465.6871,5305044.9377,12.027802334,47.858794501,2,#fc8d62,car
94386,"9,17E+18",9,1,79,142,2017,10,14,7,3,1,6,0,1,0,0,0,0,0,0,672718.7928,5341555.7504,11.324641853,48.203716742,2,#fc8d62,car
94387,"9,17E+18",9,1,81,131,2017,10,5,7,3,8,1,0,1,0,0,0,0,2,0,638561.4052,5334659.5067,10.862948688,48.150080345,2,#fc8d62,car
94388,"9,17E+18",9,1,81,127,2017,10,1,7,3,8,1,0,1,0,0,0,0,2,0,635162.5415,5325938.5662,10.814511468,48.072388829,2,#fc8d62,car
94389,"9,17E+18",9,1,88,126,2017,10,15,7,3,2,6,1,1,0,0,0,0,0,0,660284514.0,5327337291.0,11.15206285,48.079145715,1,#66c2a5,bicycle
94390,"9,17E+18",9,1,74,115,2017,10,13,7,3,8,7,0,0,0,1,0,0,0,0,681987.6817,5350402962.0,11.453079079,48.280651278,4,#e78ac3,marker
94391,"9,17E+18",9,1,75,132,2017,10,10,7,2,0,7,0,0,0,0,0,1,0,0,705301306.0,5334553.3878,11.759306894,48.131091809,6,#ffd92f,circle
94392,"9,17E+18",9,1,84,114,2017,10,18,7,3,9,1,0,1,0,0,0,0,2,0,698956181.0,5323311.75,11.668889416,48.032075193,2,#fc8d62,car
94393,"9,17E+18",9,1,78,150,2017,10,13,7,3,2,6,0,1,0,0,0,0,0,0,691407.1552,5370943.4452,11.589265486,48.462480397,2,#fc8d62,car
94394,"9,17E+18",9,1,78,145,2017,10,10,7,3,2,6,0,1,0,0,0,1,0,0,697465.9892,5356582.7591,11.664383178,48.331551473,2,#fc8d62,car
94395,"9,17E+18",9,1,78,144,2017,10,19,7,1,6,6,0,1,1,0,0,0,2,0,707462.0821,5381316.4156,11.811342475,48.550599053,2,#fc8d62,car
94396,"9,17E+18",9,1,78,124,2017,10,20,7,2,0,2,1,0,0,0,0,0,2,0,702531676.0,5365577195.0,11.736985328,48.410775771,1,#66c2a5,bicycle
94397,"9,17E+18",9,1,75,112,2017,10,13,7,3,2,2,0,1,0,0,0,1,0,0,723682.1044,5321192.1293,11.999023691,48.004851754,2,#fc8d62,car
94398,"9,17E+18",9,1,84,136,2017,10,9,6,3,0,7,0,1,0,0,0,1,0,0,698203.3652,5327025.2882,11.660521747,48.065684321,2,#fc8d62,car
94399,"9,17E+18",9,1,62,0,2017,10,8,6,3,8,6,0,1,0,0,0,0,2,0,689421.4211,5331870.6061,11.544912342,48.111902932,2,#fc8d62,car
94400,"9,17E+18",9,1,62,0,2017,10,9,6,3,2,2,0,1,0,0,0,1,0,0,686911.0121,5335143768.0,11.51265388,48.142064854,2,#fc8d62,car
94401,"9,17E+18",9,1,84,135,2017,10,16,6,3,2,6,0,1,0,0,0,0,0,0,689763153.0,5348731.6714,11.557031236,48.263347596,2,#fc8d62,car
94402,"9,17E+18",9,1,84,119,2017,10,22,6,3,6,6,0,1,1,0,0,0,2,0,696223064.0,5346188.1703,11.642804008,48.238520935,2,#fc8d62,car
94403,"9,17E+18",9,1,62,0,2017,10,17,6,3,3,6,0,1,0,1,0,0,0,0,695663.55,5343136.4606,11.633868034,48.211267158,2,#fc8d62,car
94404,"9,17E+18",9,1,88,127,2017,10,15,6,3,5,3,1,0,0,0,0,0,0,0,680103.4857,5330074.1722,11.419084565,48.098457974,1,#66c2a5,bicycle
94405,"9,17E+18",9,1,62,0,2017,10,8,6,3,3,6,0,1,0,0,0,1,0,0,688700.3524,5338081.7026,11.537986515,48.167943172,2,#fc8d62,car
94406,"9,17E+18",9,1,62,0,2017,10,17,6,3,2,6,0,1,0,1,0,0,1,0,694089126.0,5331698593.0,11.607479039,48.108951694,2,#fc8d62,car
94407,"9,17E+18",9,1,62,0,2017,10,5,6,3,5,3,0,1,0,0,0,0,2,0,689066028.0,5331344808.0,11.539909404,48.107282568,2,#fc8d62,car
94418,"9,17E+18",9,7,72,223,2017,10,19,6,2,8,1,0,1,0,0,0,0,2,0,617536.8934,5360689.1638,10.587633831,48.388406777,2,#fc8d62,car
94419,"9,17E+18",9,7,72,178,2017,10,16,6,3,4,1,0,0,0,1,0,0,0,0,622549.0931,5343112.0832,10.65020211,48.229382916,4,#e78ac3,marker
94457,"9,17E+18",9,2,74,185,2017,10,14,6,2,4,6,0,1,0,0,0,0,0,0,732238.9979,5369073.2104,12.139794803,48.431937757,2,#fc8d62,car
94459,"9,17E+18",9,2,61,0,2017,10,13,6,3,2,6,0,1,0,0,0,1,0,0,732213.3125,5380014.3718,12.145525046,48.530230423,2,#fc8d62,car
94460,"9,17E+18",9,2,61,0,2017,10,14,6,3,5,3,1,1,0,0,0,0,0,0,730018.3552,5381677.4283,12.11675637,48.545977774,1,#66c2a5,bicycle
94472,"9,17E+18",9,1,87,165,2017,10,13,6,3,2,6,0,1,0,0,0,0,0,0,734996.3958,5299511.6936,12.138680376,47.806021671,2,#fc8d62,car
94473,"9,17E+18",9,1,87,176,2017,10,16,6,3,1,2,0,1,0,0,0,0,0,0,739082403.0,5334960311.0,12.212874483,48.122958394,2,#fc8d62,car
94474,"9,17E+18",9,1,87,177,2017,10,5,6,3,4,6,0,1,0,0,0,0,1,0,737306.2871,5307083.1678,12.173633185,47.873193874,2,#fc8d62,car
94482,"9,17E+18",9,7,71,129,2017,10,12,6,3,0,6,0,1,0,0,0,1,0,0,659589.6718,5356455.0763,11.153694358,48.341104197,2,#fc8d62,car
94483,"9,17E+18",9,1,74,135,2017,10,12,6,3,2,6,0,1,0,0,0,0,0,0,660965.0084,5354940.5813,11.171662445,48.327139699,2,#fc8d62,car
94484,"9,17E+18",9,1,79,142,2017,10,15,6,3,2,6,0,1,0,0,0,0,0,0,677812.9462,5342060.9699,11.393355139,48.206851855,2,#fc8d62,car
94485,"9,17E+18",9,1,62,0,2017,10,13,6,3,2,6,0,1,0,0,0,0,0,0,681080.4751,5340950.8336,11.436821417,48.195949487,2,#fc8d62,car
94486,"9,17E+18",9,1,62,0,2017,10,8,6,3,2,6,0,1,0,0,0,1,0,0,680346.9311,5339730.7454,11.426441132,48.185191093,2,#fc8d62,car
94487,"9,17E+18",9,1,88,139,2017,10,14,6,3,2,6,0,1,0,1,0,0,0,0,674351.6791,5317993.0435,11.33697563,47.991453207,2,#fc8d62,car
94488,"9,17E+18",9,1,88,139,2017,10,0,6,3,9,1,0,1,0,0,0,0,2,1,675837192.0,5322975299.0,11.358912791,48.035834704,2,#fc8d62,car
94489,"9,17E+18",9,1,81,121,2017,10,14,6,3,0,6,0,1,0,0,0,0,0,0,639307.9139,5312109.5387,10.865639364,47.947140817,2,#fc8d62,car