OBJECTID,UIDENTSTLA,ULAND,UREGBEZ,UKREIS,UGEMEINDE,UJAHR,UMONAT,USTUNDE,UWOCHENTAG,UKATEGORIE,UART,UTYP1,IstRad,IstPKW,IstFuss,IstKrad,IstGkfz,IstSonstig,ULICHTVERH,STRZUSTAND,LINREFX,LINREFY,XGCSWGS84,YGCSWGS84,Teilnehmer,color,symbol
94490,"9,17E+18",9,1,81,135,2017,10,7,6,3,1,3,0,1,0,1,0,0,0,0,646416888.0,5311165101.0,10.960466618,47.937062859,2,#fc8d62,car
94491,"9,17E+18",9,1,74,115,2017,10,12,6,3,4,6,0,1,0,0,0,1,0,0,679707.2802,5348802.6407,11.421689176,48.2669178,2,#fc8d62,car
94548,"9,17E+18",9,2,74,124,2017,10,5,4,3,8,7,0,0,0,1,0,0,1,1,724906.8715,5372925.4492,12.042883542,48.469206048,4,#e78ac3,marker
94562,"9,17E+18",9,1,87,164,2017,10,10,4,2,4,2,0,1,0,1,0,0,0,0,734259348.0,5324298881.0,12.142319725,48.028974111,2,#fc8d62,car
94563,"9,17E+18",9,1,87,142,2017,10,19,4,3,6,6,0,1,1,0,0,0,2,0,733236.5153,5314042.9348,12.123052683,47.937210882,2,#fc8d62,car
94567,"9,17E+18",9,1,82,120,2017,10,19,4,3,4,2,0,1,0,0,0,0,2,0,703659202.0,5307868159.0,11.724591103,47.891800855,2,#fc8d62,car
94580,"9,17E+18",9,1,79,142,2017,10,19,4,3,2,6,0,1,0,0,0,0,2,0,677211.1337,5342558.6856,11.385469957,48.211494137,2,#fc8d62,car
94581,"9,17E+18",9,1,88,139,2017,10,13,4,3,5,3,0,1,0,0,0,0,0,0,670278868.0,5320424265.0,11.283394781,48.014407294,2,#fc8d62,car
94582,"9,17E+18",9,1,81,132,2017,10,17,4,3,4,6,1,1,0,0,0,0,0,0,641209.7008,5328591.2246,10.896524394,48.094931536,1,#66c2a5,bicycle
94583,"9,17E+18",9,1,88,126,2017,10,7,4,2,5,3,0,1,0,1,0,0,0,0,659859451.0,5327769036.0,11.146521445,48.083134135,2,#fc8d62,car
94584,"9,17E+18",9,1,79,134,2017,10,17,4,3,5,3,0,1,0,0,0,0,0,0,668976.6046,5342672126.0,11.274761614,48.214759785,2,#fc8d62,car
94585,"9,17E+18",9,1,78,124,2017,10,17,4,3,3,3,0,1,0,1,0,0,0,0,704510576.0,5362627256.0,11.762259204,48.383628423,2,#fc8d62,car
94586,"9,17E+18",9,1,78,137,2017,10,14,4,3,5,3,0,1,0,0,0,1,0,0,691741.3804,5363402.9421,11.590333157,48.394609894,2,#fc8d62,car
94587,"9,17E+18",9,1,77,117,2017,10,15,4,3,5,2,0,1,0,0,0,0,0,0,715197974.0,5351758888.0,11.90087324,48.282420653,2,#fc8d62,car
94588,"9,17E+18",9,1,75,115,2017,10,13,4,3,2,6,0,1,0,1,0,0,0,0,721026.0751,5329896.0692,11.96795591,48.083980788,2,#fc8d62,car
94589,"9,17E+18",9,1,77,123,2017,10,17,4,3,5,3,0,1,0,0,0,0,0,0,726829.2856,5343246.2467,12.052879467,48.201883583,2,#fc8d62,car
94590,"9,17E+18",9,1,84,135,2017,10,6,3,3,1,6,0,1,0,0,0,1,1,0,687889.9586,5347461.2645,11.531251835,48.252487481,2,#fc8d62,car
94591,"9,17E+18",9,1,62,0,2017,10,7,3,3,5,2,1,1,0,0,0,0,0,0,696049.6851,5333802.9425,11.63475686,48.127264119,1,#66c2a5,bicycle
94592,"9,17E+18",9,1,84,146,2017,10,20,3,2,5,3,1,1,0,0,0,0,2,0,695293.2724,5328747.8421,11.622288762,48.082063499,1,#66c2a5,bicycle
94593,"9,17E+18",9,1,84,136,2017,10,11,3,3,8,1,1,0,0,0,0,0,0,0,700313.6299,5327820.5275,11.689188651,48.072172168,1,#66c2a5,bicycle
94594,"9,17E+18",9,1,84,119,2017,10,10,3,3,5,3,0,1,0,0,0,0,0,0,696171.3323,5346554.5155,11.642277703,48.24182937,2,#fc8d62,car
94595,"9,17E+18",9,1,62,0,2017,10,19,3,2,0,7,1,0,0,0,0,0,2,1,680032.3982,5334954.1862,11.420191389,48.142344356,1,#66c2a5,bicycle
94596,"9,17E+18",9,1,62,0,2017,10,15,3,3,5,3,1,0,0,0,0,0,0,0,685957.7719,5340765.6841,11.502310577,48.192875878,1,#66c2a5,bicycle
94607,"9,17E+18",9,7,77,172,2017,10,14,3,3,5,3,0,1,0,0,0,0,0,0,627556.1775,5306129.5074,10.706563203,47.895808836,2,#fc8d62,car
94614,"9,17E+18",9,7,72,209,2017,10,14,3,3,8,7,0,1,0,0,0,0,0,0,636514.2735,5336256.5572,10.83595239,48.164884241,2,#fc8d62,car
94615,"9,17E+18",9,7,72,130,2017,10,16,3,3,2,6,0,1,0,0,0,1,0,0,630355.1771,5355776.5978,10.759174052,48.341712237,2,#fc8d62,car
94616,"9,17E+18",9,7,72,184,2017,10,8,3,3,2,6,0,1,0,0,0,0,0,0,634867.5769,5362462.3744,10.822182927,48.400883903,2,#fc8d62,car
94669,"9,17E+18",9,2,61,0,2017,10,15,3,3,4,2,0,1,0,0,0,0,0,0,732111.2505,5379961912.0,12.144115496,48.529796932,2,#fc8d62,car
94679,"9,17E+18",9,1,62,0,2017,10,9,3,3,2,6,0,1,0,0,0,0,0,0,694573279.0,5331431164.0,11.613854392,48.106400436,2,#fc8d62,car
94680,"9,17E+18",9,1,84,146,2017,10,8,3,3,2,6,0,1,0,0,0,0,0,0,695548.2259,5327823.6756,11.625285516,48.073679311,2,#fc8d62,car
94684,"9,17E+18",9,1,87,117,2017,10,15,3,1,5,3,0,1,0,1,0,0,0,0,724449348.0,5304330413.0,12.000511915,47.853081847,2,#fc8d62,car
94687,"9,17E+18",9,1,86,126,2017,10,17,3,3,1,2,0,0,0,1,0,1,0,0,685523792.0,5375298499.0,11.511692006,48.503385037,4,#e78ac3,marker
94690,"9,17E+18",9,1,88,126,2017,10,5,3,3,5,3,0,0,0,0,0,1,2,1,661858423.0,5327823.42,11.173363462,48.083118696,6,#ffd92f,circle
94691,"9,17E+18",9,1,79,134,2017,10,7,3,3,5,3,0,1,0,0,0,0,0,0,666713.7486,5342912319.0,11.244417915,48.217517611,2,#fc8d62,car
94692,"9,17E+18",9,1,81,145,2017,10,14,3,3,2,2,0,1,0,0,0,0,0,0,644517.9423,5332842.8762,10.942370595,48.132419999,2,#fc8d62,car
94693,"9,17E+18",9,1,79,136,2017,10,17,3,2,2,6,0,1,0,0,0,0,0,0,659852.6998,5340854.3578,11.151343282,48.200781096,2,#fc8d62,car
94694,"9,17E+18",9,1,74,115,2017,10,16,3,3,3,2,1,1,0,0,0,0,0,0,681830.9619,5346442.1503,11.449266132,48.245094396,1,#66c2a5,bicycle
94695,"9,17E+18",9,1,74,151,2017,10,8,3,3,7,1,1,1,0,0,0,0,0,0,680470.5037,5362422.2715,11.437795593,48.389121396,1,#66c2a5,bicycle
94696,"9,17E+18",9,1,78,120,2017,10,17,3,3,2,6,0,1,0,0,0,0,0,0,691617.6749,5352694291.0,11.58379103,48.298403847,2,#fc8d62,car
94697,"9,17E+18",9,1,75,127,2017,10,13,3,3,5,3,0,1,0,0,0,1,0,0,710811.4544,5342021.4871,11.836973175,48.196398457,2,#fc8d62,car
94698,"9,17E+18",9,1,62,0,2017,10,17,2,3,4,6,1,0,0,0,0,0,1,0,695152523.0,5334044921.0,11.622823633,48.129714577,1,#66c2a5,bicycle
94699,"9,17E+18",9,1,62,0,2017,10,18,2,3,5,3,1,1,0,0,0,0,0,0,701912032.0,5332190546.0,11.712688491,48.110941347,1,#66c2a5,bicycle
94711,"9,17E+18",9,7,62,0,2017,10,16,2,3,2,6,0,1,0,0,0,0,0,0,623280.3413,5306066.3573,10.64936406,47.896076684,2,#fc8d62,car
94714,"9,17E+18",9,7,73,116,2017,10,10,2,3,5,2,0,1,0,0,0,0,0,0,619977.3361,5380806.2222,10.626358624,48.568856323,2,#fc8d62,car
94715,"9,17E+18",9,7,72,147,2017,10,15,2,3,0,7,0,0,0,1,0,0,0,0,637802.1673,5364110.0562,10.862351409,48.415064905,4,#e78ac3,marker
94717,"9,17E+18",9,7,72,147,2017,10,11,2,3,3,6,0,1,0,0,0,0,0,0,630213.7293,5364248498.0,10.759890921,48.417923675,2,#fc8d62,car
94718,"9,17E+18",9,7,61,0,2017,10,6,2,3,2,6,0,1,0,0,0,0,2,0,637721379.0,5360976636.0,10.860232224,48.386907459,2,#fc8d62,car
94719,"9,17E+18",9,7,71,140,2017,10,17,4,2,4,2,1,1,0,0,0,0,0,0,653713838.0,5372730717.0,11.080417921,48.488889122,1,#66c2a5,bicycle
94720,"9,17E+18",9,7,72,125,2017,10,15,4,3,2,6,0,1,0,0,0,0,0,0,636077015.0,5346190.8007,10.833261584,48.254309241,2,#fc8d62,car
94721,"9,17E+18",9,7,72,111,2017,10,12,2,3,5,3,0,1,0,0,0,1,0,0,626895.2544,5364964.4941,10.715278257,48.425039358,2,#fc8d62,car
94722,"9,17E+18",9,7,72,170,2017,10,14,2,3,2,6,0,1,0,0,0,0,0,0,630668.1819,5334312.5754,10.756771638,48.148631249,2,#fc8d62,car
94723,"9,17E+18",9,7,72,184,2017,10,13,2,3,4,2,0,1,0,0,0,0,0,0,633128.7145,5358911.4776,10.797576332,48.369323315,2,#fc8d62,car
94724,"9,17E+18",9,7,72,215,2017,10,16,2,2,4,7,0,1,0,0,0,0,0,0,633672.7328,5345182.9264,10.800568998,48.245757833,2,#fc8d62,car
94725,"9,17E+18",9,7,72,125,2017,10,11,2,3,0,1,1,0,0,0,0,0,0,0,634892804.0,5347292369.0,10.817667223,48.26446801,1,#66c2a5,bicycle
94726,"9,17E+18",9,7,61,0,2017,10,11,2,3,3,3,1,0,0,0,0,1,0,0,636983.1656,5360148.4618,10.849996463,48.379621362,1,#66c2a5,bicycle
94727,"9,17E+18",9,7,61,0,2017,10,15,2,3,0,6,0,0,0,1,0,0,0,0,643641.6087,5357589.1906,10.938994225,48.355129041,4,#e78ac3,marker
94728,"9,17E+18",9,7,71,112,2017,10,17,2,3,0,7,0,0,0,1,0,1,0,1,642923.0534,5367120.7301,10.932544799,48.440994408,4,#e78ac3,marker
94737,"9,17E+18",9,7,71,156,2017,10,14,4,3,5,3,0,1,0,0,0,0,0,0,653466.4316,5382810.6327,11.080783475,48.579572237,2,#fc8d62,car
94795,"9,17E+18",9,1,88,139,2017,10,10,2,3,3,6,0,1,0,0,0,0,0,0,679596.3231,5320419.6634,11.408226117,48.011815484,2,#fc8d62,car
94798,"9,17E+18",9,1,73,147,2017,10,19,2,3,5,2,0,1,0,0,0,0,2,0,681943.2209,5308435.4916,11.434597294,47.903424723,2,#fc8d62,car
94811,"9,17E+18",9,1,87,182,2017,10,17,2,3,4,7,0,1,0,0,0,1,0,0,737070.1601,5325659499.0,12.180716648,48.040160068,2,#fc8d62,car
94812,"9,17E+18",9,1,87,177,2017,10,7,2,1,4,1,0,1,0,0,0,0,1,0,735882.5486,5304021.4913,12.152952784,47.846212904,2,#fc8d62,car
94814,"9,17E+18",9,1,63,0,2017,10,20,2,3,0,7,0,1,0,0,0,0,2,0,732053.7656,5307353.3562,12.103641074,47.877540353,2,#fc8d62,car
94817,"9,17E+18",9,1,82,133,2017,10,20,2,3,4,6,0,1,0,1,0,0,2,0,705881.7345,5305896.7953,11.753349531,47.873375235,2,#fc8d62,car
94822,"9,17E+18",9,1,86,162,2017,10,13,2,3,2,6,0,1,0,0,0,0,0,0,691246.8206,5382998.2453,11.592624701,48.570867738,2,#fc8d62,car
94825,"9,17E+18",9,1,81,127,2017,10,9,2,3,2,6,0,1,0,0,0,1,0,0,632274.3729,5322257.1059,10.774619898,48.039887901,2,#fc8d62,car
94826,"9,17E+18",9,1,84,120,2017,10,17,2,3,2,6,0,1,0,0,0,0,1,0,683318.5982,5333029709.0,11.463497996,48.12410755,2,#fc8d62,car
94827,"9,17E+18",9,1,81,132,2017,10,16,2,1,0,1,0,1,0,1,0,0,0,0,647345.8357,5324802.6398,10.977579795,48.059476438,2,#fc8d62,car
94828,"9,17E+18",9,1,74,146,2017,10,9,2,3,2,6,0,1,0,0,0,0,0,0,668987.9795,5349606.1506,11.277682089,48.277091499,2,#fc8d62,car
94829,"9,17E+18",9,1,74,113,2017,10,0,2,3,0,1,0,1,0,0,0,0,2,0,669767.5591,5348847.7793,11.287876335,48.270065539,2,#fc8d62,car
94830,"9,17E+18",9,1,88,139,2017,10,11,2,2,6,4,0,1,1,0,0,0,0,0,674197.3099,5319915.9428,11.335688859,48.008781568,2,#fc8d62,car
94831,"9,17E+18",9,1,81,132,2017,10,19,2,2,4,6,0,1,0,0,0,0,2,0,645251.6843,5324436125.0,10.949365979,48.05666098,2,#fc8d62,car
94834,"9,17E+18",9,1,81,141,2017,10,19,2,2,4,6,0,1,0,0,0,0,2,0,643786.2455,5316504.9517,10.927049723,47.985675374,2,#fc8d62,car
94835,"9,17E+18",9,1,79,113,2017,10,18,2,2,5,3,0,1,0,1,0,0,1,0,671867.0263,5335750.4488,11.310839849,48.151760716,2,#fc8d62,car
94836,"9,17E+18",9,7,61,0,2017,10,15,4,3,2,6,0,1,0,0,0,0,0,0,637879855.0,5361650837.0,10.862592917,48.392935127,2,#fc8d62,car
94837,"9,17E+18",9,1,88,120,2017,10,16,2,3,2,6,0,1,0,0,0,0,0,0,675698.5077,5326790.8781,11.358620669,48.070172935,2,#fc8d62,car
94838,"9,17E+18",9,7,72,147,2017,10,7,4,3,2,6,0,1,0,0,0,0,0,0,638195.0169,5364796.4165,10.867883866,48.421150447,2,#fc8d62,car
94839,"9,17E+18",9,1,79,138,2017,10,17,2,3,9,1,0,0,0,1,0,0,0,0,653617.6141,5335778.4624,11.06565256,48.156682777,4,#e78ac3,marker
94840,"9,17E+18",9,1,81,120,2017,10,7,2,2,5,3,1,1,0,0,0,0,0,0,649819.9556,5321229.9624,11.009514482,48.026776265,1,#66c2a5,bicycle
94841,"9,17E+18",9,7,72,156,2017,10,6,4,2,9,1,0,1,0,0,0,0,2,1,627809.0828,5369323.3868,10.728955161,48.464051467,2,#fc8d62,car
94842,"9,17E+18",9,1,74,115,2017,10,13,2,3,5,2,0,1,0,0,0,0,0,0,680479.6162,5348290.0156,11.431868536,48.262090417,2,#fc8d62,car
94843,"9,17E+18",9,1,74,115,2017,10,15,2,2,4,2,0,1,0,1,0,0,0,0,681727243.0,5346550.8763,11.447917024,48.246101429,2,#fc8d62,car
94844,"9,17E+18",9,1,74,113,2017,10,8,2,3,3,6,0,1,0,0,0,1,0,0,674360802.0,5344857.5588,11.348080307,48.232948793,2,#fc8d62,car
94845,"9,17E+18",9,1,86,152,2017,10,10,2,3,2,6,0,1,0,0,0,0,0,0,691596.8029,5374001.1847,11.593229314,48.489903248,2,#fc8d62,car
94846,"9,17E+18",9,1,62,0,2017,10,14,2,3,2,6,0,1,0,0,0,0,0,0,694325645.0,5340992.1015,11.614896024,48.192405781,2,#fc8d62,car
94847,"9,17E+18",9,1,75,112,2017,10,16,2,2,3,6,0,1,0,1,0,0,0,0,721559.8948,5321441.6419,11.970738759,48.007832572,2,#fc8d62,car
94848,"9,17E+18",9,1,78,143,2017,10,8,2,3,2,6,0,1,0,0,0,0,0,0,715729235.0,5372672711.0,11.918755414,48.470149581,2,#fc8d62,car
94856,"9,17E+18",9,7,71,130,2017,10,23,4,3,8,1,0,1,0,0,0,0,2,0,645183.8517,5358240.0315,10.960024661,48.36062828,2,#fc8d62,car
94910,"9,17E+18",9,2,61,0,2017,10,11,2,3,8,1,0,1,0,0,0,0,0,0,736644.6312,5381690.3315,12.206405528,48.543629606,2,#fc8d62,car
94912,"9,17E+18",9,2,61,0,2017,10,17,2,3,2,6,0,1,0,0,0,0,0,0,736075.7867,5382995.8823,12.199450482,48.555570704,2,#fc8d62,car
94913,"9,17E+18",9,2,74,194,2017,10,7,2,3,6,4,0,1,1,0,0,0,1,1,720994.4035,5378669.3619,11.993064228,48.52219671,2,#fc8d62,car
94914,"9,17E+18",9,1,73,120,2017,10,21,2,2,8,1,0,1,0,0,0,0,2,1,687607.1685,5308577.8165,11.510374816,47.903072817,2,#fc8d62,car
94925,"9,17E+18",9,1,87,177,2017,10,7,2,3,0,1,1,0,0,0,0,0,0,1,735461.0809,5305320232.0,12.148034762,47.858035053,1,#66c2a5,bicycle
94926,"9,17E+18",9,1,87,137,2017,10,9,2,3,5,3,0,1,0,0,0,0,0,0,728217.4186,5308339.2667,12.052928085,47.887773076,2,#fc8d62,car
94932,"9,17E+18",9,1,62,0,2017,10,15,2,3,5,3,0,1,0,0,0,1,0,1,684130.7986,5342585.6381,11.478539697,48.209766736,2,#fc8d62,car
94933,"9,17E+18",9,1,88,139,2017,10,7,2,3,4,6,0,1,0,0,0,0,0,0,670292.7876,5320466.1576,11.283597923,48.0147802,2,#fc8d62,car
94934,"9,17E+18",9,1,79,134,2017,10,15,2,3,2,6,0,1,0,0,0,1,0,1,668654.3624,5342813.2248,11.270483242,48.216113953,2,#fc8d62,car
94935,"9,17E+18",9,1,81,130,2017,10,19,2,2,6,4,0,1,1,0,0,0,2,1,639552.8904,5323189.4295,10.872521286,48.046722193,2,#fc8d62,car
94936,"9,17E+18",9,1,81,130,2017,10,10,2,3,6,4,0,1,1,0,0,0,0,1,639819.6816,5323323.2618,10.876142827,48.047867265,2,#fc8d62,car
94937,"9,17E+18",9,1,79,130,2017,10,6,2,3,5,3,0,1,0,0,0,0,2,1,659364236.0,5338704565.0,11.143967424,48.181576013,2,#fc8d62,car
94938,"9,17E+18",9,1,78,145,2017,10,23,2,2,3,6,0,1,0,0,0,1,2,0,693291.0654,5357214.4101,11.608402541,48.338518859,2,#fc8d62,car
94939,"9,17E+18",9,1,77,133,2017,10,7,2,3,2,6,0,1,0,0,0,0,1,1,709736294.0,5359328683.0,11.831108108,48.352273325,2,#fc8d62,car
94943,"9,17E+18",9,1,78,130,2017,10,15,2,2,3,6,1,0,0,0,0,0,0,0,703311.5555,5354510.9934,11.74216527,48.311080674,1,#66c2a5,bicycle
94944,"9,17E+18",9,1,88,120,2017,10,12,5,2,2,6,1,1,0,0,0,0,0,0,677237.7652,5326506.4909,11.379147765,48.067190624,1,#66c2a5,bicycle
94945,"9,17E+18",9,1,78,116,2017,10,14,2,3,5,3,0,1,0,0,0,0,0,1,702239.4488,5382975.5257,11.741461533,48.56721344,2,#fc8d62,car
94946,"9,17E+18",9,1,78,143,2017,10,7,2,3,1,6,0,1,0,0,0,0,0,1,718330.9953,5372155.6303,11.953638251,48.464606274,2,#fc8d62,car
94947,"9,17E+18",9,1,74,137,2017,10,12,5,2,2,6,0,0,0,1,0,0,0,0,658651.1347,5351269.0845,11.139086918,48.294716412,4,#e78ac3,marker
94948,"9,17E+18",9,1,78,136,2017,10,9,2,3,5,3,0,1,0,0,0,1,0,0,694350881.0,5370506628.0,11.628840662,48.45765233,2,#fc8d62,car
94949,"9,17E+18",9,1,77,131,2017,10,6,2,3,2,6,0,1,0,1,0,0,2,0,711631205.0,5348662.0842,11.851305879,48.255796183,2,#fc8d62,car
94951,"9,17E+18",9,1,75,112,2017,10,18,2,2,4,1,0,1,0,0,0,0,2,1,721447.5473,5319242.1568,11.968099727,47.988108904,2,#fc8d62,car
94952,"9,17E+18",9,1,77,115,2017,10,23,2,3,8,1,0,1,0,0,0,0,2,0,729881.5783,5353244.2804,12.099325434,48.290604777,2,#fc8d62,car
94953,"9,17E+18",9,1,84,121,2017,10,12,1,3,4,2,0,1,0,0,0,0,0,0,705032.3411,5331327.0518,11.754145075,48.102184738,2,#fc8d62,car
94954,"9,17E+18",9,7,78,116,2017,10,18,1,2,8,6,0,1,0,0,0,0,1,1,616193.2546,5321917.1383,10.558868546,48.039959797,2,#fc8d62,car
94958,"9,17E+18",9,7,71,122,2017,10,9,1,3,8,1,0,1,0,0,0,0,0,0,653759.0891,5361395.6149,11.076870046,48.386969033,2,#fc8d62,car
94959,"9,17E+18",9,7,61,0,2017,10,9,1,3,3,2,0,1,0,1,0,0,0,0,641770.8438,5361842.1544,10.915190006,48.393792646,2,#fc8d62,car
94982,"9,17E+18",9,2,74,113,2017,10,19,5,3,8,1,0,1,0,0,0,0,2,0,726676.5946,5381114.7989,12.071237577,48.542139689,2,#fc8d62,car
94983,"9,17E+18",9,2,74,132,2017,10,19,5,3,0,1,0,0,0,1,0,0,1,0,726019.9202,5385663.9529,12.064823965,48.58324356,4,#e78ac3,marker
94996,"9,17E+18",9,2,74,165,2017,10,13,1,3,9,1,0,1,0,0,0,0,0,0,716658.9087,5385562.8016,11.938013886,48.585641664,2,#fc8d62,car
95000,"9,17E+18",9,1,88,139,2017,10,18,1,3,2,6,0,1,0,0,0,0,0,0,679841.1114,5320589.3229,11.41157665,48.013271753,2,#fc8d62,car
95002,"9,17E+18",9,1,81,127,2017,10,19,1,3,9,7,0,1,0,0,0,0,2,1,635190.4316,5323007.2752,10.813959148,48.046023057,2,#fc8d62,car
95003,"9,17E+18",9,1,88,139,2017,10,12,1,3,2,6,0,1,0,0,0,0,0,0,674434.6426,5318357.3321,11.338234722,47.99470543,2,#fc8d62,car
95008,"9,17E+18",9,1,74,115,2017,10,7,1,3,0,7,1,0,0,0,0,0,0,1,680790.3723,5347707.2789,11.435802888,48.25676381,1,#66c2a5,bicycle
95011,"9,17E+18",9,1,75,111,2017,10,20,1,3,7,7,0,1,0,0,0,1,2,1,711899.4136,5338158.0129,11.849669311,48.161320148,2,#fc8d62,car
95012,"9,17E+18",9,1,75,111,2017,10,20,1,3,9,1,0,1,0,0,0,0,2,1,711900.5947,5338158.1766,11.849685256,48.161321225,2,#fc8d62,car
95013,"9,17E+18",9,1,77,135,2017,10,5,1,3,9,1,0,1,0,0,0,0,2,1,719153.2096,5344441.0846,11.950329419,48.215314823,2,#fc8d62,car
95014,"9,17E+18",9,1,75,133,2017,10,14,1,3,5,3,0,1,0,0,0,1,0,0,708663801.0,5340775.4732,11.807495398,48.185910956,2,#fc8d62,car
95015,"9,17E+18",9,1,77,112,2017,10,0,1,2,9,1,0,1,0,0,0,0,2,0,716987.3443,5361356.9664,11.929900811,48.36804797,2,#fc8d62,car
95016,"9,17E+18",9,1,84,145,2017,10,6,7,2,4,2,0,1,0,1,0,0,2,1,694329102.0,5323228803.0,11.606849381,48.032754269,2,#fc8d62,car
95017,"9,17E+18",9,1,84,127,2017,10,18,7,3,5,3,1,1,0,0,0,0,1,0,702725.8899,5322043.6317,11.718799707,48.019493279,1,#66c2a5,bicycle
95019,"9,17E+18",9,7,62,0,2017,10,15,7,3,4,6,0,1,0,1,0,0,0,0,618619.2077,5303527.8658,10.586330686,47.874124377,2,#fc8d62,car
95020,"9,17E+18",9,7,77,114,2017,10,15,7,3,5,3,0,1,0,0,0,0,0,0,615329465.0,5311119738.0,10.544383248,47.943005454,2,#fc8d62,car
95021,"9,17E+18",9,7,77,124,2017,10,5,7,3,6,4,0,1,1,0,0,0,2,1,613929.8117,5307241.5424,10.52462169,47.908374996,2,#fc8d62,car
95022,"9,17E+18",9,1,63,0,2017,10,21,5,3,5,3,1,1,0,0,0,0,2,0,732599793.0,5306956.7101,12.110719381,47.873779322,1,#66c2a5,bicycle
95024,"9,17E+18",9,7,61,0,2017,10,14,7,3,8,1,0,0,0,0,0,1,0,0,638514.2302,5356695.4056,10.869525506,48.348237834,6,#ffd92f,circle
95025,"9,17E+18",9,1,63,0,2017,10,7,5,3,2,6,0,1,0,1,0,0,0,0,732055.8555,5307353.2174,12.103668909,47.877538351,2,#fc8d62,car
95026,"9,17E+18",9,7,71,111,2017,10,12,7,3,9,1,0,1,0,0,0,0,0,0,658271.8452,5357386.7145,11.136273089,48.349811489,2,#fc8d62,car
95028,"9,17E+18",9,7,61,0,2017,10,23,7,3,3,6,0,1,0,0,0,0,2,1,639463.5793,5351692.0785,10.88067638,48.303039915,2,#fc8d62,car
95029,"9,17E+18",9,7,61,0,2017,10,1,7,3,1,5,0,1,0,0,0,0,2,0,637471.0241,5359620.0012,10.856408712,48.374763404,2,#fc8d62,car
95030,"9,17E+18",9,7,71,129,2017,10,6,7,3,5,3,0,1,0,0,0,0,2,1,658116.6474,5355428.8626,11.133444853,48.33224848,2,#fc8d62,car
95031,"9,17E+18",9,7,71,176,2017,10,18,7,3,9,1,0,1,0,0,0,0,2,0,642804109.0,5383404.6599,10.936511131,48.587434266,2,#fc8d62,car
95044,"9,17E+18",9,1,87,179,2017,10,16,5,3,4,6,0,1,0,0,0,0,0,0,722953.8285,5312800.2859,11.984921457,47.92970543,2,#fc8d62,car
95047,"9,17E+18",9,1,87,179,2017,10,16,5,3,2,6,0,1,0,0,0,0,0,0,719105.4989,5318532.0503,11.936389534,47.982534751,2,#fc8d62,car
95049,"9,17E+18",9,1,87,122,2017,10,10,5,3,4,6,0,1,0,1,0,0,0,0,718556354.0,5312077.5162,11.925761386,47.92472532,2,#fc8d62,car
95069,"9,17E+18",9,1,62,0,2017,10,17,5,3,2,6,0,1,0,0,0,0,0,0,678233.7864,5334686.2315,11.39592238,48.1404421,2,#fc8d62,car
95070,"9,17E+18",9,1,79,142,2017,10,6,5,3,2,6,0,1,0,0,0,0,2,1,677080.9103,5342666.8367,11.38376372,48.21250266,2,#fc8d62,car
95074,"9,17E+18",9,1,73,147,2017,10,11,7,3,4,2,0,1,0,0,0,0,0,0,681429.8573,5308019.0189,11.427559182,47.899826326,2,#fc8d62,car
95084,"9,17E+18",9,1,82,137,2017,10,10,7,3,9,1,0,1,0,0,0,0,0,1,714457.3441,5303022.6819,11.866464312,47.844742085,2,#fc8d62,car
95088,"9,17E+18",9,1,88,139,2017,10,9,7,2,8,6,0,1,0,0,0,0,0,0,672308802.0,5322667896.0,11.311494948,48.034033037,2,#fc8d62,car
95089,"9,17E+18",9,1,79,142,2017,10,12,7,3,0,1,1,0,0,0,0,0,0,0,672695.4766,5341024.8912,11.324112312,48.198950948,1,#66c2a5,bicycle
95090,"9,17E+18",9,1,79,126,2017,10,13,7,3,2,6,0,1,0,0,0,0,0,0,676924494.0,5339909134.0,11.380510589,48.187757033,2,#fc8d62,car
95091,"9,17E+18",9,1,77,117,2017,10,22,7,3,4,1,0,1,0,0,0,0,2,0,717204557.0,5359663.8997,11.931955918,48.352761367,2,#fc8d62,car
95092,"9,17E+18",9,1,75,121,2017,10,6,7,3,9,1,0,1,0,0,0,0,2,1,710509.0726,5320250.7396,11.822172951,48.00086543,2,#fc8d62,car
95093,"9,17E+18",9,1,78,157,2017,10,11,7,3,9,2,0,0,0,1,0,0,0,1,702738.1428,5370899.8106,11.742346933,48.458539471,4,#e78ac3,marker
95094,"9,17E+18",9,1,75,122,2017,10,8,7,2,8,1,0,0,0,1,0,0,0,1,721968.9445,5324883.1574,11.977997891,48.038612668,4,#e78ac3,marker
95095,"9,17E+18",9,1,84,141,2017,10,12,6,3,2,6,0,1,0,0,0,0,0,0,694164.3676,5315335.1045,11.601070984,47.961856624,2,#fc8d62,car
95096,"9,17E+18",9,1,62,0,2017,10,21,6,3,5,2,0,1,0,0,0,0,2,0,683029.7376,5338909.1307,11.462148172,48.177038677,2,#fc8d62,car
95097,"9,17E+18",9,1,62,0,2017,10,10,5,3,2,6,0,1,0,0,0,1,0,0,683760.1722,5342568.8368,11.473548339,48.209723124,2,#fc8d62,car