OBJECTID,UIDENTSTLA,ULAND,UREGBEZ,UKREIS,UGEMEINDE,UJAHR,UMONAT,USTUNDE,UWOCHENTAG,UKATEGORIE,UART,UTYP1,IstRad,IstPKW,IstFuss,IstKrad,IstGkfz,IstSonstig,ULICHTVERH,STRZUSTAND,LINREFX,LINREFY,XGCSWGS84,YGCSWGS84,Teilnehmer,color,symbol
95098,"9,17E+18",9,1,79,142,2017,10,8,5,3,2,6,0,0,0,0,0,1,0,0,674717.2457,5344643.1893,11.352787871,48.230923682,6,#ffd92f,circle
95099,"9,17E+18",9,1,84,127,2017,10,17,6,2,5,3,0,1,0,0,0,0,0,0,703001665.0,5320836804.0,11.721922575,48.00855997,2,#fc8d62,car
95100,"9,17E+18",9,1,84,144,2017,10,10,6,3,5,3,0,1,0,0,0,0,0,0,687525.9526,5319889.6584,11.514219852,48.004774229,2,#fc8d62,car
95101,"9,17E+18",9,1,62,0,2017,10,7,6,3,6,4,0,1,1,0,0,0,1,0,692073.4278,5341559.5228,11.58487848,48.198190693,2,#fc8d62,car
95102,"9,17E+18",9,1,62,0,2017,10,17,6,3,3,6,1,1,0,0,0,1,0,0,689788.2918,5339872449.0,11.553403651,48.183714463,1,#66c2a5,bicycle
95103,"9,17E+18",9,1,62,0,2017,10,17,6,3,2,6,1,0,0,0,0,0,0,0,687957.7327,5335001.1608,11.526647901,48.140474717,1,#66c2a5,bicycle
95104,"9,17E+18",9,1,62,0,2017,10,8,6,3,5,3,0,0,0,0,0,1,0,0,687616.4073,5333306.9772,11.521318141,48.1253477,6,#ffd92f,circle
95105,"9,17E+18",9,1,62,0,2017,10,7,6,3,2,6,0,1,0,0,0,0,0,0,693170.1031,5338777.3751,11.598356536,48.172853125,2,#fc8d62,car
95110,"9,17E+18",9,1,88,137,2017,10,7,5,3,5,3,1,1,0,0,0,0,0,0,672341819.0,5314000899.0,11.308457617,47.956108928,1,#66c2a5,bicycle
95118,"9,17E+18",9,7,61,0,2017,10,14,6,3,2,6,0,1,0,0,0,0,0,0,641395.5264,5355180.8288,10.907883688,48.333980835,2,#fc8d62,car
95119,"9,17E+18",9,7,72,148,2017,10,14,6,2,0,1,0,0,0,1,0,0,0,0,626600.2921,5352212037.0,10.707454135,48.310420963,4,#e78ac3,marker
95120,"9,17E+18",9,7,72,125,2017,10,14,6,3,9,6,0,1,0,1,0,0,0,0,625101.3602,5345205.5409,10.685173104,48.247710901,2,#fc8d62,car
95121,"9,17E+18",9,7,61,0,2017,10,15,6,3,5,3,1,1,0,0,0,0,0,0,641634.9108,5359695.1134,10.91263104,48.374517938,1,#66c2a5,bicycle
95122,"9,17E+18",9,7,71,156,2017,10,9,6,3,5,3,0,1,0,0,0,0,0,0,649245.1005,5385346.6211,11.024497081,48.603392166,2,#fc8d62,car
95125,"9,17E+18",9,1,84,112,2017,10,19,5,3,2,6,0,1,0,0,0,0,2,0,701774.5066,5340655.3387,11.714855223,48.187056803,2,#fc8d62,car
95129,"9,17E+18",9,1,84,119,2017,10,0,5,3,2,6,0,1,0,0,0,1,2,0,695517462.0,5345023.2212,11.63277361,48.228269125,2,#fc8d62,car
95132,"9,17E+18",9,1,84,135,2017,10,16,5,3,2,6,0,1,0,0,0,0,0,0,688009.9709,5347228.8655,11.53276378,48.250363092,2,#fc8d62,car
95133,"9,17E+18",9,1,78,123,2017,10,15,5,3,2,6,0,1,0,0,0,0,0,0,692475.8735,5359130.3163,11.598289283,48.355986669,2,#fc8d62,car
95149,"9,17E+18",9,1,78,145,2017,10,11,5,2,2,6,0,1,0,0,0,0,0,0,693136.2313,5357616802.0,11.606499837,48.342182631,2,#fc8d62,car
95150,"9,17E+18",9,1,78,145,2017,10,7,5,3,0,1,0,0,0,1,0,0,0,1,695858.0146,5358287.5583,11.643503656,48.347372927,4,#e78ac3,marker
95171,"9,17E+18",9,1,75,122,2017,10,6,5,3,5,3,0,1,0,1,0,0,2,0,720750.2727,5325270.9949,11.961870465,48.042519843,2,#fc8d62,car
95172,"9,17E+18",9,1,75,124,2017,10,15,5,3,6,4,0,1,1,0,0,0,0,0,712911.9204,5329360.6241,11.858874836,48.081930654,2,#fc8d62,car
95179,"9,17E+18",9,2,61,0,2017,10,13,6,2,8,1,0,0,0,0,0,1,0,0,725674.9131,5378037.2335,12.056020398,48.514853305,6,#ffd92f,circle
95180,"9,17E+18",9,1,75,124,2017,10,21,5,3,4,6,0,1,0,0,0,1,2,0,716858.6286,5328218.2046,11.911219348,48.070335505,2,#fc8d62,car
95181,"9,17E+18",9,2,74,114,2017,10,14,6,2,4,2,0,1,0,1,0,0,0,0,734627.7104,5371153.8754,12.173203224,48.449742569,2,#fc8d62,car
95182,"9,17E+18",9,2,74,185,2017,10,16,6,2,2,2,0,1,0,0,0,0,0,0,731549521.0,5367848.3357,12.129811441,48.421188426,2,#fc8d62,car
95183,"9,17E+18",9,1,62,0,2017,10,7,4,3,6,3,0,1,1,0,0,0,0,0,696108544.0,5333798407.0,11.635544923,48.127205227,2,#fc8d62,car
95184,"9,17E+18",9,2,74,182,2017,10,15,6,2,0,1,0,1,0,0,0,0,0,0,730010.0585,5378598.6517,12.114945572,48.51832406,2,#fc8d62,car
95187,"9,17E+18",9,2,61,0,2017,10,17,6,3,0,2,0,1,0,1,0,0,0,0,733033.6685,5382103.5623,12.157788118,48.548692946,2,#fc8d62,car
95188,"9,17E+18",9,2,61,0,2017,10,16,6,3,2,6,0,1,0,0,0,0,0,0,732126.3868,5379969.4627,12.14432441,48.529859162,2,#fc8d62,car
95195,"9,17E+18",9,1,83,119,2017,10,6,6,3,2,6,0,1,0,0,0,0,2,0,732268.4069,5339205.2956,12.123763916,48.163615574,2,#fc8d62,car
95200,"9,17E+18",9,1,87,159,2017,10,15,6,2,2,2,1,1,0,0,0,0,0,0,730892.5037,5323537.0848,12.096815826,48.023355859,1,#66c2a5,bicycle
95201,"9,17E+18",9,1,87,182,2017,10,12,6,3,5,3,0,1,0,0,0,0,0,0,738457.0607,5328293.6798,12.200761973,48.063306723,2,#fc8d62,car
95202,"9,17E+18",9,1,87,182,2017,10,12,6,3,2,6,0,1,0,0,0,0,0,0,736496.4,5327990628.0,12.174318895,48.06131401,2,#fc8d62,car
95203,"9,17E+18",9,1,63,0,2017,10,16,6,3,5,3,1,1,0,0,0,0,0,0,733879.6006,5304871.6122,12.126681013,47.854582121,1,#66c2a5,bicycle
95204,"9,17E+18",9,1,63,0,2017,10,13,6,2,5,3,1,1,0,0,0,0,0,0,732713.9489,5307369.0901,12.112465824,47.877442834,1,#66c2a5,bicycle
95205,"9,17E+18",9,1,82,137,2017,10,15,6,3,8,1,1,0,0,0,0,0,0,0,710306.8737,5301925.8642,11.810525443,47.836256499,1,#66c2a5,bicycle
95210,"9,17E+18",9,1,62,0,2017,10,19,4,3,1,6,0,1,0,0,0,0,2,0,692162.3151,5339313.9391,11.585057567,48.177981124,2,#fc8d62,car
95211,"9,17E+18",9,1,88,121,2017,10,13,6,3,2,6,0,1,0,0,0,0,0,0,674416.1587,5330863.3462,11.343084313,48.107134427,2,#fc8d62,car
95212,"9,17E+18",9,1,74,131,2017,10,12,6,3,2,6,0,1,0,0,0,0,0,0,676350.8415,5358551.4945,11.380574428,48.355492927,2,#fc8d62,car
95213,"9,17E+18",9,1,79,142,2017,10,11,6,3,2,6,0,1,0,0,0,0,0,0,670852.0584,5341163.5786,11.299380509,48.200696394,2,#fc8d62,car
95214,"9,17E+18",9,1,81,145,2017,10,10,6,3,2,6,0,1,0,0,0,0,0,0,647630613.0,5330740.57,10.983452078,48.112802455,2,#fc8d62,car
95215,"9,17E+18",9,1,62,0,2017,10,16,4,2,3,7,0,1,0,1,0,0,0,0,684288.8548,5335411.6195,11.477554447,48.14523737,2,#fc8d62,car
95216,"9,17E+18",9,1,74,115,2017,10,13,6,3,0,1,0,1,0,0,0,0,0,0,680708.9089,5348459.7287,11.435027737,48.263550549,2,#fc8d62,car
95217,"9,17E+18",9,1,74,115,2017,10,10,6,3,0,1,1,0,0,0,0,0,0,0,680386815.0,5348276644.0,11.430613556,48.261996652,1,#66c2a5,bicycle
95218,"9,17E+18",9,1,84,132,2017,10,7,4,3,2,6,0,1,0,0,0,0,0,0,683753.6086,5329479.0825,11.467808867,48.092066778,2,#fc8d62,car
95219,"9,17E+18",9,1,74,113,2017,10,8,6,3,3,6,0,1,0,0,0,1,0,0,674420166.0,5344944.4421,11.348914818,48.233713486,2,#fc8d62,car
95220,"9,17E+18",9,1,78,124,2017,10,10,6,3,3,6,0,1,0,0,0,1,0,0,702569.1421,5360087.0635,11.734844495,48.361427708,2,#fc8d62,car
95221,"9,17E+18",9,1,75,132,2017,10,18,6,3,5,3,1,1,0,0,0,0,1,0,707244106.0,5330273179.0,11.783307363,48.091998669,1,#66c2a5,bicycle
95222,"9,17E+18",9,1,75,132,2017,10,21,6,3,5,3,1,1,0,0,0,0,2,0,706370.4449,5332348.4064,11.772591711,48.110931133,1,#66c2a5,bicycle
95223,"9,17E+18",9,1,78,124,2017,10,9,6,3,5,6,0,1,0,0,0,1,0,0,699865.4676,5364996.4392,11.700719913,48.406407831,2,#fc8d62,car
95224,"9,17E+18",9,1,75,121,2017,10,15,6,2,8,1,0,0,0,1,0,0,0,1,714485.0578,5320975.0218,11.875769825,48.00605246,4,#e78ac3,marker
95225,"9,17E+18",9,1,77,127,2017,10,15,6,2,8,7,0,0,0,1,0,0,0,0,726557.6812,5349579.3963,12.052614605,48.258877915,4,#e78ac3,marker
95226,"9,17E+18",9,1,62,0,2017,10,15,4,3,5,2,1,1,0,0,0,0,0,0,697029.7966,5330410.2413,11.646347119,48.096469969,1,#66c2a5,bicycle
95227,"9,17E+18",9,1,77,139,2017,10,13,6,3,5,3,0,1,0,0,0,0,0,0,731974.4589,5358421.5422,12.13034507,48.336350054,2,#fc8d62,car
95228,"9,17E+18",9,1,77,137,2017,10,11,6,3,5,3,0,1,0,0,0,1,0,0,735259.2442,5344578.2771,12.16689941,48.210782374,2,#fc8d62,car
95229,"9,17E+18",9,1,77,127,2017,10,6,6,3,2,6,0,1,0,0,0,0,0,0,726895.3251,5348989645.0,12.056841111,48.253458816,2,#fc8d62,car
95230,"9,17E+18",9,1,62,0,2017,10,12,5,3,1,6,0,1,0,0,0,0,0,0,693235.4575,5337537.5238,11.598671305,48.1616899,2,#fc8d62,car
95231,"9,17E+18",9,1,84,145,2017,10,13,5,2,4,2,0,1,0,0,0,1,0,0,699237.8509,5324808.6103,11.673359999,48.045440161,2,#fc8d62,car
95232,"9,17E+18",9,1,62,0,2017,10,14,5,3,5,2,1,0,0,0,0,1,0,0,692192.3777,5342937.5945,11.58710166,48.210540379,1,#66c2a5,bicycle
95233,"9,17E+18",9,1,62,0,2017,10,22,5,2,5,3,1,1,0,0,0,0,2,0,692033.1332,5341282.5643,11.584211509,48.195713656,1,#66c2a5,bicycle
95234,"9,17E+18",9,1,62,0,2017,10,18,5,3,2,6,0,1,0,0,0,0,0,0,696342.6768,5331448.7676,11.637606193,48.106015778,2,#fc8d62,car
95237,"9,17E+18",9,7,62,0,2017,10,7,5,3,4,2,0,1,0,1,0,0,0,0,622170.7836,5304713.9957,10.634142823,47.884126185,2,#fc8d62,car
95238,"9,17E+18",9,7,77,128,2017,10,14,5,3,8,1,0,1,0,0,0,0,0,0,616859.2492,5303459.3832,10.562784825,47.873831155,2,#fc8d62,car
95242,"9,17E+18",9,7,61,0,2017,10,8,5,3,2,1,0,1,0,0,0,0,0,0,641628.6946,5358677.9567,10.912204573,48.365373479,2,#fc8d62,car
95245,"9,17E+18",9,1,84,145,2017,10,12,4,3,1,6,0,1,0,0,0,1,0,0,699045836.0,5325339064.0,11.671033128,48.050267416,2,#fc8d62,car
95272,"9,17E+18",9,1,78,145,2017,10,19,6,3,5,3,0,1,0,0,0,0,2,0,699427077.0,5354893992.0,11.690014986,48.315759253,2,#fc8d62,car
95275,"9,17E+18",9,1,74,141,2017,10,14,4,3,2,6,0,1,0,0,0,0,0,0,683069.2282,5355706781.0,11.469944071,48.328012062,2,#fc8d62,car
95278,"9,17E+18",9,1,75,139,2017,10,18,5,3,9,1,0,1,0,0,0,0,2,0,710116.3894,5330707.9481,11.822048161,48.094965213,2,#fc8d62,car
95282,"9,17E+18",9,7,72,151,2017,10,14,3,3,2,6,0,0,0,0,0,1,0,0,632842.9479,5343092.5582,10.788741921,48.227134804,6,#ffd92f,circle
95283,"9,17E+18",9,7,61,0,2017,10,17,3,3,2,2,1,0,0,0,0,0,0,0,641034675.0,5360564723.0,10.904821941,48.38247157,1,#66c2a5,bicycle
95284,"9,17E+18",9,7,61,0,2017,10,16,3,3,2,1,0,1,0,0,0,0,0,0,641144.4667,5356539.4451,10.904953295,48.346253197,2,#fc8d62,car
95286,"9,17E+18",9,1,84,137,2017,10,19,5,3,4,3,0,1,0,0,0,1,2,0,707859.0338,5315256.0874,11.784272874,47.956847555,2,#fc8d62,car
95294,"9,17E+18",9,1,81,118,2017,10,7,5,3,5,2,0,1,0,1,0,0,0,0,650634978.0,5328145669.0,11.022874643,48.088767079,2,#fc8d62,car
95301,"9,17E+18",9,1,81,140,2017,10,8,5,3,5,3,0,1,0,1,0,0,0,0,643371.4311,5323346.5743,10.923781594,48.047288967,2,#fc8d62,car
95302,"9,17E+18",9,1,87,182,2017,10,7,5,3,1,3,0,1,0,0,0,0,1,0,736901.76,5324483344.0,12.177810459,48.029656834,2,#fc8d62,car
95311,"9,17E+18",9,1,90,159,2017,10,7,4,3,5,3,0,1,0,1,0,0,1,0,662451.9762,5304542.4139,11.172524066,47.87365473,2,#fc8d62,car
95319,"9,17E+18",9,7,71,122,2017,10,12,4,2,9,1,0,1,0,0,0,0,0,0,652119.2984,5362304.0178,11.055064781,48.395533873,2,#fc8d62,car
95320,"9,17E+18",9,1,74,143,2017,10,18,5,3,2,6,0,1,0,0,0,0,2,0,675349.7612,5352495.7341,11.364553561,48.301336509,2,#fc8d62,car
95321,"9,17E+18",9,1,87,122,2017,10,17,5,3,2,6,0,1,0,0,0,0,1,0,719679.3897,5305393.5501,11.937373141,47.864282725,2,#fc8d62,car
95329,"9,17E+18",9,1,81,121,2017,10,13,4,3,2,6,0,1,0,0,0,1,0,0,639542159.0,5312836053.0,10.869010328,47.953622987,2,#fc8d62,car
95330,"9,17E+18",9,1,87,177,2017,10,9,4,3,3,2,1,1,0,0,0,0,0,0,735392.5662,5305312.3101,12.147115861,47.857988982,1,#66c2a5,bicycle
95344,"9,17E+18",9,7,61,0,2017,10,7,5,3,4,1,0,1,0,0,0,0,0,0,639873.9591,5352474.71,10.886466689,48.309986595,2,#fc8d62,car
95350,"9,17E+18",9,1,84,142,2017,10,14,4,3,8,1,0,0,0,0,0,1,0,0,681196.9584,5318529.1427,11.428870925,47.994369652,6,#ffd92f,circle
95354,"9,17E+18",9,7,72,223,2017,10,7,4,3,5,3,0,1,0,0,0,0,0,0,616719109.0,5360205316.0,10.57645752,48.384207325,2,#fc8d62,car
95363,"9,17E+18",9,7,71,130,2017,10,2,1,3,4,1,0,1,0,0,0,0,2,0,647718.8178,5356788.2971,10.993716583,48.346987457,2,#fc8d62,car
95365,"9,17E+18",9,7,72,125,2017,10,14,1,3,0,1,0,0,0,1,0,0,0,1,633485.9081,5347720198.0,10.798854239,48.268613226,4,#e78ac3,marker
95383,"9,17E+18",9,1,62,0,2017,10,15,3,3,5,2,0,1,0,0,0,0,0,0,685630.5785,5328692.9367,11.492650246,48.084456587,2,#fc8d62,car
95384,"9,17E+18",9,1,62,0,2017,10,18,4,3,2,6,0,1,0,0,0,0,2,0,678604.1628,5341366.1905,11.403702783,48.200384405,2,#fc8d62,car
95395,"9,17E+18",9,1,78,155,2017,10,13,5,3,1,6,0,1,0,1,0,0,0,0,718319.7818,5376263.6127,11.955632249,48.501518142,2,#fc8d62,car
95404,"9,17E+18",9,7,72,131,2017,10,17,5,3,5,3,1,1,0,0,0,0,0,0,617849.7747,5356170.9562,10.590592242,48.347715541,1,#66c2a5,bicycle
95417,"9,17E+18",9,1,87,170,2017,10,16,3,3,5,7,1,1,0,0,0,0,0,0,733384.12,5319212.7614,12.127831157,47.983602046,1,#66c2a5,bicycle
95418,"9,17E+18",9,1,78,143,2017,10,15,6,3,1,6,0,1,0,0,0,0,0,0,716751.1128,5373110.9171,11.932789403,48.473735441,2,#fc8d62,car
95420,"9,17E+18",9,1,84,147,2017,10,22,4,3,2,6,0,0,0,0,0,1,2,0,700099.9473,5341289.0115,11.69264866,48.193281248,6,#ffd92f,circle
95424,"9,17E+18",9,1,82,123,2017,10,15,1,1,8,1,0,1,0,0,0,0,0,1,716464.9341,5301260.3456,11.892381818,47.82823302,2,#fc8d62,car
95425,"9,17E+18",9,1,63,0,2017,10,14,3,3,2,7,0,1,0,0,0,0,0,0,733590.0823,5303186.8387,12.121907126,47.839551307,2,#fc8d62,car
95427,"9,17E+18",9,1,87,150,2017,10,22,3,3,5,3,1,1,0,0,0,0,2,0,728722.9222,5303478.3029,12.057108769,47.843919534,1,#66c2a5,bicycle
95430,"9,17E+18",9,2,61,0,2017,10,11,4,2,6,4,0,1,1,0,0,0,0,0,731992.9547,5381343.3347,12.14328446,48.542249695,2,#fc8d62,car
95435,"9,17E+18",9,1,82,137,2017,10,13,1,3,5,2,0,1,0,0,0,0,0,1,709422034.0,5307751509.0,11.801536748,47.888898254,2,#fc8d62,car
95440,"9,17E+18",9,1,77,115,2017,10,5,1,3,7,7,0,1,0,0,0,0,2,1,734250.8184,5350512.7726,12.156627172,48.2644658,2,#fc8d62,car
95441,"9,17E+18",9,1,84,132,2017,10,19,7,3,3,7,0,1,0,0,0,0,2,0,683753.6736,5329479.0292,11.467809716,48.09206628,2,#fc8d62,car
95465,"9,17E+18",9,1,86,162,2017,10,8,3,2,3,3,0,1,0,0,0,1,0,0,690997.2169,5384046.2149,11.589725877,48.580362037,2,#fc8d62,car
95466,"9,17E+18",9,1,88,137,2017,10,14,3,3,2,6,0,1,0,0,0,1,0,0,672685.1893,5316999.5614,11.314257775,47.982974072,2,#fc8d62,car
95467,"9,17E+18",9,1,77,117,2017,10,8,4,2,4,6,0,1,0,0,0,1,0,0,714156.5053,5355611.0818,11.888806685,48.317386772,2,#fc8d62,car
95469,"9,17E+18",9,1,73,118,2017,10,8,4,3,8,7,0,1,0,0,0,0,0,0,693417.9935,5305509.0846,11.586674074,47.873765073,2,#fc8d62,car
95480,"9,17E+18",9,1,82,120,2017,10,12,7,3,2,6,0,1,0,0,0,0,0,0,702878.2082,5310287.3212,11.715292571,47.913789752,2,#fc8d62,car
95484,"9,17E+18",9,1,79,113,2017,10,15,7,3,0,1,0,0,0,1,0,0,0,0,671110111.0,5335816368.0,11.30069777,48.1525574,4,#e78ac3,marker
95485,"9,17E+18",9,1,77,142,2017,10,6,7,2,9,7,0,0,0,0,0,1,2,0,719060538.0,5348130.1241,11.950990412,48.248492407,6,#ffd92f,circle
95486,"9,17E+18",9,1,77,115,2017,10,13,7,2,8,1,0,0,0,1,0,0,0,0,733211.5277,5350374.7057,12.14256812,48.263608881,4,#e78ac3,marker
95487,"9,17E+18",9,1,77,137,2017,10,7,7,2,4,6,0,1,0,0,0,0,1,0,733393.0166,5347137.2829,12.143225417,48.23445953,2,#fc8d62,car
95488,"9,17E+18",9,1,81,130,2017,10,16,3,3,2,2,1,1,0,0,0,0,0,0,640292.7597,5323363.0019,10.882500215,48.048120809,1,#66c2a5,bicycle
95489,"9,17E+18",9,1,62,0,2017,10,9,6,3,2,6,0,1,0,0,0,0,0,1,685328.6475,5335333.3343,11.491485532,48.144231649,2,#fc8d62,car
95490,"9,17E+18",9,1,84,134,2017,10,8,6,3,5,7,0,1,0,1,0,0,0,1,693677.8139,5323260.8348,11.598136408,48.033239997,2,#fc8d62,car
95493,"9,17E+18",9,1,84,145,2017,10,17,6,3,5,3,1,1,0,0,0,0,1,1,698663.2638,5324599.9538,11.665562061,48.043743947,1,#66c2a5,bicycle
95494,"9,17E+18",9,1,62,0,2017,10,9,6,3,2,6,0,1,0,0,0,1,0,1,699102.3332,5333032.7728,11.67537635,48.11939506,2,#fc8d62,car
95495,"9,17E+18",9,1,62,0,2017,10,13,6,3,3,6,0,1,0,0,0,0,1,0,690031.6859,5331933.8501,11.553131114,48.112289588,2,#fc8d62,car
95496,"9,17E+18",9,1,62,0,2017,10,12,6,3,5,2,0,1,0,0,0,0,0,1,686654.5756,5331853.3083,11.507768879,48.112564319,2,#fc8d62,car
95505,"9,17E+18",9,1,84,147,2017,10,10,3,3,2,6,0,1,0,0,0,1,0,0,699421.0138,5341465247.0,11.683605761,48.195078612,2,#fc8d62,car
95507,"9,17E+18",9,1,75,127,2017,10,9,6,3,0,7,0,0,0,1,0,0,0,1,713263.6072,5340912.3885,11.869373171,48.18561387,4,#e78ac3,marker
95509,"9,17E+18",9,1,88,120,2017,10,15,4,2,5,2,0,1,0,0,0,0,0,0,672054.7169,5325818.0805,11.309355683,48.062421065,2,#fc8d62,car
95510,"9,17E+18",9,1,87,137,2017,10,7,4,3,2,6,0,1,0,0,0,0,0,0,729646.4815,5308277.5305,12.071983895,47.88670883,2,#fc8d62,car
95512,"9,17E+18",9,1,78,140,2017,10,5,5,3,8,1,0,1,0,0,0,1,2,0,706678.5151,5363411.1211,11.791890445,48.389965729,2,#fc8d62,car
95514,"9,17E+18",9,1,83,126,2017,10,6,5,3,5,3,0,1,0,0,0,0,0,0,730782705.0,5338504526.0,12.103433194,48.15786102,2,#fc8d62,car
95519,"9,17E+18",9,7,77,130,2017,10,21,6,2,5,3,0,1,0,0,0,0,2,0,624603.5449,5308942.1688,10.667890466,47.92168474,2,#fc8d62,car
95521,"9,17E+18",9,1,62,0,2017,10,16,3,3,2,6,0,1,0,0,0,0,0,0,694247.5259,5340700.9093,11.613712787,48.189812583,2,#fc8d62,car
95527,"9,17E+18",9,1,75,127,2017,10,18,3,3,5,3,0,1,0,0,0,1,1,0,710809.1763,5342025.3336,11.836944466,48.196433778,2,#fc8d62,car
95528,"9,17E+18",9,1,78,156,2017,10,18,3,3,5,3,0,1,0,0,0,0,2,0,701687.8233,5373047411.0,11.729191965,48.478175824,2,#fc8d62,car
95532,"9,17E+18",9,7,61,0,2017,10,13,5,2,0,1,1,0,0,0,0,0,0,0,642651.5286,5358950.8649,10.926098875,48.36759702,1,#66c2a5,bicycle
95533,"9,17E+18",9,7,72,147,2017,10,12,6,3,2,6,0,1,0,0,0,1,0,0,638586.9199,5364105.1579,10.872949587,48.414848757,2,#fc8d62,car
95534,"9,17E+18",9,7,72,159,2017,10,14,6,3,0,7,0,1,0,0,0,0,0,0,622152.6605,5361769.7922,10.650269389,48.397247616,2,#fc8d62,car
95535,"9,17E+18",9,7,72,177,2017,10,17,6,3,2,1,1,0,0,0,0,0,1,0,636941471.0,5378218006.0,10.855347416,48.54210733,1,#66c2a5,bicycle
95536,"9,17E+18",9,7,72,171,2017,10,13,6,3,9,1,0,1,0,0,0,0,0,0,637186.9337,5373836.2761,10.857229789,48.502654805,2,#fc8d62,car
95537,"9,17E+18",9,7,71,130,2017,10,12,6,3,9,1,0,1,0,0,0,0,0,1,651711662.0,5353289.41,11.046311958,48.314582867,2,#fc8d62,car
95538,"9,17E+18",9,7,72,125,2017,10,15,6,3,4,6,0,1,0,0,0,0,0,0,627350.8095,5345833.4209,10.715649158,48.252909288,2,#fc8d62,car
95539,"9,17E+18",9,7,61,0,2017,10,14,6,3,1,6,0,1,0,0,0,0,0,0,639548.1436,5352492.5442,10.882080812,48.310218931,2,#fc8d62,car
95540,"9,17E+18",9,7,71,156,2017,10,8,6,3,5,3,0,1,0,0,0,0,0,0,655939.4232,5378821.4465,11.11279527,48.543098138,2,#fc8d62,car
95548,"9,17E+18",9,1,62,0,2017,10,8,5,3,5,3,1,1,0,0,0,0,0,0,692091.14,5341870477.0,11.585257303,48.2009801,1,#66c2a5,bicycle
95549,"9,17E+18",9,1,75,124,2017,10,8,3,3,2,6,0,1,0,0,0,0,0,1,715460804.0,5328551.6088,11.892647149,48.073805011,2,#fc8d62,car
95550,"9,17E+18",9,1,78,113,2017,10,17,4,3,2,6,0,1,0,0,0,0,0,0,691558.0162,5367029.4775,11.589514095,48.42725855,2,#fc8d62,car
95552,"9,17E+18",9,1,75,123,2017,10,0,3,3,7,1,0,1,0,0,0,0,2,1,723961.3987,5337319.2535,12.011213925,48.149650737,2,#fc8d62,car
95553,"9,17E+18",9,1,78,136,2017,10,6,6,3,0,1,1,0,0,0,0,0,2,0,696437.0138,5370571.2548,11.657057152,48.457585387,1,#66c2a5,bicycle
95555,"9,17E+18",9,1,78,150,2017,10,19,4,3,7,6,0,1,0,0,0,0,2,0,691092.0107,5371998.6529,11.585488883,48.472059642,2,#fc8d62,car
95560,"9,17E+18",9,1,78,155,2017,10,1,5,3,3,6,0,1,0,0,0,1,2,0,721326.0369,5374506.6647,11.995342917,48.484681904,2,#fc8d62,car
95584,"9,17E+18",9,1,84,138,2017,10,14,5,3,5,3,0,1,0,1,0,0,0,0,680413.8219,5330561.0581,11.423454844,48.102746787,2,#fc8d62,car
95585,"9,17E+18",9,1,62,0,2017,10,9,2,3,3,6,0,1,0,0,0,1,0,0,687860.4391,5331595.7375,11.523840387,48.109894667,2,#fc8d62,car
95586,"9,17E+18",9,1,62,0,2017,10,23,2,3,5,3,0,1,0,0,0,0,2,1,691759.4419,5331915.1502,11.576311389,48.111603681,2,#fc8d62,car
95592,"9,17E+18",9,1,62,0,2017,10,14,5,3,2,6,0,1,0,0,0,0,0,0,693238.5445,5338414.2401,11.599111123,48.16956859,2,#fc8d62,car
95593,"9,17E+18",9,1,62,0,2017,10,10,3,3,5,3,0,1,0,0,0,0,0,0,693114894.0,5338855.75,11.597650306,48.173574309,2,#fc8d62,car
95594,"9,17E+18",9,1,88,113,2017,10,13,4,1,8,1,0,1,0,0,0,0,0,0,675366.9639,5312536948.0,11.348346819,47.942127154,2,#fc8d62,car
95596,"9,17E+18",9,1,81,144,2017,10,7,5,3,2,6,0,1,0,0,0,1,0,0,654764.3354,5319517.7877,11.075170265,48.010202853,2,#fc8d62,car
95597,"9,17E+18",9,1,82,127,2017,10,13,5,3,5,3,1,1,0,0,0,0,0,0,700083.7677,5308321.9861,11.677023132,47.897004176,1,#66c2a5,bicycle
95598,"9,17E+18",9,1,73,126,2017,10,6,5,3,5,3,0,1,0,0,0,0,2,0,684635.48,5303962274.0,11.46867588,47.862445799,2,#fc8d62,car
95620,"9,17E+18",9,7,61,0,2017,10,15,5,3,4,6,0,1,0,1,0,0,0,0,641391669.0,5357511.1465,10.908614104,48.354935099,2,#fc8d62,car
95635,"9,17E+18",9,7,78,137,2017,10,7,5,3,5,3,0,1,0,0,0,0,1,1,624613.34,5329874618.0,10.674106106,48.109935279,2,#fc8d62,car
95636,"9,17E+18",9,1,78,143,2017,10,14,6,3,2,6,0,1,0,0,0,0,0,1,721629.7598,5374233.8368,11.999302876,48.482123809,2,#fc8d62,car
95639,"9,17E+18",9,1,62,0,2017,10,16,4,3,3,6,0,1,0,0,0,1,0,0,696503.7546,5343173.2056,11.645182738,48.211337837,2,#fc8d62,car
95641,"9,17E+18",9,1,62,0,2017,10,10,4,3,2,6,0,1,0,0,0,0,0,0,690046.9036,5328388.6127,11.55175709,48.080420111,2,#fc8d62,car