OBJECTID,UIDENTSTLA,ULAND,UREGBEZ,UKREIS,UGEMEINDE,UJAHR,UMONAT,USTUNDE,UWOCHENTAG,UKATEGORIE,UART,UTYP1,IstRad,IstPKW,IstFuss,IstKrad,IstGkfz,IstSonstig,ULICHTVERH,STRZUSTAND,LINREFX,LINREFY,XGCSWGS84,YGCSWGS84,Teilnehmer,color,symbol
95665,"9,17E+18",9,7,77,152,2017,10,16,2,3,9,1,0,1,0,0,0,0,0,1,625488.7235,5303434.5393,10.678132061,47.871979308,2,#fc8d62,car
95667,"9,17E+18",9,2,61,0,2017,10,19,6,3,3,3,1,1,0,0,0,0,1,0,734440.3916,5381961.1198,12.176739713,48.546889374,1,#66c2a5,bicycle
95668,"9,17E+18",9,2,61,0,2017,10,12,6,3,2,6,0,1,0,0,0,1,0,1,734933.5936,5381112994.0,12.182933819,48.539086658,2,#fc8d62,car
95671,"9,17E+18",9,1,73,126,2017,10,11,6,3,4,2,0,1,0,0,0,0,0,1,685051743.0,5303867453.0,11.474195597,47.861473692,2,#fc8d62,car
95677,"9,17E+18",9,1,82,123,2017,10,17,6,3,2,6,0,1,0,0,0,0,0,1,715515.4349,5301926.4883,11.880042772,47.834537822,2,#fc8d62,car
95678,"9,17E+18",9,1,82,137,2017,10,11,6,3,3,1,0,1,0,0,0,1,0,1,714463969.0,5303322604.0,11.866701373,47.847435022,2,#fc8d62,car
95679,"9,17E+18",9,1,82,123,2017,10,19,6,3,2,6,0,1,0,0,0,1,2,0,718296.1347,5301240.3688,11.916807427,47.827434743,2,#fc8d62,car
95680,"9,17E+18",9,1,87,134,2017,10,7,6,3,0,6,0,1,0,0,0,0,1,1,737035.6884,5318356.4007,12.176220087,47.974566806,2,#fc8d62,car
95685,"9,17E+18",9,1,84,129,2017,10,15,5,3,2,5,0,1,0,0,0,0,0,0,702130.5877,5323771.6003,11.711640328,48.035211219,2,#fc8d62,car
95691,"9,17E+18",9,1,79,121,2017,10,10,5,3,0,7,1,1,0,0,0,0,0,0,667727.2544,5338365.5574,11.256255148,48.176375645,1,#66c2a5,bicycle
95692,"9,17E+18",9,1,84,135,2017,10,14,5,3,5,2,0,1,0,1,0,0,0,0,689445242.0,5347334.9978,11.55212659,48.25088965,2,#fc8d62,car
95693,"9,17E+18",9,1,75,115,2017,10,12,4,2,4,6,1,0,0,0,0,1,0,0,721020.5601,5329968.2683,11.967919308,48.084631406,1,#66c2a5,bicycle
95697,"9,17E+18",9,1,79,126,2017,10,7,5,3,4,2,0,1,0,0,0,0,0,0,676468458.0,5340306919.0,11.3745454,48.191459639,2,#fc8d62,car
95700,"9,17E+18",9,2,61,0,2017,10,7,5,3,3,2,1,1,0,0,0,0,0,0,730023.1068,5381676.8778,12.116820352,48.545971087,1,#66c2a5,bicycle
95701,"9,17E+18",9,1,86,130,2017,10,15,6,3,6,6,1,0,1,0,0,0,0,1,684460.1681,5373818.5023,11.49665289,48.490396227,1,#66c2a5,bicycle
95703,"9,17E+18",9,7,73,116,2017,10,4,2,1,5,3,0,1,0,1,0,0,2,1,620621.4607,5380336.7716,10.63495027,48.564511091,2,#fc8d62,car
95704,"9,17E+18",9,1,86,152,2017,10,13,6,3,5,6,0,1,0,0,0,0,0,0,690920.4041,5381079.2381,11.587324009,48.553720905,2,#fc8d62,car
95705,"9,17E+18",9,7,71,156,2017,10,7,2,3,7,7,0,1,0,0,0,0,1,0,650322.0561,5377072.3801,11.036106658,48.528744084,2,#fc8d62,car
95711,"9,17E+18",9,1,74,113,2017,10,12,6,3,2,6,0,1,0,0,0,0,0,1,671346.6639,5347066.3646,11.30841778,48.253626361,2,#fc8d62,car
95712,"9,17E+18",9,1,88,139,2017,10,17,6,3,2,6,0,1,0,0,0,0,0,0,669696264.0,5319025.3547,11.275035155,48.001985962,2,#fc8d62,car
95713,"9,17E+18",9,1,79,134,2017,10,15,6,2,6,4,0,1,1,0,0,0,0,1,668110.3487,5342916.9638,11.263206606,48.217190901,2,#fc8d62,car
95714,"9,17E+18",9,1,81,130,2017,10,13,6,3,5,3,1,1,0,0,0,0,0,0,638892.3786,5322695137.0,10.863503017,48.042421412,1,#66c2a5,bicycle
95715,"9,17E+18",9,1,81,121,2017,10,17,6,3,8,1,0,1,0,0,0,0,1,0,635706591.0,5311436.6739,10.817223006,47.941863081,2,#fc8d62,car
95716,"9,17E+18",9,1,81,145,2017,10,18,6,3,9,1,0,1,0,0,0,0,2,1,643041.4942,5331103.2204,10.921954384,48.117110728,2,#fc8d62,car
95717,"9,17E+18",9,1,79,123,2017,10,18,6,3,0,1,1,0,0,0,0,0,0,1,676414.5155,5333682537.0,11.371072826,48.131926657,1,#66c2a5,bicycle
95718,"9,17E+18",9,1,79,121,2017,10,17,6,3,5,3,0,1,0,1,0,0,0,0,666677862.0,5338371.06,11.242152205,48.176701235,2,#fc8d62,car
95719,"9,17E+18",9,1,79,130,2017,10,14,6,2,5,7,0,1,0,0,0,1,0,0,659272.8287,5337128814.0,11.14214813,48.167431964,2,#fc8d62,car
95720,"9,17E+18",9,1,74,115,2017,10,15,6,3,2,6,0,1,0,0,0,0,0,0,682672.7772,5346168.5969,11.460476563,48.242393555,2,#fc8d62,car
95721,"9,17E+18",9,1,74,131,2017,10,13,6,3,6,2,0,1,1,0,0,0,0,0,676347296.0,5358574555.0,11.380536272,48.355701205,2,#fc8d62,car
95722,"9,17E+18",9,1,84,121,2017,10,13,6,1,2,6,0,0,0,0,0,1,0,0,704882.2687,5331253.9847,11.752096529,48.101576384,6,#ffd92f,circle
95741,"9,17E+18",9,2,74,146,2017,11,6,3,3,5,3,0,1,0,0,0,0,0,1,735594.7377,5379736.5123,12.191098846,48.526474738,2,#fc8d62,car
95745,"9,17E+18",9,1,73,126,2017,11,15,3,2,5,3,1,1,0,0,0,0,0,1,681954.5438,5304592.7784,11.433129379,47.868878446,1,#66c2a5,bicycle
95751,"9,17E+18",9,1,85,158,2017,11,12,3,3,5,3,1,1,0,0,0,0,0,0,667218034.0,5380077.7317,11.265991237,48.551486537,1,#66c2a5,bicycle
95753,"9,17E+18",9,1,86,152,2017,11,20,3,3,3,6,0,1,0,0,0,0,2,0,691885.2535,5375623.4877,11.597874602,48.50439514,2,#fc8d62,car
95754,"9,17E+18",9,1,62,0,2017,11,12,3,3,2,6,0,1,0,0,0,1,0,1,678216.7435,5334732.5805,11.395712884,48.14086351,2,#fc8d62,car
95755,"9,17E+18",9,1,62,0,2017,11,11,3,3,9,3,0,1,0,0,0,0,0,1,678083003.0,5335118778.0,11.394078196,48.144372524,2,#fc8d62,car
95756,"9,17E+18",9,1,81,130,2017,11,15,3,3,0,7,1,0,0,0,0,0,1,1,639264.0981,5322820.4461,10.868528356,48.04346725,1,#66c2a5,bicycle
95757,"9,17E+18",9,1,88,126,2017,11,5,3,3,2,7,0,1,0,0,0,0,2,1,659790782.0,5329522.7716,11.146256358,48.098918707,2,#fc8d62,car
95758,"9,17E+18",9,1,74,115,2017,11,12,3,3,0,7,0,1,0,0,0,0,0,1,683275.5042,5348251.0385,11.469488713,48.260937489,2,#fc8d62,car
95759,"9,17E+18",9,1,62,0,2017,11,6,3,3,2,6,0,1,0,0,0,0,0,0,695509.0666,5335038.7936,11.628066406,48.138537599,2,#fc8d62,car
95760,"9,17E+18",9,1,62,0,2017,11,17,3,3,2,6,0,1,0,0,0,0,2,0,697447.2682,5335204.9943,11.654168239,48.139432863,2,#fc8d62,car
95761,"9,17E+18",9,1,62,0,2017,11,9,3,3,2,6,0,1,0,0,0,0,0,1,686640.4423,5343775.3697,11.512811426,48.219727303,2,#fc8d62,car
95762,"9,17E+18",9,1,78,120,2017,11,7,3,3,2,6,0,1,0,0,0,0,0,1,694378.5732,5354483.4454,11.621803047,48.31364144,2,#fc8d62,car
95763,"9,17E+18",9,1,78,124,2017,11,10,3,3,9,1,0,1,0,0,0,0,0,1,700186.4327,5366841.6415,11.705932395,48.422887894,2,#fc8d62,car
95764,"9,17E+18",9,1,77,120,2017,11,7,3,2,0,1,0,0,0,1,0,0,0,1,720521.4216,5358936.5552,11.976285694,48.345077307,4,#e78ac3,marker
95765,"9,17E+18",9,1,77,117,2017,11,13,3,3,5,3,0,1,0,0,0,0,0,1,717774165.0,5353453619.0,11.936426867,48.296766891,2,#fc8d62,car
95766,"9,17E+18",9,1,84,118,2017,11,8,2,3,5,2,0,1,0,0,0,1,0,1,702534.0948,5337307.0447,11.723468421,48.156724861,2,#fc8d62,car
95767,"9,17E+18",9,1,84,121,2017,11,17,2,3,5,2,1,1,0,0,0,0,2,1,703179.6043,5330552.2913,11.728918377,48.095815608,1,#66c2a5,bicycle
95769,"9,17E+18",9,1,62,0,2017,11,6,2,3,2,6,0,1,0,0,0,0,0,1,690536.15,5331990.8488,11.559927193,48.112651181,2,#fc8d62,car
95773,"9,17E+18",9,1,62,0,2017,11,18,5,2,2,6,0,1,0,0,0,0,2,0,694572.1543,5330992.1424,11.613639117,48.102455007,2,#fc8d62,car
95776,"9,17E+18",9,1,62,0,2017,11,10,2,3,1,5,0,1,0,1,0,0,0,1,700808.7037,5332533.4142,11.69804378,48.114371501,2,#fc8d62,car
95777,"9,17E+18",9,1,62,0,2017,11,6,2,3,2,6,0,1,0,1,0,0,1,1,690527.1661,5331988.8,11.5598057,48.112635454,2,#fc8d62,car
95778,"9,17E+18",9,1,84,119,2017,11,8,2,3,2,6,0,1,0,0,0,0,0,0,693545.1025,5347393.2457,11.607326055,48.250174544,2,#fc8d62,car
95779,"9,17E+18",9,1,84,135,2017,11,17,2,3,2,3,0,1,0,0,0,0,2,1,687870.5302,5347462.5478,11.530990931,48.252504775,2,#fc8d62,car
95780,"9,17E+18",9,1,84,129,2017,11,17,2,3,4,2,0,1,0,1,0,0,2,1,701361.8801,5325180881.0,11.702002531,48.048119407,2,#fc8d62,car
95783,"9,17E+18",9,7,78,203,2017,11,17,2,3,1,6,0,1,0,0,0,0,2,1,620876956.0,5322385235.0,10.621812477,48.043300011,2,#fc8d62,car
95786,"9,17E+18",9,1,81,130,2017,11,17,5,3,0,6,0,1,0,0,0,0,2,0,639049.8781,5325331549.0,10.866471894,48.066094597,2,#fc8d62,car
95788,"9,17E+18",9,1,79,136,2017,11,15,5,3,5,3,0,1,0,0,0,0,0,0,660905437.0,5341635995.0,11.165797221,48.207542425,2,#fc8d62,car
95789,"9,17E+18",9,7,62,0,2017,11,6,2,3,4,2,1,1,0,0,0,0,1,1,621443.3804,5304042.5302,10.624228387,47.878225224,1,#66c2a5,bicycle
95790,"9,17E+18",9,1,81,130,2017,11,19,5,3,2,6,0,1,0,0,0,0,2,0,641966.4323,5324257366.0,10.905242128,48.05579297,2,#fc8d62,car
95792,"9,17E+18",9,1,79,147,2017,11,12,5,1,5,3,1,1,0,0,0,0,0,0,664036.1158,5333065.8698,11.204597946,48.12969359,1,#66c2a5,bicycle
95795,"9,17E+18",9,7,72,147,2017,11,17,2,3,2,6,0,1,0,0,0,0,1,1,638967.2985,5364079073.0,10.878078748,48.414530438,2,#fc8d62,car
95796,"9,17E+18",9,7,72,130,2017,11,17,2,3,5,2,1,1,0,0,0,0,2,1,632006.9615,5357646.6521,10.782040545,48.358185301,1,#66c2a5,bicycle
95797,"9,17E+18",9,7,71,142,2017,11,6,2,3,8,7,0,1,0,0,0,0,2,1,648225.8492,5353308.1064,10.99933141,48.315577661,2,#fc8d62,car
95798,"9,17E+18",9,7,61,0,2017,11,16,2,3,3,6,0,1,0,0,0,1,0,0,636923.2478,5360227.3977,10.849213411,48.380344152,2,#fc8d62,car
95799,"9,17E+18",9,7,61,0,2017,11,9,2,3,2,6,0,1,0,0,0,0,0,1,642832.8117,5360179.5881,10.928962557,48.378604083,2,#fc8d62,car
95813,"9,17E+18",9,1,74,113,2017,11,8,5,1,2,6,0,1,0,0,0,0,0,1,674138.9718,5344564.4761,11.344975122,48.230375139,2,#fc8d62,car
95814,"9,17E+18",9,1,78,137,2017,11,9,5,3,1,6,0,1,0,0,0,0,0,0,692274.7352,5362652.1681,11.597187204,48.387700071,2,#fc8d62,car
95815,"9,17E+18",9,1,84,135,2017,11,17,5,3,3,6,0,1,0,1,0,0,2,0,688794.6852,5345148927.0,11.542397094,48.231435492,2,#fc8d62,car
95816,"9,17E+18",9,1,62,0,2017,11,9,5,3,2,6,0,1,0,0,0,0,0,0,693984.1219,5340292.6259,11.609985901,48.186223613,2,#fc8d62,car
95817,"9,17E+18",9,1,78,116,2017,11,9,5,3,8,1,0,1,0,0,0,0,0,0,703056.9056,5380769.8701,11.75145346,48.547129346,2,#fc8d62,car
95819,"9,17E+18",9,1,62,0,2017,11,21,4,3,4,2,0,1,0,0,0,0,2,0,694827.2259,5332452.0774,11.617728454,48.115498398,2,#fc8d62,car
95850,"9,17E+18",9,2,74,111,2017,11,11,2,3,8,1,0,1,0,0,0,0,0,1,738248547.0,5381284.1242,12.227869659,48.539374118,2,#fc8d62,car
95852,"9,17E+18",9,2,74,182,2017,11,16,2,3,2,6,0,1,0,0,0,0,0,1,729781.0956,5378496067.0,12.111793078,48.517486345,2,#fc8d62,car
95860,"9,17E+18",9,2,74,124,2017,11,21,2,3,0,1,0,0,0,1,0,0,2,1,722889.51,5374698986.0,12.016574502,48.485857418,4,#e78ac3,marker
95862,"9,17E+18",9,1,90,157,2017,11,10,2,3,5,3,1,1,0,0,0,0,0,1,660535.7245,5300887.4522,11.145559262,47.841274531,1,#66c2a5,bicycle
95868,"9,17E+18",9,1,63,0,2017,11,14,2,3,2,1,0,1,0,0,0,1,0,1,732914446.0,5307948563.0,12.115455718,47.882576174,2,#fc8d62,car
95869,"9,17E+18",9,1,63,0,2017,11,17,2,3,2,6,0,1,0,0,0,1,2,1,733454.67,5303192692.0,12.120103286,47.839653065,2,#fc8d62,car
95871,"9,17E+18",9,1,82,137,2017,11,22,2,3,9,1,0,1,0,0,0,0,2,1,712460425.0,5299528.2476,11.838093311,47.814002709,2,#fc8d62,car
95872,"9,17E+18",9,1,87,165,2017,11,18,2,3,5,3,1,1,0,0,0,0,2,0,733596.4974,5299763886.0,12.120147488,47.808796827,1,#66c2a5,bicycle
95873,"9,17E+18",9,1,87,150,2017,11,17,2,3,1,1,0,1,0,0,0,0,1,1,729291.6022,5303376.0868,12.06464437,47.842798627,2,#fc8d62,car
95878,"9,17E+18",9,1,62,0,2017,11,8,2,3,2,6,0,1,0,0,0,1,2,1,682931.7636,5342348.9564,11.462313255,48.207986008,2,#fc8d62,car
95879,"9,17E+18",9,1,74,146,2017,11,6,2,3,2,6,0,1,0,0,0,0,2,1,666607.0639,5351038.0343,11.246181637,48.290594801,2,#fc8d62,car
95880,"9,17E+18",9,1,88,120,2017,11,13,2,3,5,7,0,1,0,0,0,1,0,1,678481.4648,5327803.5294,11.396369065,48.078503188,2,#fc8d62,car
95881,"9,17E+18",9,1,74,113,2017,11,17,2,2,4,7,0,1,0,0,0,0,2,1,674360802.0,5344857.5588,11.348080307,48.232948793,2,#fc8d62,car
95882,"9,17E+18",9,1,74,113,2017,11,16,2,2,5,7,0,1,0,0,0,1,2,1,675033.6642,5345399.0473,11.357357367,48.237630995,2,#fc8d62,car
95883,"9,17E+18",9,1,74,115,2017,11,6,2,3,2,6,0,1,0,0,0,0,0,1,682031.3859,5345608.8991,11.451605153,48.23754715,2,#fc8d62,car
95890,"9,17E+18",9,1,84,129,2017,11,18,2,3,3,6,0,1,0,0,0,1,2,1,700065.5349,5324713.3665,11.684408694,48.044325346,2,#fc8d62,car
95891,"9,17E+18",9,1,62,0,2017,11,11,2,3,1,6,0,1,0,0,0,1,0,0,687482.2733,5344204.6568,11.524323746,48.223337603,2,#fc8d62,car
95894,"9,17E+18",9,1,87,129,2017,11,18,4,3,2,6,0,1,0,0,0,0,2,0,721095.8066,5301258.5056,11.954173988,47.826641653,2,#fc8d62,car
95895,"9,17E+18",9,1,86,152,2017,11,6,2,3,2,6,0,1,0,0,0,1,2,1,691428.8553,5373582.3942,11.590766742,48.486190658,2,#fc8d62,car
95896,"9,17E+18",9,1,84,135,2017,11,12,2,3,0,6,0,1,0,0,0,1,0,1,692362.8447,5344980.4166,11.59032059,48.22884889,2,#fc8d62,car
95897,"9,17E+18",9,1,75,139,2017,11,21,2,3,9,1,0,1,0,0,0,0,2,1,710113.3729,5330701.9619,11.822004752,48.094912415,2,#fc8d62,car
95898,"9,17E+18",9,1,75,118,2017,11,14,2,3,2,2,0,1,0,0,0,0,0,1,714680.4868,5339565.0828,11.887731099,48.173030526,2,#fc8d62,car
95899,"9,17E+18",9,1,75,135,2017,11,18,2,3,6,2,0,1,1,0,0,0,2,1,708751.5658,5339405.6586,11.808001929,48.173572855,2,#fc8d62,car
95900,"9,17E+18",9,1,78,124,2017,11,10,2,3,4,2,1,1,0,0,0,0,0,1,703226.9266,5365134.7677,11.74615541,48.406576261,1,#66c2a5,bicycle
95901,"9,17E+18",9,1,77,113,2017,11,7,2,3,5,3,0,1,0,0,0,0,0,1,720711792.0,5351867399.0,11.975153492,48.281497738,2,#fc8d62,car
95902,"9,17E+18",9,1,62,0,2017,11,19,1,3,6,4,0,1,1,0,0,0,2,1,694993.6593,5332991.3676,11.620208871,48.120294377,2,#fc8d62,car
95909,"9,17E+18",9,7,62,0,2017,11,11,1,3,4,6,1,0,0,0,0,0,0,0,621674.6023,5303580.8613,10.627189503,47.874029311,1,#66c2a5,bicycle
95910,"9,17E+18",9,7,73,179,2017,11,13,1,3,5,3,0,1,0,0,0,0,0,1,617361.9294,5376916.7598,10.589823331,48.534374195,2,#fc8d62,car
95912,"9,17E+18",9,7,71,130,2017,11,17,1,3,2,6,0,1,0,0,0,0,2,1,645638.9605,5357735446.0,10.965990368,48.355986569,2,#fc8d62,car
95913,"9,17E+18",9,7,71,145,2017,11,14,1,3,2,2,0,1,0,0,0,0,0,1,648275.9359,5345133.4486,10.997138532,48.242065373,2,#fc8d62,car
95921,"9,17E+18",9,1,81,128,2017,11,19,4,3,4,2,0,1,0,0,0,0,2,0,638561604.0,5327018766.0,10.860468392,48.081372853,2,#fc8d62,car
95922,"9,17E+18",9,1,79,113,2017,11,23,4,3,8,1,0,0,0,1,0,0,2,0,671866.7778,5335750.4598,11.310836515,48.151760883,4,#e78ac3,marker
95923,"9,17E+18",9,1,79,128,2017,11,2,4,2,8,1,0,1,0,0,0,0,2,0,656741.6197,5344585231.0,11.11088233,48.235100076,2,#fc8d62,car
95924,"9,17E+18",9,1,74,115,2017,11,18,4,3,5,3,0,1,0,0,0,0,2,0,681007.4387,5348266.4328,11.438963896,48.261727866,2,#fc8d62,car
95925,"9,17E+18",9,1,84,149,2017,11,15,4,3,2,6,0,1,0,0,0,0,0,0,690380.4738,5351728.57,11.566690598,48.290097682,2,#fc8d62,car
95926,"9,17E+18",9,1,77,113,2017,11,12,4,3,5,3,0,1,0,0,0,0,0,0,720781961.0,5353033169.0,11.976707167,48.291947235,2,#fc8d62,car
95927,"9,17E+18",9,1,62,0,2017,10,8,3,3,4,2,0,1,0,0,0,0,0,0,700598261.0,5332659.5618,11.695278875,48.115571512,2,#fc8d62,car
95928,"9,17E+18",9,1,62,0,2017,10,13,3,3,8,6,0,1,0,0,0,0,0,0,689258.5023,5339030.1215,11.54590806,48.176301655,2,#fc8d62,car
95972,"9,17E+18",9,2,74,165,2017,11,15,1,2,0,7,0,1,0,0,0,0,0,1,716948.2964,5385402.3559,11.941849018,48.584100018,2,#fc8d62,car
95973,"9,17E+18",9,2,74,126,2017,11,17,1,3,5,3,0,1,0,0,0,0,2,1,735141.34,5385615081.0,12.188286805,48.579448295,2,#fc8d62,car
95974,"9,17E+18",9,2,61,0,2017,11,8,1,3,8,1,0,1,0,0,0,0,0,0,725377.9065,5378606.8244,12.052312044,48.520076923,2,#fc8d62,car
95983,"9,17E+18",9,1,87,165,2017,11,1,1,2,2,6,0,1,0,1,0,0,2,0,734905.2881,5299521.1281,12.13747051,47.806139677,2,#fc8d62,car
95986,"9,17E+18",9,1,85,113,2017,11,14,1,2,9,1,0,1,0,0,0,0,0,1,670969.0039,5379414.5826,11.316506019,48.544514245,2,#fc8d62,car
95987,"9,17E+18",9,1,86,152,2017,11,14,1,3,5,3,0,1,0,0,0,0,0,1,690680858.0,5376334834.0,11.581910915,48.511154882,2,#fc8d62,car
95988,"9,17E+18",9,1,74,126,2017,11,20,1,3,8,1,0,1,0,0,0,0,2,1,682878.1655,5344615.5993,11.462569991,48.228375234,2,#fc8d62,car
95989,"9,17E+18",9,1,84,131,2017,11,13,1,3,8,7,0,1,0,0,0,0,0,0,703917572.0,5338290.09,11.742521161,48.165117014,2,#fc8d62,car
95990,"9,17E+18",9,1,62,0,2017,11,15,1,3,8,1,0,1,0,0,0,0,0,1,689775.3393,5344653.7322,11.555367703,48.226692093,2,#fc8d62,car
95991,"9,17E+18",9,1,62,0,2017,11,19,7,3,5,2,0,1,0,0,0,0,2,0,685470.2618,5335316.5506,11.493380159,48.144039521,2,#fc8d62,car
95992,"9,17E+18",9,1,62,0,2017,11,18,7,3,5,2,1,1,0,0,0,0,2,1,687348.7894,5335081.0753,11.518505469,48.141372599,1,#66c2a5,bicycle
95995,"9,17E+18",9,1,73,126,2017,10,13,3,3,5,3,0,1,0,0,0,0,0,0,685051743.0,5303867453.0,11.474195597,47.861473692,2,#fc8d62,car
95997,"9,17E+18",9,1,83,126,2017,10,6,3,2,1,6,0,1,0,0,0,0,2,1,727236.5521,5336579.9877,12.054790158,48.141847632,2,#fc8d62,car
95999,"9,17E+18",9,1,86,152,2017,10,17,3,3,5,2,0,1,0,0,0,0,1,0,691246.2676,5381049.2229,11.591721571,48.553351874,2,#fc8d62,car
96000,"9,17E+18",9,1,88,118,2017,10,13,3,3,5,3,0,1,0,0,0,1,0,0,669326.1867,5313696501.0,11.267977521,47.954176848,2,#fc8d62,car
96002,"9,17E+18",9,1,81,126,2017,10,12,3,3,5,3,0,1,0,0,0,0,0,0,636251276.0,5332155482.0,10.831104583,48.128062352,2,#fc8d62,car
96004,"9,17E+18",9,1,75,139,2017,10,20,3,3,9,1,0,1,0,0,0,0,2,0,710118.0066,5330711.1574,11.822071434,48.094993519,2,#fc8d62,car
96007,"9,17E+18",9,7,72,147,2017,11,20,7,3,2,1,0,1,0,0,0,0,2,0,628828.5655,5364135.2039,10.741144119,48.417189642,2,#fc8d62,car
96008,"9,17E+18",9,7,72,215,2017,11,17,7,3,2,6,0,1,0,0,0,0,2,0,633906.1975,5345660.8674,10.803863328,48.250006361,2,#fc8d62,car
96016,"9,17E+18",9,1,62,0,2017,10,16,2,3,2,6,0,1,0,0,0,0,0,0,696348.9935,5331452.8617,11.637692841,48.106050626,2,#fc8d62,car
96017,"9,17E+18",9,1,84,119,2017,10,15,2,3,5,2,0,1,0,0,0,1,0,1,694451.4501,5347418.9219,11.61953441,48.250127915,2,#fc8d62,car
96030,"9,17E+18",9,1,62,0,2017,10,18,2,3,5,7,0,1,0,0,0,1,2,0,687430.1644,5340474.4702,11.521975223,48.189825594,2,#fc8d62,car
96036,"9,17E+18",9,7,72,147,2017,10,11,2,3,2,6,0,1,0,0,0,0,0,0,638307.5754,5364517789.0,10.869312507,48.418620402,2,#fc8d62,car
96037,"9,17E+18",9,7,71,130,2017,10,17,2,2,4,2,0,1,0,1,0,0,2,0,644141.1546,5361993.3944,10.947243495,48.394615167,2,#fc8d62,car
96050,"9,17E+18",9,2,74,194,2017,11,18,7,3,9,7,0,1,0,0,0,0,2,0,718609.2073,5384538.8105,11.9638859,48.575764448,2,#fc8d62,car
96061,"9,17E+18",9,1,88,141,2017,11,11,7,2,4,7,0,1,0,0,0,0,0,0,668837.4207,5312404.9086,11.260929448,47.942694153,2,#fc8d62,car
96062,"9,17E+18",9,1,81,118,2017,11,13,7,3,9,1,0,1,0,0,0,0,0,0,650786.9841,5328449.0955,11.025021759,48.091459371,2,#fc8d62,car
96063,"9,17E+18",9,1,84,112,2017,11,19,7,2,9,1,0,1,0,0,0,1,2,0,702624911.0,5339927752.0,11.725936938,48.180247528,2,#fc8d62,car
96064,"9,17E+18",9,1,62,0,2017,11,20,6,3,6,4,1,0,1,0,0,0,2,0,685608.6526,5335300.9759,11.495232005,48.14385917,1,#66c2a5,bicycle
96065,"9,17E+18",9,1,62,0,2017,11,16,6,3,4,6,1,0,0,0,0,0,0,0,685948.3671,5335266.5303,11.499779413,48.14345036,1,#66c2a5,bicycle
96066,"9,17E+18",9,1,84,145,2017,11,14,6,3,2,6,0,1,0,0,0,0,0,0,695027.6352,5324778.1244,11.616915435,48.046466238,2,#fc8d62,car
96067,"9,17E+18",9,1,84,141,2017,11,8,6,3,4,6,0,1,0,0,0,1,0,0,693068.4009,5314904.4479,11.58621136,47.958317269,2,#fc8d62,car
96081,"9,17E+18",9,1,62,0,2017,11,18,6,3,2,6,0,1,0,0,0,0,2,0,694668.1766,5331879.9926,11.615332648,48.110405352,2,#fc8d62,car
96089,"9,17E+18",9,7,61,0,2017,11,10,6,3,4,2,0,1,0,0,0,0,0,0,643412.7708,5360544.1808,10.93691469,48.381750741,2,#fc8d62,car
96135,"9,17E+18",9,2,61,0,2017,11,17,6,3,2,6,0,1,0,0,0,0,1,0,734498.9802,5381746.8508,12.177411727,48.544942812,2,#fc8d62,car
96137,"9,17E+18",9,1,73,126,2017,11,18,6,3,5,3,0,1,0,0,0,0,2,0,684641.5082,5303965.5356,11.468757796,47.862473385,2,#fc8d62,car
96144,"9,17E+18",9,1,63,0,2017,11,7,6,3,4,2,0,1,0,0,0,0,0,1,733758924.0,5303290288.0,12.124216065,47.840419351,2,#fc8d62,car
96145,"9,17E+18",9,1,82,136,2017,11,15,6,3,2,6,0,1,0,0,0,0,0,0,703321.3537,5304313.2791,11.718403713,47.859959413,2,#fc8d62,car
96146,"9,17E+18",9,1,86,162,2017,11,14,6,3,8,1,0,0,0,1,0,0,0,0,693435.6182,5382627.4863,11.622092399,48.566864131,4,#e78ac3,marker
96148,"9,17E+18",9,1,79,123,2017,11,18,6,3,2,6,0,1,0,0,0,0,2,0,677960.7889,5332191.2612,11.39121393,48.118090888,2,#fc8d62,car
96149,"9,17E+18",9,1,62,0,2017,11,18,6,2,3,6,0,1,0,1,0,0,2,0,685500.7008,5333125767.0,11.492835027,48.124338904,2,#fc8d62,car
96150,"9,17E+18",9,1,88,145,2017,11,22,6,3,9,6,0,1,0,0,0,0,2,1,664544068.0,5328212.8948,11.209547582,48.085932708,2,#fc8d62,car
96151,"9,17E+18",9,1,79,142,2017,11,21,6,3,4,6,0,1,0,0,0,0,2,0,671823.4555,5342550.8529,11.313004618,48.212905193,2,#fc8d62,car
96152,"9,17E+18",9,1,79,136,2017,11,17,6,3,5,2,0,1,0,0,0,0,2,0,661030.2603,5341617.2318,11.167468982,48.207342082,2,#fc8d62,car
96156,"9,17E+18",9,1,87,177,2017,10,5,2,3,2,6,0,1,0,1,0,0,0,0,736093.3649,5304341851.0,12.155941034,47.849013562,2,#fc8d62,car
96157,"9,17E+18",9,1,82,127,2017,10,19,2,2,9,1,0,1,0,0,0,0,2,0,698979.7852,5311091.0528,11.663546539,47.9222347,2,#fc8d62,car
96161,"9,17E+18",9,1,78,120,2017,11,2,6,3,9,1,0,0,0,1,0,0,2,0,695114.7319,5355161.2954,11.632035133,48.319506731,4,#e78ac3,marker
96163,"9,17E+18",9,1,77,143,2017,11,11,6,3,1,6,0,1,0,0,0,0,0,0,720306.2097,5364565.9477,11.976333718,48.395729463,2,#fc8d62,car