OBJECTID,UIDENTSTLA,ULAND,UREGBEZ,UKREIS,UGEMEINDE,UJAHR,UMONAT,USTUNDE,UWOCHENTAG,UKATEGORIE,UART,UTYP1,IstRad,IstPKW,IstFuss,IstKrad,IstGkfz,IstSonstig,ULICHTVERH,STRZUSTAND,LINREFX,LINREFY,XGCSWGS84,YGCSWGS84,Teilnehmer,color,symbol
96165,"9,17E+18",9,1,77,115,2017,11,12,6,3,2,6,0,1,0,0,0,0,0,0,734091215.0,5351077619.0,12.154792419,48.269598865,2,#fc8d62,car
96166,"9,17E+18",9,1,84,129,2017,11,19,5,3,5,3,0,1,0,0,0,0,2,0,701761.0584,5326525.3433,11.707986704,48.06007611,2,#fc8d62,car
96168,"9,17E+18",9,1,62,0,2017,11,16,5,3,5,2,0,1,0,0,0,0,0,0,692114.6841,5340015626.0,11.584734725,48.184302103,2,#fc8d62,car
96169,"9,17E+18",9,1,62,0,2017,11,18,5,3,3,6,0,1,0,1,0,0,2,0,686349.6956,5331798.4548,11.503652803,48.112160551,2,#fc8d62,car
96171,"9,17E+18",9,1,84,145,2017,11,20,5,3,2,6,0,1,0,0,0,0,2,0,694321.5616,5323252.2693,11.606758983,48.032967474,2,#fc8d62,car
96172,"9,17E+18",9,1,62,0,2017,11,16,5,3,6,4,0,1,1,0,0,0,2,0,694425.1142,5331855.0539,11.612059301,48.110255449,2,#fc8d62,car
96177,"9,17E+18",9,1,81,132,2017,10,17,2,1,4,1,0,1,0,0,0,0,1,0,642038.2308,5329930.0668,10.90809126,48.106786308,2,#fc8d62,car
96178,"9,17E+18",9,1,81,130,2017,10,10,2,3,4,2,0,1,0,0,0,0,0,0,641985818.0,5322095847.0,10.904785097,48.036351986,2,#fc8d62,car
96180,"9,17E+18",9,1,88,124,2017,10,17,2,3,8,7,0,1,0,0,0,0,2,0,659224.6038,5322686.5658,11.136111043,48.037597406,2,#fc8d62,car
96182,"9,17E+18",9,1,88,117,2017,10,14,2,3,5,3,0,1,0,0,0,1,0,0,665946.8278,5315977235.0,11.223629899,47.975566326,2,#fc8d62,car
96201,"9,17E+18",9,1,79,137,2017,10,8,2,3,5,3,0,1,0,0,0,0,0,0,656021.9449,5345258.5588,11.101445076,48.241331278,2,#fc8d62,car
96203,"9,17E+18",9,1,74,146,2017,10,13,2,3,9,1,0,1,0,0,0,0,0,1,668462.0302,5350244.52,11.270853407,48.282970373,2,#fc8d62,car
96206,"9,17E+18",9,1,78,120,2017,10,18,2,3,1,6,0,1,0,0,0,0,2,0,694990.0837,5352939.5531,11.629328859,48.29957791,2,#fc8d62,car
96207,"9,17E+18",9,1,78,120,2017,10,17,2,3,1,1,0,1,0,0,0,0,1,0,695652283.0,5353426.8783,11.63847427,48.303753179,2,#fc8d62,car
96208,"9,17E+18",9,1,78,143,2017,10,19,2,2,5,2,0,1,0,0,0,0,2,0,718988.1434,5372926.0852,11.962919251,48.471299983,2,#fc8d62,car
96209,"9,17E+18",9,1,78,157,2017,10,17,2,3,2,6,0,1,0,0,0,0,1,0,704415.0052,5369590778.0,11.764362636,48.446234054,2,#fc8d62,car
96210,"9,17E+18",9,1,78,124,2017,10,13,2,3,2,1,0,1,0,0,0,0,0,1,703293.6246,5361121.9666,11.745114045,48.370494797,2,#fc8d62,car
96211,"9,17E+18",9,1,77,133,2017,10,18,2,3,7,7,0,1,0,0,0,0,2,1,711248.7928,5361637.4448,11.852657339,48.372514583,2,#fc8d62,car
96212,"9,17E+18",9,1,75,115,2017,10,20,2,2,8,1,0,1,0,0,0,0,2,0,724547.1052,5330138.2494,12.015296538,48.084926433,2,#fc8d62,car
96213,"9,17E+18",9,1,84,136,2017,10,11,1,3,5,3,0,1,0,0,0,0,0,1,698425.2566,5327084.4908,11.663524375,48.06614742,2,#fc8d62,car
96245,"9,17E+18",9,1,85,158,2017,11,18,3,3,8,1,0,1,0,0,0,0,2,1,669980.6025,5382208436.0,11.304266086,48.569896871,2,#fc8d62,car
96248,"9,17E+18",9,1,79,134,2017,11,16,3,3,6,2,0,0,1,0,0,1,0,0,667564.6504,5342702.8562,11.255781398,48.21541044,3,#8da0cb,toilet
96249,"9,17E+18",9,1,81,122,2017,11,15,3,2,8,1,0,1,0,0,0,0,0,0,647758.7631,5333247.6196,10.986041886,48.135315078,2,#fc8d62,car
96250,"9,17E+18",9,1,81,130,2017,11,6,3,3,9,1,0,1,0,0,0,0,2,1,636412803.0,5325736811.0,10.83122257,48.070308334,2,#fc8d62,car
96251,"9,17E+18",9,1,88,126,2017,11,18,3,3,2,6,0,1,0,0,0,0,2,1,659757.1201,5330270.9365,11.146084649,48.10565368,2,#fc8d62,car
96252,"9,17E+18",9,1,81,123,2017,11,18,3,3,8,1,0,0,0,0,0,1,2,1,653590404.0,5326216929.0,11.061843253,48.070720016,6,#ffd92f,circle
96254,"9,17E+18",9,1,74,143,2017,11,17,3,3,8,1,0,1,0,0,0,0,2,0,676293.1725,5352231.2433,11.377153461,48.298696848,2,#fc8d62,car
96279,"9,17E+18",9,2,74,126,2017,11,16,7,3,5,2,0,1,0,0,0,0,1,1,733073.1322,5382814.1985,12.158719738,48.555061673,2,#fc8d62,car
96280,"9,17E+18",9,2,74,146,2017,11,15,7,3,2,6,0,1,0,0,0,0,0,1,733449.2423,5375776.0282,12.159869836,48.49170037,2,#fc8d62,car
96284,"9,17E+18",9,1,73,120,2017,11,9,7,2,8,1,0,1,0,0,0,0,0,1,684381.2473,5310459.8375,11.468055261,47.920925472,2,#fc8d62,car
96292,"9,17E+18",9,1,82,137,2017,11,22,7,2,9,1,0,1,0,0,0,0,2,1,712453.6319,5299571.4131,11.838023836,47.814392855,2,#fc8d62,car
96295,"9,17E+18",9,1,87,122,2017,11,12,7,3,4,6,0,1,0,0,0,0,0,1,722162.5857,5306841.4312,11.971274716,47.87643854,2,#fc8d62,car
96296,"9,17E+18",9,1,87,117,2017,11,11,7,3,9,1,0,1,0,0,0,0,0,1,723415.0803,5305376.3409,11.987245233,47.862840013,2,#fc8d62,car
96297,"9,17E+18",9,1,74,126,2017,11,7,3,3,2,6,0,1,0,0,0,0,0,1,683832.9477,5345832.7845,11.475942403,48.239039813,2,#fc8d62,car
96298,"9,17E+18",9,1,86,143,2017,11,4,7,3,5,3,0,1,0,0,0,1,2,1,685553.1516,5378581.8273,11.513549477,48.532885972,2,#fc8d62,car
96299,"9,17E+18",9,1,84,112,2017,11,12,3,3,2,6,0,0,0,0,0,1,0,0,701768.1295,5340638.0496,11.714761308,48.186903455,6,#ffd92f,circle
96303,"9,17E+18",9,1,84,121,2017,11,15,3,3,2,6,0,1,0,0,0,0,0,0,703696.3515,5328748.1521,11.734990249,48.079437246,2,#fc8d62,car
96304,"9,17E+18",9,1,77,115,2017,11,7,3,3,4,6,0,1,0,0,0,1,1,1,739761.9411,5356530.9255,12.234185812,48.316461969,2,#fc8d62,car
96305,"9,17E+18",9,1,77,121,2017,11,7,3,3,2,6,0,1,0,0,0,0,1,1,731304.9358,5366385.4816,12.125704164,48.408137239,2,#fc8d62,car
96306,"9,17E+18",9,1,84,127,2017,11,17,2,3,2,6,0,1,0,0,0,0,2,0,704626.0723,5321610.2439,11.744046485,48.014992843,2,#fc8d62,car
96307,"9,17E+18",9,1,84,138,2017,11,12,2,2,5,3,0,1,0,0,0,0,0,0,677617.8731,5331673.3926,11.386394702,48.113531413,2,#fc8d62,car
96312,"9,17E+18",9,1,62,0,2017,11,16,7,3,5,3,0,1,0,0,0,0,1,1,678070.1826,5335132.1134,11.393911577,48.144495986,2,#fc8d62,car
96314,"9,17E+18",9,1,81,127,2017,11,15,7,2,9,1,0,1,0,0,0,0,0,1,636655.5626,5327485.33,10.835038922,48.085979825,2,#fc8d62,car
96316,"9,17E+18",9,1,74,131,2017,11,14,7,3,2,6,0,1,0,0,0,0,0,1,677009.6022,5356246.7175,11.38849033,48.334591408,2,#fc8d62,car
96317,"9,17E+18",9,1,62,0,2017,11,16,1,3,9,1,0,1,0,0,0,0,2,1,685261.5629,5328860.9139,11.4877728,48.086073802,2,#fc8d62,car
96318,"9,17E+18",9,1,78,113,2017,11,22,7,3,9,1,0,0,0,0,0,1,2,1,692244.8022,5367496.3866,11.599002382,48.431245565,6,#ffd92f,circle
96319,"9,17E+18",9,1,77,130,2017,11,14,7,3,4,2,0,1,0,0,0,0,0,1,712693.7462,5352129.9737,11.867347147,48.286601176,2,#fc8d62,car
96321,"9,17E+18",9,7,78,203,2017,11,7,2,3,5,3,0,1,0,0,0,0,0,1,621377.6919,5325136.6773,10.629308773,48.067949978,2,#fc8d62,car
96323,"9,17E+18",9,1,77,133,2017,11,18,7,3,4,6,0,1,0,0,0,0,1,1,713090494.0,5356062.2415,11.874673809,48.321800685,2,#fc8d62,car
96325,"9,17E+18",9,1,75,115,2017,11,15,7,3,2,2,0,1,0,0,0,0,0,1,723492.2197,5330064293.0,12.00111267,48.084632594,2,#fc8d62,car
96327,"9,17E+18",9,1,62,0,2017,11,21,6,3,4,2,0,1,0,0,0,0,2,1,693838.4083,5331645.7999,11.604090409,48.108553548,2,#fc8d62,car
96330,"9,17E+18",9,1,84,149,2017,11,6,6,3,5,2,0,1,0,0,0,0,2,1,691979.9609,5348224.7471,11.586640949,48.258123728,2,#fc8d62,car
96331,"9,17E+18",9,1,84,119,2017,11,19,6,2,6,2,0,1,1,0,0,0,2,0,696979.9614,5347958.7812,11.653810533,48.254199003,2,#fc8d62,car
96333,"9,17E+18",9,1,62,0,2017,11,17,6,3,6,4,0,1,1,0,0,0,2,1,700730.0734,5332556.8126,11.696999538,48.11460657,2,#fc8d62,car
96347,"9,17E+18",9,7,61,0,2017,11,15,6,3,2,6,0,1,0,0,0,0,0,1,639943.7985,5354010.8112,10.887917793,48.32378346,2,#fc8d62,car
96349,"9,17E+18",9,7,72,177,2017,11,17,6,3,5,3,1,1,0,0,0,0,2,1,636810.1959,5378737.9159,10.85374058,48.546810803,1,#66c2a5,bicycle
96351,"9,17E+18",9,7,72,147,2017,11,14,6,3,0,2,1,0,0,0,0,1,0,1,637908.9542,5365001.6406,10.864086987,48.423058457,1,#66c2a5,bicycle
96352,"9,17E+18",9,7,71,122,2017,11,16,6,3,8,1,0,1,0,0,0,0,0,1,648794.9323,5360059083.0,11.009388099,48.376142785,2,#fc8d62,car
96353,"9,17E+18",9,7,71,146,2017,11,7,6,3,0,2,1,1,0,0,0,0,0,1,646779.8049,5348727.8343,10.978246538,48.274732148,1,#66c2a5,bicycle
96354,"9,17E+18",9,7,61,0,2017,11,14,6,3,4,2,0,1,0,1,0,0,0,1,637027.1331,5360047603.0,10.850557053,48.378704903,2,#fc8d62,car
96355,"9,17E+18",9,7,61,0,2017,11,17,6,3,2,6,0,1,0,1,0,0,2,1,642172.3062,5362304.1538,10.920766635,48.397856332,2,#fc8d62,car
96361,"9,17E+18",9,7,73,188,2017,11,16,2,3,4,1,0,1,0,0,0,0,0,0,621160.0759,5377100.2917,10.641305986,48.535302763,2,#fc8d62,car
96364,"9,17E+18",9,7,61,0,2017,11,14,6,3,4,2,0,1,0,1,0,0,0,1,640991.2948,5360400.8165,10.904181392,48.381007483,2,#fc8d62,car
96373,"9,17E+18",9,7,71,156,2017,11,20,6,3,5,3,0,1,0,0,0,0,2,1,656236.4712,5384040.4262,11.118776988,48.589943609,2,#fc8d62,car
96375,"9,17E+18",9,1,87,164,2017,11,12,1,3,8,1,0,1,0,0,0,0,0,1,735860.7214,5321676317.0,12.162324042,48.004825285,2,#fc8d62,car
96400,"9,17E+18",9,1,62,0,2017,11,18,1,3,2,6,0,1,0,0,0,0,2,1,692763.5153,5339088.4898,11.593034366,48.175772771,2,#fc8d62,car
96412,"9,17E+18",9,1,78,145,2017,11,1,1,3,3,1,0,1,0,0,0,0,2,1,699300.8111,5356790.4358,11.689210188,48.332841941,2,#fc8d62,car
96413,"9,17E+18",9,1,62,0,2017,11,17,7,3,0,1,0,1,0,0,0,0,2,1,692710276.0,5330086553.0,11.588246711,48.094881585,2,#fc8d62,car
96414,"9,17E+18",9,1,84,135,2017,11,12,7,2,5,3,0,1,0,0,0,0,0,1,692117.4371,5344755.7163,11.58691763,48.226903736,2,#fc8d62,car
96415,"9,17E+18",9,1,62,0,2017,11,17,7,3,6,2,0,1,1,0,0,0,2,1,687350.9222,5335080.7083,11.51853395,48.141368673,2,#fc8d62,car
96425,"9,17E+18",9,1,84,122,2017,11,12,7,3,0,6,0,1,0,1,0,0,0,1,687996754.0,5323795.9362,11.522239036,48.039747262,2,#fc8d62,car
96426,"9,17E+18",9,1,62,0,2017,11,19,7,3,3,2,1,1,0,0,0,0,2,1,694763.6798,5337148.1701,11.619022726,48.157724296,1,#66c2a5,bicycle
96447,"9,17E+18",9,2,74,114,2017,11,12,6,3,9,1,0,1,0,0,0,0,0,0,736577.2842,5371447.7561,12.199693478,48.451652744,2,#fc8d62,car
96455,"9,17E+18",9,2,74,146,2017,11,17,6,3,2,6,0,1,0,0,0,0,2,1,733441.7205,5377368.3307,12.160658123,48.506006346,2,#fc8d62,car
96476,"9,17E+18",9,1,63,0,2017,11,13,6,3,5,3,0,1,0,0,0,0,0,0,730914721.0,5303344.65,12.086289308,47.841935361,2,#fc8d62,car
96478,"9,17E+18",9,1,82,120,2017,11,18,6,3,2,6,0,1,0,0,0,0,2,1,701586.1546,5305608.2065,11.695834639,47.872144194,2,#fc8d62,car
96479,"9,17E+18",9,1,82,120,2017,11,17,6,3,9,1,0,1,0,0,0,1,2,1,699169.8777,5301752.1668,11.661782226,47.838241138,2,#fc8d62,car
96480,"9,17E+18",9,1,87,150,2017,11,8,6,3,5,3,0,0,0,1,0,0,1,0,728952.8549,5304335.4559,12.060630992,47.851538859,4,#e78ac3,marker
96488,"9,17E+18",9,1,86,162,2017,11,16,6,3,3,1,0,1,0,0,0,0,2,1,692018.3358,5385115.8597,11.604050477,48.589662815,2,#fc8d62,car
96490,"9,17E+18",9,1,86,152,2017,11,5,6,3,3,6,0,1,0,0,0,1,2,0,690986.6985,5381725.8281,11.588518103,48.559511704,2,#fc8d62,car
96496,"9,17E+18",9,1,62,0,2017,11,11,6,3,2,6,0,1,0,0,0,0,0,0,678530.6475,5336499.8626,11.400669982,48.156661693,2,#fc8d62,car
96497,"9,17E+18",9,1,79,123,2017,11,11,6,3,5,2,1,1,0,0,0,0,0,0,676446.9942,5334500.9242,11.371847958,48.139274346,1,#66c2a5,bicycle
96499,"9,17E+18",9,1,74,143,2017,11,14,6,2,4,6,0,1,0,0,0,1,0,1,677102.7797,5353331.2748,11.388522006,48.308358823,2,#fc8d62,car
96500,"9,17E+18",9,1,74,151,2017,11,20,6,3,8,1,0,1,0,0,0,0,2,1,678962.5689,5360673.6611,11.416700777,48.373833521,2,#fc8d62,car
96502,"9,17E+18",9,1,74,115,2017,11,14,6,3,2,6,0,1,0,0,0,0,0,1,683299.5466,5348008.6622,11.469707349,48.258751957,2,#fc8d62,car
96504,"9,17E+18",9,1,74,151,2017,11,17,6,2,6,4,0,1,1,0,0,0,2,1,678490.0909,5361195.1398,11.410547737,48.378654701,2,#fc8d62,car
96506,"9,17E+18",9,1,75,111,2017,11,12,6,3,8,1,0,1,0,0,0,0,0,0,713819.7315,5338583.8656,11.875674623,48.164503864,2,#fc8d62,car
96523,"9,17E+18",9,1,84,121,2017,11,4,6,3,7,7,0,0,0,0,0,1,2,0,704748637.0,5330896776.0,11.750132306,48.098409228,6,#ffd92f,circle
96524,"9,17E+18",9,1,84,135,2017,11,18,6,3,2,6,0,1,0,0,0,0,2,1,692561.9478,5344978.6757,11.592998033,48.228772834,2,#fc8d62,car
96526,"9,17E+18",9,1,78,143,2017,11,8,6,3,8,1,0,1,0,0,0,1,0,0,720789561.0,5373444393.0,11.987531772,48.475326871,2,#fc8d62,car
96528,"9,17E+18",9,1,78,145,2017,11,17,6,2,2,6,1,1,0,0,0,0,2,1,698943.8809,5352780.9025,11.68250867,48.296921461,1,#66c2a5,bicycle
96529,"9,17E+18",9,1,77,113,2017,11,14,6,3,5,3,0,1,0,0,0,0,0,1,721630.7515,5357359.0895,11.990406976,48.330516596,2,#fc8d62,car
96532,"9,17E+18",9,1,62,0,2017,11,20,5,3,2,6,0,1,0,0,0,0,2,0,692042377.0,5331481.71,11.579913539,48.107622726,2,#fc8d62,car
96536,"9,17E+18",9,7,78,137,2017,11,17,5,3,0,1,1,0,0,0,0,0,2,0,623108.3401,5329224.8054,10.65370858,48.104384046,1,#66c2a5,bicycle
96539,"9,17E+18",9,1,82,136,2017,11,15,3,2,5,3,0,1,0,0,0,0,0,0,703111.1196,5300661.3058,11.713882381,47.82720444,2,#fc8d62,car
96540,"9,17E+18",9,7,62,0,2017,11,17,5,3,6,4,0,1,1,0,0,0,2,0,622189.3216,5307368.2542,10.635142299,47.907994218,2,#fc8d62,car
96541,"9,17E+18",9,7,72,159,2017,11,5,5,3,4,3,0,1,0,0,0,0,2,1,626021.58,5361251043.0,10.702358772,48.391821302,2,#fc8d62,car
96542,"9,17E+18",9,2,61,0,2017,11,7,3,2,4,2,0,1,0,0,0,0,0,0,731338.67,5382077417.0,12.134840995,48.549085397,2,#fc8d62,car
96543,"9,17E+18",9,7,72,184,2017,11,13,5,3,2,6,0,1,0,0,0,0,0,0,634897.1978,5362455.9716,10.822580864,48.400819991,2,#fc8d62,car
96545,"9,17E+18",9,7,71,130,2017,11,17,5,3,5,3,0,1,0,0,0,0,2,1,648687.1199,5356901.3533,11.006817083,48.347776767,2,#fc8d62,car
96586,"9,17E+18",9,2,74,124,2017,11,7,2,2,8,1,0,1,0,0,0,0,2,1,724562.9651,5377441.5254,12.040664353,48.509900181,2,#fc8d62,car
96604,"9,17E+18",9,2,74,126,2017,11,16,2,3,4,2,0,1,0,0,0,0,2,0,731900795.0,5383988756.0,12.143510973,48.566046966,2,#fc8d62,car
96605,"9,17E+18",9,2,61,0,2017,11,17,2,3,4,2,1,1,0,0,0,0,2,1,732447472.0,5382736028.0,12.150210223,48.554591666,1,#66c2a5,bicycle
96607,"9,17E+18",9,1,90,157,2017,11,7,2,3,5,2,0,1,0,1,0,0,1,1,661306713.0,5300386799.0,11.155669435,47.836580147,2,#fc8d62,car
96641,"9,17E+18",9,2,61,0,2017,11,19,5,3,4,2,0,1,0,1,0,0,2,0,733723.7037,5381377293.0,12.166716338,48.541912494,2,#fc8d62,car
96643,"9,17E+18",9,1,87,182,2017,11,5,2,3,5,3,0,1,0,0,0,1,2,0,736496.4,5327990628.0,12.174318895,48.06131401,2,#fc8d62,car
96645,"9,17E+18",9,1,87,137,2017,11,17,2,2,4,6,1,1,0,0,0,0,1,0,728358774.0,5310343.2353,12.055876518,47.905727554,1,#66c2a5,bicycle
96649,"9,17E+18",9,1,85,158,2017,11,21,2,3,0,1,1,0,0,0,0,0,2,1,666396.4604,5381138.7038,11.255291104,48.561242481,1,#66c2a5,bicycle
96652,"9,17E+18",9,1,90,157,2017,11,17,5,3,5,3,0,1,0,1,0,0,2,0,660631.1027,5301093.6602,11.146909599,47.843104747,2,#fc8d62,car
96653,"9,17E+18",9,1,79,142,2017,11,19,2,3,2,6,0,1,0,0,0,0,2,0,673786.3346,5344309.0757,11.340125855,48.228175984,2,#fc8d62,car
96655,"9,17E+18",9,1,79,134,2017,11,17,2,2,2,6,0,1,0,0,0,0,2,0,673139.0335,5343706.1458,11.331170832,48.222933035,2,#fc8d62,car
96657,"9,17E+18",9,1,79,145,2017,11,9,2,3,3,3,0,1,0,0,0,0,0,1,674041307.0,5335284405.0,11.33985847,48.146979981,2,#fc8d62,car
96660,"9,17E+18",9,1,79,145,2017,11,6,2,2,5,3,1,1,0,0,0,0,1,1,673303654.0,5336882119.0,11.330600479,48.161544018,1,#66c2a5,bicycle
96661,"9,17E+18",9,1,74,126,2017,11,10,2,3,4,2,0,1,0,0,0,0,0,1,683219179.0,5344352829.0,11.467043951,48.225914922,2,#fc8d62,car
96662,"9,17E+18",9,1,84,149,2017,11,19,2,3,2,6,0,1,0,0,0,0,2,1,691151.4162,5352331.8463,11.577346497,48.295287353,2,#fc8d62,car
96664,"9,17E+18",9,1,78,145,2017,11,17,2,3,2,6,0,1,0,0,0,0,2,0,697320.2581,5356545.1466,11.662401446,48.331258963,2,#fc8d62,car
96665,"9,17E+18",9,1,78,113,2017,11,17,2,3,2,6,0,0,0,0,0,1,2,0,691571.0184,5366730.7465,11.589553186,48.424569806,6,#ffd92f,circle
96666,"9,17E+18",9,1,62,0,2017,11,11,2,3,2,6,0,1,0,0,0,0,0,0,694550.2825,5341771.9233,11.618272845,48.199345642,2,#fc8d62,car
96670,"9,17E+18",9,1,86,143,2017,11,7,5,3,5,3,0,1,0,0,0,0,0,1,688060.1565,5382597.6133,11.549288735,48.568231327,2,#fc8d62,car
96672,"9,17E+18",9,1,79,121,2017,11,7,5,3,5,3,1,1,0,0,0,0,1,1,664978.7396,5340012.7103,11.219951009,48.191903313,1,#66c2a5,bicycle
96673,"9,17E+18",9,1,79,136,2017,11,19,5,2,0,7,1,0,0,0,0,0,2,0,660505.2098,5341583.0482,11.160394089,48.207167739,1,#66c2a5,bicycle
96674,"9,17E+18",9,1,78,130,2017,11,7,5,3,1,1,0,1,0,0,0,1,0,0,702320.0052,5357322.5604,11.730156612,48.336664632,2,#fc8d62,car
96675,"9,17E+18",9,1,78,133,2017,11,6,5,2,4,6,0,1,0,0,0,0,2,1,688214.6406,5366833.1952,11.544276437,48.426502247,2,#fc8d62,car
96676,"9,17E+18",9,1,78,157,2017,11,19,5,3,5,3,0,1,0,0,0,1,2,0,703653.8817,5370504.6622,11.754526608,48.454692956,2,#fc8d62,car
96678,"9,17E+18",9,1,77,115,2017,11,17,5,3,2,6,0,1,0,0,0,1,2,0,734134.0654,5350851.3458,12.155243743,48.267550393,2,#fc8d62,car
96679,"9,17E+18",9,1,84,136,2017,11,12,4,3,5,3,1,1,0,0,0,0,0,0,698224.8279,5326986.5645,11.660791573,48.065329628,1,#66c2a5,bicycle
96680,"9,17E+18",9,1,84,119,2017,11,17,4,3,1,6,0,1,0,0,0,0,2,1,698178.9542,5346232.2486,11.669137739,48.238308836,2,#fc8d62,car
96681,"9,17E+18",9,1,62,0,2017,11,16,4,3,5,3,1,1,0,0,0,0,1,0,686655.5386,5335179.4918,11.509238615,48.142460951,1,#66c2a5,bicycle
96682,"9,17E+18",9,1,78,145,2017,11,7,2,3,2,6,0,1,0,0,0,0,0,1,693444.2786,5356848.6521,11.61029995,48.335184795,2,#fc8d62,car
96683,"9,17E+18",9,1,86,152,2017,11,6,2,3,5,6,0,1,0,0,0,1,2,1,691503.8209,5373768.3241,11.591865438,48.487838817,2,#fc8d62,car
96684,"9,17E+18",9,1,78,150,2017,11,6,2,3,2,6,0,1,0,0,0,0,2,1,691117.9664,5371902.5164,11.585795763,48.47118775,2,#fc8d62,car
96685,"9,17E+18",9,1,75,135,2017,11,15,2,3,0,2,0,0,0,1,0,0,0,1,709116.4239,5338746.8803,11.812579663,48.167533093,4,#e78ac3,marker
96686,"9,17E+18",9,1,78,124,2017,11,13,2,3,5,1,1,1,0,0,0,0,0,0,702874.5854,5363918.2685,11.740812196,48.395757979,1,#66c2a5,bicycle
96687,"9,17E+18",9,1,62,0,2017,11,17,1,3,4,3,0,1,0,0,0,0,2,1,694600.3046,5332002.8494,11.614477831,48.111530283,2,#fc8d62,car
96692,"9,17E+18",9,7,62,0,2017,11,18,1,3,4,6,0,1,0,0,0,0,2,1,622401.6634,5300931.6701,10.636158511,47.85006502,2,#fc8d62,car
96695,"9,17E+18",9,1,84,119,2017,11,16,4,3,2,6,0,1,0,0,0,0,1,0,698379.6888,5346217.5068,11.671831343,48.238113586,2,#fc8d62,car
96697,"9,17E+18",9,7,78,173,2017,11,16,4,3,2,6,0,1,0,0,0,0,0,0,614540.6834,5321061.3147,10.536476771,48.032561253,2,#fc8d62,car
96698,"9,17E+18",9,1,81,122,2017,11,5,1,3,8,1,0,1,0,0,0,0,2,1,649855894.0,5331992369.0,11.013770242,48.12353818,2,#fc8d62,car
96706,"9,17E+18",9,7,61,0,2017,11,6,4,3,4,2,0,1,0,0,0,0,2,1,643516123.0,5359345.79,10.93790059,48.370951976,2,#fc8d62,car
96707,"9,17E+18",9,7,61,0,2017,11,19,4,3,0,1,1,0,0,0,0,0,1,0,641396.3084,5357518.6991,10.908679231,48.35500197,1,#66c2a5,bicycle
96718,"9,17E+18",9,7,72,200,2017,11,12,1,3,9,7,0,1,0,0,0,0,0,1,625155.1357,5343146.3565,10.685288669,48.229182216,2,#fc8d62,car
96765,"9,17E+18",9,1,87,117,2017,11,14,3,3,5,3,1,0,0,0,0,0,0,0,725180.4802,5305765.3875,12.011019143,47.865719337,1,#66c2a5,bicycle
96783,"9,17E+18",9,2,61,0,2017,11,7,4,3,5,3,1,1,0,0,0,0,0,0,732360772.0,5382046984.0,12.148652651,48.5484343,1,#66c2a5,bicycle
96788,"9,17E+18",9,1,62,0,2017,11,17,4,3,2,6,0,1,0,0,0,0,2,0,686894.5845,5331233.9723,11.51071893,48.106927118,2,#fc8d62,car
96792,"9,17E+18",9,1,62,0,2017,11,18,4,2,2,6,0,1,0,0,0,0,2,1,694572.3256,5331437.5431,11.613844507,48.10645806,2,#fc8d62,car
96793,"9,17E+18",9,1,84,148,2017,11,8,4,3,2,6,0,1,0,0,0,0,0,1,696630.9082,5326290.4843,11.639099831,48.059566844,2,#fc8d62,car
96799,"9,17E+18",9,1,85,158,2017,11,12,4,3,5,3,0,1,0,0,0,0,0,0,668963.0187,5381580.0457,11.290227978,48.564523347,2,#fc8d62,car
96804,"9,17E+18",9,1,81,145,2017,11,7,4,2,8,1,0,1,0,0,0,0,0,1,644807.1141,5333767.2821,10.94656913,48.140666315,2,#fc8d62,car
96805,"9,17E+18",9,1,81,130,2017,11,15,4,3,8,1,0,1,0,0,0,0,0,0,636230.1517,5325270.2519,10.828623252,48.066151848,2,#fc8d62,car
96806,"9,17E+18",9,1,77,143,2017,11,7,4,3,5,3,1,1,0,0,0,0,0,0,721474.9226,5364896477.0,11.992274972,48.398289723,1,#66c2a5,bicycle
96807,"9,17E+18",9,1,62,0,2017,11,19,3,3,2,6,0,1,0,0,0,0,2,0,687318772.0,5331950491.0,11.516726358,48.11324283,2,#fc8d62,car
96808,"9,17E+18",9,1,62,0,2017,11,13,3,3,2,6,0,1,0,0,0,0,0,0,692192.7264,5342941.0998,11.587107937,48.210571778,2,#fc8d62,car
96809,"9,17E+18",9,1,84,121,2017,11,17,3,1,6,4,0,1,1,0,0,0,2,1,703035.0887,5330404235.0,11.72690925,48.094531107,2,#fc8d62,car
96810,"9,17E+18",9,1,84,144,2017,11,9,3,3,8,7,0,1,0,0,0,0,0,1,686265.5746,5316784.9936,11.495991325,47.977235952,2,#fc8d62,car
96811,"9,17E+18",9,1,84,136,2017,11,12,3,3,5,7,0,1,0,0,0,0,0,1,698569518.0,5327165.6739,11.66549637,48.066832154,2,#fc8d62,car
96818,"9,17E+18",9,7,78,116,2017,11,19,3,3,4,2,0,1,0,0,0,0,2,0,620362084.0,5315995941.0,10.613113505,47.98593461,2,#fc8d62,car
96821,"9,17E+18",9,7,71,130,2017,11,22,3,3,2,6,0,1,0,0,0,1,2,0,645940.3068,5362807.4656,10.971816823,48.401520853,2,#fc8d62,car