OBJECTID,UIDENTSTLA,ULAND,UREGBEZ,UKREIS,UGEMEINDE,UJAHR,UMONAT,USTUNDE,UWOCHENTAG,UKATEGORIE,UART,UTYP1,IstRad,IstPKW,IstFuss,IstKrad,IstGkfz,IstSonstig,ULICHTVERH,STRZUSTAND,LINREFX,LINREFY,XGCSWGS84,YGCSWGS84,Teilnehmer,color,symbol
96822,"9,17E+18",9,7,72,147,2017,11,10,3,3,2,6,0,1,0,0,0,0,0,0,639230.2703,5364062437.0,10.881625177,48.414322804,2,#fc8d62,car
96824,"9,17E+18",9,7,71,130,2017,11,17,3,3,2,6,0,1,0,0,0,0,2,0,644922.3145,5357687.2386,10.956305591,48.355718002,2,#fc8d62,car
96839,"9,17E+18",9,7,72,202,2017,11,7,3,3,6,2,0,1,1,0,0,0,0,1,636724143.0,5358784601.0,10.846056655,48.367413816,2,#fc8d62,car
96869,"9,17E+18",9,1,85,166,2017,11,20,3,3,7,7,0,1,0,0,0,0,2,1,673835.4384,5383528.7151,11.357028785,48.580707177,2,#fc8d62,car
96874,"9,17E+18",9,1,75,111,2017,11,18,4,3,2,6,0,1,0,0,0,0,2,0,710715.3839,5338323.8546,11.833848633,48.163203857,2,#fc8d62,car
96900,"9,17E+18",9,1,86,143,2017,11,14,1,3,5,3,0,1,0,0,0,0,0,0,688060.7301,5382598.7042,11.549296995,48.568240959,2,#fc8d62,car
96901,"9,17E+18",9,7,71,129,2017,11,7,1,3,2,6,0,1,0,0,0,1,0,1,659008.5338,5356844.6223,11.146004587,48.344752871,2,#fc8d62,car
96902,"9,17E+18",9,1,62,0,2017,11,13,1,2,3,7,0,1,0,0,0,0,0,1,678070.1826,5335132.1134,11.393911577,48.144495986,2,#fc8d62,car
96903,"9,17E+18",9,1,81,130,2017,11,9,1,3,5,3,0,1,0,0,0,0,0,1,641905.6823,5323600.4108,10.904209417,48.049899057,2,#fc8d62,car
96904,"9,17E+18",9,1,88,117,2017,11,14,1,2,8,1,0,1,0,0,0,0,0,1,662221127.0,5313671062.0,11.172874201,47.955787425,2,#fc8d62,car
96906,"9,17E+18",9,1,81,123,2017,11,13,1,3,5,3,0,1,0,0,0,0,0,1,656254997.0,5326747835.0,11.097782997,48.074846161,2,#fc8d62,car
96908,"9,17E+18",9,1,74,143,2017,11,13,1,3,9,1,0,1,0,0,0,0,0,0,672656.6729,5356296.8782,11.32982547,48.336246576,2,#fc8d62,car
96910,"9,17E+18",9,1,78,140,2017,11,7,1,3,0,1,0,1,0,0,0,0,1,1,707637.3457,5363554.1685,11.804897278,48.390936243,2,#fc8d62,car
96912,"9,17E+18",9,1,62,0,2017,11,13,1,3,9,1,0,1,0,0,0,0,0,1,692717.7948,5339110.5484,11.592429993,48.175984893,2,#fc8d62,car
96913,"9,17E+18",9,1,77,117,2017,11,16,3,3,4,3,0,1,0,0,0,0,1,0,714512532.0,5356324.7777,11.893965858,48.323678809,2,#fc8d62,car
96914,"9,17E+18",9,1,75,127,2017,11,2,1,2,2,2,0,1,0,0,0,0,2,0,712990.2579,5341501.9703,11.865995759,48.191003327,2,#fc8d62,car
96915,"9,17E+18",9,1,77,139,2017,11,12,1,3,8,1,0,1,0,0,0,0,0,1,738213.1924,5360535.4174,12.215592194,48.353017456,2,#fc8d62,car
96916,"9,17E+18",9,1,87,129,2017,11,6,3,2,4,1,0,1,0,0,0,0,2,2,721195.1649,5299490.1191,11.954597276,47.810717676,2,#fc8d62,car
96917,"9,17E+18",9,1,62,0,2017,11,13,7,3,6,4,0,1,1,0,0,0,0,1,699222.3885,5333034.5083,11.676988542,48.119373108,2,#fc8d62,car
96920,"9,17E+18",9,7,71,130,2017,11,11,3,3,1,6,0,1,0,0,0,1,0,1,645605.2101,5357726.7122,10.965532026,48.355915824,2,#fc8d62,car
96921,"9,17E+18",9,1,62,0,2017,11,11,3,3,1,6,0,1,0,0,0,0,0,1,685967.8192,5340775.2179,11.502449818,48.192958629,2,#fc8d62,car
96922,"9,17E+18",9,7,78,137,2017,11,12,7,3,9,1,0,1,0,0,0,0,0,0,620957.4083,5329112.8998,10.624795641,48.103789712,2,#fc8d62,car
96925,"9,17E+18",9,7,77,141,2017,11,16,7,3,5,2,0,1,0,0,0,0,2,0,630896.7392,5305753.5185,10.751120933,47.891754731,2,#fc8d62,car
96927,"9,17E+18",9,7,72,160,2017,11,16,7,2,2,6,0,1,0,0,0,1,0,0,638219.8285,5341736.9893,10.860661276,48.213796506,2,#fc8d62,car
96928,"9,17E+18",9,7,61,0,2017,11,13,7,3,5,3,0,1,0,0,0,0,0,1,641083.2606,5356778.7129,10.904207878,48.348418287,2,#fc8d62,car
96964,"9,17E+18",9,1,75,132,2017,11,17,4,3,2,6,0,1,0,0,0,1,2,0,706735346.0,5336262473.0,11.779386878,48.145986155,2,#fc8d62,car
96967,"9,17E+18",9,7,78,203,2017,11,18,3,3,2,7,0,1,0,0,0,1,2,0,621248.9824,5322138869.0,10.626732114,48.041013764,2,#fc8d62,car
96979,"9,17E+18",9,1,87,177,2017,11,12,7,3,5,3,0,1,0,0,0,0,0,0,735898.3874,5305940.7735,12.154210735,47.863449485,2,#fc8d62,car
96984,"9,17E+18",9,1,62,0,2017,11,15,7,3,2,6,0,1,0,0,0,0,1,0,687427.1914,5333143577.0,11.518706026,48.123934747,2,#fc8d62,car
96986,"9,17E+18",9,1,62,0,2017,11,17,7,3,2,6,0,1,0,0,0,0,2,0,690770.7065,5344744.4171,11.568797411,48.227208604,2,#fc8d62,car
96988,"9,17E+18",9,1,77,117,2017,11,19,7,3,5,3,0,1,0,0,0,0,2,0,714490.9132,5355419.7731,11.893214345,48.315554496,2,#fc8d62,car
96990,"9,17E+18",9,1,78,143,2017,11,22,7,3,5,6,0,1,0,0,0,0,2,0,721186393.0,5374094203.0,11.993237474,48.481025431,2,#fc8d62,car
96991,"9,17E+18",9,1,78,157,2017,11,11,7,3,4,1,0,0,0,0,0,1,0,0,701248.9639,5370855.6563,11.722206008,48.458620698,6,#ffd92f,circle
96996,"9,17E+18",9,7,72,125,2017,11,18,3,2,5,2,0,1,0,1,0,0,2,0,635500.5921,5347272.8581,10.825846547,48.264162845,2,#fc8d62,car
96997,"9,17E+18",9,1,77,133,2017,11,19,7,3,5,3,0,1,0,0,0,0,2,1,713691.1167,5356091.2271,11.882780487,48.321858437,2,#fc8d62,car
96999,"9,17E+18",9,1,77,133,2017,11,17,7,3,4,6,0,1,0,0,0,0,2,0,713626.9282,5356281.0015,11.882011835,48.323585304,2,#fc8d62,car
97001,"9,17E+18",9,1,62,0,2017,11,9,6,3,4,2,0,1,0,0,0,0,0,0,687361193.0,5335083496.0,11.518673107,48.141390705,2,#fc8d62,car
97003,"9,17E+18",9,1,62,0,2017,11,17,6,3,4,2,0,1,0,0,0,0,2,1,698803.5765,5333051.2033,11.671375021,48.119654042,2,#fc8d62,car
97005,"9,17E+18",9,1,78,115,2017,11,10,3,3,2,6,0,1,0,0,0,1,0,1,703998.4571,5375389.9783,11.761564914,48.498480745,2,#fc8d62,car
97007,"9,17E+18",9,7,77,152,2017,11,22,6,2,8,1,0,1,0,0,0,0,2,1,623632725.0,5306738019.0,10.654269036,47.902049532,2,#fc8d62,car
97010,"9,17E+18",9,7,72,177,2017,11,9,3,2,2,6,0,1,0,0,0,0,0,0,636883.7101,5378451.8614,10.85464212,48.544222673,2,#fc8d62,car
97011,"9,17E+18",9,1,77,133,2017,11,18,4,3,2,6,0,1,0,0,0,1,2,0,713378783.0,5354331.3574,11.877682429,48.306150902,2,#fc8d62,car
97012,"9,17E+18",9,7,62,0,2017,11,18,6,3,4,6,0,1,0,0,0,0,2,0,622055.9122,5304361.2456,10.632507254,47.880975504,2,#fc8d62,car
97016,"9,17E+18",9,7,72,177,2017,11,18,6,3,2,6,0,1,0,0,0,0,2,0,633594.4548,5379359.6595,10.810390588,48.553094583,2,#fc8d62,car
97017,"9,17E+18",9,7,72,121,2017,11,18,6,3,4,6,0,1,0,0,0,0,2,1,631256.2346,5376396.3445,10.777786885,48.526942228,2,#fc8d62,car
97018,"9,17E+18",9,7,72,177,2017,11,12,6,3,3,6,0,1,0,0,0,0,0,0,635580.8678,5375900.0987,10.836169254,48.521560878,2,#fc8d62,car
97019,"9,17E+18",9,7,71,145,2017,11,10,6,1,5,3,0,1,0,0,0,1,0,1,647403786.0,5344445813.0,10.985159515,48.236085949,2,#fc8d62,car
97021,"9,17E+18",9,7,61,0,2017,11,18,6,3,4,6,1,0,0,0,0,0,2,1,643328.4575,5359455.7259,10.935405517,48.371983109,1,#66c2a5,bicycle
97047,"9,17E+18",9,7,71,113,2017,11,7,3,3,2,6,0,1,0,0,0,0,0,1,654484727.0,5364108951.0,11.087663051,48.411186208,2,#fc8d62,car
97048,"9,17E+18",9,1,84,130,2017,11,8,3,3,2,6,0,1,0,0,0,1,0,1,698436.8596,5346212.6149,11.672598174,48.238051735,2,#fc8d62,car
97054,"9,17E+18",9,1,79,123,2017,11,17,4,3,1,6,0,1,0,0,0,0,2,0,677380603.0,5332212.6983,11.383434044,48.118445476,2,#fc8d62,car
97066,"9,17E+18",9,1,79,145,2017,11,14,4,2,0,7,0,0,1,0,0,1,0,0,673584566.0,5336454031.0,11.334200278,48.157619105,3,#8da0cb,toilet
97077,"9,17E+18",9,2,74,126,2017,11,14,2,3,4,2,0,1,0,0,0,0,0,1,732473404.0,5384443492.0,12.151514764,48.569919665,2,#fc8d62,car
97081,"9,17E+18",9,1,73,123,2017,11,7,2,3,0,3,1,1,0,0,0,0,0,1,680104757.0,5299435664.0,11.40626998,47.823040018,1,#66c2a5,bicycle
97089,"9,17E+18",9,7,72,147,2017,11,11,3,3,5,3,0,1,0,1,0,0,0,1,637472278.0,5364877186.0,10.858146957,48.422034833,2,#fc8d62,car
97097,"9,17E+18",9,7,61,0,2017,11,17,3,3,2,6,0,1,0,0,0,0,2,0,642111.6204,5363450.4152,10.920335313,48.408176617,2,#fc8d62,car
97098,"9,17E+18",9,1,75,135,2017,11,18,4,3,5,3,1,1,0,0,0,0,2,0,708145.3751,5338952.8217,11.799636241,48.169702394,1,#66c2a5,bicycle
97115,"9,17E+18",9,1,87,170,2017,11,17,6,3,4,6,0,1,0,0,0,0,2,0,734761621.0,5319625453.0,12.146489334,47.986805617,2,#fc8d62,car
97142,"9,17E+18",9,7,61,0,2017,11,6,3,3,4,2,1,1,0,0,0,0,2,1,637519.6977,5352316.5628,10.85468088,48.309080834,1,#66c2a5,bicycle
97143,"9,17E+18",9,1,62,0,2017,11,15,3,3,0,1,0,0,0,1,0,0,0,1,688462379.0,5328541397.0,11.530570695,48.082263689,4,#e78ac3,marker
97153,"9,17E+18",9,1,81,130,2017,11,14,6,3,4,7,0,1,0,0,0,0,0,1,642132173.0,5324634554.0,10.907590485,48.059147787,2,#fc8d62,car
97154,"9,17E+18",9,1,88,139,2017,11,19,6,3,4,6,0,1,0,0,0,0,2,1,671274.0739,5318733.4915,11.296054079,47.998941389,2,#fc8d62,car
97155,"9,17E+18",9,1,88,126,2017,11,17,6,2,0,3,0,1,0,0,0,1,1,1,660157.9067,5328417.1729,11.150769093,48.088886434,2,#fc8d62,car
97156,"9,17E+18",9,1,88,121,2017,11,17,6,3,6,4,0,1,1,0,0,0,1,0,671142.1109,5331046.7885,11.299211839,48.109671595,2,#fc8d62,car
97157,"9,17E+18",9,1,79,121,2017,11,6,6,3,5,3,0,1,0,0,0,0,0,1,666855.5242,5339461.6904,11.244968507,48.186459364,2,#fc8d62,car
97158,"9,17E+18",9,1,79,123,2017,11,17,4,3,2,6,0,1,0,0,0,0,2,0,678733.1302,5332845.5526,11.401856562,48.123756049,2,#fc8d62,car
97159,"9,17E+18",9,1,75,133,2017,11,6,6,2,4,1,0,1,0,0,0,0,1,2,710637.5522,5342258.3445,11.834753384,48.198584524,2,#fc8d62,car
97160,"9,17E+18",9,1,62,0,2017,11,8,5,3,5,3,1,1,0,0,0,0,0,2,693787.4758,5331633.5205,11.603401319,48.108458681,1,#66c2a5,bicycle
97161,"9,17E+18",9,1,62,0,2017,11,17,5,3,3,6,0,1,0,0,0,1,1,0,690375.0888,5331947.1371,11.557746,48.112306461,2,#fc8d62,car
97164,"9,17E+18",9,1,87,170,2017,11,15,2,3,4,1,0,1,0,0,0,0,1,1,733945.4135,5318525.7154,12.134967924,47.977224839,2,#fc8d62,car
97169,"9,17E+18",9,1,62,0,2017,11,16,2,3,5,7,1,1,0,0,0,0,2,0,689408.4668,5340763.2628,11.548695967,48.191834431,1,#66c2a5,bicycle
97170,"9,17E+18",9,7,62,0,2017,11,15,5,3,2,6,0,1,0,0,0,0,1,1,623282.6327,5306069.8419,10.649395699,47.896107583,2,#fc8d62,car
97172,"9,17E+18",9,7,71,130,2017,11,17,5,3,2,6,0,1,0,0,0,0,2,1,648693.6534,5362716.3887,11.008961789,48.400058607,2,#fc8d62,car
97175,"9,17E+18",9,7,61,0,2017,11,10,5,3,2,6,0,1,0,0,0,0,0,1,641119.5591,5356638.8912,10.904650654,48.347152948,2,#fc8d62,car
97176,"9,17E+18",9,7,61,0,2017,11,9,5,2,5,3,0,1,0,0,0,0,0,0,639811.5407,5352480.0844,10.885627113,48.310048722,2,#fc8d62,car
97181,"9,17E+18",9,1,82,136,2017,11,15,2,3,9,1,0,1,0,0,0,0,0,1,703476619.0,5302542.9642,11.719644559,47.843999969,2,#fc8d62,car
97197,"9,17E+18",9,1,87,182,2017,11,16,5,2,4,1,0,1,0,0,0,0,1,1,738197255.0,5328873942.0,12.197603463,48.068616287,2,#fc8d62,car
97200,"9,17E+18",9,1,87,122,2017,11,18,5,3,5,2,1,1,0,0,0,0,2,0,719776.0575,5305170.2866,11.938550464,47.86224352,1,#66c2a5,bicycle
97202,"9,17E+18",9,1,86,152,2017,11,11,5,3,2,6,0,1,0,0,0,1,0,0,691074.5696,5375916.0633,11.587044596,48.507271658,2,#fc8d62,car
97204,"9,17E+18",9,1,86,152,2017,11,9,5,3,9,1,0,1,0,0,0,0,0,0,696454.1104,5375390046.0,11.659552501,48.50088527,2,#fc8d62,car
97216,"9,17E+18",9,1,79,142,2017,11,5,2,3,8,1,0,1,0,0,0,0,2,1,677428.0794,5342379.9402,11.388312911,48.209826779,2,#fc8d62,car
97223,"9,17E+18",9,1,74,135,2017,11,11,4,3,2,1,0,1,0,0,0,0,0,0,663513.2311,5352831.4105,11.205197851,48.307524194,2,#fc8d62,car
97230,"9,17E+18",9,1,81,145,2017,11,14,2,3,2,6,0,1,0,0,0,0,0,0,647626.9696,5330729.9994,10.983399499,48.112708252,2,#fc8d62,car
97232,"9,17E+18",9,1,81,130,2017,11,10,2,3,5,2,1,1,0,0,0,0,0,0,639525.6658,5323176.7065,10.872152041,48.046613736,1,#66c2a5,bicycle
97234,"9,17E+18",9,1,81,145,2017,11,16,2,3,5,3,0,1,0,0,0,0,1,0,642303.0346,5334470.2424,10.913162651,48.147552323,2,#fc8d62,car
97237,"9,17E+18",9,1,85,158,2017,11,8,3,2,8,7,0,1,0,0,0,0,0,1,662161.0971,5379616.8886,11.197337959,48.548671618,2,#fc8d62,car
97239,"9,17E+18",9,1,79,142,2017,11,14,5,2,9,1,0,1,0,0,0,0,0,0,670716.8001,5340980232.0,11.297487941,48.199084559,2,#fc8d62,car
97241,"9,17E+18",9,1,88,132,2017,11,8,5,3,1,5,0,1,0,0,0,1,0,0,664154.9865,5322501.7492,11.202134926,48.034687354,2,#fc8d62,car
97244,"9,17E+18",9,1,79,145,2017,11,7,5,3,5,3,0,1,0,0,0,0,0,0,676241.7904,5339578.7192,11.37119594,48.18497666,2,#fc8d62,car
97245,"9,17E+18",9,1,78,113,2017,11,7,5,3,6,7,0,1,1,0,0,0,1,0,691914.4461,5367377.0179,11.594486338,48.430273509,2,#fc8d62,car
97246,"9,17E+18",9,1,84,119,2017,11,16,5,3,2,6,0,1,0,0,0,0,1,0,695957.5553,5346457047.0,11.63935637,48.241019501,2,#fc8d62,car
97247,"9,17E+18",9,1,77,139,2017,11,15,5,3,4,1,0,1,0,0,0,0,1,0,724067.8611,5354657.7796,12.021808065,48.30538848,2,#fc8d62,car
97248,"9,17E+18",9,1,75,139,2017,11,6,5,2,8,6,0,1,0,0,0,1,2,0,710037.5761,5327160.3442,11.81924727,48.063111883,2,#fc8d62,car
97249,"9,17E+18",9,1,78,143,2017,11,15,5,2,5,3,1,1,0,0,0,0,0,0,721352944.0,5369961183.0,11.99330209,48.44383511,1,#66c2a5,bicycle
97250,"9,17E+18",9,1,78,156,2017,11,7,5,3,2,1,0,1,0,0,0,1,0,0,700105.2099,5371866.9397,11.707236586,48.468073244,2,#fc8d62,car
97252,"9,17E+18",9,1,84,118,2017,11,16,4,3,5,3,0,1,0,0,0,1,1,0,704289.4596,5336426.8884,11.746622266,48.1482538,2,#fc8d62,car
97254,"9,17E+18",9,1,84,135,2017,11,14,4,3,6,2,0,1,1,0,0,0,0,0,689435.7105,5347335.9668,11.551998752,48.250901208,2,#fc8d62,car
97262,"9,17E+18",9,1,90,138,2017,11,17,5,3,5,3,0,1,0,0,0,0,2,0,662059.0042,5306132.3695,11.167869212,47.888049196,2,#fc8d62,car
97265,"9,17E+18",9,7,72,223,2017,11,11,4,3,2,6,0,1,0,0,0,0,0,0,625077.0149,5364287.2052,10.690509792,48.419312438,2,#fc8d62,car
97269,"9,17E+18",9,1,87,164,2017,11,22,5,3,9,1,0,0,0,0,0,1,2,0,736498.0277,5322248.3868,12.171170587,48.009729005,6,#ffd92f,circle
97273,"9,17E+18",9,1,88,121,2017,11,8,5,3,2,6,0,1,0,0,0,0,0,0,669827.6163,5329210.8295,11.280836178,48.093518374,2,#fc8d62,car
97274,"9,17E+18",9,1,62,0,2017,11,7,5,3,2,6,0,1,0,0,0,1,2,0,682868.8051,5342270.8151,11.461432951,48.207301771,2,#fc8d62,car
97275,"9,17E+18",9,1,74,115,2017,11,17,5,3,5,3,1,1,0,0,0,0,2,1,681124.5393,5349306.7751,11.440985785,48.271045617,1,#66c2a5,bicycle
97276,"9,17E+18",9,1,74,126,2017,11,15,5,2,4,2,0,1,0,0,0,0,0,0,683694.9615,5343936.1211,11.473263603,48.222031776,2,#fc8d62,car
97277,"9,17E+18",9,1,88,144,2017,11,6,2,3,5,2,0,1,0,0,0,0,1,0,665829655.0,5328297394.0,11.226830177,48.086359238,2,#fc8d62,car
97278,"9,17E+18",9,1,75,111,2017,11,11,5,3,5,3,0,1,0,0,0,0,0,0,712267.8992,5338207.5376,11.854643121,48.161642264,2,#fc8d62,car
97279,"9,17E+18",9,1,75,132,2017,11,18,5,3,2,6,0,1,0,0,0,0,1,0,705493.6984,5335832.7046,11.76250673,48.142526314,2,#fc8d62,car
97281,"9,17E+18",9,1,78,143,2017,11,22,5,2,4,2,0,1,0,0,0,0,2,1,717483.6049,5372125.0084,11.942174382,48.464624627,2,#fc8d62,car
97282,"9,17E+18",9,1,78,150,2017,11,14,3,3,8,1,0,1,0,0,0,0,0,0,690813.7086,5371437.0199,11.581471214,48.467096566,2,#fc8d62,car
97283,"9,17E+18",9,1,63,0,2017,11,23,3,3,9,1,0,1,0,0,0,0,2,1,734969.3182,5303684757.0,12.140582177,47.84352211,2,#fc8d62,car
97284,"9,17E+18",9,1,78,122,2017,11,12,5,3,5,2,0,1,0,0,0,0,0,0,704198.9413,5385707.9744,11.769333202,48.591131389,2,#fc8d62,car
97285,"9,17E+18",9,7,61,0,2017,11,15,4,3,5,2,1,1,0,0,0,0,0,0,640988.4173,5360384.7797,10.904137172,48.380863929,1,#66c2a5,bicycle
97286,"9,17E+18",9,2,74,126,2017,11,7,3,3,4,2,0,1,0,0,0,0,1,1,731900795.0,5383988756.0,12.143510973,48.566046966,2,#fc8d62,car
97287,"9,17E+18",9,7,72,149,2017,11,12,4,3,5,3,1,1,0,0,0,0,0,0,636201.4685,5340830.7989,10.833214494,48.206084242,1,#66c2a5,bicycle
97289,"9,17E+18",9,7,72,147,2017,11,7,4,3,5,3,0,1,0,0,0,0,1,0,634293.2364,5366554.7618,10.815737592,48.437805287,2,#fc8d62,car
97290,"9,17E+18",9,7,71,156,2017,11,21,4,3,2,6,0,1,0,0,0,0,2,0,655813.5439,5379809868.0,11.111460762,48.552015533,2,#fc8d62,car
97291,"9,17E+18",9,1,77,115,2017,11,13,4,3,5,3,1,1,0,0,0,0,0,0,733952.2149,5351558.3843,12.153188059,48.273968984,1,#66c2a5,bicycle
97292,"9,17E+18",9,1,84,114,2017,11,6,3,3,8,6,0,1,0,0,0,1,2,1,700563.5302,5316335.9876,11.687166494,47.96887945,2,#fc8d62,car
97306,"9,17E+18",9,1,77,112,2017,11,11,5,3,5,3,0,1,0,0,0,1,0,0,716750.7267,5363413.7595,11.927770529,48.386609209,2,#fc8d62,car
97308,"9,17E+18",9,1,62,0,2017,11,7,4,3,5,2,1,1,0,0,0,0,0,0,692105.8589,5341877.36,11.585458303,48.201037509,1,#66c2a5,bicycle
97310,"9,17E+18",9,1,62,0,2017,11,5,4,3,4,2,0,1,0,0,0,1,2,0,680882.1432,5335157.8277,11.431690448,48.143933843,2,#fc8d62,car
97311,"9,17E+18",9,1,62,0,2017,11,10,4,3,2,6,0,1,0,0,0,0,0,0,678417.8748,5334499.2628,11.398316428,48.13870983,2,#fc8d62,car
97312,"9,17E+18",9,1,84,135,2017,11,9,4,3,2,6,0,1,0,0,0,0,0,0,686471.1169,5347520.3683,11.512182405,48.253437743,2,#fc8d62,car
97313,"9,17E+18",9,1,62,0,2017,11,15,4,3,1,6,0,1,0,0,0,0,0,0,687549511.0,5331575627.0,11.519658525,48.109805534,2,#fc8d62,car
97314,"9,17E+18",9,1,62,0,2017,11,6,4,3,5,6,0,1,0,0,0,1,2,0,687351.48,5331607684.0,11.517014794,48.11015195,2,#fc8d62,car
97316,"9,17E+18",9,1,74,141,2017,11,16,4,3,5,2,0,1,0,0,0,0,2,1,680711.2837,5356319.4102,11.43842384,48.33419718,2,#fc8d62,car
97318,"9,17E+18",9,7,72,211,2017,11,16,4,3,0,6,0,1,0,0,0,0,0,0,623258.6701,5353108.6985,10.662667812,48.319144666,2,#fc8d62,car
97319,"9,17E+18",9,7,72,209,2017,11,8,4,3,0,7,1,0,0,0,0,0,0,0,635326.9464,5335682949.0,10.819810151,48.159980017,1,#66c2a5,bicycle
97320,"9,17E+18",9,7,72,147,2017,11,7,4,3,3,6,0,1,0,1,0,0,1,1,638347.1492,5366572.9045,10.870525339,48.437090729,2,#fc8d62,car
97321,"9,17E+18",9,7,72,177,2017,11,18,4,2,0,7,1,0,0,0,0,0,2,0,637251.8686,5375876941.0,10.858779637,48.520989554,1,#66c2a5,bicycle
97322,"9,17E+18",9,7,71,146,2017,11,13,4,3,1,6,0,1,0,0,0,0,0,0,646822.0412,5346669.0182,10.978100707,48.256210718,2,#fc8d62,car
97323,"9,17E+18",9,1,78,120,2017,11,14,2,3,8,1,0,1,0,0,0,0,0,1,692627.2507,5353477.8355,11.59774728,48.305139405,2,#fc8d62,car
97324,"9,17E+18",9,7,61,0,2017,11,13,4,3,4,2,0,1,0,0,0,0,0,0,643415344.0,5360543.58,10.936949218,48.381744754,2,#fc8d62,car
97326,"9,17E+18",9,7,71,113,2017,11,17,4,3,5,3,0,1,0,0,0,1,1,1,654422.8423,5363804.0601,11.086715133,48.408460232,2,#fc8d62,car
97336,"9,17E+18",9,1,78,130,2017,11,7,2,3,1,1,0,1,0,0,0,0,0,0,702702.8287,5358334636.0,11.735803412,48.34563686,2,#fc8d62,car
97338,"9,17E+18",9,1,78,144,2017,11,6,2,3,5,3,0,1,0,0,0,0,2,1,705476.9186,5377778.9215,11.782730637,48.519465561,2,#fc8d62,car
97342,"9,17E+18",9,1,86,149,2017,11,16,3,3,2,6,0,1,0,0,0,0,1,1,688462.2295,5386166611.0,11.556351648,48.600186264,2,#fc8d62,car
97371,"9,17E+18",9,1,75,124,2017,11,17,2,3,5,3,1,1,0,0,0,0,2,1,714704.2066,5328783.9401,11.882619578,48.076147798,1,#66c2a5,bicycle
97383,"9,17E+18",9,1,84,146,2017,11,12,1,3,8,7,0,1,0,0,0,0,0,0,695289.1087,5328580.2303,11.622156303,48.080558342,2,#fc8d62,car
97389,"9,17E+18",9,7,61,0,2017,11,5,2,2,3,6,0,1,0,0,0,0,2,0,642776.4814,5363476.7794,10.929323174,48.408263412,2,#fc8d62,car
97391,"9,17E+18",9,1,62,0,2017,11,16,3,3,2,6,0,1,0,0,0,0,0,0,687145.8198,5344073.1484,11.519740127,48.222254924,2,#fc8d62,car
97400,"9,17E+18",9,1,78,130,2017,11,17,4,3,0,1,1,0,0,0,0,0,2,1,702784.7364,5358725.8924,11.737095986,48.349126548,1,#66c2a5,bicycle
97409,"9,17E+18",9,2,61,0,2017,11,19,4,3,0,1,1,0,0,0,0,0,2,0,734323.2065,5381661.1866,12.174985663,48.544239,1,#66c2a5,bicycle
97411,"9,17E+18",9,1,73,147,2017,11,6,4,3,6,4,0,1,1,0,0,0,1,0,681410.3804,5309521.6316,11.427930816,47.913339193,2,#fc8d62,car
97412,"9,17E+18",9,1,73,147,2017,11,6,4,3,6,4,0,1,1,0,0,0,2,0,681186407.0,5309500.5977,11.424927177,47.913213429,2,#fc8d62,car
97425,"9,17E+18",9,1,87,142,2017,11,14,4,3,0,7,0,1,0,0,0,1,0,0,733947.9506,5314594.0735,12.132863558,47.941902918,2,#fc8d62,car
97428,"9,17E+18",9,1,82,137,2017,11,8,4,3,9,6,0,1,0,0,0,0,0,1,710300.3386,5307614.6086,11.813204945,47.887380865,2,#fc8d62,car
97430,"9,17E+18",9,1,87,122,2017,11,17,4,3,5,2,0,1,0,1,0,0,2,1,716855.2885,5306113.8695,11.90002327,47.871714809,2,#fc8d62,car
97434,"9,17E+18",9,1,62,0,2017,11,15,4,3,2,6,0,1,0,0,0,0,0,0,684200144.0,5342576.8816,11.47946843,48.209667909,2,#fc8d62,car
97436,"9,17E+18",9,1,88,139,2017,11,14,4,1,6,3,0,1,1,0,0,0,0,0,674894.0897,5319220.6089,11.344739924,48.002340498,2,#fc8d62,car
97437,"9,17E+18",9,7,72,147,2017,11,15,1,3,2,6,0,1,0,0,0,0,0,0,638939.6617,5364079.4431,10.877705581,48.41453986,2,#fc8d62,car
97438,"9,17E+18",9,1,79,142,2017,11,7,4,3,1,6,0,1,0,0,0,0,0,1,672867147.0,5340463.9028,11.326192236,48.193861255,2,#fc8d62,car
97440,"9,17E+18",9,1,79,126,2017,11,18,4,3,6,2,0,1,1,0,0,0,2,1,676265.9265,5340386.5979,11.371855649,48.192232126,2,#fc8d62,car
97441,"9,17E+18",9,1,62,0,2017,11,23,2,3,6,4,0,1,1,0,0,0,2,1,693502.5917,5331527.5795,11.599530135,48.107593112,2,#fc8d62,car
97442,"9,17E+18",9,1,74,126,2017,11,18,4,3,2,6,0,1,0,0,0,0,2,0,683283.5743,5344295.3125,11.467885329,48.225379335,2,#fc8d62,car
97443,"9,17E+18",9,1,75,132,2017,11,22,4,3,8,1,0,1,0,0,0,0,2,0,705290.6096,5335983.7093,11.759852638,48.143948877,2,#fc8d62,car
97445,"9,17E+18",9,1,84,119,2017,11,9,4,3,2,6,0,1,0,0,0,0,0,0,695517.9103,5345024.7261,11.632780334,48.228282512,2,#fc8d62,car
97447,"9,17E+18",9,1,78,124,2017,11,18,4,3,4,1,0,1,0,0,0,0,2,1,705766.5224,5365557.5593,11.780637835,48.409551677,2,#fc8d62,car