OBJECTID,UIDENTSTLA,ULAND,UREGBEZ,UKREIS,UGEMEINDE,UJAHR,UMONAT,USTUNDE,UWOCHENTAG,UKATEGORIE,UART,UTYP1,IstRad,IstPKW,IstFuss,IstKrad,IstGkfz,IstSonstig,ULICHTVERH,STRZUSTAND,LINREFX,LINREFY,XGCSWGS84,YGCSWGS84,Teilnehmer,color,symbol
97448,"9,17E+18",9,2,61,0,2017,11,9,4,2,3,2,1,1,0,0,0,0,0,1,732658.5516,5382078.6315,12.152699091,48.548608222,1,#66c2a5,bicycle
97449,"9,17E+18",9,7,61,0,2017,11,16,3,3,0,2,1,1,0,0,0,0,1,0,641151.4601,5360216.2744,10.906281309,48.379312339,1,#66c2a5,bicycle
97450,"9,17E+18",9,1,84,147,2017,11,6,3,3,5,3,0,1,0,0,0,0,2,1,695595.9818,5339691.0461,11.631372318,48.180322753,2,#fc8d62,car
97463,"9,17E+18",9,1,82,123,2017,11,16,4,3,4,2,0,1,0,0,0,0,1,0,717270741.0,5301399445.0,11.903204432,47.829211307,2,#fc8d62,car
97464,"9,17E+18",9,1,75,124,2017,11,7,4,3,5,3,0,1,0,0,0,0,0,0,715078.9049,5328647.2903,11.8875749,48.074793663,2,#fc8d62,car
97465,"9,17E+18",9,1,82,136,2017,11,17,4,3,5,3,0,1,0,0,0,0,2,0,703074.4488,5299415.4207,11.712809113,47.816018788,2,#fc8d62,car
97466,"9,17E+18",9,1,62,0,2017,11,9,3,3,5,3,0,1,0,0,0,1,0,0,692192307.0,5342936883.0,11.587100387,48.210534005,2,#fc8d62,car
97468,"9,17E+18",9,1,62,0,2017,11,7,3,3,2,6,0,1,0,0,0,1,0,0,688547608.0,5328633.1339,11.531754433,48.083063046,2,#fc8d62,car
97469,"9,17E+18",9,1,62,0,2017,11,15,3,2,5,3,1,1,0,0,0,0,0,0,700968.7948,5332440.9708,11.700148711,48.113490216,1,#66c2a5,bicycle
97470,"9,17E+18",9,1,84,123,2017,11,17,3,3,5,3,0,1,0,0,0,0,2,1,703329.6181,5331806.9942,11.731528596,48.107043521,2,#fc8d62,car
97471,"9,17E+18",9,1,62,0,2017,11,13,3,3,2,6,0,1,0,0,0,1,0,0,695156.0983,5331402.4323,11.62166223,48.105963933,2,#fc8d62,car
97472,"9,17E+18",9,1,62,0,2017,11,8,3,3,5,3,0,1,0,0,0,0,0,0,694554478.0,5336734728.0,11.616023565,48.154072502,2,#fc8d62,car
97477,"9,17E+18",9,7,77,158,2017,11,5,3,2,4,2,0,1,0,0,0,0,2,1,620184775.0,5310582319.0,10.609224918,47.937279508,2,#fc8d62,car
97480,"9,17E+18",9,7,72,209,2017,11,5,1,3,5,3,0,1,0,0,0,0,2,1,636193.0507,5337126.8194,10.831913401,48.17277882,2,#fc8d62,car
97482,"9,17E+18",9,7,61,0,2017,11,12,1,3,5,3,0,1,0,0,0,0,0,0,639943.9129,5360652.5335,10.890127662,48.383504045,2,#fc8d62,car
97483,"9,17E+18",9,7,72,148,2017,11,17,3,3,2,6,0,1,0,0,0,0,2,0,628251431.0,5354397033.0,10.730377101,48.329737028,2,#fc8d62,car
97485,"9,17E+18",9,7,61,0,2017,11,16,3,2,0,1,1,0,0,0,0,0,0,0,637013.8258,5359957.4915,10.850348061,48.37789752,1,#66c2a5,bicycle
97497,"9,17E+18",9,1,84,114,2017,11,8,6,3,3,6,0,1,0,0,0,1,0,0,698514.4884,5321746.2156,11.662245823,48.018142508,2,#fc8d62,car
97499,"9,17E+18",9,1,87,177,2017,11,18,6,3,2,6,0,1,0,0,0,0,2,0,736045.5551,5304272.2679,12.155264992,47.848406,2,#fc8d62,car
97502,"9,17E+18",9,1,87,177,2017,11,17,6,3,2,6,0,1,0,0,0,0,2,0,736733.9711,5303464.0026,12.164010635,47.840891668,2,#fc8d62,car
97503,"9,17E+18",9,1,84,132,2017,11,11,6,3,0,6,0,1,0,0,0,0,0,0,684417.6839,5326301.5434,11.475347469,48.063313175,2,#fc8d62,car
97504,"9,17E+18",9,1,63,0,2017,11,17,6,3,5,3,0,1,0,0,0,0,2,0,733584941.0,5303199714.0,12.121845465,47.839668847,2,#fc8d62,car
97507,"9,17E+18",9,1,87,130,2017,11,23,6,2,9,1,0,1,0,0,0,0,2,0,712390.4975,5312365.0125,11.843468963,47.92938108,2,#fc8d62,car
97517,"9,17E+18",9,1,79,142,2017,11,8,6,3,2,6,0,1,0,0,0,0,0,0,675371.0107,5344084.8017,11.361352839,48.225723809,2,#fc8d62,car
97518,"9,17E+18",9,1,79,117,2017,11,9,6,3,9,1,0,1,0,0,0,0,0,0,660691.8636,5347747.8083,11.165242877,48.262544128,2,#fc8d62,car
97519,"9,17E+18",9,1,81,137,2017,11,18,6,3,9,6,0,1,0,0,0,1,2,0,646831.9442,5308873.7847,10.96523973,47.91636436,2,#fc8d62,car
97520,"9,17E+18",9,1,81,133,2017,11,7,6,2,5,2,0,1,0,0,0,1,0,0,644622052.0,5314576248.0,10.937595499,47.96814391,2,#fc8d62,car
97521,"9,17E+18",9,1,79,123,2017,11,16,6,3,1,6,0,1,0,0,0,0,1,0,674692.3266,5332683.7295,11.347536816,48.12342299,2,#fc8d62,car
97522,"9,17E+18",9,1,79,113,2017,11,18,6,3,5,3,0,1,0,0,0,0,2,0,671864.6211,5335750.5547,11.31080758,48.151762318,2,#fc8d62,car
97523,"9,17E+18",9,1,74,115,2017,11,8,6,3,5,3,1,1,0,0,0,0,0,0,683361.6734,5348918.4557,11.470937957,48.266911569,1,#66c2a5,bicycle
97524,"9,17E+18",9,1,74,121,2017,11,17,6,2,4,7,0,1,0,0,0,0,2,0,690674.2736,5353764.3285,11.571566817,48.308305929,2,#fc8d62,car
97525,"9,17E+18",9,1,74,121,2017,11,11,6,3,3,3,1,1,0,0,0,0,0,0,689775.1778,5353956219.0,11.559539885,48.310300959,1,#66c2a5,bicycle
97526,"9,17E+18",9,1,75,127,2017,11,23,6,3,8,1,0,1,0,0,0,1,2,0,712818.5108,5341788.0047,11.863831059,48.193631092,2,#fc8d62,car
97527,"9,17E+18",9,1,62,0,2017,11,10,5,3,3,6,0,1,0,0,0,1,0,0,685552.0857,5340864.4437,11.496900066,48.193882214,2,#fc8d62,car
97529,"9,17E+18",9,1,84,147,2017,11,16,5,3,3,6,0,0,0,0,0,1,2,0,695740.6172,5340075.0539,11.633492875,48.183729441,6,#ffd92f,circle
97531,"9,17E+18",9,1,84,119,2017,11,19,5,3,5,3,0,1,0,1,0,0,0,0,696107.3974,5345094.0823,11.640741525,48.228723872,2,#fc8d62,car
97535,"9,17E+18",9,1,84,145,2017,11,11,5,3,4,2,0,1,0,0,0,0,0,0,696496574.0,5322573.3418,11.635592881,48.026200096,2,#fc8d62,car
97536,"9,17E+18",9,1,84,123,2017,11,6,5,3,5,3,1,1,0,0,0,0,1,0,703015.6983,5331906.6002,11.727363753,48.108038778,1,#66c2a5,bicycle
97537,"9,17E+18",9,1,62,0,2017,11,1,5,3,8,1,0,1,0,0,0,0,2,0,695714.5248,5338765.1302,11.632539009,48.171964674,2,#fc8d62,car
97538,"9,17E+18",9,1,62,0,2017,11,8,5,3,3,6,0,1,0,0,0,0,0,0,689570.4611,5331883.5628,11.54691843,48.111975046,2,#fc8d62,car
97548,"9,17E+18",9,7,72,111,2017,11,9,5,3,3,6,0,1,0,0,0,0,0,0,626529.88,5364145.5368,10.710094565,48.417748375,2,#fc8d62,car
97549,"9,17E+18",9,7,72,147,2017,11,18,5,3,9,1,0,0,0,1,0,0,2,0,638513.3564,5367317.6014,10.87301754,48.443750266,4,#e78ac3,marker
97550,"9,17E+18",9,7,72,125,2017,11,18,5,3,2,6,0,1,0,0,0,0,2,0,634994.3263,5346764928.0,10.818866185,48.259703509,2,#fc8d62,car
97551,"9,17E+18",9,7,72,202,2017,11,12,5,3,6,2,0,1,1,0,0,0,0,0,636724143.0,5358784601.0,10.846056655,48.367413816,2,#fc8d62,car
97552,"9,17E+18",9,7,61,0,2017,11,5,5,3,1,3,0,1,0,0,0,0,2,0,642851.6278,5360028.7367,10.929165253,48.377243445,2,#fc8d62,car
97562,"9,17E+18",9,1,86,143,2017,11,7,2,3,2,6,0,1,0,0,0,0,0,1,685892.0541,5380099.4806,11.518812783,48.546425805,2,#fc8d62,car
97563,"9,17E+18",9,1,81,114,2017,11,14,2,3,2,6,0,1,0,0,0,0,0,0,657520.7865,5311220.7374,11.109063387,47.934929675,2,#fc8d62,car
97564,"9,17E+18",9,1,74,115,2017,11,8,2,3,1,3,1,0,0,0,0,1,0,0,680855.9715,5347678097.0,11.43667341,48.256482786,1,#66c2a5,bicycle
97565,"9,17E+18",9,1,77,116,2017,11,13,2,3,5,3,0,1,0,0,0,0,0,0,711474533.0,5364469.1492,11.857126681,48.397882958,2,#fc8d62,car
97566,"9,17E+18",9,1,77,116,2017,11,21,2,3,9,7,0,1,0,0,0,0,2,0,714775.0433,5360335.4964,11.899547485,48.359626503,2,#fc8d62,car
97567,"9,17E+18",9,1,77,117,2017,11,5,2,3,8,1,0,1,0,0,0,0,2,0,716545.9843,5351971.4593,11.919128946,48.283871054,2,#fc8d62,car
97568,"9,17E+18",9,1,77,113,2017,11,7,2,3,6,6,0,1,1,0,0,0,1,0,723625.4878,5354713.8158,12.015880446,48.30604843,2,#fc8d62,car
97570,"9,17E+18",9,7,77,158,2017,11,19,1,3,4,1,0,1,0,0,0,0,2,2,619458.9781,5309433.6935,10.599192106,47.927084754,2,#fc8d62,car
97572,"9,17E+18",9,7,73,182,2017,11,2,1,2,8,1,0,1,0,0,0,0,2,1,627547.3599,5378227.8238,10.72813713,48.544175993,2,#fc8d62,car
97573,"9,17E+18",9,7,72,177,2017,11,10,1,2,8,1,0,1,0,0,0,0,0,0,635871.2782,5377913.3158,10.840756395,48.53960035,2,#fc8d62,car
97574,"9,17E+18",9,7,71,145,2017,11,7,1,3,9,1,0,1,0,0,0,0,1,0,651265.9825,5344187.4248,11.037047662,48.232853188,2,#fc8d62,car
97602,"9,17E+18",9,2,61,0,2017,11,21,1,3,4,2,0,1,0,0,0,0,1,1,730368.6149,5381690299.0,12.121502186,48.545964888,2,#fc8d62,car
97609,"9,17E+18",9,1,84,114,2017,11,7,1,3,9,1,0,1,0,0,0,0,1,1,698870.0267,5321028.8674,11.666675858,48.011584861,2,#fc8d62,car
97610,"9,17E+18",9,1,87,124,2017,11,11,1,3,2,6,0,1,0,0,0,0,0,0,735028.3439,5327622.1323,12.154442851,48.058546024,2,#fc8d62,car
97612,"9,17E+18",9,1,85,158,2017,11,18,1,3,4,6,0,1,0,0,0,0,2,1,666563.9365,5379452.1899,11.256884471,48.546037385,2,#fc8d62,car
97614,"9,17E+18",9,1,85,158,2017,11,16,1,3,2,6,0,1,0,0,0,0,2,2,666541.5721,5382218.4127,11.257688511,48.570909786,2,#fc8d62,car
97615,"9,17E+18",9,1,86,152,2017,11,17,1,3,4,1,0,1,0,0,0,0,1,2,694796.7589,5376741.2248,11.637771038,48.513544102,2,#fc8d62,car
97616,"9,17E+18",9,1,74,113,2017,11,22,1,3,2,6,0,1,0,0,0,0,2,1,679059.6272,5341970.6984,11.410081967,48.205689984,2,#fc8d62,car
97618,"9,17E+18",9,1,62,0,2017,11,14,1,3,0,3,0,1,0,0,0,0,0,0,678105.2353,5335064196.0,11.394353976,48.143875658,2,#fc8d62,car
97619,"9,17E+18",9,1,79,126,2017,11,0,1,2,8,1,0,1,0,0,0,0,2,1,676462.2078,5340313.3631,11.37446405,48.191519302,2,#fc8d62,car
97622,"9,17E+18",9,1,79,121,2017,11,12,1,2,0,3,1,1,0,0,0,0,0,0,667960.1957,5338391.4621,11.259396369,48.176546999,1,#66c2a5,bicycle
97623,"9,17E+18",9,1,62,0,2017,11,21,1,3,3,6,0,1,0,0,0,0,2,1,689771.8821,5344667.5525,11.555327386,48.226817342,2,#fc8d62,car
97624,"9,17E+18",9,1,62,0,2017,11,20,1,3,2,6,0,1,0,0,0,0,2,1,692968.7456,5339474.4948,11.595967418,48.179179771,2,#fc8d62,car
97625,"9,17E+18",9,1,75,137,2017,11,18,1,3,2,6,0,1,0,0,0,0,2,1,727933.9146,5330077.6544,12.060676699,48.083180319,2,#fc8d62,car
97626,"9,17E+18",9,1,62,0,2017,11,22,7,2,5,3,0,1,0,0,0,0,2,0,687915.6186,5343612.9509,11.52989032,48.217891113,2,#fc8d62,car
97627,"9,17E+18",9,1,62,0,2017,11,19,7,3,1,6,0,1,0,0,0,0,2,0,688093.6753,5335003234.0,11.528474399,48.140453179,2,#fc8d62,car
97631,"9,17E+18",9,7,62,0,2017,11,14,7,3,2,6,0,1,0,0,0,0,0,1,621647.8992,5304401.9352,10.627063791,47.881418902,2,#fc8d62,car
97633,"9,17E+18",9,7,72,131,2017,11,19,7,2,8,1,0,1,0,0,0,0,2,1,616112.3763,5353087.1773,10.566302286,48.320304009,2,#fc8d62,car
97634,"9,17E+18",9,7,61,0,2017,11,13,7,3,6,2,0,1,1,0,0,0,0,1,639222345.0,5360874659.0,10.880461005,48.385660998,2,#fc8d62,car
97672,"9,17E+18",9,1,82,123,2017,11,18,7,2,1,5,0,1,0,0,0,0,2,1,716024.0466,5301569.7838,11.886652781,47.831161841,2,#fc8d62,car
97674,"9,17E+18",9,1,63,0,2017,11,18,7,3,5,3,0,1,0,0,0,0,2,0,733531685.0,5302741347.0,12.120887586,47.835570183,2,#fc8d62,car
97677,"9,17E+18",9,1,82,136,2017,11,17,7,3,4,2,0,1,0,0,0,0,2,1,703484.2302,5302470.07,11.7197119,47.843342439,2,#fc8d62,car
97678,"9,17E+18",9,1,87,137,2017,11,1,7,3,8,1,0,0,0,1,0,0,2,0,730509.8424,5307781.0073,12.083250825,47.881938512,4,#e78ac3,marker
97686,"9,17E+18",9,1,62,0,2017,11,9,7,3,2,6,0,1,0,0,0,0,0,0,687377.9179,5333151.5111,11.518048024,48.124020565,2,#fc8d62,car
97687,"9,17E+18",9,1,79,134,2017,11,15,7,2,8,7,0,1,0,0,0,0,0,1,668964.3331,5345130.7316,11.275576603,48.236865255,2,#fc8d62,car
97688,"9,17E+18",9,1,79,142,2017,11,13,7,3,8,1,0,0,0,0,0,1,0,1,670427724.0,5341733.3244,11.293903238,48.205932253,6,#ffd92f,circle
97689,"9,17E+18",9,1,78,130,2017,11,11,7,3,0,1,0,0,0,1,0,0,0,1,703518.8553,5355301.7226,11.74533936,48.318119783,4,#e78ac3,marker
97690,"9,17E+18",9,1,78,124,2017,11,14,7,3,1,1,0,1,0,0,0,0,0,1,705833.1179,5365604.6104,11.78155975,48.409952733,2,#fc8d62,car
97691,"9,17E+18",9,1,62,0,2017,11,17,6,3,0,3,1,1,0,0,0,0,2,0,688450.5878,5340188.1324,11.535564624,48.186950049,1,#66c2a5,bicycle
97692,"9,17E+18",9,1,84,138,2017,11,7,6,3,1,6,0,1,0,0,0,0,0,1,678980.7244,5331009.2648,11.404410048,48.107179968,2,#fc8d62,car
97702,"9,17E+18",9,7,62,0,2017,11,10,6,3,2,6,0,1,0,0,0,0,0,0,620179.9001,5307062.8606,10.608178085,47.905627257,2,#fc8d62,car
97707,"9,17E+18",9,7,61,0,2017,11,8,6,3,2,6,0,1,0,0,0,0,0,0,640837.9719,5360493.0135,10.902142749,48.38187073,2,#fc8d62,car
97761,"9,17E+18",9,1,84,114,2017,11,9,6,3,2,6,0,1,0,0,0,1,0,0,699698.6487,5319428.3583,11.677029493,47.996942182,2,#fc8d62,car
97771,"9,17E+18",9,1,74,131,2017,11,19,3,3,5,3,0,1,0,0,0,1,2,1,676101.8677,5359927.5575,11.377792468,48.367931648,2,#fc8d62,car
97772,"9,17E+18",9,1,78,113,2017,11,10,3,2,2,6,0,0,0,0,0,1,0,0,691497.9533,5368412.2366,11.58933481,48.439704097,6,#ffd92f,circle
97773,"9,17E+18",9,1,62,0,2017,11,16,3,3,2,6,0,1,0,0,0,1,1,0,694149.4871,5340483.2558,11.612295556,48.187886389,2,#fc8d62,car
97774,"9,17E+18",9,2,74,154,2017,11,9,5,3,8,7,0,1,0,0,0,0,0,0,739803.2694,5366856.3717,12.240626426,48.409191914,2,#fc8d62,car
97776,"9,17E+18",9,1,62,0,2017,11,10,3,3,2,6,0,0,0,0,0,1,0,0,690870.4071,5344756.2627,11.570143849,48.227285079,6,#ffd92f,circle
97777,"9,17E+18",9,2,61,0,2017,11,20,5,3,4,6,0,1,1,0,0,0,2,0,732841.1508,5378406.1485,12.153118539,48.51555165,2,#fc8d62,car
97778,"9,17E+18",9,1,78,155,2017,11,12,3,3,1,6,0,1,0,0,0,0,0,1,718312111.0,5376272446.0,11.955533163,48.501600169,2,#fc8d62,car
97779,"9,17E+18",9,1,77,116,2017,11,6,3,2,4,6,0,1,0,0,0,1,2,0,711972.6324,5361478.2617,11.862339016,48.370841598,2,#fc8d62,car
97780,"9,17E+18",9,1,77,142,2017,11,16,3,3,4,6,0,1,0,0,0,0,1,0,719559.5941,5349700.9217,11.958518797,48.262433038,2,#fc8d62,car
97781,"9,17E+18",9,1,77,135,2017,11,16,3,3,1,6,0,1,0,0,0,0,1,0,718732.1174,5345336.4517,11.945130092,48.223504907,2,#fc8d62,car
97782,"9,17E+18",9,1,84,139,2017,11,18,2,3,0,1,1,0,0,0,0,0,2,0,687466.3884,5324130.0854,11.515276853,48.042906675,1,#66c2a5,bicycle
97783,"9,17E+18",9,1,84,148,2017,11,15,2,3,5,2,1,1,0,0,0,0,0,0,695046186.0,5327155.2265,11.618247826,48.067825242,1,#66c2a5,bicycle
97784,"9,17E+18",9,1,62,0,2017,11,9,2,3,2,6,0,1,0,0,0,0,0,1,694573.6002,5331433.6919,11.613859855,48.106423058,2,#fc8d62,car
97790,"9,17E+18",9,7,73,182,2017,11,11,2,3,6,4,0,1,1,0,0,0,0,0,624796.5064,5379595.8261,10.691292993,48.557030928,2,#fc8d62,car
97791,"9,17E+18",9,7,72,159,2017,11,9,2,2,5,3,1,1,0,0,0,0,0,0,624538.6609,5361813.4557,10.682502631,48.397173499,1,#66c2a5,bicycle
97792,"9,17E+18",9,7,72,202,2017,11,16,2,3,2,6,0,1,0,0,0,0,1,0,636359.1572,5359758.4917,10.841447081,48.37624995,2,#fc8d62,car
97802,"9,17E+18",9,2,74,121,2017,11,17,5,3,8,1,0,1,0,0,0,0,2,2,727740.0167,5370022.1164,12.079578028,48.442104871,2,#fc8d62,car
97815,"9,17E+18",9,7,72,121,2017,11,14,5,3,9,1,0,1,0,0,0,0,0,2,630331.5318,5372548.0645,10.764066663,48.492530749,2,#fc8d62,car
97823,"9,17E+18",9,1,87,129,2017,11,6,5,2,2,7,0,1,0,0,0,1,0,1,726311.8479,5300618.3673,12.023434724,47.819076446,2,#fc8d62,car
97868,"9,17E+18",9,1,82,120,2017,11,17,5,2,4,1,0,1,0,0,0,0,2,2,702723.3725,5304988.7333,11.71073468,47.866218872,2,#fc8d62,car
97872,"9,17E+18",9,1,85,158,2017,11,19,5,3,5,3,0,1,0,0,0,0,2,1,668438.1146,5382144.1864,11.283347406,48.569735743,2,#fc8d62,car
97873,"9,17E+18",9,1,86,143,2017,11,18,5,3,4,6,0,1,0,0,0,0,2,2,680123.5753,5381619.1121,11.441383204,48.561767346,2,#fc8d62,car
97876,"9,17E+18",9,1,62,0,2017,11,20,5,3,1,1,0,1,0,0,0,0,2,2,684077.3993,5333012.1681,11.473677614,48.123730936,2,#fc8d62,car
97877,"9,17E+18",9,1,88,121,2017,11,7,5,3,5,3,0,1,0,0,0,0,0,1,671948934.0,5329724.39,11.309509126,48.097566324,2,#fc8d62,car
97878,"9,17E+18",9,1,84,129,2017,11,11,5,2,2,6,0,0,0,0,0,1,0,1,700303.5257,5325209.4437,11.687830456,48.048709071,6,#ffd92f,circle
97879,"9,17E+18",9,1,84,149,2017,11,17,5,3,2,6,0,1,0,0,0,0,2,1,688772.9964,5349808.3657,11.544183311,48.273320598,2,#fc8d62,car
97880,"9,17E+18",9,1,84,141,2017,11,12,4,3,4,1,0,1,0,0,0,0,0,0,697927.2556,5314476167.0,11.651028946,47.952984697,2,#fc8d62,car
97881,"9,17E+18",9,1,62,0,2017,11,9,4,3,5,3,0,1,0,0,0,0,0,1,698092339.0,5333319709.0,11.661953412,48.122288833,2,#fc8d62,car
97882,"9,17E+18",9,1,84,138,2017,11,16,4,3,5,3,0,1,0,0,0,0,2,1,680349263.0,5330895577.0,11.422729831,48.105772046,2,#fc8d62,car
97883,"9,17E+18",9,1,62,0,2017,11,17,4,3,2,6,0,0,0,0,0,1,2,1,682880.3919,5335936.4844,11.458862902,48.150361655,6,#ffd92f,circle
97884,"9,17E+18",9,1,62,0,2017,11,18,4,3,6,4,0,1,1,0,0,0,2,1,690859.0238,5339122.4986,11.567457442,48.176653262,2,#fc8d62,car
97885,"9,17E+18",9,1,84,118,2017,11,13,4,3,5,3,0,1,0,0,0,0,0,1,704221.3211,5336028.5258,11.745516169,48.144695747,2,#fc8d62,car
97895,"9,17E+18",9,7,62,0,2017,11,8,4,3,5,3,1,1,0,0,0,0,0,1,620691.7482,5303935.1411,10.614149913,47.877401124,1,#66c2a5,bicycle
97897,"9,17E+18",9,7,71,111,2017,11,17,4,3,2,6,0,1,0,0,0,0,2,0,657635695.0,5358416.7648,11.128078609,48.359231163,2,#fc8d62,car
97898,"9,17E+18",9,7,72,223,2017,11,20,4,3,8,1,0,0,0,0,0,1,2,2,616018.4756,5362598.3111,10.567659317,48.405857254,6,#ffd92f,circle
97899,"9,17E+18",9,7,72,171,2017,11,8,4,3,4,2,0,1,0,0,0,0,0,0,637736.8774,5372045.8371,10.864080346,48.486435484,2,#fc8d62,car
97900,"9,17E+18",9,7,61,0,2017,11,8,4,3,5,6,0,1,0,0,0,0,0,0,639050.0761,5361004.2369,10.878178374,48.386864128,2,#fc8d62,car
97940,"9,17E+18",9,2,61,0,2017,11,11,4,3,5,3,1,1,0,0,0,0,0,0,731859.5062,5381130.6692,12.141360862,48.540388685,1,#66c2a5,bicycle
97945,"9,17E+18",9,1,73,130,2017,11,15,4,3,9,1,0,1,0,0,0,0,0,1,679054.1403,5310008.1089,11.396626539,47.918374529,2,#fc8d62,car
97946,"9,17E+18",9,1,73,130,2017,11,15,4,3,2,1,0,1,0,0,0,0,0,1,679053.8137,5310007.3522,11.396621857,47.918367818,2,#fc8d62,car
97948,"9,17E+18",9,1,73,130,2017,11,15,4,3,3,1,0,1,0,0,0,0,0,1,679075.7594,5310053.8611,11.396934655,47.918779778,2,#fc8d62,car
97955,"9,17E+18",9,1,87,169,2017,11,23,4,3,8,7,0,1,0,0,0,0,2,2,738088883.0,5299237.7279,12.179768867,47.802424358,2,#fc8d62,car
97957,"9,17E+18",9,1,87,176,2017,11,7,4,3,5,3,0,1,0,0,0,1,1,1,738688.4501,5330790.9408,12.205257207,48.085653066,2,#fc8d62,car
97958,"9,17E+18",9,1,87,181,2017,11,16,4,2,4,6,0,1,0,0,0,1,2,1,737565.5218,5312732.9927,12.180204491,47.923853174,2,#fc8d62,car
97961,"9,17E+18",9,1,82,120,2017,11,9,4,3,4,2,0,1,0,0,0,0,0,1,703659202.0,5307868159.0,11.724591103,47.891800855,2,#fc8d62,car
97962,"9,17E+18",9,1,87,129,2017,11,7,4,3,8,1,0,1,0,0,0,0,0,1,722538.8184,5300116.0961,11.972841435,47.815879196,2,#fc8d62,car
97963,"9,17E+18",9,1,87,150,2017,11,10,4,3,5,3,1,1,0,0,0,0,0,0,728857.3538,5303476.3911,12.058901923,47.843854523,1,#66c2a5,bicycle
97970,"9,17E+18",9,1,81,127,2017,11,5,4,3,5,3,0,1,0,0,0,1,2,1,635230.2125,5324864.9101,10.815079834,48.062719566,2,#fc8d62,car
97971,"9,17E+18",9,1,81,130,2017,11,20,4,3,3,6,0,1,0,0,0,0,2,1,638987398.0,5325220.6,10.865597615,48.065110527,2,#fc8d62,car
97972,"9,17E+18",9,1,74,113,2017,11,15,4,3,2,6,0,1,0,1,0,0,0,1,677966.8161,5346939.7519,11.397473024,48.250663856,2,#fc8d62,car
97973,"9,17E+18",9,1,77,116,2017,11,18,4,3,5,3,0,1,0,0,0,0,2,0,711509408.0,5364241.1494,11.857482427,48.395822602,2,#fc8d62,car
97974,"9,17E+18",9,1,75,123,2017,11,16,4,3,4,1,0,1,0,0,0,1,2,1,721774.8981,5337848534.0,11.982133189,48.155172208,2,#fc8d62,car
97976,"9,17E+18",9,1,62,0,2017,11,8,3,3,6,3,0,1,1,0,0,0,0,0,687382.6714,5335070824.0,11.518955973,48.141270481,2,#fc8d62,car
97977,"9,17E+18",9,1,84,114,2017,11,15,3,3,4,6,0,1,0,0,0,0,0,0,701906.6097,5320227.3051,11.706969838,48.003429141,2,#fc8d62,car
97979,"9,17E+18",9,1,62,0,2017,11,8,3,3,3,2,1,1,0,0,0,0,0,0,688689.3759,5336288.6837,11.537043768,48.151830593,1,#66c2a5,bicycle
97987,"9,17E+18",9,7,73,122,2017,11,10,3,3,0,1,1,0,0,0,0,0,0,1,626228.0664,5385656.4864,10.712525866,48.611243334,1,#66c2a5,bicycle
97988,"9,17E+18",9,7,72,111,2017,11,18,3,3,2,6,0,1,0,0,0,0,2,1,627190.6226,5364317.2446,10.71907263,48.419159415,2,#fc8d62,car
97989,"9,17E+18",9,7,72,202,2017,11,10,3,1,5,3,1,1,0,0,0,0,0,1,636118.9244,5359673.7313,10.838177176,48.375539658,1,#66c2a5,bicycle
97990,"9,17E+18",9,7,61,0,2017,11,16,3,3,2,6,0,1,0,0,0,0,2,1,642111.3713,5363455.4587,10.920333657,48.408222021,2,#fc8d62,car
98010,"9,17E+18",9,2,74,124,2017,11,10,2,3,2,6,0,1,0,0,0,0,0,1,722973.5692,5374750.6722,12.017738086,48.486291959,2,#fc8d62,car
98013,"9,17E+18",9,2,74,124,2017,11,18,2,3,2,6,0,1,0,0,0,0,2,0,722931.4065,5374727.0165,12.017155659,48.486094389,2,#fc8d62,car
98021,"9,17E+18",9,2,74,126,2017,11,18,2,3,5,3,1,1,0,0,0,0,2,0,734332.0117,5384364.0119,12.176625931,48.56851378,1,#66c2a5,bicycle
98044,"9,17E+18",9,1,73,137,2017,11,19,2,3,2,3,0,1,0,0,0,0,2,0,679061.8701,5308640.0954,11.396161796,47.906074687,2,#fc8d62,car
98048,"9,17E+18",9,2,61,0,2017,11,13,3,3,1,6,0,1,0,0,0,1,0,0,734725.2911,5381808.4742,12.180507991,48.545411723,2,#fc8d62,car
98049,"9,17E+18",9,1,83,123,2017,11,16,2,3,4,2,0,1,0,0,0,0,2,0,737458.61,5339735234.0,12.193751204,48.166459016,2,#fc8d62,car
98062,"9,17E+18",9,1,87,122,2017,11,19,3,3,2,6,0,1,0,0,0,0,2,0,720715388.0,5307497451.0,11.95228125,47.882832138,2,#fc8d62,car
98063,"9,17E+18",9,1,85,166,2017,11,13,3,2,3,6,0,1,0,0,0,0,0,1,675131.2596,5383584.8711,11.374606767,48.580851079,2,#fc8d62,car
98065,"9,17E+18",9,1,81,130,2017,11,7,3,3,2,6,0,1,0,0,0,0,0,0,638925.4963,5325316611.0,10.864798375,48.065987373,2,#fc8d62,car
98066,"9,17E+18",9,1,88,121,2017,11,18,3,3,2,6,0,1,0,0,0,0,2,1,671947.0059,5329725.9401,11.309483875,48.097580779,2,#fc8d62,car