OBJECTID,UIDENTSTLA,ULAND,UREGBEZ,UKREIS,UGEMEINDE,UJAHR,UMONAT,USTUNDE,UWOCHENTAG,UKATEGORIE,UART,UTYP1,IstRad,IstPKW,IstFuss,IstKrad,IstGkfz,IstSonstig,ULICHTVERH,STRZUSTAND,LINREFX,LINREFY,XGCSWGS84,YGCSWGS84,Teilnehmer,color,symbol
98113,"9,17E+18",9,2,74,146,2017,12,15,6,1,4,6,0,1,0,0,0,0,0,0,735384.1901,5380329.7894,12.188586505,48.531882765,2,#fc8d62,car
98145,"9,17E+18",9,1,90,152,2017,12,9,6,2,0,7,0,1,0,0,0,0,0,0,670664.4095,5299665.8031,11.280340015,47.827682734,2,#fc8d62,car
98150,"9,17E+18",9,2,74,124,2017,12,5,2,3,8,1,0,1,0,0,0,0,2,2,725942.4698,5375378.6607,12.058199696,48.490873663,2,#fc8d62,car
98155,"9,17E+18",9,1,83,139,2017,12,5,2,2,9,1,0,1,0,0,0,0,2,2,734930.4717,5330806.2668,12.154881095,48.087186495,2,#fc8d62,car
98162,"9,17E+18",9,1,87,182,2017,12,17,2,3,4,6,0,1,0,0,0,1,2,1,737060.8108,5325643.4591,12.180582533,48.040019448,2,#fc8d62,car
98163,"9,17E+18",9,1,63,0,2017,12,13,2,3,2,6,0,1,0,0,0,0,0,0,732599.4371,5306268.8559,12.110344469,47.867599688,2,#fc8d62,car
98164,"9,17E+18",9,1,82,120,2017,12,6,2,2,4,1,0,1,0,0,0,1,1,2,701433699.0,5307747903.0,11.694796044,47.891422362,2,#fc8d62,car
98165,"9,17E+18",9,1,82,120,2017,12,19,2,3,6,2,0,1,1,0,0,0,2,2,701872891.0,5306311.5881,11.699993429,47.878375697,2,#fc8d62,car
98166,"9,17E+18",9,1,87,129,2017,12,15,2,3,4,6,0,1,0,0,0,0,1,1,726108.5452,5299277.5832,12.020023364,47.80710101,2,#fc8d62,car
98169,"9,17E+18",9,1,86,143,2017,12,12,2,3,5,3,0,1,0,0,0,0,0,1,687877002.0,5377488.5044,11.544504153,48.522368437,2,#fc8d62,car
98174,"9,17E+18",9,1,84,114,2017,12,17,6,3,2,6,0,1,0,0,0,0,2,1,700542.3431,5316332.1755,11.686881173,47.968851828,2,#fc8d62,car
98175,"9,17E+18",9,1,87,177,2017,12,20,6,3,2,6,0,1,0,0,0,0,1,1,736058.69,5304293848.0,12.155452065,47.848595048,2,#fc8d62,car
98177,"9,17E+18",9,1,81,143,2017,12,5,2,3,8,1,0,1,0,0,0,0,2,2,636534543.0,5315725.42,10.829665934,47.980254386,2,#fc8d62,car
98178,"9,17E+18",9,1,81,145,2017,12,12,2,2,4,1,0,1,0,0,0,0,0,1,647856.17,5331067.4886,10.986593953,48.115689645,2,#fc8d62,car
98180,"9,17E+18",9,1,79,123,2017,12,16,2,3,2,6,0,1,0,0,0,0,1,1,677524514.0,5332237344.0,11.385376276,48.118626915,2,#fc8d62,car
98181,"9,17E+18",9,1,87,150,2017,12,13,6,3,2,6,0,1,0,0,0,0,0,0,727508.7768,5303191.4016,12.040753413,47.84177255,2,#fc8d62,car
98182,"9,17E+18",9,1,79,113,2017,12,16,2,3,1,6,0,1,0,0,0,0,1,1,670836864.0,5335935.71,11.297074744,48.153703708,2,#fc8d62,car
98183,"9,17E+18",9,1,79,113,2017,12,15,2,3,5,3,0,1,0,0,0,0,0,1,671847612.0,5335751.3237,11.310579387,48.151773828,2,#fc8d62,car
98184,"9,17E+18",9,1,74,126,2017,12,9,2,3,2,6,0,1,0,0,0,0,0,1,682878.1655,5344615.5993,11.462569991,48.228375234,2,#fc8d62,car
98185,"9,17E+18",9,1,74,113,2017,12,12,2,3,5,2,1,1,0,0,0,0,0,1,677500694.0,5346720.92,11.391107609,48.248827495,1,#66c2a5,bicycle
98186,"9,17E+18",9,1,74,126,2017,12,9,2,3,2,6,0,1,0,0,0,0,0,1,682878.1655,5344615.5993,11.462569991,48.228375234,2,#fc8d62,car
98187,"9,17E+18",9,1,74,141,2017,12,6,2,3,4,1,0,1,0,0,0,0,2,2,678885.2899,5354942.1519,11.413223184,48.322336944,2,#fc8d62,car
98188,"9,17E+18",9,1,75,132,2017,12,17,2,3,2,6,0,1,0,0,0,0,2,1,705233.2477,5335453.0871,11.758826698,48.139198935,2,#fc8d62,car
98189,"9,17E+18",9,1,84,135,2017,12,13,2,3,9,1,0,1,0,0,0,0,0,1,688104.9286,5346585.5769,11.533755899,48.244553048,2,#fc8d62,car
98190,"9,17E+18",9,1,62,0,2017,12,17,2,3,1,6,0,1,0,0,0,0,2,1,688876.3474,5344588.1035,11.543245742,48.226370524,2,#fc8d62,car
98194,"9,17E+18",9,1,86,143,2017,12,16,6,3,2,6,0,1,0,0,0,0,1,1,683062.1174,5377345.2551,11.479295525,48.522503284,2,#fc8d62,car
98195,"9,17E+18",9,1,86,151,2017,12,13,6,2,6,4,0,1,1,0,0,0,0,1,681211.5878,5373202.5656,11.452458834,48.485805063,2,#fc8d62,car
98198,"9,17E+18",9,1,78,125,2017,12,13,2,3,8,1,0,1,0,0,0,0,0,1,717607.4889,5381283383.0,11.948621516,48.546865076,2,#fc8d62,car
98199,"9,17E+18",9,1,78,157,2017,12,8,2,3,9,1,0,1,0,0,0,0,1,2,700802.0403,5369620.6773,11.715575439,48.447665507,2,#fc8d62,car
98200,"9,17E+18",9,1,77,117,2017,12,6,2,3,8,1,0,1,0,0,0,0,2,2,718180.3777,5358269.8096,11.944387872,48.339899514,2,#fc8d62,car
98201,"9,17E+18",9,1,77,117,2017,12,5,2,2,4,6,0,1,0,0,0,0,2,2,718082.7988,5351367.0747,11.939505766,48.27791327,2,#fc8d62,car
98202,"9,17E+18",9,1,75,119,2017,12,7,2,2,9,1,0,1,0,0,0,0,0,2,728026401.0,5324223993.0,12.058797171,48.030556498,2,#fc8d62,car
98203,"9,17E+18",9,1,62,0,2017,12,2,1,3,2,2,0,1,0,0,0,0,2,0,688878.9158,5340128.6457,11.541295365,48.186288172,2,#fc8d62,car
98204,"9,17E+18",9,1,62,0,2017,12,17,1,3,5,3,0,1,0,0,0,0,2,0,686223.7796,5335216.0038,11.503456135,48.142915654,2,#fc8d62,car
98205,"9,17E+18",9,1,84,135,2017,12,21,1,3,4,1,0,1,0,0,0,0,2,2,689419.8244,5347240991.0,11.551742464,48.250052327,2,#fc8d62,car
98206,"9,17E+18",9,1,62,0,2017,12,6,1,3,3,6,0,1,0,0,0,0,2,0,686176.3873,5335222.1012,11.502822324,48.14298433,2,#fc8d62,car
98209,"9,17E+18",9,7,77,158,2017,12,20,1,3,5,3,0,1,0,0,0,0,2,2,620185.1024,5310572.3152,10.609226508,47.937189475,2,#fc8d62,car
98210,"9,17E+18",9,7,71,122,2017,12,19,1,2,3,6,0,1,0,0,0,1,2,2,652312.8192,5362359.3468,11.057697478,48.395984609,2,#fc8d62,car
98211,"9,17E+18",9,7,61,0,2017,12,9,1,3,8,1,0,1,0,0,0,0,0,0,642836.4767,5363463.1869,10.930128779,48.408127603,2,#fc8d62,car
98212,"9,17E+18",9,7,71,122,2017,12,20,1,3,3,1,0,1,0,0,0,0,2,2,650575.7643,5362303.4204,11.034225842,48.395898971,2,#fc8d62,car
98213,"9,17E+18",9,7,72,171,2017,12,22,1,3,8,1,0,1,0,0,0,0,2,2,637868.3514,5371228.5066,10.86558906,48.479057508,2,#fc8d62,car
98214,"9,17E+18",9,7,61,0,2017,12,17,1,3,2,6,0,1,0,0,0,0,2,2,641131.4861,5356588.7166,10.904794718,48.34669913,2,#fc8d62,car
98222,"9,17E+18",9,1,62,0,2017,12,19,6,3,3,6,0,1,0,0,0,1,2,1,683680.2328,5342565.7521,11.472472,48.209718535,2,#fc8d62,car
98223,"9,17E+18",9,1,62,0,2017,12,19,6,3,2,6,0,1,0,0,0,0,2,1,686201818.0,5333305116.0,11.502325979,48.125746291,2,#fc8d62,car
98235,"9,17E+18",9,1,79,142,2017,12,15,6,3,2,6,0,1,0,0,0,0,0,1,671908.4379,5340884737.0,11.313472678,48.197904598,2,#fc8d62,car
98237,"9,17E+18",9,1,81,138,2017,12,6,6,3,5,1,0,1,0,0,0,0,2,2,639970718.0,5334743.9113,10.881914012,48.150530716,2,#fc8d62,car
98251,"9,17E+18",9,1,75,133,2017,12,20,6,1,9,1,0,1,0,0,0,0,2,1,707897.6598,5343631.6552,11.798598684,48.211828163,2,#fc8d62,car
98255,"9,17E+18",9,1,84,123,2017,11,4,5,2,5,3,1,0,0,0,0,1,2,1,703339.2409,5331803.9621,11.731656272,48.107013201,1,#66c2a5,bicycle
98258,"9,17E+18",9,1,62,0,2017,11,7,5,3,2,5,0,1,0,0,0,0,0,1,689094.5768,5339005.14,11.543694074,48.176125919,2,#fc8d62,car
98259,"9,17E+18",9,1,84,136,2017,11,12,5,3,4,2,1,1,0,0,0,0,0,1,697901.2967,5327548.5454,11.656713736,48.070480816,1,#66c2a5,bicycle
98275,"9,17E+18",9,1,84,132,2017,11,7,5,3,5,2,1,1,0,0,0,0,0,1,683591.28,5329594.1545,11.465680367,48.093147906,1,#66c2a5,bicycle
98276,"9,17E+18",9,1,62,0,2017,11,13,5,3,3,7,0,1,0,0,0,1,0,1,687848.9065,5333621.3342,11.524578038,48.128104656,2,#fc8d62,car
98277,"9,17E+18",9,1,84,135,2017,11,2,5,3,8,7,0,1,0,0,0,0,2,1,688535.7177,5345189.4614,11.538931309,48.231876845,2,#fc8d62,car
98280,"9,17E+18",9,1,84,120,2017,11,13,5,3,5,3,0,1,0,0,0,0,0,1,681118.1723,5331753.1937,11.433413497,48.113262926,2,#fc8d62,car
98295,"9,17E+18",9,1,73,147,2017,12,14,1,3,2,6,0,1,0,0,0,0,0,0,680907.7826,5309452.2976,11.42118136,47.9128579,2,#fc8d62,car
98296,"9,17E+18",9,1,90,148,2017,12,13,1,2,4,6,0,1,0,0,0,0,0,0,642291.8682,5300131.6185,10.901629475,47.838774817,2,#fc8d62,car
98299,"9,17E+18",9,1,62,0,2017,11,15,5,3,8,7,0,0,0,1,0,0,0,1,677979.8999,5339091.1314,11.394355514,48.180109149,4,#e78ac3,marker
98300,"9,17E+18",9,1,62,0,2017,11,13,5,3,5,3,0,1,0,0,0,1,0,1,694715.7797,5334142.3805,11.617004754,48.130724251,2,#fc8d62,car
98301,"9,17E+18",9,1,87,122,2017,12,4,1,3,0,1,0,1,0,0,0,0,2,1,719464.77,5305459662.0,11.934540875,47.864950124,2,#fc8d62,car
98302,"9,17E+18",9,1,86,128,2017,12,23,1,2,4,6,0,1,0,0,0,0,2,2,677393.7147,5384717.0734,11.40573866,48.59039122,2,#fc8d62,car
98304,"9,17E+18",9,1,81,113,2017,12,13,1,3,5,3,0,1,0,0,0,0,0,0,642424852.0,5307612054.0,10.905871487,47.90601252,2,#fc8d62,car
98305,"9,17E+18",9,1,78,124,2017,12,16,1,3,5,3,0,1,0,0,0,0,2,1,703226665.0,5365136.9324,11.746152928,48.406595798,2,#fc8d62,car
98306,"9,17E+18",9,1,77,139,2017,12,23,1,3,4,1,0,1,0,0,0,1,2,2,735073.5335,5360091.0507,12.173030504,48.350201991,2,#fc8d62,car
98307,"9,17E+18",9,1,84,147,2017,12,14,7,3,2,6,0,1,0,0,0,0,0,0,695554503.0,5339912894.0,11.630917004,48.182329357,2,#fc8d62,car
98310,"9,17E+18",9,7,61,0,2017,12,13,7,3,0,7,0,1,0,0,0,0,0,0,639325.7794,5352486.8134,10.879081579,48.310216426,2,#fc8d62,car
98312,"9,17E+18",9,7,72,163,2017,12,4,7,3,8,1,0,0,0,0,0,1,2,0,638572.3877,5347870.1786,10.867411594,48.268869428,6,#ffd92f,circle
98313,"9,17E+18",9,7,61,0,2017,12,4,7,2,8,1,0,1,0,0,0,0,2,1,640108.4174,5352451.1597,10.889619199,48.309722939,2,#fc8d62,car
98350,"9,17E+18",9,2,61,0,2017,12,18,7,3,0,6,0,1,0,0,0,1,2,0,732050.2699,5379506.6131,12.143037412,48.525729613,2,#fc8d62,car
98355,"9,17E+18",9,1,63,0,2017,12,1,7,3,2,7,0,1,0,1,0,0,2,0,733982.9195,5304771.8914,12.128006197,47.853648627,2,#fc8d62,car
98361,"9,17E+18",9,1,86,130,2017,12,9,7,3,4,2,0,1,0,0,0,0,0,0,685570073.0,5373437.3582,11.511491108,48.486643895,2,#fc8d62,car
98362,"9,17E+18",9,1,81,122,2017,12,18,7,2,3,6,1,1,0,0,0,0,2,0,648162.7534,5331632.8906,10.990907117,48.120702231,1,#66c2a5,bicycle
98363,"9,17E+18",9,1,88,132,2017,12,13,7,3,2,2,1,1,0,0,0,0,0,0,663807.2685,5322942.9346,11.19764261,48.038743121,1,#66c2a5,bicycle
98364,"9,17E+18",9,1,62,0,2017,12,14,6,3,5,3,0,1,0,0,0,0,0,0,685869416.0,5335272.2321,11.498721578,48.14352468,2,#fc8d62,car
98365,"9,17E+18",9,1,84,122,2017,12,8,6,3,5,2,0,1,0,0,0,0,0,1,689634.0952,5327035.5496,11.545619665,48.068381445,2,#fc8d62,car
98366,"9,17E+18",9,1,62,0,2017,12,7,6,3,6,4,0,1,1,0,0,0,0,2,691747.2586,5331894.3524,11.576138527,48.11142042,2,#fc8d62,car
98367,"9,17E+18",9,7,78,116,2017,12,7,6,3,3,1,0,1,0,0,0,0,0,2,619108.4769,5322086429.0,10.598011195,48.040945099,2,#fc8d62,car
98379,"9,17E+18",9,7,73,182,2017,11,19,5,3,5,3,0,1,0,0,0,0,2,1,625323462.0,5379989.4338,10.698549772,48.560465281,2,#fc8d62,car
98380,"9,17E+18",9,7,71,111,2017,12,16,6,3,2,6,0,1,0,0,0,0,2,0,657589.3199,5358480.7566,11.127476961,48.359818052,2,#fc8d62,car
98381,"9,17E+18",9,7,72,141,2017,12,11,6,3,1,7,0,1,0,0,0,1,0,0,623136.5089,5350124.2244,10.66014978,48.292329325,2,#fc8d62,car
98382,"9,17E+18",9,7,61,0,2017,11,16,5,3,2,6,0,1,0,0,0,0,0,1,637360516.0,5358959946.0,10.854701597,48.36885233,2,#fc8d62,car
98383,"9,17E+18",9,7,71,165,2017,12,17,6,2,0,6,1,0,0,0,0,0,2,0,660112.1448,5362445.7904,11.163020628,48.394829705,1,#66c2a5,bicycle
98400,"9,17E+18",9,7,72,131,2017,11,17,5,2,6,2,0,1,1,0,0,0,2,1,617628.6262,5355782.2022,10.587500036,48.34426063,2,#fc8d62,car
98401,"9,17E+18",9,7,72,147,2017,12,16,5,3,4,2,0,1,0,1,0,0,2,0,639080.7327,5365198.6874,10.879982205,48.424572626,2,#fc8d62,car
98402,"9,17E+18",9,7,71,145,2017,12,8,5,2,2,2,0,1,0,0,0,1,0,1,648291.4445,5345115.9532,10.99734116,48.241904439,2,#fc8d62,car
98456,"9,17E+18",9,1,73,126,2017,12,13,6,3,2,2,0,1,0,0,0,0,0,1,684081.0641,5305435.0731,11.461897421,47.875843997,2,#fc8d62,car
98465,"9,17E+18",9,1,87,129,2017,12,14,6,3,2,7,0,1,0,0,0,0,0,1,720996.8046,5301255.6152,11.952851513,47.826649697,2,#fc8d62,car
98468,"9,17E+18",9,1,82,133,2017,12,13,6,3,8,1,0,1,0,0,0,0,0,2,709609.3198,5311618.0693,11.805917909,47.923584128,2,#fc8d62,car
98469,"9,17E+18",9,1,82,136,2017,12,8,6,3,4,3,0,1,0,0,0,0,0,1,703074.5025,5299414.6199,11.712809454,47.816011574,2,#fc8d62,car
98470,"9,17E+18",9,1,87,179,2017,12,16,6,3,8,1,0,1,0,0,0,0,1,1,722345265.0,5314339585.0,11.977580075,47.943747593,2,#fc8d62,car
98471,"9,17E+18",9,1,86,143,2017,12,16,6,3,4,6,0,1,0,0,0,1,1,2,687031.4287,5381805.2815,11.535001728,48.561418042,2,#fc8d62,car
98472,"9,17E+18",9,1,86,151,2017,12,7,6,2,9,1,0,1,0,0,0,0,0,1,679020.6508,5374363.8101,11.423332787,48.496870487,2,#fc8d62,car
98476,"9,17E+18",9,1,81,121,2017,12,11,6,3,5,3,0,1,0,0,0,1,0,2,639011.64,5313188939.0,10.862022562,47.956911701,2,#fc8d62,car
98477,"9,17E+18",9,1,74,143,2017,12,18,6,3,9,1,0,1,0,0,0,0,2,1,675159.7217,5352553.4184,11.362017119,48.301907677,2,#fc8d62,car
98478,"9,17E+18",9,1,78,150,2017,12,2,6,2,7,1,0,1,0,0,0,1,2,0,691405.7351,5370996255.0,11.589270452,48.462955445,2,#fc8d62,car
98479,"9,17E+18",9,1,78,124,2017,12,6,6,3,4,2,0,1,0,0,0,0,1,1,702682.4913,5365668.8185,11.739065256,48.411550646,2,#fc8d62,car
98480,"9,17E+18",9,1,78,124,2017,12,8,6,3,1,3,1,1,0,0,0,0,0,1,700497233.0,5363713797.0,11.708634386,48.394680775,1,#66c2a5,bicycle
98481,"9,17E+18",9,1,62,0,2017,12,13,5,2,3,2,0,1,0,0,0,1,0,0,691096807.0,5330706.24,11.566876644,48.100937175,2,#fc8d62,car
98482,"9,17E+18",9,1,84,140,2017,12,7,5,3,5,3,0,1,0,0,0,1,0,0,702032.5454,5327278.8464,11.711982256,48.066761942,2,#fc8d62,car
98483,"9,17E+18",9,1,62,0,2017,12,18,5,3,6,4,0,1,1,0,0,0,2,0,697135836.0,5330636524.0,11.647874278,48.098470872,2,#fc8d62,car
98484,"9,17E+18",9,1,84,136,2017,12,19,5,3,5,3,1,0,0,0,0,0,2,0,699135.8588,5327361.7531,11.673181398,48.068417839,1,#66c2a5,bicycle
98485,"9,17E+18",9,7,77,121,2017,12,13,5,3,1,6,0,1,0,0,0,0,0,0,628188.1769,5320630.9437,10.719337951,48.026097245,2,#fc8d62,car
98492,"9,17E+18",9,7,77,114,2017,12,22,5,3,9,1,0,1,0,0,0,0,2,1,614286628.0,5315047489.0,10.531467726,47.978518683,2,#fc8d62,car
98493,"9,17E+18",9,7,77,130,2017,12,14,5,3,4,6,0,1,0,0,0,0,0,0,623559.4615,5308833.9073,10.653889814,47.920913176,2,#fc8d62,car
98494,"9,17E+18",9,7,61,0,2017,12,17,5,3,2,6,0,1,0,0,0,0,2,0,638959.8637,5356549.4331,10.875488695,48.346827389,2,#fc8d62,car
98495,"9,17E+18",9,7,72,111,2017,12,13,5,3,5,3,0,1,0,0,0,0,0,0,627213.8318,5365041.5303,10.719605917,48.425667844,2,#fc8d62,car
98532,"9,17E+18",9,2,61,0,2017,12,17,5,2,2,6,0,1,0,1,0,0,2,0,735266.3322,5380513.8745,12.18709642,48.533580475,2,#fc8d62,car
98534,"9,17E+18",9,2,61,0,2017,12,10,5,3,5,3,0,1,0,1,0,0,0,0,733760.6657,5381395.1441,12.167226352,48.542059075,2,#fc8d62,car
98542,"9,17E+18",9,1,83,144,2017,12,18,5,3,5,3,0,1,0,0,0,0,2,1,739776.8862,5350808.2338,12.23113912,48.26505283,2,#fc8d62,car
98546,"9,17E+18",9,1,87,165,2017,12,14,5,2,2,7,0,1,0,0,0,1,0,0,732838.5455,5299710.9597,12.11001055,47.808595902,2,#fc8d62,car
98547,"9,17E+18",9,1,87,177,2017,12,16,5,2,4,7,0,1,0,0,0,0,1,0,737165.3538,5306720.1485,12.171552195,47.869984707,2,#fc8d62,car
98548,"9,17E+18",9,1,87,163,2017,12,12,5,2,5,3,0,1,0,0,0,0,0,0,737348.4674,5307174.6584,12.174246638,47.874000201,2,#fc8d62,car
98550,"9,17E+18",9,1,82,127,2017,12,11,5,3,5,2,1,1,0,0,0,0,0,0,699820.3567,5309902.2836,11.674234778,47.911289219,1,#66c2a5,bicycle
98551,"9,17E+18",9,1,87,169,2017,12,15,5,3,8,1,0,1,0,0,0,0,0,1,738489.1666,5300731727.0,12.185927842,47.815697675,2,#fc8d62,car
98552,"9,17E+18",9,1,87,137,2017,12,15,5,3,5,3,0,1,0,0,0,0,0,0,729461.43,5311954211.0,12.071467478,47.919807782,2,#fc8d62,car
98553,"9,17E+18",9,1,87,150,2017,12,5,5,1,4,6,0,1,0,0,0,1,2,1,725364015.0,5303070706.0,12.012066054,47.841443366,2,#fc8d62,car
98557,"9,17E+18",9,1,86,152,2017,12,11,5,3,3,6,0,1,0,0,0,0,0,0,690722.8774,5376942.7651,11.582757141,48.516605741,2,#fc8d62,car
98558,"9,17E+18",9,1,86,152,2017,12,7,5,3,1,6,0,1,0,0,0,0,2,0,690592.2811,5376387.8719,11.58073703,48.51165843,2,#fc8d62,car
98559,"9,17E+18",9,1,74,113,2017,12,9,5,3,2,6,0,1,0,0,0,0,0,0,669964769.0,5348583.1269,11.290425464,48.267633539,2,#fc8d62,car
98560,"9,17E+18",9,1,74,113,2017,12,9,5,2,2,6,0,1,0,0,0,1,0,0,670520.3825,5347837.3803,11.297605967,48.260780302,2,#fc8d62,car
98561,"9,17E+18",9,1,74,113,2017,12,8,5,3,2,6,0,1,0,0,0,0,0,0,674393.0395,5344894.7629,11.348529376,48.233274367,2,#fc8d62,car
98562,"9,17E+18",9,1,88,141,2017,12,17,5,2,6,4,0,1,1,0,0,0,1,0,670410.0171,5308846.2362,11.280563578,47.910284741,2,#fc8d62,car
98563,"9,17E+18",9,1,81,122,2017,12,7,5,3,2,1,0,1,0,0,0,0,1,1,647466.5905,5332694.9804,10.981925897,48.13041375,2,#fc8d62,car
98564,"9,17E+18",9,1,88,121,2017,12,17,5,3,6,4,0,1,1,0,0,0,2,1,671114.6254,5331072.1503,11.298853066,48.109906976,2,#fc8d62,car
98565,"9,17E+18",9,1,74,126,2017,12,12,5,3,0,1,1,0,0,0,0,0,0,0,683605309.0,5344011852.0,11.472090487,48.22273843,1,#66c2a5,bicycle
98566,"9,17E+18",9,1,62,0,2017,12,15,5,3,2,6,0,1,0,0,0,1,0,0,696371518.0,5343302.1005,11.643464302,48.212537175,2,#fc8d62,car
98567,"9,17E+18",9,1,78,145,2017,12,14,5,2,2,6,0,1,0,0,0,0,0,0,697806.7361,5356657.6395,11.669010795,48.332117872,2,#fc8d62,car
98568,"9,17E+18",9,1,78,124,2017,12,10,5,3,1,6,0,1,0,0,0,1,0,0,703550.2579,5361571777.0,11.748792992,48.374454196,2,#fc8d62,car
98569,"9,17E+18",9,1,78,140,2017,12,15,5,2,0,6,0,1,0,0,0,0,0,0,706212.2728,5361877.1356,11.784847384,48.376334011,2,#fc8d62,car
98570,"9,17E+18",9,1,75,112,2017,12,20,5,3,7,7,0,1,0,0,0,0,2,1,725981.1827,5319793.7519,12.029068047,47.991479457,2,#fc8d62,car
98571,"9,17E+18",9,1,62,0,2017,12,14,4,3,0,7,1,0,0,0,0,0,0,0,694597.7788,5334694.7168,11.6156728,48.135724511,1,#66c2a5,bicycle
98575,"9,17E+18",9,7,62,0,2017,12,18,4,2,5,3,1,1,0,0,0,0,2,0,620691.7064,5303935.0344,10.614149324,47.877400173,1,#66c2a5,bicycle
98577,"9,17E+18",9,7,61,0,2017,12,16,4,3,2,6,0,1,0,0,0,0,2,0,639056.9433,5356522.3619,10.876789271,48.346562605,2,#fc8d62,car
98578,"9,17E+18",9,7,71,111,2017,12,6,4,2,2,7,0,1,0,0,0,1,2,1,658176.1996,5357565.0937,11.135050068,48.351439146,2,#fc8d62,car
98579,"9,17E+18",9,7,61,0,2017,12,20,4,3,3,6,0,1,0,0,0,1,2,0,638775688.0,5356624538.0,10.873029082,48.347543211,2,#fc8d62,car
98580,"9,17E+18",9,7,72,149,2017,12,6,4,3,0,1,1,0,0,0,0,0,2,2,635258188.0,5339066163.0,10.819962709,48.190417761,1,#66c2a5,bicycle
98581,"9,17E+18",9,7,72,163,2017,12,22,4,3,9,1,0,1,0,0,0,0,2,0,639232.9461,5346441.4649,10.875838108,48.255877645,2,#fc8d62,car
98582,"9,17E+18",9,7,61,0,2017,12,9,4,3,3,6,0,1,0,0,0,1,0,0,641391083.0,5357510.1925,10.908605878,48.354926652,2,#fc8d62,car
98583,"9,17E+18",9,7,71,149,2017,12,7,4,3,5,2,0,1,0,0,0,0,1,1,653062.4037,5364344693.0,11.068541271,48.413652723,2,#fc8d62,car
98600,"9,17E+18",9,1,62,0,2017,12,7,6,3,6,2,0,1,1,0,0,0,1,1,688964.9718,5329413.7018,11.537698295,48.089955395,2,#fc8d62,car
98602,"9,17E+18",9,1,84,136,2017,12,9,6,3,5,7,0,1,0,0,0,0,0,1,698855.2767,5325775.8619,11.668681826,48.054252459,2,#fc8d62,car
98616,"9,17E+18",9,1,84,131,2017,12,7,6,3,4,2,0,1,0,0,0,0,1,1,704860.3841,5336961888.0,11.754546501,48.152877997,2,#fc8d62,car
98628,"9,17E+18",9,1,63,0,2017,12,8,4,3,5,3,0,1,0,0,0,0,0,0,732165415.0,5301593944.0,12.102041703,47.825756256,2,#fc8d62,car
98629,"9,17E+18",9,1,87,159,2017,12,10,4,3,1,2,0,1,0,0,0,1,0,0,731065.0708,5329672.0054,12.102438785,48.078409098,2,#fc8d62,car
98633,"9,17E+18",9,7,71,111,2017,12,6,4,3,2,6,0,1,0,0,0,0,1,0,658571.2236,5357144.2187,11.140219687,48.347556274,2,#fc8d62,car
98634,"9,17E+18",9,1,81,130,2017,12,13,4,3,4,2,0,1,0,0,0,0,0,1,642252359.0,5324563.5812,10.909178998,48.058482808,2,#fc8d62,car
98635,"9,17E+18",9,1,79,123,2017,12,17,4,3,4,2,0,1,0,0,0,0,2,0,677442.4318,5331967.4406,11.384162019,48.116223578,2,#fc8d62,car
98636,"9,17E+18",9,1,78,140,2017,12,6,4,3,2,6,0,1,0,0,0,0,2,1,706261.7816,5363300.0488,11.786213455,48.389104043,2,#fc8d62,car
98637,"9,17E+18",9,1,77,117,2017,12,16,4,2,4,2,0,1,0,1,0,0,2,0,715750.43,5355109.5103,11.910022284,48.312338365,2,#fc8d62,car
98638,"9,17E+18",9,1,78,124,2017,12,20,4,3,4,2,0,1,0,0,0,0,2,0,700144.9207,5357073.1322,11.700721084,48.335115707,2,#fc8d62,car
98639,"9,17E+18",9,1,62,0,2017,12,16,3,3,5,3,0,1,1,0,0,0,1,1,694781861.0,5332287.8877,11.617044595,48.114036602,2,#fc8d62,car
98640,"9,17E+18",9,7,62,0,2017,12,6,6,2,6,4,0,1,1,0,0,0,2,2,622173.9719,5307877.6592,10.635081319,47.912578558,2,#fc8d62,car
98643,"9,17E+18",9,1,62,0,2017,12,16,3,2,6,4,0,1,1,0,0,0,2,0,688506.9325,5334952.9079,11.534001759,48.139878543,2,#fc8d62,car
98644,"9,17E+18",9,1,84,136,2017,12,19,3,3,5,3,1,1,0,0,0,0,2,0,698509.5088,5327133.1864,11.664676658,48.066558853,1,#66c2a5,bicycle
98645,"9,17E+18",9,7,71,130,2017,12,18,6,3,2,6,0,1,0,0,0,0,2,1,648194.9656,5362742.6481,11.002237702,48.400412122,2,#fc8d62,car
98648,"9,17E+18",9,7,78,137,2017,12,7,3,3,8,1,0,1,0,0,0,0,1,2,624105.4439,5328547.8087,10.666899877,48.098102181,2,#fc8d62,car
98649,"9,17E+18",9,7,73,179,2017,12,8,3,3,9,1,0,1,0,0,0,0,0,1,619584.4935,5374821.9963,10.619317711,48.515116852,2,#fc8d62,car
98664,"9,17E+18",9,7,71,130,2017,12,16,6,3,2,6,0,1,0,0,0,0,2,1,648283.2435,5362735.6472,11.00342718,48.40032842,2,#fc8d62,car
98665,"9,17E+18",9,7,72,162,2017,12,13,6,3,4,6,0,1,0,0,0,1,0,1,636107.6989,5335575.7967,10.830269499,48.1588498,2,#fc8d62,car