OBJECTID,UIDENTSTLA,ULAND,UREGBEZ,UKREIS,UGEMEINDE,UJAHR,UMONAT,USTUNDE,UWOCHENTAG,UKATEGORIE,UART,UTYP1,IstRad,IstPKW,IstFuss,IstKrad,IstGkfz,IstSonstig,ULICHTVERH,STRZUSTAND,LINREFX,LINREFY,XGCSWGS84,YGCSWGS84,Teilnehmer,color,symbol
98673,"9,17E+18",9,7,61,0,2017,12,21,6,3,0,1,0,1,0,0,0,0,2,2,643566016.0,5357586555.0,10.93797352,48.355122534,2,#fc8d62,car
98676,"9,17E+18",9,7,61,0,2017,12,9,6,3,2,2,0,1,0,0,0,0,0,1,640218687.0,5360552.6525,10.893803415,48.382544932,2,#fc8d62,car
98699,"9,17E+18",9,2,61,0,2017,12,18,3,3,2,6,0,1,0,0,0,1,2,0,732875894.0,5378355.5239,12.153560035,48.515084022,2,#fc8d62,car
98705,"9,17E+18",9,1,82,120,2017,12,18,3,3,4,2,0,1,0,0,0,0,2,0,701976.0552,5306169.3234,11.701305124,47.877064672,2,#fc8d62,car
98707,"9,17E+18",9,1,87,130,2017,12,18,3,3,5,3,0,1,0,0,0,0,2,0,716393.4413,5312283.9914,11.896949168,47.927314317,2,#fc8d62,car
98713,"9,17E+18",9,1,85,158,2017,12,16,3,3,5,3,1,1,0,0,0,0,2,1,666558062.0,5381296233.0,11.257542685,48.56261565,1,#66c2a5,bicycle
98714,"9,17E+18",9,1,85,158,2017,12,18,3,3,5,3,0,1,0,0,0,0,2,1,668403.5143,5382127.0712,11.282871824,48.569591189,2,#fc8d62,car
98721,"9,17E+18",9,1,79,123,2017,12,13,3,3,0,7,1,1,0,0,0,0,0,0,677512.6569,5334044.4879,11.385969814,48.134874963,1,#66c2a5,bicycle
98722,"9,17E+18",9,1,79,119,2017,12,10,3,3,5,2,1,1,0,0,0,0,0,1,670954.9055,5339027.8646,11.299903765,48.181469438,1,#66c2a5,bicycle
98723,"9,17E+18",9,1,84,129,2017,12,9,3,3,2,7,0,1,0,0,0,1,0,1,701153.3856,5326315.6489,11.699741464,48.058383418,2,#fc8d62,car
98724,"9,17E+18",9,1,78,124,2017,12,4,3,3,2,1,0,1,0,0,0,0,2,1,703566299.0,5367585.6743,11.751925095,48.428490976,2,#fc8d62,car
98725,"9,17E+18",9,1,78,113,2017,12,19,3,3,1,3,1,1,0,0,0,0,2,1,692234.1711,5367470.7765,11.598847066,48.431018646,1,#66c2a5,bicycle
98726,"9,17E+18",9,1,75,123,2017,12,17,3,3,2,6,0,1,0,0,0,0,1,0,725596888.0,5336317.5889,12.032640956,48.140073568,2,#fc8d62,car
98727,"9,17E+18",9,1,62,0,2017,12,7,2,3,6,2,0,1,1,0,0,0,1,1,687344.5236,5335081.8094,11.518448505,48.141380454,2,#fc8d62,car
98740,"9,17E+18",9,7,72,163,2017,12,18,2,3,5,3,0,1,0,1,0,0,2,1,641284771.0,5347484177.0,10.903814149,48.264799339,2,#fc8d62,car
98741,"9,17E+18",9,7,61,0,2017,12,14,2,3,3,6,0,1,0,0,0,1,0,0,641370683.0,5357480585.0,10.908320716,48.354665,2,#fc8d62,car
98765,"9,17E+18",9,7,72,145,2017,12,6,4,3,8,1,0,1,0,0,0,0,2,2,636086.8844,5368156.1844,10.840496401,48.451819908,2,#fc8d62,car
98766,"9,17E+18",9,7,72,156,2017,12,6,4,3,9,1,0,1,0,0,0,0,2,2,629665.8631,5368579.8374,10.753830436,48.456985291,2,#fc8d62,car
98767,"9,17E+18",9,7,72,145,2017,12,7,4,3,4,1,0,1,0,0,0,0,1,2,636043.9864,5368175.0984,10.839922688,48.451999254,2,#fc8d62,car
98768,"9,17E+18",9,7,72,145,2017,12,6,4,3,9,1,0,1,0,0,0,0,2,2,636088.4818,5368155.6706,10.840517826,48.451814943,2,#fc8d62,car
98769,"9,17E+18",9,7,71,130,2017,12,16,4,3,2,3,0,1,0,0,0,1,2,0,644236354.0,5362202021.0,10.948600454,48.396469235,2,#fc8d62,car
98770,"9,17E+18",9,7,61,0,2017,12,22,4,3,5,3,0,1,0,0,0,0,2,1,637001.8712,5359906.3773,10.850170044,48.377440502,2,#fc8d62,car
98820,"9,17E+18",9,2,61,0,2017,12,17,4,3,2,6,0,1,0,0,0,0,2,0,731966.6491,5379788.0214,12.1420631,48.528288351,2,#fc8d62,car
98833,"9,17E+18",9,1,82,123,2017,12,16,4,3,4,2,0,1,0,0,0,0,1,1,717270741.0,5301399445.0,11.903204432,47.829211307,2,#fc8d62,car
98837,"9,17E+18",9,1,86,162,2017,12,5,4,2,2,6,0,1,0,0,0,1,1,0,689332712.0,5385193112.0,11.567703071,48.591174624,2,#fc8d62,car
98840,"9,17E+18",9,1,85,158,2017,12,7,4,2,5,3,1,1,0,0,0,0,1,0,666558062.0,5381296233.0,11.257542685,48.56261565,1,#66c2a5,bicycle
98841,"9,17E+18",9,1,86,152,2017,12,7,4,3,5,3,1,1,0,0,0,0,0,0,690657.9441,5376365.1491,11.581614827,48.511434287,1,#66c2a5,bicycle
98843,"9,17E+18",9,1,62,0,2017,12,15,4,3,3,6,0,1,0,0,0,1,0,0,684642.6959,5342521.2357,11.485395473,48.209039161,2,#fc8d62,car
98844,"9,17E+18",9,1,79,123,2017,12,17,4,3,2,6,0,1,0,0,0,1,2,0,678119.8599,5332252.0444,11.393374786,48.118592801,2,#fc8d62,car
98845,"9,17E+18",9,1,88,139,2017,12,15,4,3,2,6,0,1,0,0,0,0,0,0,674737.1083,5318994.1191,11.342544923,48.000347357,2,#fc8d62,car
98846,"9,17E+18",9,1,79,134,2017,12,12,4,2,5,3,1,1,0,0,0,0,0,0,668212.05,5343343357.0,11.264743813,48.220997142,1,#66c2a5,bicycle
98847,"9,17E+18",9,1,78,120,2017,12,5,4,3,2,6,0,1,0,0,0,1,2,0,693355.0495,5354042.3558,11.607810388,48.309990945,2,#fc8d62,car
98848,"9,17E+18",9,1,78,120,2017,12,13,4,3,3,6,0,1,0,0,0,1,0,0,695018.3661,5353156.3813,11.629809973,48.301517878,2,#fc8d62,car
98849,"9,17E+18",9,1,77,126,2017,12,13,4,3,2,6,0,1,0,0,0,0,0,0,717115.5546,5367756.9884,11.934938102,48.425506555,2,#fc8d62,car
98850,"9,17E+18",9,1,78,138,2017,12,6,4,2,5,7,0,1,0,0,0,1,2,2,712225.9709,5368489.0983,11.869299221,48.433750771,2,#fc8d62,car
98851,"9,17E+18",9,1,62,0,2017,12,8,3,3,4,2,0,1,0,0,0,0,0,0,678116441.0,5335320757.0,11.394611817,48.146178771,2,#fc8d62,car
98852,"9,17E+18",9,1,84,131,2017,12,20,3,2,5,3,0,1,0,0,0,0,2,0,704865625.0,5336965.8059,11.754618771,48.152911518,2,#fc8d62,car
98853,"9,17E+18",9,1,84,129,2017,12,19,3,3,3,6,0,1,0,0,0,0,2,1,699593.4852,5324389541.0,11.677931116,48.041562784,2,#fc8d62,car
98868,"9,17E+18",9,7,61,0,2017,12,18,3,3,2,6,0,1,0,0,0,0,2,0,639328.7768,5351208.0422,10.878699805,48.298717227,2,#fc8d62,car
98869,"9,17E+18",9,7,71,130,2017,12,16,3,3,2,6,0,1,0,0,0,0,1,0,647216.5025,5362815.8657,10.989051839,48.401299665,2,#fc8d62,car
98870,"9,17E+18",9,7,72,147,2017,12,18,3,3,4,6,0,1,0,0,0,0,2,0,632172.5207,5364512068.0,10.786434551,48.419885874,2,#fc8d62,car
98890,"9,17E+18",9,2,74,182,2017,12,6,5,3,5,3,0,1,0,0,0,0,2,1,728980082.0,5376817.9751,12.100041439,48.502704263,2,#fc8d62,car
98897,"9,17E+18",9,1,90,138,2017,12,17,5,3,5,3,0,1,0,0,0,0,2,1,661862.2259,5307266.0414,11.165664,47.898291604,2,#fc8d62,car
98912,"9,17E+18",9,2,61,0,2017,12,16,3,3,4,2,0,1,0,1,0,0,0,0,732729.9316,5382998.0854,12.154178649,48.556840902,2,#fc8d62,car
98913,"9,17E+18",9,1,90,151,2017,12,16,3,3,8,1,0,1,0,0,0,0,1,2,632701.5236,5300252.1257,10.773564072,47.841909618,2,#fc8d62,car
98914,"9,17E+18",9,1,73,134,2017,12,17,3,3,5,3,0,1,0,0,0,0,2,1,685476.8123,5300547.8382,11.478450548,47.83151112,2,#fc8d62,car
98919,"9,17E+18",9,1,84,114,2017,12,23,3,1,2,6,0,1,0,0,0,1,2,1,699713.1155,5319351.9939,11.677187676,47.99625135,2,#fc8d62,car
98924,"9,17E+18",9,1,87,170,2017,12,18,5,3,1,7,0,1,0,0,0,0,2,1,733464729.0,5318678065.0,12.12861927,47.978769041,2,#fc8d62,car
98932,"9,17E+18",9,1,81,130,2017,12,17,3,3,2,6,0,1,0,0,0,0,2,0,640390.4072,5324693.8887,10.884246481,48.060066981,2,#fc8d62,car
98933,"9,17E+18",9,1,88,132,2017,12,8,3,3,5,3,0,1,0,0,0,0,0,1,663682.98,5322986238.0,11.195992975,48.039164315,2,#fc8d62,car
98934,"9,17E+18",9,1,78,130,2017,12,6,3,3,3,3,0,1,0,0,0,0,2,1,702297.8283,5357064.5446,11.729733836,48.334353088,2,#fc8d62,car
98935,"9,17E+18",9,1,78,124,2017,12,16,3,3,4,1,0,1,0,0,0,0,2,1,705110986.0,5365458.1172,11.771741407,48.40887173,2,#fc8d62,car
98937,"9,17E+18",9,1,62,0,2017,12,19,2,3,5,3,0,1,0,0,0,0,2,0,695008743.0,5333476.0215,11.620633039,48.12464562,2,#fc8d62,car
98938,"9,17E+18",9,1,62,0,2017,12,8,2,3,3,6,0,1,0,0,0,0,1,1,685987.5222,5335254.8932,11.500300188,48.143334316,2,#fc8d62,car
98939,"9,17E+18",9,1,85,166,2017,12,11,5,3,5,3,0,1,0,0,0,1,0,1,672431.3898,5384369.1586,11.338356597,48.588649707,2,#fc8d62,car
98940,"9,17E+18",9,1,84,119,2017,12,15,2,3,5,3,0,1,0,0,0,0,0,1,695302.2429,5347362.8235,11.630957384,48.249362176,2,#fc8d62,car
98941,"9,17E+18",9,1,62,0,2017,12,17,5,3,2,7,0,1,0,0,0,0,2,1,679410.3149,5337587.3644,11.412946534,48.166189616,2,#fc8d62,car
98942,"9,17E+18",9,1,62,0,2017,12,9,2,3,5,3,1,1,0,0,0,0,0,1,697119.7158,5330634.0193,11.647656839,48.098453348,1,#66c2a5,bicycle
98943,"9,17E+18",9,1,62,0,2017,12,11,2,3,2,6,0,1,0,0,0,1,0,0,694170.9401,5336765.0088,11.610885804,48.154461864,2,#fc8d62,car
98944,"9,17E+18",9,7,78,116,2017,12,8,2,3,2,6,0,1,0,0,0,1,0,0,617666619.0,5322254284.0,10.578720395,48.042722127,2,#fc8d62,car
98947,"9,17E+18",9,7,78,173,2017,12,10,2,3,2,3,0,1,0,0,0,1,0,1,614374.9535,5322526192.0,10.53464578,48.045765911,2,#fc8d62,car
98950,"9,17E+18",9,7,72,130,2017,12,10,2,3,5,3,0,1,0,0,0,0,0,1,632009.9408,5357650662.0,10.782082002,48.358220736,2,#fc8d62,car
98951,"9,17E+18",9,7,71,142,2017,12,16,2,3,3,2,1,1,0,0,0,0,2,1,645570.2316,5352062.9539,10.963103773,48.304998914,1,#66c2a5,bicycle
98952,"9,17E+18",9,7,61,0,2017,12,13,2,3,5,3,0,1,0,0,0,0,0,0,638316365.0,5361316.8181,10.868376398,48.389836112,2,#fc8d62,car
98953,"9,17E+18",9,7,61,0,2017,12,17,2,2,6,4,0,1,1,0,0,0,2,1,639181.4672,5360878.1605,10.879910342,48.385701504,2,#fc8d62,car
98954,"9,17E+18",9,7,61,0,2017,12,2,2,3,2,7,0,1,0,0,0,1,2,1,642780.6796,5359793.1856,10.92812768,48.375141547,2,#fc8d62,car
98956,"9,17E+18",9,1,79,140,2017,12,7,5,3,0,7,0,1,0,0,0,0,0,1,661049.3775,5344241.9784,11.168723034,48.230934735,2,#fc8d62,car
98957,"9,17E+18",9,1,88,124,2017,12,7,5,3,7,7,0,1,0,0,0,0,1,0,659790.5734,5320712.7874,11.142962291,48.019710098,2,#fc8d62,car
98958,"9,17E+18",9,1,79,147,2017,12,7,5,3,7,7,0,1,0,0,0,0,1,1,663358.8099,5331627.9361,11.194950998,48.116940215,2,#fc8d62,car
98961,"9,17E+18",9,1,81,120,2017,12,21,5,2,8,1,0,1,0,0,0,0,2,1,652376.8559,5317725.4854,11.042542241,47.994661121,2,#fc8d62,car
98963,"9,17E+18",9,1,81,114,2017,12,7,5,3,0,7,0,1,0,0,0,0,2,1,656952.6617,5312670.1486,11.101990475,47.94810105,2,#fc8d62,car
98973,"9,17E+18",9,1,84,147,2017,12,18,5,3,3,7,0,1,0,0,0,0,2,0,698688.7059,5341756132.0,11.673898384,48.19792234,2,#fc8d62,car
98974,"9,17E+18",9,1,75,132,2017,12,7,5,3,6,2,0,1,1,0,0,0,0,1,706317.9217,5331488538.0,11.771471126,48.103220958,2,#fc8d62,car
98975,"9,17E+18",9,1,75,112,2017,12,7,5,3,2,2,0,1,0,0,0,0,2,1,721728.5416,5320031.7259,11.972268421,47.99510592,2,#fc8d62,car
99005,"9,17E+18",9,2,61,0,2017,12,17,2,3,4,2,0,1,0,0,0,1,2,1,731596495.0,5381546288.0,12.138034016,48.544219236,2,#fc8d62,car
99011,"9,17E+18",9,1,84,135,2017,12,18,4,3,4,2,0,1,0,0,0,0,2,1,692025.5204,5345072.8944,11.585824954,48.229782253,2,#fc8d62,car
99013,"9,17E+18",9,1,62,0,2017,12,6,4,3,2,6,0,1,0,0,0,1,2,2,692193.2873,5342946.7395,11.587118034,48.210622296,2,#fc8d62,car
99015,"9,17E+18",9,1,87,177,2017,12,17,2,3,1,5,0,1,0,1,0,0,2,1,735539.5222,5305336.4258,12.149090676,47.858151792,2,#fc8d62,car
99016,"9,17E+18",9,1,87,130,2017,12,21,2,3,8,1,0,1,0,0,0,0,2,1,713767.9356,5307866.2976,11.859656605,47.888497312,2,#fc8d62,car
99019,"9,17E+18",9,1,88,121,2017,12,11,2,3,2,6,0,1,0,0,0,1,0,1,673738.2828,5330069.6106,11.333662487,48.100184348,2,#fc8d62,car
99020,"9,17E+18",9,1,88,118,2017,12,22,2,2,8,1,0,1,0,0,0,0,2,1,670387.8734,5311175.34,11.281188308,47.931229675,2,#fc8d62,car
99021,"9,17E+18",9,1,88,139,2017,12,14,2,2,2,6,0,1,0,0,0,1,0,0,673876.9067,5318002.9291,11.330621337,47.991671326,2,#fc8d62,car
99022,"9,17E+18",9,1,62,0,2017,12,19,2,3,2,6,0,1,0,0,0,0,2,1,694850.8451,5342780253.0,11.622776376,48.208315778,2,#fc8d62,car
99023,"9,17E+18",9,1,78,116,2017,12,15,2,2,5,3,0,1,0,0,0,0,0,1,702236.7432,5382970.7311,11.74142257,48.567171229,2,#fc8d62,car
99024,"9,17E+18",9,1,62,0,2017,12,14,1,3,1,6,0,1,0,0,0,0,0,2,687453884.0,5340466.7635,11.522290661,48.189749326,2,#fc8d62,car
99027,"9,17E+18",9,1,62,0,2017,12,19,4,3,2,6,0,1,0,0,0,0,2,1,690532.5568,5331990.0294,11.559878601,48.112644891,2,#fc8d62,car
99030,"9,17E+18",9,7,62,0,2017,12,12,1,3,5,3,0,1,0,1,0,0,0,2,622149.1077,5308076.0567,10.634804912,47.914367614,2,#fc8d62,car
99031,"9,17E+18",9,1,62,0,2017,12,7,4,3,2,6,0,1,0,0,0,0,1,1,693216.7416,5337552.0251,11.598426465,48.161825921,2,#fc8d62,car
99033,"9,17E+18",9,7,72,223,2017,12,13,1,3,3,1,0,1,0,0,0,0,0,2,618756.4955,5363108.5063,10.604785323,48.409935527,2,#fc8d62,car
99036,"9,17E+18",9,7,72,223,2017,12,13,1,3,2,6,0,1,0,0,0,0,0,2,616235.8847,5362665.2163,10.570614365,48.406418888,2,#fc8d62,car
99037,"9,17E+18",9,7,72,147,2017,12,17,1,3,9,1,0,1,0,0,0,0,2,2,635677.8426,5364324.0425,10.833726487,48.417450039,2,#fc8d62,car
99038,"9,17E+18",9,7,72,223,2017,12,12,1,3,2,1,0,1,0,0,0,0,0,2,618856.3325,5363108.2929,10.606133833,48.409914787,2,#fc8d62,car
99039,"9,17E+18",9,7,72,145,2017,12,13,1,3,8,1,0,1,0,0,0,0,0,2,634572.1959,5367855.2548,10.819925203,48.44943969,2,#fc8d62,car
99040,"9,17E+18",9,7,72,147,2017,12,13,1,3,9,1,0,1,0,0,0,0,0,2,638160.4836,5366014.3438,10.867818754,48.432109296,2,#fc8d62,car
99041,"9,17E+18",9,7,71,113,2017,12,0,1,3,8,1,0,1,0,0,0,0,2,0,658126.0196,5373246.1403,11.140286272,48.492428347,2,#fc8d62,car
99085,"9,17E+18",9,2,61,0,2017,12,17,1,3,8,1,0,1,0,0,0,0,2,1,725743.1826,5378077.5814,12.056965339,48.51519124,2,#fc8d62,car
99086,"9,17E+18",9,2,74,126,2017,12,15,1,3,9,1,0,1,0,0,0,0,0,2,732706.4138,5384772.1043,12.154852375,48.572785022,2,#fc8d62,car
99088,"9,17E+18",9,2,74,126,2017,12,17,1,3,4,2,0,1,0,0,0,0,1,2,733066237.0,5382819918.0,12.15862964,48.555115611,2,#fc8d62,car
99096,"9,17E+18",9,1,63,0,2017,12,18,1,3,6,2,0,1,1,0,0,0,2,1,734574261.0,5304287.43,12.135636693,47.84908073,2,#fc8d62,car
99097,"9,17E+18",9,1,82,120,2017,12,9,1,3,5,3,0,1,0,0,0,0,0,0,703277.2063,5308444.2996,11.719757989,47.897099841,2,#fc8d62,car
99099,"9,17E+18",9,1,85,131,2017,12,13,1,3,4,1,0,1,0,0,0,0,0,2,668501522.0,5374179.78,11.280986363,48.498125055,2,#fc8d62,car
99100,"9,17E+18",9,1,74,131,2017,12,13,1,3,9,1,0,1,0,0,0,0,0,2,677679.33,5366128.1231,11.401695897,48.423224383,2,#fc8d62,car
99105,"9,17E+18",9,1,81,118,2017,12,13,1,3,5,3,0,1,0,0,0,0,0,1,650635.9659,5328146.8131,11.022888304,48.088777133,2,#fc8d62,car
99106,"9,17E+18",9,1,81,145,2017,12,14,1,3,5,3,0,1,0,0,0,0,0,1,647595091.0,5330444.8373,10.982872785,48.110151573,2,#fc8d62,car
99107,"9,17E+18",9,1,81,122,2017,12,15,1,3,4,1,0,1,0,0,0,0,0,2,652416.5581,5333484.4396,11.04869169,48.136345797,2,#fc8d62,car
99108,"9,17E+18",9,1,88,124,2017,12,10,1,3,8,7,0,1,0,0,0,0,0,1,659653796.0,5319817109.0,11.140795756,48.011691359,2,#fc8d62,car
99109,"9,17E+18",9,1,78,124,2017,12,22,1,3,0,3,0,1,0,0,0,0,2,1,703348176.0,5364805423.0,11.747632327,48.403577608,2,#fc8d62,car
99110,"9,17E+18",9,1,77,130,2017,12,12,1,3,4,6,0,1,0,0,0,0,0,2,712493488.0,5349191.0057,11.863173966,48.260260309,2,#fc8d62,car
99111,"9,17E+18",9,1,62,0,2017,12,5,7,3,0,2,0,1,0,0,0,1,2,1,692104.9225,5341867.7254,11.585441353,48.2009512,2,#fc8d62,car
99112,"9,17E+18",9,1,62,0,2017,12,22,7,3,1,5,0,1,0,0,0,0,2,0,695483.4198,5333990.1631,11.627240878,48.129120906,2,#fc8d62,car
99114,"9,17E+18",9,7,62,0,2017,12,11,4,3,2,6,0,1,0,0,0,0,0,0,620660.8499,5305104.7078,10.614063656,47.887925779,2,#fc8d62,car
99123,"9,17E+18",9,7,71,130,2017,12,12,7,3,2,6,0,1,0,0,0,0,0,0,647196.5428,5358311.9181,10.987204855,48.360808585,2,#fc8d62,car
99124,"9,17E+18",9,7,71,111,2017,12,18,7,3,8,1,0,1,0,0,0,0,2,0,658034.5371,5357256.5594,11.133023478,48.348700765,2,#fc8d62,car
99130,"9,17E+18",9,7,73,188,2017,12,7,4,3,6,4,0,0,1,0,0,1,1,0,620802.9909,5376650.2499,10.636340309,48.531324533,3,#8da0cb,toilet
99148,"9,17E+18",9,2,61,0,2017,12,4,7,2,6,4,0,0,1,0,0,1,2,1,731816426.0,5381891974.0,12.141201677,48.547243249,3,#8da0cb,toilet
99150,"9,17E+18",9,7,73,140,2017,12,7,4,2,9,1,0,1,0,0,0,0,1,2,614670.0429,5373500.3875,10.552432968,48.504148257,2,#fc8d62,car
99151,"9,17E+18",9,2,61,0,2017,12,14,7,3,2,6,0,1,0,0,0,0,0,0,732223.1695,5380019.7273,12.14566134,48.530274884,2,#fc8d62,car
99153,"9,17E+18",9,7,71,130,2017,12,16,4,3,2,6,0,1,0,0,0,0,0,1,644916.4586,5363001.2123,10.958058808,48.403499065,2,#fc8d62,car
99155,"9,17E+18",9,7,72,167,2017,12,7,4,3,9,1,0,1,0,0,0,0,0,2,625408.4129,5358874.8348,10.693370496,48.370575123,2,#fc8d62,car
99158,"9,17E+18",9,7,72,216,2017,12,6,4,3,8,1,0,1,0,0,0,0,2,2,621283.7753,5368328.4925,10.640433462,48.456396619,2,#fc8d62,car
99161,"9,17E+18",9,1,83,118,2017,12,5,7,3,9,1,0,0,0,0,0,1,2,2,738265.7647,5337655.6855,12.203425326,48.147476769,6,#ffd92f,circle
99163,"9,17E+18",9,1,87,165,2017,12,6,7,2,2,6,0,0,0,0,0,1,2,1,729045.7978,5300294.0626,12.059734323,47.81519546,6,#ffd92f,circle
99167,"9,17E+18",9,1,88,126,2017,12,10,7,3,2,6,0,1,0,0,0,0,0,1,659493.1326,5327557.1754,11.141527151,48.081321098,2,#fc8d62,car
99168,"9,17E+18",9,1,78,124,2017,12,20,7,3,9,1,0,1,0,0,0,0,2,2,700814.8249,5366409.8279,11.714209761,48.41880747,2,#fc8d62,car
99169,"9,17E+18",9,1,77,120,2017,12,7,7,2,4,1,0,1,0,0,0,0,0,2,724603.3805,5362200112.0,12.03304032,48.372959309,2,#fc8d62,car
99170,"9,17E+18",9,1,75,123,2017,12,11,7,3,2,6,0,1,0,0,0,0,0,2,723887.1338,5337258333.0,12.010184807,48.149129536,2,#fc8d62,car
99171,"9,17E+18",9,1,84,136,2017,12,23,6,3,1,5,0,1,0,0,0,0,2,2,700445.4237,5327880.3565,11.690984001,48.072668456,2,#fc8d62,car
99172,"9,17E+18",9,1,62,0,2017,12,19,6,3,2,6,0,1,0,0,0,0,2,1,684719.3221,5342347.2431,11.486350149,48.207452956,2,#fc8d62,car
99173,"9,17E+18",9,1,62,0,2017,12,12,6,3,0,7,0,1,0,0,0,0,0,1,689371.6361,5331830.7952,11.54422648,48.11155991,2,#fc8d62,car
99174,"9,17E+18",9,1,62,0,2017,12,16,6,3,4,6,0,1,0,0,0,0,2,1,689030.1763,5329522.4841,11.538621218,48.090913819,2,#fc8d62,car
99182,"9,17E+18",9,7,71,130,2017,12,11,2,3,2,6,0,1,0,0,0,0,0,1,647582.7404,5358907.5823,10.992624356,48.366074143,2,#fc8d62,car
99216,"9,17E+18",9,1,79,123,2017,12,6,4,3,1,7,0,1,0,0,0,1,2,1,675847.5411,5333521.7607,11.363392871,48.130638292,2,#fc8d62,car
99218,"9,17E+18",9,1,73,120,2017,12,5,4,3,8,1,0,1,0,0,0,0,2,2,687721.2087,5309275.6171,11.512202964,47.909311764,2,#fc8d62,car
99232,"9,17E+18",9,1,75,132,2017,12,17,3,3,5,2,0,1,0,0,0,0,1,1,707354.2665,5336138338.0,11.787637103,48.144669221,2,#fc8d62,car
99245,"9,17E+18",9,2,74,126,2017,12,16,2,3,2,6,0,1,0,0,0,1,0,0,733681.9039,5382556.3085,12.166812274,48.552518655,2,#fc8d62,car
99253,"9,17E+18",9,1,86,143,2017,12,18,2,3,5,3,0,1,0,0,0,0,2,0,687877.4835,5377487.8135,11.544510357,48.522362083,2,#fc8d62,car
99258,"9,17E+18",9,1,75,132,2017,12,10,4,3,9,6,1,0,0,0,0,0,0,1,704802015.0,5335883.7092,11.75324393,48.143207683,1,#66c2a5,bicycle
99260,"9,17E+18",9,1,62,0,2017,12,13,2,3,1,6,0,1,0,0,0,0,2,0,679834.5383,5338012.4809,11.41882657,48.169891077,2,#fc8d62,car
99261,"9,17E+18",9,1,74,121,2017,12,17,2,1,4,6,0,1,0,0,0,0,2,0,691087.0585,5352769.5182,11.576677723,48.299240414,2,#fc8d62,car
99262,"9,17E+18",9,1,74,115,2017,12,12,2,3,5,3,0,1,0,0,0,0,0,1,681291212.0,5347085634.0,11.442278105,48.251033005,2,#fc8d62,car
99263,"9,17E+18",9,1,84,112,2017,12,7,2,3,2,6,0,1,0,0,0,0,0,0,702914.0631,5339674.6287,11.729701504,48.17788052,2,#fc8d62,car
99264,"9,17E+18",9,1,75,133,2017,12,17,2,3,2,6,0,1,0,0,0,0,2,0,710551.6363,5342162606.0,11.83355112,48.197752723,2,#fc8d62,car
99265,"9,17E+18",9,1,75,123,2017,12,8,2,2,5,3,0,1,0,0,0,1,0,1,725596888.0,5336317.5889,12.032640956,48.140073568,2,#fc8d62,car
99266,"9,17E+18",9,1,62,0,2017,12,16,1,3,2,6,0,1,0,0,0,0,1,1,690881.2679,5339121.2107,11.567755782,48.176635005,2,#fc8d62,car
99267,"9,17E+18",9,1,62,0,2017,12,22,1,3,1,6,0,1,0,0,0,0,2,1,687452.3337,5340467.2672,11.522270044,48.189754311,2,#fc8d62,car
99271,"9,17E+18",9,7,62,0,2017,12,2,1,3,8,1,0,1,0,0,0,0,2,2,622648.6149,5305678.1972,10.640805486,47.892706772,2,#fc8d62,car
99272,"9,17E+18",9,1,62,0,2017,12,9,2,3,2,6,0,1,0,0,0,0,0,0,692550057.0,5339173.9621,11.590204713,48.176605681,2,#fc8d62,car
99274,"9,17E+18",9,7,71,122,2017,12,8,1,3,9,1,0,1,0,0,0,0,0,2,652067.5093,5362399.8528,11.054400306,48.396407995,2,#fc8d62,car
99275,"9,17E+18",9,7,71,130,2017,12,15,1,2,5,3,0,1,0,0,0,0,0,1,648687.9823,5356900.9214,11.006828563,48.347772681,2,#fc8d62,car
99277,"9,17E+18",9,7,61,0,2017,12,5,1,3,8,1,0,1,0,0,0,0,2,1,641004.1037,5360565.3358,10.904409486,48.382483914,2,#fc8d62,car
99304,"9,17E+18",9,1,62,0,2017,12,11,3,3,2,6,0,1,0,0,0,0,0,0,694520548.0,5341664.3291,11.617823809,48.198387751,2,#fc8d62,car
99310,"9,17E+18",9,2,74,165,2017,12,11,1,3,8,1,0,1,0,0,0,0,0,1,716952.7846,5384480151.0,11.941428617,48.575813001,2,#fc8d62,car
99318,"9,17E+18",9,1,83,123,2017,12,1,1,3,9,1,0,1,0,0,0,0,2,2,734171.3622,5341454.7747,12.150555605,48.183125386,2,#fc8d62,car
99323,"9,17E+18",9,1,87,186,2017,12,16,1,3,9,1,0,1,0,0,0,0,0,2,733212725.0,5331849.4399,12.132419005,48.097188572,2,#fc8d62,car
99325,"9,17E+18",9,1,74,126,2017,12,20,4,3,0,2,1,1,0,0,0,0,2,1,684249.7142,5344650.1602,11.481035874,48.228288981,1,#66c2a5,bicycle
99330,"9,17E+18",9,1,74,146,2017,12,8,1,2,3,1,0,1,0,0,0,0,0,1,668341.0556,5350049059.0,11.269146143,48.28124542,2,#fc8d62,car
99332,"9,17E+18",9,1,74,146,2017,12,8,1,3,2,6,0,1,0,0,0,0,0,1,668577.88,5349893084.0,11.272273583,48.279780245,2,#fc8d62,car
99333,"9,17E+18",9,1,74,146,2017,12,7,1,3,9,1,0,1,0,0,0,0,2,1,668382.2904,5350021.8536,11.269690673,48.280989887,2,#fc8d62,car