OBJECTID,UIDENTSTLA,ULAND,UREGBEZ,UKREIS,UGEMEINDE,UJAHR,UMONAT,USTUNDE,UWOCHENTAG,UKATEGORIE,UART,UTYP1,IstRad,IstPKW,IstFuss,IstKrad,IstGkfz,IstSonstig,ULICHTVERH,STRZUSTAND,LINREFX,LINREFY,XGCSWGS84,YGCSWGS84,Teilnehmer,color,symbol
99334,"9,17E+18",9,1,77,112,2017,12,3,1,3,9,1,0,1,0,0,0,0,2,1,715798.9888,5366651.0183,11.916596005,48.416021895,2,#fc8d62,car
99335,"9,17E+18",9,1,75,121,2017,12,17,1,3,5,1,0,1,0,0,0,0,2,2,716251.7931,5318923.8311,11.898393224,47.987026005,2,#fc8d62,car
99336,"9,17E+18",9,1,75,124,2017,12,1,1,3,8,1,0,1,0,0,0,0,2,2,715630.4713,5328543.0662,11.894917678,48.073670913,2,#fc8d62,car
99337,"9,17E+18",9,1,84,135,2017,12,13,7,3,2,6,0,1,0,0,0,0,0,1,693151167.0,5347231.39,11.601951031,48.248840028,2,#fc8d62,car
99338,"9,17E+18",9,1,84,135,2017,12,2,7,3,8,6,0,1,0,0,0,1,2,1,693178.9254,5346939926.0,11.602191583,48.246212034,2,#fc8d62,car
99339,"9,17E+18",9,7,78,204,2017,12,7,7,3,9,1,0,1,0,0,0,0,0,2,615385.5872,5329563.7866,10.550101575,48.10887854,2,#fc8d62,car
99340,"9,17E+18",9,1,78,137,2017,12,8,3,3,2,2,0,1,0,0,0,0,0,0,693897.1771,5364978.3192,11.620152965,48.408108938,2,#fc8d62,car
99341,"9,17E+18",9,1,87,150,2017,12,15,3,3,2,6,0,1,0,0,0,1,0,0,725984.5904,5303674.1323,12.020663397,47.84664731,2,#fc8d62,car
99348,"9,17E+18",9,7,61,0,2017,12,23,7,3,0,2,0,1,0,0,0,1,2,1,639939437.0,5360655.04,10.890068078,48.383527575,2,#fc8d62,car
99350,"9,17E+18",9,7,72,148,2017,12,14,7,3,1,6,0,1,0,0,0,0,0,1,628215.3146,5354293.4493,10.729858534,48.328812873,2,#fc8d62,car
99352,"9,17E+18",9,7,61,0,2017,12,17,7,3,2,6,0,1,0,0,0,0,2,1,637830.4836,5352888.1066,10.859056788,48.314152479,2,#fc8d62,car
99353,"9,17E+18",9,1,78,144,2017,12,8,3,3,5,3,0,1,0,0,0,0,0,0,707029.8023,5379125.2656,11.804403242,48.531053198,2,#fc8d62,car
99354,"9,17E+18",9,7,71,113,2017,12,12,7,3,9,1,0,1,0,0,0,0,0,1,655996.8297,5371726.4683,11.110920207,48.479298147,2,#fc8d62,car
99355,"9,17E+18",9,1,87,150,2017,12,17,3,3,4,2,0,1,0,1,0,0,2,0,728775.8312,5303479.2485,12.057815409,47.843909207,2,#fc8d62,car
99380,"9,17E+18",9,1,62,0,2017,12,17,3,3,3,6,0,1,0,0,0,1,1,0,694463.7242,5341420.9842,11.616948453,48.196218098,2,#fc8d62,car
99382,"9,17E+18",9,1,84,127,2017,12,13,2,2,8,1,0,1,0,0,0,0,0,1,700908.9557,5322153.5924,11.694511992,48.021055367,2,#fc8d62,car
99384,"9,17E+18",9,1,84,121,2017,12,15,3,3,2,6,0,1,0,0,0,0,0,0,703884.8931,5329033.9409,11.737655135,48.081945312,2,#fc8d62,car
99386,"9,17E+18",9,2,74,126,2017,12,19,3,3,4,2,0,1,0,0,0,0,2,0,733710573.0,5382547782.0,12.167195389,48.552431385,2,#fc8d62,car
99398,"9,17E+18",9,1,62,0,2017,12,15,7,2,2,6,0,1,0,0,0,0,0,1,686242.5718,5330705.9539,11.50173808,48.102372016,2,#fc8d62,car
99402,"9,17E+18",9,1,78,130,2017,12,11,3,3,5,3,0,1,0,0,0,0,0,0,703806.4694,5355962.4426,11.749533761,48.323964592,2,#fc8d62,car
99403,"9,17E+18",9,1,82,137,2017,12,18,3,2,3,6,1,1,0,0,0,0,2,1,711673414.0,5300781.4183,11.828205564,47.82552364,1,#66c2a5,bicycle
99409,"9,17E+18",9,1,79,123,2017,12,6,4,3,6,4,0,1,1,0,0,0,2,1,677489.6214,5334033087.0,11.385655719,48.134778903,2,#fc8d62,car
99411,"9,17E+18",9,1,84,146,2017,12,14,7,3,2,6,0,1,0,0,0,0,0,1,695536.3844,5327840.6799,11.625134492,48.07383577,2,#fc8d62,car
99412,"9,17E+18",9,1,73,118,2017,12,7,4,3,8,1,0,1,0,0,0,0,0,2,687634.2562,5308272.3994,11.51060409,47.900319595,2,#fc8d62,car
99414,"9,17E+18",9,1,87,179,2017,12,22,7,3,8,1,0,1,0,0,0,0,2,2,723240.9619,5311138.1202,11.987899296,47.914670847,2,#fc8d62,car
99416,"9,17E+18",9,1,87,179,2017,12,9,7,3,4,2,0,1,0,0,0,0,0,1,723576978.0,5312503745.0,11.993098588,47.926823979,2,#fc8d62,car
99418,"9,17E+18",9,1,74,135,2017,12,18,7,3,3,6,0,1,0,0,0,0,2,1,664399.9181,5352177.6983,11.216892113,48.301417514,2,#fc8d62,car
99420,"9,17E+18",9,1,81,130,2017,12,8,7,2,9,6,0,1,0,0,0,0,0,2,637230.9409,5323577.0576,10.841506475,48.050711368,2,#fc8d62,car
99421,"9,17E+18",9,1,81,143,2017,12,21,7,3,8,1,0,1,0,0,0,0,2,2,638283009.0,5315658.3799,10.853062508,47.979275995,2,#fc8d62,car
99422,"9,17E+18",9,1,81,124,2017,12,15,7,3,8,1,0,1,0,0,0,0,0,0,646478871.0,5317266914.0,10.963375,47.991915949,2,#fc8d62,car
99423,"9,17E+18",9,1,79,123,2017,12,3,7,3,8,1,0,1,0,0,0,0,2,0,676850.4812,5333333.9193,11.376782441,48.12867186,2,#fc8d62,car
99424,"9,17E+18",9,1,74,151,2017,12,18,7,3,8,1,0,1,0,0,0,0,2,1,679438.1951,5360285.6578,11.422952077,48.370210884,2,#fc8d62,car
99425,"9,17E+18",9,1,74,115,2017,12,12,7,3,2,6,0,1,0,0,0,0,0,0,683287626.0,5348130.5127,11.469599674,48.259850647,2,#fc8d62,car
99426,"9,17E+18",9,1,75,111,2017,12,22,7,3,8,1,0,1,0,0,0,0,2,2,714249396.0,5338775.6919,11.88154226,48.166082887,2,#fc8d62,car
99428,"9,17E+18",9,1,84,131,2017,12,13,7,3,3,7,0,1,0,0,0,0,0,0,704498.3469,5337368.9021,11.749879966,48.156652162,2,#fc8d62,car
99429,"9,17E+18",9,1,78,145,2017,12,11,7,2,0,1,1,0,0,0,0,0,0,1,696818.3707,5354611.0415,11.654734393,48.314033622,1,#66c2a5,bicycle
99431,"9,17E+18",9,1,75,115,2017,12,23,7,2,8,1,0,1,0,0,0,0,2,2,718431.3634,5335253.1976,11.93590422,48.133009857,2,#fc8d62,car
99432,"9,17E+18",9,1,77,115,2017,12,17,7,3,4,6,0,1,0,0,0,0,2,1,734127.1635,5350876.4653,12.155164782,48.267778595,2,#fc8d62,car
99434,"9,17E+18",9,1,62,0,2017,12,13,6,3,2,6,0,1,0,0,0,0,0,0,684277874.0,5335411.8093,11.477407048,48.145242257,2,#fc8d62,car
99436,"9,17E+18",9,1,62,0,2017,12,17,6,3,0,7,0,0,0,0,0,1,2,0,682627.9612,5337435.5904,11.456115619,48.163909148,6,#ffd92f,circle
99437,"9,17E+18",9,1,84,130,2017,12,13,6,1,3,2,1,0,0,0,0,1,0,0,698355153.0,5344761.8093,11.670819899,48.225038857,1,#66c2a5,bicycle
99438,"9,17E+18",9,1,84,141,2017,12,17,2,3,2,6,0,1,0,0,0,1,2,1,700199.4213,5317214.4719,11.682702879,47.976888681,2,#fc8d62,car
99439,"9,17E+18",9,1,62,0,2017,12,8,3,3,2,6,0,1,0,0,0,0,0,0,686211.3889,5333305.4986,11.50245464,48.125746931,2,#fc8d62,car
99448,"9,17E+18",9,1,62,0,2017,12,10,3,3,5,3,1,1,0,0,0,0,0,0,686230.7237,5335215532.0,11.503549187,48.142909381,1,#66c2a5,bicycle
99454,"9,17E+18",9,7,77,158,2017,12,14,6,3,4,6,0,1,0,0,0,1,0,0,622277.6136,5308858.0982,10.636745945,47.921376522,2,#fc8d62,car
99457,"9,17E+18",9,7,62,0,2017,12,10,6,3,6,4,0,1,1,0,0,0,0,1,621441.6674,5304339.9429,10.624289115,47.880900405,2,#fc8d62,car
99462,"9,17E+18",9,7,61,0,2017,12,15,6,3,1,6,0,1,0,0,0,0,0,0,639934.3132,5353960.1719,10.887773095,48.323330222,2,#fc8d62,car
99463,"9,17E+18",9,7,71,130,2017,12,12,6,3,5,2,1,1,0,0,0,0,0,0,647051.5018,5357459.0913,10.984949963,48.353174431,1,#66c2a5,bicycle
99484,"9,17E+18",9,1,78,120,2017,12,15,3,3,2,6,0,1,0,0,0,0,0,0,694780.92,5352817931.0,11.626455379,48.29854928,2,#fc8d62,car
99486,"9,17E+18",9,1,63,0,2017,12,18,3,3,4,7,0,1,0,0,0,0,2,0,729863.5297,5300952.8569,12.070991256,47.820822902,2,#fc8d62,car
99494,"9,17E+18",9,1,88,139,2017,12,21,4,3,3,6,0,1,0,0,0,0,2,1,675389179.0,5319050.3161,11.351302015,48.000674008,2,#fc8d62,car
99507,"9,17E+18",9,1,78,124,2017,12,3,3,3,4,6,0,1,0,0,0,1,2,1,703228115.0,5366494.3475,11.746829929,48.418793321,2,#fc8d62,car
99518,"9,17E+18",9,1,78,150,2017,12,11,4,3,2,6,0,1,0,0,0,1,0,0,691104.2772,5371950277.0,11.58563257,48.471621147,2,#fc8d62,car
99520,"9,17E+18",9,1,82,137,2017,12,16,4,3,8,7,0,0,0,0,0,1,0,1,710359.2512,5305158.2905,11.812796133,47.865287806,6,#ffd92f,circle
99555,"9,17E+18",9,1,62,0,2017,12,10,4,3,2,6,0,1,0,0,0,0,0,1,680319.5391,5338586.2935,11.425587302,48.174911585,2,#fc8d62,car
99557,"9,17E+18",9,2,61,0,2017,12,18,4,3,8,3,0,1,0,0,0,0,2,1,725755.9142,5378964.4488,12.05761739,48.523153881,2,#fc8d62,car
99563,"9,17E+18",9,1,73,147,2017,12,11,6,2,5,3,1,1,0,0,0,0,0,1,681406577.0,5309520987.0,11.427879688,47.913334474,1,#66c2a5,bicycle
99564,"9,17E+18",9,1,73,118,2017,12,7,6,3,4,2,1,1,0,0,0,0,0,2,687081666.0,5306962697.0,11.502649874,47.888708354,1,#66c2a5,bicycle
99567,"9,17E+18",9,1,62,0,2017,12,11,3,3,5,3,0,1,0,0,0,0,0,1,688564308.0,5334955323.0,11.534773315,48.13988325,2,#fc8d62,car
99568,"9,17E+18",9,1,83,139,2017,12,12,6,3,8,1,0,1,0,0,0,0,0,2,734950644.0,5330805.0707,12.155150905,48.087168317,2,#fc8d62,car
99577,"9,17E+18",9,1,63,0,2017,12,7,6,3,0,7,1,1,0,0,0,0,2,1,731005.2992,5303120.9914,12.087378772,47.839893398,1,#66c2a5,bicycle
99580,"9,17E+18",9,1,82,120,2017,12,7,6,3,9,1,0,1,0,0,0,0,0,2,704107.3485,5309574.5058,11.731386559,47.906993636,2,#fc8d62,car
99583,"9,17E+18",9,1,85,158,2017,12,6,6,3,2,3,0,1,0,0,0,1,2,1,667366.1452,5380520.01,11.268174463,48.555422785,2,#fc8d62,car
99584,"9,17E+18",9,1,85,143,2017,12,8,6,3,8,1,0,1,0,0,0,0,0,2,664289.3404,5384300.2272,11.228003503,48.590218612,2,#fc8d62,car
99585,"9,17E+18",9,1,86,143,2017,12,12,6,2,5,2,1,1,0,0,0,0,0,0,685545.9493,5378915.2756,11.513600451,48.535885028,1,#66c2a5,bicycle
99586,"9,17E+18",9,1,73,147,2017,12,12,3,3,2,6,0,1,0,0,0,0,0,1,681403.0354,5308963.8969,11.427597977,47.908327658,2,#fc8d62,car
99590,"9,17E+18",9,1,84,120,2017,12,18,6,3,2,6,0,1,0,0,0,0,2,0,683129.2017,5333043.1705,11.460961041,48.124283059,2,#fc8d62,car
99591,"9,17E+18",9,1,81,120,2017,12,13,6,3,9,1,0,1,0,0,0,0,0,2,648002.6751,5321975.0407,10.985412217,48.033899476,2,#fc8d62,car
99593,"9,17E+18",9,1,81,144,2017,12,12,6,2,2,6,0,1,0,0,0,0,0,0,655666.6988,5322728.8906,11.088427838,48.038855275,2,#fc8d62,car
99595,"9,17E+18",9,1,62,0,2017,12,13,6,3,2,6,0,1,0,0,0,1,0,0,685923.8006,5343220189.0,11.502929186,48.214947591,2,#fc8d62,car
99596,"9,17E+18",9,7,61,0,2017,12,12,3,2,0,7,0,1,0,0,0,0,0,0,643295.6356,5360599.8902,10.935352612,48.382278266,2,#fc8d62,car
99597,"9,17E+18",9,1,75,127,2017,12,12,6,3,2,6,0,1,0,0,0,0,0,0,713204.7025,5341488.7501,11.868870936,48.190812596,2,#fc8d62,car
99598,"9,17E+18",9,1,75,135,2017,12,10,6,3,5,3,0,1,0,0,0,0,0,1,708987.7463,5339468.2753,11.811205704,48.174057919,2,#fc8d62,car
99599,"9,17E+18",9,1,78,157,2017,12,10,6,3,5,3,0,1,0,0,0,0,0,1,704478.0413,5369840.8994,11.765336174,48.448461173,2,#fc8d62,car
99600,"9,17E+18",9,1,78,113,2017,12,17,6,3,5,3,0,1,0,0,0,0,2,1,691469.7664,5365338.7579,11.58755058,48.412090308,2,#fc8d62,car
99601,"9,17E+18",9,1,84,137,2017,12,6,5,3,3,2,0,1,0,0,0,0,1,1,705845308.0,5316922163.0,11.758129097,47.972470696,2,#fc8d62,car
99602,"9,17E+18",9,1,62,0,2017,12,5,5,2,5,3,0,1,0,0,0,1,2,1,692131507.0,5339730265.0,11.584831786,48.181732268,2,#fc8d62,car
99604,"9,17E+18",9,1,62,0,2017,12,22,5,3,1,6,0,1,0,0,0,0,2,1,693562.0442,5339542.1581,11.603971216,48.179607453,2,#fc8d62,car
99606,"9,17E+18",9,7,72,200,2017,12,7,3,3,9,1,0,1,0,0,0,0,1,1,631816.2578,5341429.5518,10.77440732,48.212394386,2,#fc8d62,car
99608,"9,17E+18",9,1,74,115,2017,12,7,4,2,5,3,1,1,0,0,0,0,1,1,682083.4011,5350458.1836,11.454391879,48.281120117,1,#66c2a5,bicycle
99626,"9,17E+18",9,7,73,179,2017,12,9,5,2,5,3,0,1,0,0,0,1,0,0,617361.9294,5376916.7598,10.589823331,48.534374195,2,#fc8d62,car
99627,"9,17E+18",9,7,71,130,2017,12,8,5,3,2,6,0,1,0,0,0,0,0,1,645130.2741,5362954.0343,10.960929735,48.403025686,2,#fc8d62,car
99629,"9,17E+18",9,7,72,130,2017,12,7,5,3,2,6,0,1,0,0,0,0,0,0,632172.0701,5357799.7091,10.784316399,48.359527086,2,#fc8d62,car
99635,"9,17E+18",9,1,62,0,2017,12,1,3,3,0,1,1,0,0,0,0,0,2,0,689109.3589,5330983.3245,11.540330704,48.104020632,1,#66c2a5,bicycle
99637,"9,17E+18",9,1,85,158,2017,12,9,4,3,5,3,0,1,0,0,0,1,0,1,668501.7917,5383229.5367,11.284649668,48.579474977,2,#fc8d62,car
99673,"9,17E+18",9,1,73,120,2017,12,23,4,3,9,1,0,1,0,0,0,0,2,2,690528.4504,5311837.4233,11.550865471,47.931510587,2,#fc8d62,car
99679,"9,17E+18",9,1,63,0,2017,12,13,4,3,2,6,0,1,0,0,0,0,0,0,730358.7556,5303285.8616,12.078838378,47.841606588,2,#fc8d62,car
99680,"9,17E+18",9,1,82,120,2017,12,23,4,3,4,1,0,1,0,0,0,0,2,2,700201.2884,5307866.3418,11.678382377,47.892872416,2,#fc8d62,car
99682,"9,17E+18",9,1,74,113,2017,12,22,4,3,8,1,0,1,0,0,0,0,2,1,670862625.0,5347419.7039,11.302044841,48.256933395,2,#fc8d62,car
99683,"9,17E+18",9,1,74,126,2017,12,15,4,3,2,6,0,1,0,0,0,0,0,0,683730.2592,5343904.6723,11.473724762,48.22173888,2,#fc8d62,car
99684,"9,17E+18",9,1,78,143,2017,12,18,4,3,5,2,0,1,0,0,0,0,2,0,718982512.0,5372919503.0,11.962839718,48.471242807,2,#fc8d62,car
99686,"9,17E+18",9,1,77,113,2017,12,6,4,3,8,1,0,1,0,0,0,0,2,0,719645.4272,5353203.6724,11.96149376,48.293874547,2,#fc8d62,car
99687,"9,17E+18",9,1,77,127,2017,12,23,4,3,9,1,0,1,0,0,0,0,2,2,725411018.0,5353117077.0,12.039073224,48.291069653,2,#fc8d62,car
99694,"9,17E+18",9,7,72,200,2017,12,11,3,3,9,1,0,1,0,0,0,0,0,2,633262.9598,5340114.2967,10.793458733,48.200264872,2,#fc8d62,car
99722,"9,17E+18",9,1,87,142,2017,12,14,3,3,3,2,1,1,0,0,0,0,0,1,731171.7304,5309807.3919,12.093175752,47.899906095,1,#66c2a5,bicycle
99730,"9,17E+18",9,1,62,0,2017,12,14,3,3,2,6,0,1,0,0,0,0,0,0,686537807.0,5333294.6013,11.506832182,48.12555342,2,#fc8d62,car
99732,"9,17E+18",9,1,79,147,2017,12,16,3,2,9,7,0,1,0,0,0,0,0,0,663888.5555,5334759.2465,11.203267895,48.144955589,2,#fc8d62,car
99734,"9,17E+18",9,1,84,119,2017,12,11,3,3,2,6,0,1,0,0,0,0,0,0,696373.3896,5347903.7658,11.645622037,48.253892802,2,#fc8d62,car
99735,"9,17E+18",9,1,78,122,2017,12,19,3,2,8,1,0,1,0,0,0,0,2,1,709198.4801,5384521.2244,11.836453791,48.578818446,2,#fc8d62,car
99736,"9,17E+18",9,1,78,136,2017,12,10,3,3,5,3,0,1,0,0,0,0,0,0,697404.7125,5373905.3868,11.67170542,48.487245282,2,#fc8d62,car
99737,"9,17E+18",9,1,77,135,2017,12,13,3,3,4,6,0,1,0,0,0,0,0,0,720279.31,5343842.6078,11.965157677,48.209547807,2,#fc8d62,car
99738,"9,17E+18",9,1,75,119,2017,12,3,3,3,8,1,0,1,0,0,0,0,2,0,727169898.0,5325169726.0,12.047826238,48.03935849,2,#fc8d62,car
99739,"9,17E+18",9,1,77,137,2017,12,12,3,3,9,1,0,1,0,0,0,0,0,2,735968.1608,5344351.4758,12.176301042,48.208481906,2,#fc8d62,car
99740,"9,17E+18",9,1,62,0,2017,12,17,2,3,5,2,0,1,0,0,0,0,1,0,697503007.0,5333586108.0,11.654166255,48.124866129,2,#fc8d62,car
99741,"9,17E+18",9,1,84,114,2017,12,15,2,3,2,6,0,1,0,0,0,0,0,0,700512.7498,5317437744.0,11.687000945,47.978797201,2,#fc8d62,car
99742,"9,17E+18",9,1,62,0,2017,12,17,2,3,5,3,0,1,0,0,0,0,2,0,693352508.0,5337441832.0,11.60020025,48.160794271,2,#fc8d62,car
99743,"9,17E+18",9,1,84,114,2017,12,16,2,3,9,1,0,1,0,0,0,0,0,2,700616768.0,5319291.0789,11.689259032,47.995421055,2,#fc8d62,car
99746,"9,17E+18",9,7,78,204,2017,12,13,6,3,9,1,0,1,0,0,0,0,0,2,614961.7798,5325771.8563,10.543389162,48.074851426,2,#fc8d62,car
99758,"9,17E+18",9,2,61,0,2017,12,19,6,3,2,6,0,1,0,0,0,0,2,0,733002.9985,5382099.0304,12.157370638,48.548663629,2,#fc8d62,car
99768,"9,17E+18",9,1,82,133,2017,12,20,2,3,9,1,0,1,0,0,0,0,2,2,708328.6705,5311886.6471,11.788925525,47.926415135,2,#fc8d62,car
99770,"9,17E+18",9,1,87,150,2017,12,15,2,3,4,2,0,1,0,0,0,0,0,0,730319.6904,5303406.5482,12.078381245,47.842704882,2,#fc8d62,car
99775,"9,17E+18",9,1,81,130,2017,12,18,2,3,9,1,0,1,0,0,0,0,2,2,641652.7756,5320788.3829,10.899887431,48.024668997,2,#fc8d62,car
99776,"9,17E+18",9,1,81,133,2017,12,16,2,3,8,1,0,1,0,0,0,0,1,2,643546.4597,5312008.6141,10.922336569,47.945297411,2,#fc8d62,car
99777,"9,17E+18",9,1,74,121,2017,12,12,2,3,8,1,0,1,0,0,0,0,0,0,688202.6394,5356558.1877,11.539513773,48.334156881,2,#fc8d62,car
99778,"9,17E+18",9,1,77,133,2017,12,10,2,3,7,1,0,1,0,0,0,0,0,0,709818.1594,5359968.4195,11.832530633,48.357994568,2,#fc8d62,car
99779,"9,17E+18",9,1,84,120,2017,12,12,6,3,2,6,0,1,0,0,0,0,0,1,681366.8689,5332105.6909,11.43690164,48.1163607,2,#fc8d62,car
99783,"9,17E+18",9,7,61,0,2017,12,15,1,2,4,2,0,1,0,0,0,0,0,0,641212.2258,5360947.3887,10.907347171,48.385872626,2,#fc8d62,car
99795,"9,17E+18",9,1,87,177,2017,12,13,6,3,5,2,0,1,0,0,0,0,0,0,736125.6985,5304218844.0,12.156305455,47.847896622,2,#fc8d62,car
99798,"9,17E+18",9,1,87,117,2017,12,15,6,3,8,1,0,1,0,0,0,0,0,0,726473.0513,5307948.2852,12.029422026,47.884877916,2,#fc8d62,car
99802,"9,17E+18",9,1,79,142,2017,12,14,1,3,4,6,0,1,0,0,0,0,0,0,670996.5119,5341330.5451,11.30139025,48.202158469,2,#fc8d62,car
99803,"9,17E+18",9,1,85,158,2017,12,17,6,2,2,6,0,1,0,1,0,0,2,1,668642.7843,5380296.2217,11.285370755,48.553069099,2,#fc8d62,car
99804,"9,17E+18",9,1,62,0,2017,12,13,7,3,3,7,0,1,0,0,0,1,0,0,694632.2756,5334166.6825,11.615894762,48.130968207,2,#fc8d62,car
99805,"9,17E+18",9,1,62,0,2017,12,16,7,3,5,3,0,1,0,0,0,0,0,0,687539.3583,5331604.6426,11.519535021,48.110069324,2,#fc8d62,car
99810,"9,17E+18",9,7,72,111,2017,12,1,7,3,2,6,0,1,0,0,0,0,2,1,627220.1798,5364086983.0,10.719402083,48.417082826,2,#fc8d62,car
99811,"9,17E+18",9,7,72,217,2017,12,14,7,2,8,6,0,1,0,0,0,0,0,0,636241.7674,5381598.4187,10.846979157,48.57265511,2,#fc8d62,car
99812,"9,17E+18",9,7,72,163,2017,12,11,7,3,9,6,1,0,0,0,0,1,0,1,639652.9319,5346094.7235,10.881378843,48.252667346,1,#66c2a5,bicycle
99824,"9,17E+18",9,1,81,130,2017,12,17,6,3,4,2,0,1,0,0,0,0,2,1,642256.6504,5324568.5755,10.909238221,48.05852676,2,#fc8d62,car
99827,"9,17E+18",9,1,79,123,2017,12,5,6,3,0,1,0,1,0,0,0,0,2,2,676731.0565,5333740.1547,11.375347359,48.132356778,2,#fc8d62,car
99830,"9,17E+18",9,1,78,124,2017,12,0,6,3,8,1,0,1,0,0,0,0,2,2,703738.2827,5364619.4276,11.752806851,48.401780287,2,#fc8d62,car
99832,"9,17E+18",9,1,75,119,2017,12,9,6,2,9,1,0,1,0,0,0,0,0,1,725499.8617,5324370.7916,12.025032077,48.032772295,2,#fc8d62,car
99834,"9,17E+18",9,1,84,141,2017,12,7,5,3,0,1,0,0,0,0,0,1,1,2,698211.5406,5312331.6809,11.653845004,47.933622976,6,#ffd92f,circle
99853,"9,17E+18",9,1,73,118,2017,12,15,7,2,4,6,0,1,0,0,0,0,0,1,690005.4557,5299834.0826,11.538591204,47.823773578,2,#fc8d62,car
99856,"9,17E+18",9,1,82,137,2017,12,10,7,3,2,6,0,1,0,0,0,0,0,0,712806.6342,5304820.1363,11.845313129,47.861443073,2,#fc8d62,car
99861,"9,17E+18",9,1,81,130,2017,12,18,7,3,5,2,0,1,0,0,0,0,2,1,642254104.0,5324565807.0,10.909203145,48.058502433,2,#fc8d62,car
99863,"9,17E+18",9,1,62,0,2017,12,18,6,3,6,4,0,1,1,0,0,0,2,0,694602.5833,5336150.1731,11.616402433,48.148804064,2,#fc8d62,car
99865,"9,17E+18",9,1,62,0,2017,12,17,6,3,5,3,0,1,0,0,0,0,2,1,692156.6763,5339559.3957,11.585092775,48.180188928,2,#fc8d62,car
99866,"9,17E+18",9,1,81,146,2017,12,17,7,3,5,3,1,1,0,0,0,0,2,0,651810.5689,5326547.5915,11.038083423,48.074119271,1,#66c2a5,bicycle
99867,"9,17E+18",9,7,62,0,2017,12,20,5,3,4,6,0,1,0,0,0,0,2,2,622152.5015,5307531.5748,10.634696045,47.909470083,2,#fc8d62,car
99868,"9,17E+18",9,1,74,126,2017,12,12,7,3,1,1,0,1,0,0,0,0,0,0,683692.7717,5343938.0721,11.473234993,48.222049947,2,#fc8d62,car
99869,"9,17E+18",9,7,71,122,2017,12,11,5,3,3,6,0,1,0,0,0,0,0,1,655745.7298,5359588.5975,11.103015963,48.370235611,2,#fc8d62,car
99870,"9,17E+18",9,1,78,130,2017,12,11,7,3,5,3,1,1,0,0,0,0,0,0,703639286.0,5355577.6143,11.747095163,48.320560269,1,#66c2a5,bicycle
99871,"9,17E+18",9,7,71,122,2017,12,11,5,3,9,1,0,1,0,0,0,0,0,1,653296.0732,5361838.0587,11.070781659,48.391059605,2,#fc8d62,car
99872,"9,17E+18",9,1,62,0,2017,12,16,6,3,2,6,0,1,0,0,0,0,2,0,694556698.0,5336739.9256,11.616055759,48.154118536,2,#fc8d62,car
99873,"9,17E+18",9,7,72,217,2017,12,14,5,3,8,1,0,1,0,0,0,0,0,2,635897.4587,5382472.0929,10.842599569,48.58058562,2,#fc8d62,car
99874,"9,17E+18",9,1,84,122,2017,12,12,6,3,4,1,0,1,0,0,0,1,0,2,687715.1672,5324122.6589,11.518608177,48.042766827,2,#fc8d62,car
99875,"9,17E+18",9,7,72,163,2017,12,0,5,3,8,1,0,1,0,0,0,0,2,2,638814014.0,5344562.9136,10.869581123,48.239077625,2,#fc8d62,car
99876,"9,17E+18",9,1,62,0,2017,12,18,6,3,2,7,0,1,0,0,0,0,2,1,693565.4517,5337145.2693,11.602925918,48.158064083,2,#fc8d62,car
99877,"9,17E+18",9,1,84,145,2017,12,20,6,3,4,2,0,1,0,0,0,0,2,1,698254.6494,5324455.2173,11.66001859,48.042570155,2,#fc8d62,car
99878,"9,17E+18",9,1,84,122,2017,12,15,6,3,5,3,0,1,0,0,0,0,0,1,687996.2977,5323796.1925,11.522233033,48.0397497,2,#fc8d62,car
99881,"9,17E+18",9,7,71,113,2017,12,14,5,3,4,1,0,1,0,0,0,0,0,2,657106.8105,5370543.8184,11.125485196,48.468389464,2,#fc8d62,car
99887,"9,17E+18",9,7,61,0,2017,12,23,6,3,8,1,0,1,0,0,0,0,2,2,637478826.0,5359473453.0,10.85646609,48.373443962,2,#fc8d62,car
99889,"9,17E+18",9,1,90,157,2017,12,2,7,2,4,1,0,1,0,0,0,0,2,2,656493.1314,5302386.0582,11.092109798,47.855745887,2,#fc8d62,car
99899,"9,17E+18",9,7,61,0,2017,12,15,6,3,2,6,0,1,0,0,0,0,0,1,642193.0683,5363621.3498,10.921493186,48.409695202,2,#fc8d62,car
99901,"9,17E+18",9,7,72,147,2017,12,11,6,3,3,6,0,1,0,0,0,1,0,1,638629.2193,5363613.8395,10.873358581,48.410421654,2,#fc8d62,car
99902,"9,17E+18",9,7,61,0,2017,12,9,6,3,2,6,0,1,0,0,0,0,0,1,638079.2755,5362046.9757,10.865415618,48.396453491,2,#fc8d62,car
99904,"9,17E+18",9,7,72,147,2017,12,17,6,3,5,3,0,1,0,0,0,0,2,1,638797.1789,5365270.8966,10.876175397,48.42528445,2,#fc8d62,car
99906,"9,17E+18",9,7,72,147,2017,12,17,6,3,5,3,0,1,0,0,0,0,2,1,638801.5877,5365270067.0,10.876234685,48.42527602,2,#fc8d62,car
99908,"9,17E+18",9,7,71,146,2017,12,7,6,2,0,2,0,1,0,0,0,1,0,1,646781.3597,5348719513.0,10.978264591,48.274656967,2,#fc8d62,car