OBJECTID,UIDENTSTLA,ULAND,UREGBEZ,UKREIS,UGEMEINDE,UJAHR,UMONAT,USTUNDE,UWOCHENTAG,UKATEGORIE,UART,UTYP1,IstRad,IstPKW,IstFuss,IstKrad,IstGkfz,IstSonstig,ULICHTVERH,STRZUSTAND,LINREFX,LINREFY,XGCSWGS84,YGCSWGS84,Teilnehmer,color,symbol
99909,"9,17E+18",9,7,72,125,2017,12,7,6,3,8,1,0,1,0,0,0,0,2,1,626619.8716,5345541.8374,10.705719394,48.250433608,2,#fc8d62,car
99910,"9,17E+18",9,7,61,0,2017,12,15,6,3,0,1,1,0,0,0,0,0,0,1,640687.1192,5360358.2726,10.900061408,48.380692848,1,#66c2a5,bicycle
99928,"9,17E+18",9,1,77,117,2017,12,8,7,3,4,6,0,1,0,0,0,0,0,1,718033.4921,5358141.6154,11.942341999,48.338798414,2,#fc8d62,car
99949,"9,17E+18",9,2,74,114,2017,12,18,5,3,9,1,0,1,0,0,0,0,2,2,737023.5143,5371329.5104,12.205651966,48.450422762,2,#fc8d62,car
99959,"9,17E+18",9,1,73,130,2017,12,15,5,3,9,1,0,1,0,0,0,0,0,1,680103862.0,5314022.0904,11.412342968,47.954163466,2,#fc8d62,car
99962,"9,17E+18",9,1,73,137,2017,12,8,5,3,9,1,0,1,0,0,0,0,0,2,679146.9497,5304810.0791,11.395710002,47.871621069,2,#fc8d62,car
99964,"9,17E+18",9,1,73,123,2017,12,12,5,3,8,1,0,0,0,0,0,1,0,2,679967.1235,5304980.2491,11.406738972,47.872921508,6,#ffd92f,circle
99966,"9,17E+18",9,1,73,120,2017,12,8,5,2,4,6,0,1,0,0,0,0,0,2,691684.5229,5312549.1599,11.566644156,47.93756316,2,#fc8d62,car
99969,"9,17E+18",9,7,72,121,2017,12,22,6,3,8,1,0,1,0,0,0,0,2,2,630668.3825,5376670.5273,10.769914688,48.529530351,2,#fc8d62,car
99976,"9,17E+18",9,1,73,118,2017,12,20,5,3,4,1,0,1,0,0,0,0,2,2,687143.2346,5306921.9376,11.503455016,47.888324031,2,#fc8d62,car
99977,"9,17E+18",9,7,72,200,2017,12,11,6,3,6,4,0,1,1,0,0,0,0,1,630159763.0,5337358774.0,10.750871768,48.176129136,2,#fc8d62,car
99978,"9,17E+18",9,1,84,112,2017,12,0,6,3,2,6,0,1,0,0,0,0,2,2,703320.1768,5338477.8811,11.734585978,48.166995959,2,#fc8d62,car
99986,"9,17E+18",9,1,62,0,2017,12,6,6,3,8,7,0,1,0,0,0,0,2,1,685235.0139,5329493.2502,11.487690905,48.091765308,2,#fc8d62,car
99993,"9,17E+18",9,1,84,114,2017,12,7,6,2,8,7,0,1,0,0,0,0,0,1,700836.0114,5315222.6688,11.690293071,47.958788276,2,#fc8d62,car
99994,"9,17E+18",9,1,82,137,2017,12,11,5,3,2,6,0,1,0,0,0,1,0,1,710163.9905,5305118.8772,11.810169314,47.864997519,2,#fc8d62,car
99995,"9,17E+18",9,1,87,165,2017,12,10,6,3,2,6,0,1,0,0,0,0,0,1,733565.0523,5299628.5531,12.119655237,47.807592387,2,#fc8d62,car
99996,"9,17E+18",9,1,87,124,2017,12,7,5,3,8,1,0,1,0,0,0,0,0,1,735397.7451,5330094.4886,12.160754065,48.080619994,2,#fc8d62,car
99998,"9,17E+18",9,1,87,163,2017,12,11,5,3,2,6,0,1,0,0,0,0,0,2,738799.6161,5309019.5972,12.194642783,47.890036137,2,#fc8d62,car
99999,"9,17E+18",9,1,87,179,2017,12,17,6,3,2,1,0,1,0,0,0,0,2,1,726432274.0,5315247.3031,12.032710939,47.950471893,2,#fc8d62,car
100001,"9,17E+18",9,1,86,152,2017,12,18,6,3,9,1,0,1,0,0,0,0,2,1,691415.3978,5380312.9844,11.593672734,48.546683635,2,#fc8d62,car
100002,"9,17E+18",9,1,86,143,2017,12,11,6,3,2,6,0,1,0,0,0,0,0,1,685411.1399,5377461.7395,11.511129589,48.522860922,2,#fc8d62,car
100011,"9,17E+18",9,1,82,120,2017,12,21,5,3,4,1,0,1,0,0,0,0,2,2,700428017.0,5302823836.0,11.679073784,47.847481953,2,#fc8d62,car
100016,"9,17E+18",9,1,74,146,2017,12,7,6,2,8,6,0,1,0,0,0,0,0,1,666791.7303,5350960.2955,11.248638604,48.289847308,2,#fc8d62,car
100018,"9,17E+18",9,1,79,123,2017,12,14,6,3,2,6,0,1,0,0,0,1,0,1,678201958.0,5332289.2475,11.394492478,48.118904254,2,#fc8d62,car
100019,"9,17E+18",9,1,62,0,2017,12,14,6,3,1,6,0,1,0,0,0,0,0,1,687081.6034,5333201.4769,11.514091958,48.124556815,2,#fc8d62,car
100021,"9,17E+18",9,1,88,137,2017,12,20,6,3,5,3,0,1,0,0,0,0,2,1,672592.0646,5316855.1894,11.312952798,47.981701315,2,#fc8d62,car
100022,"9,17E+18",9,1,88,117,2017,12,7,6,3,8,7,0,1,0,0,0,0,2,1,662150098.0,5315294692.0,11.172535812,47.970403101,2,#fc8d62,car
100023,"9,17E+18",9,1,85,131,2017,12,10,5,3,4,6,0,1,0,0,0,0,0,2,663585.7445,5374882.5955,11.214769946,48.505742171,2,#fc8d62,car
100024,"9,17E+18",9,1,74,136,2017,12,19,6,3,4,6,0,1,0,0,0,0,2,1,684759.7755,5365396.9754,11.496987629,48.414616306,2,#fc8d62,car
100025,"9,17E+18",9,1,86,152,2017,12,23,4,2,9,1,0,1,0,0,0,0,2,2,688233.5793,5375308.5327,11.548345148,48.502669206,2,#fc8d62,car
100026,"9,17E+18",9,1,74,113,2017,12,21,6,3,4,2,0,1,0,0,0,0,2,1,677715.6225,5351088.3909,11.395835634,48.288026016,2,#fc8d62,car
100027,"9,17E+18",9,1,81,130,2017,12,11,5,3,0,1,0,0,0,0,0,1,0,2,639941218.0,5323206.2552,10.877734473,48.046788474,6,#ffd92f,circle
100028,"9,17E+18",9,1,74,135,2017,12,16,6,3,2,6,0,1,0,0,0,0,2,1,662689.0791,5353017.9405,11.194163452,48.309413625,2,#fc8d62,car
100029,"9,17E+18",9,1,81,132,2017,12,21,5,3,9,1,0,1,0,0,0,0,2,2,645251.1735,5324435.9716,10.949359076,48.056659717,2,#fc8d62,car
100030,"9,17E+18",9,1,84,112,2017,12,12,6,3,9,1,0,1,0,0,0,1,0,0,702624.3609,5339930.9643,11.725931078,48.180276572,2,#fc8d62,car
100031,"9,17E+18",9,1,77,113,2017,12,14,6,3,1,6,0,1,0,0,0,1,0,0,721634.9132,5357360.5585,11.990463822,48.330528335,2,#fc8d62,car
100032,"9,17E+18",9,1,84,147,2017,12,16,5,3,5,3,1,1,0,0,0,0,2,1,696039.0338,5340713.0455,11.637797771,48.189371287,1,#66c2a5,bicycle
100033,"9,17E+18",9,1,84,123,2017,12,12,5,2,2,6,0,1,0,0,0,0,0,0,703539.9774,5331756.5252,11.734327151,48.106522793,2,#fc8d62,car
100034,"9,17E+18",9,1,84,145,2017,12,16,5,3,2,6,0,1,0,0,0,0,1,1,696156.5354,5323841.7056,11.63161771,48.03770419,2,#fc8d62,car
100035,"9,17E+18",9,1,84,140,2017,12,19,5,3,6,2,0,1,1,0,0,0,2,1,700684165.0,5328867.4126,11.694648946,48.08146416,2,#fc8d62,car
100036,"9,17E+18",9,1,84,132,2017,12,18,5,3,6,2,0,1,1,0,0,0,2,1,683595.2204,5329591934.0,11.465732282,48.093126811,2,#fc8d62,car
100037,"9,17E+18",9,1,84,131,2017,12,8,5,3,5,3,0,0,0,0,0,1,0,1,704081.7972,5338882.8789,11.745011702,48.170391468,6,#ffd92f,circle
100038,"9,17E+18",9,1,62,0,2017,12,17,5,3,2,6,0,1,0,0,0,0,1,1,694138844.0,5331712.5939,11.608152626,48.109062379,2,#fc8d62,car
100041,"9,17E+18",9,1,62,0,2017,12,18,5,3,3,6,0,1,0,0,0,0,2,1,687371.3511,5331797.8056,11.517365004,48.111854979,2,#fc8d62,car
100042,"9,17E+18",9,1,81,145,2017,12,12,5,3,8,1,0,1,0,0,0,0,0,1,649278.2127,5329159.4891,11.005020778,48.098202083,2,#fc8d62,car
100044,"9,17E+18",9,1,88,120,2017,12,20,5,3,5,3,0,1,0,0,0,0,2,2,672777725.0,5322972369.0,11.317902976,48.036643483,2,#fc8d62,car
100046,"9,17E+18",9,7,62,0,2017,12,14,5,3,2,6,0,1,0,0,0,1,0,0,623083.1786,5306199.1888,10.646765245,47.897309173,2,#fc8d62,car
100049,"9,17E+18",9,7,61,0,2017,12,13,5,3,2,6,0,1,0,0,0,0,0,0,636931.8567,5359573.9552,10.849116749,48.374466593,2,#fc8d62,car
100050,"9,17E+18",9,7,72,202,2017,12,21,5,3,2,6,0,1,0,0,0,0,2,1,636772.6365,5359220.4377,10.846852814,48.371322322,2,#fc8d62,car
100054,"9,17E+18",9,1,74,113,2017,12,13,5,3,5,3,0,1,0,0,0,0,0,1,678981.1079,5342767.0961,11.409362062,48.212870862,2,#fc8d62,car
100058,"9,17E+18",9,1,62,0,2017,12,14,5,3,2,6,0,1,0,0,0,0,0,1,689074.4618,5344613362.0,11.545921913,48.22653853,2,#fc8d62,car
100061,"9,17E+18",9,1,78,133,2017,12,8,5,2,4,1,0,1,0,0,0,1,0,2,686596.8244,5369036643.0,11.523410227,48.446787608,2,#fc8d62,car
100063,"9,17E+18",9,1,75,124,2017,12,17,5,2,4,1,0,1,0,0,0,1,2,2,714538.2535,5328870.5681,11.880437895,48.076982057,2,#fc8d62,car
100065,"9,17E+18",9,1,87,179,2017,12,15,5,3,8,1,0,1,0,0,0,0,0,2,720741.5855,5318800.5485,11.958423721,47.984384944,2,#fc8d62,car
100067,"9,17E+18",9,1,75,124,2017,12,13,5,3,8,1,0,1,0,0,0,0,0,2,712900.6315,5326146.4711,11.857123144,48.053052443,2,#fc8d62,car
100077,"9,17E+18",9,1,75,124,2017,12,17,5,1,4,1,0,1,0,0,0,0,2,2,711985.7017,5327288.8046,11.845426558,48.063621965,2,#fc8d62,car
100080,"9,17E+18",9,1,77,121,2017,12,14,5,3,9,1,0,1,0,0,0,0,0,2,731693.6538,5365456393.0,12.130436185,48.399648404,2,#fc8d62,car
100082,"9,17E+18",9,1,84,119,2017,12,7,4,3,5,3,0,1,0,0,0,0,1,0,696027663.0,5346717191.0,11.640420017,48.243335808,2,#fc8d62,car
100084,"9,17E+18",9,1,62,0,2017,12,17,4,3,0,7,1,0,0,0,0,0,2,0,695475.6064,5331068.2064,11.625796621,48.1028621,1,#66c2a5,bicycle
100086,"9,17E+18",9,1,84,114,2017,12,13,4,3,8,7,0,1,0,0,0,0,0,0,703848.2067,5316361.9928,11.731135844,47.968075613,2,#fc8d62,car
100097,"9,17E+18",9,1,62,0,2017,12,16,4,3,1,6,0,1,0,0,0,0,0,1,692129.2462,5342138.1802,11.58589079,48.203374606,2,#fc8d62,car
100101,"9,17E+18",9,1,62,0,2017,12,7,4,3,5,3,0,1,0,0,0,0,2,0,685236.8215,5328900.6449,11.487458117,48.086438116,2,#fc8d62,car
100111,"9,17E+18",9,7,71,144,2017,12,18,6,3,6,6,0,1,1,0,0,0,2,1,663530.3757,5373664.2364,11.21354374,48.494803932,2,#fc8d62,car
100114,"9,17E+18",9,2,61,0,2017,12,7,5,3,2,6,0,1,0,0,0,0,1,2,726670.8078,5380098451.0,12.070606542,48.533011513,2,#fc8d62,car
100117,"9,17E+18",9,2,61,0,2017,12,20,5,3,4,2,0,1,0,0,0,0,2,1,733159493.0,5380984504.0,12.158864218,48.538594096,2,#fc8d62,car
100127,"9,17E+18",9,7,62,0,2017,12,7,4,3,5,3,1,1,0,0,0,0,1,0,620141.3066,5303662.7145,10.606715454,47.8750542,1,#66c2a5,bicycle
100129,"9,17E+18",9,7,72,223,2017,12,22,4,3,9,1,0,1,0,0,0,0,2,2,620250.2036,5363167.5588,10.624978694,48.410183344,2,#fc8d62,car
100134,"9,17E+18",9,1,85,158,2017,12,17,5,3,4,6,0,1,0,0,0,0,2,1,668675.7599,5379178.4934,11.285364558,48.543012793,2,#fc8d62,car
100137,"9,17E+18",9,1,81,142,2017,12,14,5,3,2,6,0,1,0,0,0,0,0,1,645763.6348,5314506.6209,10.952857252,47.967258859,2,#fc8d62,car
100138,"9,17E+18",9,1,81,130,2017,12,10,5,3,8,7,0,1,0,0,0,0,0,0,640527.5404,5325313484.0,10.886289592,48.06560832,2,#fc8d62,car
100139,"9,17E+18",9,1,81,130,2017,12,18,5,3,6,4,0,1,1,0,0,0,2,1,639818.6505,5323322.2999,10.876128685,48.047858842,2,#fc8d62,car
100144,"9,17E+18",9,1,81,130,2017,12,13,5,2,6,4,0,1,1,0,0,0,0,0,638412.7723,5323499699.0,10.857331889,48.049760509,2,#fc8d62,car
100145,"9,17E+18",9,1,79,123,2017,12,17,5,3,6,4,0,1,1,0,0,0,2,1,677493.8228,5334035.1733,11.385713009,48.134796485,2,#fc8d62,car
100146,"9,17E+18",9,2,61,0,2017,12,1,7,3,4,6,0,1,0,0,0,0,2,2,732403.2762,5380565.1204,12.148401233,48.535107368,2,#fc8d62,car
100147,"9,17E+18",9,1,78,120,2017,12,11,5,3,8,1,0,1,0,0,0,0,0,1,695290.1045,5353158.2929,11.633471213,48.301451246,2,#fc8d62,car
100149,"9,17E+18",9,1,77,123,2017,12,17,5,3,5,3,1,1,0,0,0,0,2,1,726841.6835,5343623.5256,12.053247708,48.205268658,1,#66c2a5,bicycle
100150,"9,17E+18",9,1,84,119,2017,12,17,4,3,5,3,0,1,0,0,0,0,2,0,695577.3054,5347230.9102,11.634597806,48.248091828,2,#fc8d62,car
100151,"9,17E+18",9,7,61,0,2017,12,13,4,3,6,2,0,1,1,0,0,0,0,0,641522.6824,5353549.0741,10.909050589,48.319280168,2,#fc8d62,car
100152,"9,17E+18",9,2,74,128,2017,12,16,7,3,5,3,0,1,0,0,0,0,2,1,735668.8655,5385736.9039,12.195496996,48.580344393,2,#fc8d62,car
100153,"9,17E+18",9,1,62,0,2017,12,12,4,3,3,6,0,1,0,0,0,1,0,0,692652.1497,5330213287.0,11.587524045,48.096038225,2,#fc8d62,car
100154,"9,17E+18",9,1,62,0,2017,12,7,4,3,5,3,0,1,0,0,0,0,1,1,685730442.0,5335286856.0,11.496861511,48.143696712,2,#fc8d62,car
100156,"9,17E+18",9,1,84,129,2017,12,7,4,3,4,2,0,1,0,0,0,0,2,1,701761.8809,5326527.0391,11.707998531,48.06009109,2,#fc8d62,car
100167,"9,17E+18",9,7,61,0,2017,12,7,4,3,2,6,0,1,0,0,0,1,0,1,639632.0727,5352265.2697,10.88313691,48.308156792,2,#fc8d62,car
100169,"9,17E+18",9,7,72,125,2017,12,15,4,3,2,6,0,1,0,0,0,1,0,1,636808.6341,5346542.5006,10.843226555,48.257314239,2,#fc8d62,car
100431,"9,17E+18",9,1,84,140,2017,12,16,1,3,5,3,0,1,0,0,0,0,0,0,700622.2812,5327958.4552,11.693392254,48.073314733,2,#fc8d62,car
100432,"9,17E+18",9,1,84,141,2017,12,22,1,3,0,6,0,1,0,0,0,0,2,0,696581.6405,5316198.3067,11.633812799,47.968877256,2,#fc8d62,car
100434,"9,17E+18",9,7,61,0,2017,12,22,1,3,0,7,1,0,0,0,0,0,2,0,641553.3923,5357789.8665,10.910889659,48.35740501,1,#66c2a5,bicycle
100446,"9,17E+18",9,2,61,0,2017,12,22,1,3,5,3,0,1,0,0,0,0,2,0,732245.7606,5381573.1106,12.146832436,48.544220202,2,#fc8d62,car
100448,"9,17E+18",9,1,74,113,2017,12,16,1,3,1,1,0,1,0,1,0,0,0,0,674487286.0,5345020102.0,11.349849092,48.234375148,2,#fc8d62,car
100452,"9,17E+18",9,7,62,0,2017,12,4,7,3,2,6,0,1,0,0,0,1,2,1,620828.8752,5304440.3925,10.616124472,47.881919459,2,#fc8d62,car
100453,"9,17E+18",9,7,73,122,2017,12,13,7,3,1,5,1,1,0,0,0,0,0,1,626284.6643,5385383.5811,10.713210324,48.608777896,1,#66c2a5,bicycle
100454,"9,17E+18",9,7,71,130,2017,12,15,7,3,9,7,0,1,0,0,0,0,0,1,645749.8915,5362824.9556,10.969251754,48.40172216,2,#fc8d62,car
167551,"9,17E+18",9,1,62,0,2017,1,14,2,3,8,7,0,1,0,0,0,0,0,0,692714.0486,5341983.2148,11.593682997,48.201804595,2,#fc8d62,car
167552,"9,17E+18",9,1,62,0,2017,1,20,2,3,0,7,1,0,0,0,0,0,2,2,689649.6791,5332652.7573,11.548323719,48.118865058,1,#66c2a5,bicycle
167554,"9,17E+18",9,7,78,116,2017,1,7,2,3,5,3,1,0,0,0,0,1,2,0,619094.3066,5318382.9839,10.596791847,48.00764026,1,#66c2a5,bicycle
167555,"9,17E+18",9,1,90,157,2017,1,6,3,2,5,3,0,0,0,1,0,1,2,2,660135.7512,5300758.9303,11.140169931,47.840218721,4,#e78ac3,marker
167557,"9,17E+18",9,1,74,136,2017,1,10,3,3,5,3,0,1,0,0,0,0,0,1,683186247.0,5365311.7147,11.475705253,48.414309319,2,#fc8d62,car
167558,"9,17E+18",9,1,77,117,2017,1,5,3,3,5,3,0,1,0,0,0,0,2,2,714484.1543,5355421.5588,11.893124204,48.315572833,2,#fc8d62,car
167559,"9,17E+18",9,1,62,0,2017,1,16,2,3,1,7,0,1,0,0,0,0,2,2,692037.4821,5330313.5878,11.579322209,48.09712524,2,#fc8d62,car
167560,"9,17E+18",9,1,62,0,2017,1,9,2,3,1,1,1,1,0,0,0,0,0,0,691108.1385,5334733.7642,11.5688339,48.137132975,1,#66c2a5,bicycle
167561,"9,17E+18",9,7,73,182,2017,1,16,2,3,8,1,0,1,0,0,0,0,1,2,622323.6651,5379952.0251,10.657899505,48.560721379,2,#fc8d62,car
167562,"9,17E+18",9,7,72,147,2017,1,17,2,3,4,6,0,1,0,0,0,1,2,2,638201.8252,5363608.0532,10.867584305,48.410463491,2,#fc8d62,car
167563,"9,17E+18",9,7,71,130,2017,1,18,2,3,8,1,0,1,0,0,0,0,2,2,644119.7555,5363410.0914,10.947440932,48.407358083,2,#fc8d62,car
167564,"9,17E+18",9,7,72,202,2017,1,14,2,3,4,2,0,1,0,0,0,0,0,2,637210.0376,5358017.9412,10.852363599,48.360414643,2,#fc8d62,car
167565,"9,17E+18",9,7,61,0,2017,1,14,2,3,2,2,0,1,0,0,0,0,0,1,641861.7492,5361162.5374,10.91618781,48.387661402,2,#fc8d62,car
167566,"9,17E+18",9,7,61,0,2017,1,13,2,3,1,6,0,1,0,0,0,0,0,0,639726.2512,5356694.0185,10.88587451,48.347958398,2,#fc8d62,car
167591,"9,17E+18",9,1,88,127,2017,1,17,2,3,5,3,0,1,0,0,0,1,2,2,676535.3334,5329729.1717,11.371058736,48.096355212,2,#fc8d62,car
167592,"9,17E+18",9,1,78,143,2017,1,9,2,3,0,7,0,1,0,1,0,0,0,1,717185.2542,5372333.1998,11.93825181,48.466598203,2,#fc8d62,car
167593,"9,17E+18",9,1,62,0,2017,1,18,1,3,6,4,0,1,1,0,0,0,2,1,685866077.0,5333493.8108,11.497900771,48.127540474,2,#fc8d62,car
167594,"9,17E+18",9,1,62,0,2017,1,21,1,3,5,3,0,1,0,0,0,0,2,1,692322453.0,5334240073.0,11.584916398,48.132329945,2,#fc8d62,car
167595,"9,17E+18",9,1,62,0,2017,1,18,1,3,6,7,0,1,1,0,0,0,2,1,688158.6179,5332900.7139,11.528418063,48.121536092,2,#fc8d62,car
167597,"9,17E+18",9,7,61,0,2017,1,11,1,3,4,6,0,1,0,0,0,0,0,0,639702.6162,5357342.8825,10.885771029,48.353798054,2,#fc8d62,car
167603,"9,17E+18",9,1,87,137,2017,1,15,1,2,6,7,0,1,1,0,0,0,0,0,729508.9751,5312007.9929,12.072131584,47.920273964,2,#fc8d62,car
167604,"9,17E+18",9,1,81,122,2017,1,0,1,3,0,1,0,0,0,0,0,1,2,1,652217.7115,5330024.7912,11.044785314,48.105286808,6,#ffd92f,circle
167605,"9,17E+18",9,1,79,121,2017,1,4,1,3,0,7,1,0,0,0,0,0,2,1,666347.5679,5338512.0608,11.237767796,48.178055389,1,#66c2a5,bicycle
167606,"9,17E+18",9,1,62,0,2017,1,12,1,3,2,6,0,1,0,0,0,0,0,0,696024122.0,5343656.6896,11.638956835,48.215831359,2,#fc8d62,car
167828,"9,17E+18",9,1,62,0,2017,1,14,2,3,6,7,0,1,1,0,0,0,0,0,689047.4774,5332493.7379,11.540169687,48.117614839,2,#fc8d62,car
167843,"9,17E+18",9,2,61,0,2017,1,7,5,3,0,1,1,0,0,0,0,0,1,2,732245.7788,5382524.8744,12.147363342,48.552769642,1,#66c2a5,bicycle
167846,"9,17E+18",9,1,63,0,2017,1,7,5,3,2,6,0,1,0,0,0,0,1,1,732819.2773,5304342.0794,12.112242527,47.850209674,2,#fc8d62,car
167847,"9,17E+18",9,1,85,131,2017,1,17,5,3,4,1,0,1,0,0,0,0,2,1,664217.1804,5375865.3505,11.223698906,48.514411998,2,#fc8d62,car
167849,"9,17E+18",9,1,88,139,2017,1,7,5,2,4,6,0,1,0,0,0,1,0,2,667974.4429,5316751.4964,11.251080388,47.981998125,2,#fc8d62,car
167850,"9,17E+18",9,1,79,142,2017,1,20,5,3,5,3,0,1,0,0,0,1,2,1,673250.5933,5342060.3456,11.331999291,48.208107848,2,#fc8d62,car
167851,"9,17E+18",9,1,74,115,2017,1,9,5,3,0,6,0,1,0,0,0,0,0,1,680677.5016,5345954.2908,11.433535461,48.241038972,2,#fc8d62,car
167852,"9,17E+18",9,1,77,133,2017,1,5,5,3,3,2,0,1,0,0,0,0,2,1,706486.0019,5359279.5177,11.787264592,48.352902442,2,#fc8d62,car
167853,"9,17E+18",9,1,77,116,2017,1,6,5,3,8,1,0,1,0,0,0,0,2,2,708453.0554,5363067.7863,11.815661289,48.386296724,2,#fc8d62,car
167854,"9,17E+18",9,1,77,137,2017,1,7,5,3,9,1,0,1,0,0,0,0,0,1,731759.0534,5345190.9018,12.120189977,48.217573395,2,#fc8d62,car
167855,"9,17E+18",9,1,84,123,2017,1,6,4,3,4,2,0,1,0,0,0,0,1,2,702120.6314,5334396.4817,11.716533539,48.130699663,2,#fc8d62,car
167856,"9,17E+18",9,1,62,0,2017,1,19,4,3,5,3,0,1,0,0,0,0,2,1,691843125.0,5333566641.0,11.578177572,48.126421888,2,#fc8d62,car
167857,"9,17E+18",9,1,62,0,2017,1,17,4,2,0,4,0,0,1,0,0,1,2,1,694164.3018,5334643.8329,11.609829333,48.135399586,3,#8da0cb,toilet
167858,"9,17E+18",9,1,62,0,2017,1,8,4,3,3,2,1,0,0,0,0,1,0,2,696026.3954,5334985.9565,11.634988494,48.137903576,1,#66c2a5,bicycle
167859,"9,17E+18",9,1,62,0,2017,1,10,4,3,2,6,0,1,0,0,0,0,0,1,688587205.0,5331999.7287,11.533772973,48.113311063,2,#fc8d62,car
167864,"9,17E+18",9,7,72,200,2017,1,16,4,2,8,1,0,1,0,0,0,0,1,2,633347.1615,5338940.7657,10.79422275,48.189694258,2,#fc8d62,car
167865,"9,17E+18",9,7,72,177,2017,1,16,4,3,5,3,1,1,0,0,0,0,0,1,637167.8427,5378649.4916,10.85855482,48.545937618,1,#66c2a5,bicycle
167866,"9,17E+18",9,7,61,0,2017,1,7,4,3,6,2,0,1,1,0,0,0,1,1,639992466.0,5359443.7612,10.89038048,48.372624367,2,#fc8d62,car
167883,"9,17E+18",9,2,61,0,2017,1,22,4,3,3,2,1,1,0,0,0,0,2,1,731689.4151,5381891243.0,12.139482917,48.547283598,1,#66c2a5,bicycle
167885,"9,17E+18",9,1,62,0,2017,1,8,4,3,2,6,0,1,0,0,0,1,0,1,680687.9238,5339028.8211,11.430726177,48.178784746,2,#fc8d62,car
167886,"9,17E+18",9,1,79,123,2017,1,7,4,3,0,7,1,0,0,0,0,0,2,1,675458031.0,5334706.9504,11.35865065,48.141399863,1,#66c2a5,bicycle
167887,"9,17E+18",9,1,79,121,2017,1,11,4,3,5,2,1,1,0,0,0,0,0,2,665756885.0,5337243321.0,11.229333261,48.16680366,1,#66c2a5,bicycle
167888,"9,17E+18",9,1,74,113,2017,1,9,4,3,0,1,0,0,0,1,0,0,0,2,671377471.0,5347147327.0,11.308865254,48.25434584,4,#e78ac3,marker
167889,"9,17E+18",9,1,75,124,2017,1,3,4,3,1,1,0,1,0,0,0,0,2,2,715391.7194,5328027.6361,11.891456895,48.069120133,2,#fc8d62,car
167890,"9,17E+18",9,1,75,113,2017,1,9,4,3,4,1,0,1,0,0,0,1,0,2,715969261.0,5316094.6544,11.89318979,47.961699204,2,#fc8d62,car
167891,"9,17E+18",9,1,62,0,2017,1,15,3,3,6,7,0,1,1,0,0,0,0,1,693772.9035,5333808.1695,11.604194015,48.128008208,2,#fc8d62,car
167892,"9,17E+18",9,1,62,0,2017,1,10,3,2,0,7,1,0,0,0,0,0,0,1,693373.1712,5333135.2235,11.598522285,48.122081507,1,#66c2a5,bicycle
167893,"9,17E+18",9,1,62,0,2017,1,11,3,3,5,3,0,1,0,0,0,0,0,2,679840.2216,5335053.8358,11.417652416,48.143294452,2,#fc8d62,car
167894,"9,17E+18",9,1,62,0,2017,1,7,3,3,5,3,1,1,0,0,0,0,0,2,690141.8118,5334074.2506,11.555563827,48.131494724,1,#66c2a5,bicycle
167898,"9,17E+18",9,7,61,0,2017,1,10,3,3,2,6,0,1,0,0,0,0,0,0,638804902.0,5362313.8164,10.875301411,48.398693535,2,#fc8d62,car
167899,"9,17E+18",9,7,72,147,2017,1,7,3,3,5,3,0,1,0,0,0,1,0,1,638702867.0,5364773646.0,10.874736767,48.420834096,2,#fc8d62,car
167900,"9,17E+18",9,7,71,130,2017,1,12,3,3,0,7,1,0,1,0,0,0,0,1,646999.3186,5357442.2762,10.984240144,48.353035392,1,#66c2a5,bicycle
167901,"9,17E+18",9,7,61,0,2017,1,15,3,3,0,4,0,1,1,0,0,0,0,1,642143.9784,5360362.8671,10.919727265,48.380407605,2,#fc8d62,car
167902,"9,17E+18",9,7,61,0,2017,1,8,3,3,5,3,0,1,0,0,0,0,0,2,639292487.0,5357475062.0,10.880281764,48.355077182,2,#fc8d62,car
167915,"9,17E+18",9,1,63,0,2017,1,15,3,2,0,1,1,0,0,0,0,0,0,1,733506.3095,5306996.3044,12.122845666,47.873806133,1,#66c2a5,bicycle
167916,"9,17E+18",9,1,79,121,2017,1,14,3,3,5,3,0,1,0,0,0,0,0,0,667750.8037,5338984.2404,11.256815904,48.181931339,2,#fc8d62,car
167917,"9,17E+18",9,1,78,120,2017,1,10,3,3,4,1,0,1,0,0,0,0,0,0,695407.8875,5353458.0808,11.635196537,48.304109131,2,#fc8d62,car
167918,"9,17E+18",9,1,78,124,2017,1,17,3,3,2,6,0,1,0,0,0,0,2,0,704981589.0,5364489078.0,11.769521777,48.400206006,2,#fc8d62,car
167919,"9,17E+18",9,1,77,118,2017,1,7,3,3,5,3,0,1,0,0,0,0,0,2,706755.4132,5345774.8124,11.784286339,48.231460113,2,#fc8d62,car
167920,"9,17E+18",9,1,62,0,2017,1,7,2,3,3,2,1,1,0,0,0,0,2,1,688490.2668,5338125.8316,11.535183333,48.168402138,1,#66c2a5,bicycle
167921,"9,17E+18",9,1,62,0,2017,1,18,2,3,4,2,0,1,0,0,0,0,2,1,689722.6351,5333349.6863,11.549613185,48.125107378,2,#fc8d62,car