OBJECTID,UIDENTSTLA,ULAND,UREGBEZ,UKREIS,UGEMEINDE,UJAHR,UMONAT,USTUNDE,UWOCHENTAG,UKATEGORIE,UART,UTYP1,IstRad,IstPKW,IstFuss,IstKrad,IstGkfz,IstSonstig,ULICHTVERH,STRZUSTAND,LINREFX,LINREFY,XGCSWGS84,YGCSWGS84,Teilnehmer,color,symbol
167922,"9,17E+18",9,7,78,116,2017,1,8,2,3,0,6,1,1,0,0,0,0,0,2,619113.0193,5317849.6563,10.596894543,48.002840195,1,#66c2a5,bicycle
167923,"9,17E+18",9,7,61,0,2017,1,14,2,2,1,7,0,1,0,0,0,0,0,1,640425.4641,5358338.1823,10.895854978,48.362587157,2,#fc8d62,car
167942,"9,17E+18",9,2,61,0,2017,1,6,2,3,6,4,0,1,1,0,0,0,0,1,731840.9167,5381713.4822,12.141433682,48.545630845,2,#fc8d62,car
167945,"9,17E+18",9,1,63,0,2017,1,7,2,3,5,3,0,1,0,0,0,0,1,2,733327224.0,5306473.9296,12.120172303,47.869178179,2,#fc8d62,car
167946,"9,17E+18",9,1,87,169,2017,1,2,2,3,8,1,0,1,0,0,0,0,2,2,738137749.0,5299211.6026,12.180406113,47.802171589,2,#fc8d62,car
167947,"9,17E+18",9,1,79,138,2017,1,17,2,3,9,1,0,1,0,0,0,0,2,0,654674.3174,5335369.55,11.079703428,48.152750078,2,#fc8d62,car
167948,"9,17E+18",9,1,74,115,2017,1,9,2,3,6,3,0,1,1,0,0,0,0,1,682209.4425,5347987.1557,11.455024491,48.258873047,2,#fc8d62,car
167949,"9,17E+18",9,1,77,112,2017,1,10,2,3,9,1,0,1,0,0,0,0,0,2,715614.7396,5364326.8249,11.912915403,48.395202298,2,#fc8d62,car
167950,"9,17E+18",9,1,62,0,2017,1,14,1,3,3,6,0,1,0,0,0,0,0,2,688051.0735,5338998.7736,11.529668321,48.176378341,2,#fc8d62,car
167951,"9,17E+18",9,1,62,0,2017,1,12,1,3,0,7,1,0,0,0,0,0,0,2,692676.3642,5337176.2297,11.590996856,48.158612358,1,#66c2a5,bicycle
167952,"9,17E+18",9,1,62,0,2017,1,8,1,3,4,2,0,1,0,0,0,0,0,1,686217.3757,5334382.0111,11.503005482,48.135421292,2,#fc8d62,car
167953,"9,17E+18",9,1,62,0,2017,1,3,1,3,6,4,0,1,1,0,0,0,2,2,690959.5985,5334331.7518,11.566659127,48.133564304,2,#fc8d62,car
167954,"9,17E+18",9,1,62,0,2017,1,8,1,3,4,1,0,1,0,0,0,1,0,2,692093.0431,5332484.99,11.581045309,48.116624803,2,#fc8d62,car
167957,"9,17E+18",9,7,61,0,2017,1,9,1,3,0,7,1,0,0,0,0,1,0,2,638770.8083,5357341.3561,10.873199561,48.353989784,1,#66c2a5,bicycle
167958,"9,17E+18",9,7,61,0,2017,1,19,1,3,1,5,0,1,0,0,0,0,2,2,640214.9986,5358471.5962,10.89305961,48.363833556,2,#fc8d62,car
167959,"9,17E+18",9,7,71,113,2017,1,8,1,3,8,1,0,0,0,0,0,1,0,2,656117.8973,5368213946.0,11.111246645,48.447689329,6,#ffd92f,circle
167967,"9,17E+18",9,1,87,122,2017,1,10,1,3,0,7,0,0,0,0,0,1,0,2,719155.4166,5307681.9578,11.931537099,47.885024376,6,#ffd92f,circle
167968,"9,17E+18",9,1,88,139,2017,1,14,1,3,8,1,0,1,0,0,0,0,0,2,673801.2163,5319304.9789,11.330134942,48.003396993,2,#fc8d62,car
167969,"9,17E+18",9,1,79,118,2017,1,16,1,3,9,1,0,1,0,0,0,0,1,2,672194894.0,5336439.1828,11.315523176,48.157863468,2,#fc8d62,car
167970,"9,17E+18",9,1,88,120,2017,1,16,1,3,0,1,1,0,0,0,0,0,0,2,676495.9386,5326627.2063,11.369248545,48.068481465,1,#66c2a5,bicycle
167971,"9,17E+18",9,1,62,0,2017,1,3,7,3,6,4,0,1,1,0,0,0,2,0,690802.6381,5334768.4594,11.564747242,48.137536486,2,#fc8d62,car
167972,"9,17E+18",9,1,62,0,2017,1,6,7,3,5,3,0,1,0,0,0,0,2,1,691656.2546,5332789.2322,11.575319334,48.119490907,2,#fc8d62,car
167973,"9,17E+18",9,1,62,0,2017,1,15,7,3,0,7,0,0,0,0,0,1,0,0,686209.5168,5334384.9402,11.502901233,48.135449919,6,#ffd92f,circle
167974,"9,17E+18",9,1,62,0,2017,1,11,7,3,1,6,0,1,0,0,0,0,0,2,686468.4325,5328492.3748,11.503802307,48.082409335,2,#fc8d62,car
167975,"9,17E+18",9,1,62,0,2017,1,15,7,3,1,6,0,1,0,0,0,0,0,1,700391.3774,5334644.4659,11.693435467,48.133475059,2,#fc8d62,car
167976,"9,17E+18",9,7,72,184,2017,1,9,7,3,5,3,0,1,0,0,0,0,0,2,635268.7511,5361604.0752,10.827323787,48.393080143,2,#fc8d62,car
167988,"9,17E+18",9,1,78,130,2017,1,17,7,3,7,1,0,1,0,0,0,0,2,2,702751.1287,5354680.7711,11.734697055,48.312786256,2,#fc8d62,car
167989,"9,17E+18",9,1,77,117,2017,1,14,7,3,5,7,0,1,0,0,0,0,0,0,715637.7496,5354770.0318,11.908331014,48.309326542,2,#fc8d62,car
167990,"9,17E+18",9,1,62,0,2017,1,6,6,3,5,2,0,1,0,0,0,0,2,1,692327.3856,5334246.4293,11.584985494,48.132385584,2,#fc8d62,car
167991,"9,17E+18",9,1,62,0,2017,1,22,6,3,5,3,0,1,0,0,0,0,2,1,691283257.0,5331890661.0,11.569909486,48.111526759,2,#fc8d62,car
167992,"9,17E+18",9,7,71,122,2017,1,4,6,3,9,1,0,1,0,0,0,0,2,2,656029.1138,5361030.4862,11.107374949,48.383128924,2,#fc8d62,car
167993,"9,17E+18",9,7,72,202,2017,1,8,6,3,3,6,1,1,0,0,0,0,0,1,637481.0328,5358592.2783,10.856207794,48.365520065,1,#66c2a5,bicycle
167994,"9,17E+18",9,7,61,0,2017,1,22,6,3,5,3,0,1,0,0,0,0,2,1,639148.2358,5359224.2176,10.878914205,48.370836998,2,#fc8d62,car
168000,"9,17E+18",9,1,73,147,2017,1,20,6,3,1,5,0,1,0,0,0,0,2,2,681746.2704,5309428.7946,11.432382925,47.912409562,2,#fc8d62,car
168003,"9,17E+18",9,1,79,118,2017,1,15,6,3,5,3,0,1,0,0,0,1,0,1,672429.6843,5337132.2304,11.318958677,48.164030034,2,#fc8d62,car
168004,"9,17E+18",9,1,62,0,2017,1,7,5,3,5,2,0,1,0,0,0,0,1,1,690094.1899,5335922125.0,11.555749225,48.148117661,2,#fc8d62,car
168005,"9,17E+18",9,1,62,0,2017,1,15,5,3,5,3,0,1,0,0,0,0,0,1,691978935.0,5336203.6315,11.581189372,48.150081779,2,#fc8d62,car
168006,"9,17E+18",9,1,62,0,2017,1,13,5,3,0,6,0,1,0,0,0,0,0,0,682509896.0,5337676.86,11.45463284,48.166111743,2,#fc8d62,car
168007,"9,17E+18",9,1,62,0,2017,1,15,5,3,3,2,1,1,0,0,0,0,0,1,691658.2224,5332789.8688,11.575346034,48.119496036,1,#66c2a5,bicycle
168008,"9,17E+18",9,1,62,0,2017,1,5,5,3,6,4,0,1,1,0,0,0,2,1,691512852.0,5335700589.0,11.574703074,48.145701004,2,#fc8d62,car
168009,"9,17E+18",9,1,62,0,2017,1,16,5,3,5,2,0,1,0,0,0,0,2,2,690709.37,5338142.8906,11.565006942,48.167893583,2,#fc8d62,car
168010,"9,17E+18",9,1,62,0,2017,1,20,5,3,2,2,0,1,0,0,0,0,2,1,696545.2862,5337434.4391,11.643086232,48.159748951,2,#fc8d62,car
168015,"9,17E+18",9,7,62,0,2017,1,14,5,3,2,6,0,1,0,0,0,0,0,1,622290.1871,5305668.1921,10.636009593,47.892685196,2,#fc8d62,car
168016,"9,17E+18",9,7,61,0,2017,1,17,5,3,5,3,0,1,0,0,0,0,0,1,641115.1722,5355281.1261,10.904136568,48.334945345,2,#fc8d62,car
168017,"9,17E+18",9,7,61,0,2017,1,10,5,3,5,3,0,1,0,0,0,0,0,1,641362047.0,5352282.2022,10.906460404,48.307924764,2,#fc8d62,car
168030,"9,17E+18",9,2,61,0,2017,1,12,5,3,1,5,0,1,0,0,0,0,0,1,732152278.0,5379328.7272,12.144317896,48.524093991,2,#fc8d62,car
168034,"9,17E+18",9,1,63,0,2017,1,7,5,3,4,2,0,1,0,0,0,0,0,2,733458.5043,5305063.6517,12.12116376,47.856460499,2,#fc8d62,car
168037,"9,17E+18",9,1,81,130,2017,1,18,5,3,1,6,0,1,0,0,0,0,2,2,639555.1471,5324321.9832,10.87292094,48.056905956,2,#fc8d62,car
168038,"9,17E+18",9,1,79,136,2017,1,17,5,3,8,1,0,0,0,0,0,1,2,2,660368372.0,5342853.16,11.159033823,48.218621212,6,#ffd92f,circle
168039,"9,17E+18",9,1,62,0,2017,1,18,4,3,8,1,0,1,0,0,0,0,2,2,687830.8822,5342442.9759,11.528232624,48.207400369,2,#fc8d62,car
168041,"9,17E+18",9,7,61,0,2017,1,9,4,2,6,2,0,1,1,0,0,0,0,0,641984.6107,5360409.2383,10.917591843,48.38086044,2,#fc8d62,car
168042,"9,17E+18",9,7,61,0,2017,1,21,4,3,5,3,0,1,0,0,0,1,2,2,639240.0356,5360877.0882,10.880700621,48.385678936,2,#fc8d62,car
168057,"9,17E+18",9,1,90,144,2017,1,21,4,3,8,1,0,1,0,0,0,0,2,2,658336.9984,5308147.1782,11.118854756,47.907093691,2,#fc8d62,car
168060,"9,17E+18",9,1,81,131,2017,1,17,4,3,0,6,0,1,0,0,0,0,2,2,636327.8015,5333911.2113,10.83269445,48.143834126,2,#fc8d62,car
168061,"9,17E+18",9,1,79,123,2017,1,17,4,3,2,6,0,1,0,0,0,0,2,2,675842.4698,5333917.8926,11.363488269,48.134200648,2,#fc8d62,car
168062,"9,17E+18",9,1,79,149,2017,1,7,4,3,8,1,0,1,0,0,0,0,1,2,657091588.0,5329331839.0,11.109957119,48.097873261,2,#fc8d62,car
168063,"9,17E+18",9,1,78,145,2017,1,12,4,3,8,1,0,1,0,0,0,0,0,2,697455.1077,5354645851.0,11.663329522,48.314147985,2,#fc8d62,car
168064,"9,17E+18",9,1,62,0,2017,1,22,3,3,5,3,0,1,0,0,0,0,2,2,690785.2475,5335321.8374,11.564761621,48.14251543,2,#fc8d62,car
168065,"9,17E+18",9,1,84,123,2017,1,17,3,3,2,6,0,1,0,0,0,0,2,1,703652.8094,5331711.4102,11.735819596,48.106081297,2,#fc8d62,car
168070,"9,17E+18",9,7,62,0,2017,1,15,3,3,0,1,1,0,0,0,0,0,0,1,622295484.0,5305562.0074,10.636050337,47.891729194,1,#66c2a5,bicycle
168071,"9,17E+18",9,7,72,147,2017,1,15,3,3,5,3,0,1,0,0,0,0,0,1,636059.6277,5364147.4537,10.838826383,48.415779844,2,#fc8d62,car
168072,"9,17E+18",9,7,61,0,2017,1,15,3,2,6,4,0,1,1,0,0,0,0,1,638714.2565,5360398.2969,10.873444879,48.381489598,2,#fc8d62,car
168073,"9,17E+18",9,7,61,0,2017,1,15,3,3,5,3,0,1,0,0,0,0,0,1,641944074.0,5360945595.0,10.917225864,48.385692235,2,#fc8d62,car
168081,"9,17E+18",9,1,63,0,2017,1,16,6,3,2,6,0,1,0,0,0,0,2,1,731014323.0,5303465.9304,12.087683262,47.842989212,2,#fc8d62,car
168082,"9,17E+18",9,1,87,122,2017,1,12,3,3,6,7,0,1,1,0,0,0,0,0,720004.4018,5306864.4949,11.942461764,47.877388716,2,#fc8d62,car
168084,"9,17E+18",9,1,78,115,2017,1,6,6,3,5,3,0,1,0,0,0,0,2,0,703939.1702,5373866.1529,11.76001949,48.484806951,2,#fc8d62,car
168085,"9,17E+18",9,1,62,0,2017,1,16,5,3,6,7,0,1,1,0,0,0,1,0,692078.4906,5334363069.0,11.581696318,48.133509084,2,#fc8d62,car
168086,"9,17E+18",9,1,62,0,2017,1,20,5,3,4,6,0,1,0,0,0,0,2,0,690428.6252,5342684.9733,11.563271179,48.208801459,2,#fc8d62,car
168087,"9,17E+18",9,1,62,0,2017,1,21,5,3,6,7,0,1,1,0,0,0,2,2,691818.6604,5335023.1721,11.578504904,48.139520356,2,#fc8d62,car
168088,"9,17E+18",9,1,62,0,2017,1,12,5,3,4,2,0,1,0,0,0,0,0,0,694557.2243,5342645.8494,11.618766776,48.207197892,2,#fc8d62,car
168089,"9,17E+18",9,1,62,0,2017,1,15,5,3,1,7,0,1,0,0,0,0,0,1,683707644.0,5339534.0718,11.471528862,48.182460362,2,#fc8d62,car
168090,"9,17E+18",9,1,62,0,2017,1,19,5,3,1,6,0,1,0,0,0,0,2,1,692214.86,5334327488.0,11.583511253,48.133148118,2,#fc8d62,car
168091,"9,17E+18",9,7,78,169,2017,1,20,5,2,8,1,0,1,0,0,0,0,2,2,618179.4975,5334466.5479,10.588980489,48.152459317,2,#fc8d62,car
168093,"9,17E+18",9,7,61,0,2017,1,18,5,3,2,6,0,1,0,0,0,0,2,0,636794.9137,5360854.6965,10.847685346,48.386012601,2,#fc8d62,car
168094,"9,17E+18",9,7,61,0,2017,1,13,5,3,5,3,0,1,0,0,0,1,0,0,641145.0488,5358180.7968,10.905511567,48.361011529,2,#fc8d62,car
168125,"9,17E+18",9,1,87,177,2017,1,13,5,2,5,3,1,1,0,0,0,0,0,0,738148.9101,5305328.8385,12.183917819,47.857122034,1,#66c2a5,bicycle
168127,"9,17E+18",9,1,79,121,2017,1,9,5,3,4,6,0,1,0,0,0,1,0,2,666754343.0,5339154853.0,11.243487796,48.183727468,2,#fc8d62,car
168128,"9,17E+18",9,1,62,0,2017,1,8,4,3,5,3,0,1,0,0,0,0,0,2,688777.4379,5334652.5892,11.53750122,48.137099042,2,#fc8d62,car
168129,"9,17E+18",9,1,62,0,2017,1,10,4,3,5,3,0,0,0,0,0,1,0,2,679573.2852,5338564.8896,11.415549223,48.174930493,6,#ffd92f,circle
168130,"9,17E+18",9,1,62,0,2017,1,20,4,3,5,3,1,1,0,0,0,0,2,1,690402.6807,5342680.7148,11.562920404,48.208770967,1,#66c2a5,bicycle
168131,"9,17E+18",9,1,62,0,2017,1,12,4,3,5,3,0,1,0,0,0,0,0,1,688646097.0,5332897158.0,11.534960444,48.121359885,2,#fc8d62,car
168132,"9,17E+18",9,1,62,0,2017,1,16,4,3,4,2,0,1,0,0,0,0,1,1,688653.0302,5335669.9337,11.536281353,48.146279971,2,#fc8d62,car
168133,"9,17E+18",9,1,62,0,2017,1,20,4,3,2,6,0,1,0,0,0,0,2,1,686211.3479,5334265.8736,11.502873775,48.134379168,2,#fc8d62,car
168134,"9,17E+18",9,1,84,147,2017,1,8,4,3,1,6,0,1,0,0,0,0,0,1,697250504.0,5340220849.0,11.653852041,48.184572771,2,#fc8d62,car
168135,"9,17E+18",9,1,62,0,2017,1,19,4,3,6,7,0,1,1,0,0,0,2,1,693472.5715,5333539.8264,11.600040228,48.125687767,2,#fc8d62,car
168136,"9,17E+18",9,1,62,0,2017,1,18,4,3,2,6,0,1,0,0,0,0,2,1,693597.0183,5333365.6192,11.601631733,48.124084213,2,#fc8d62,car
168137,"9,17E+18",9,7,78,116,2017,1,18,4,3,6,4,0,1,1,0,0,0,2,1,619305.9413,5318435.1767,10.599642776,48.008070194,2,#fc8d62,car
168138,"9,17E+18",9,7,78,116,2017,1,10,4,3,9,1,0,1,0,0,0,0,0,2,617212.1147,5318808.7127,10.571682083,48.011817127,2,#fc8d62,car
168142,"9,17E+18",9,7,61,0,2017,1,7,4,3,6,4,0,1,1,0,0,0,1,1,640749642.0,5352682364.0,10.898339504,48.311659496,2,#fc8d62,car
168157,"9,17E+18",9,1,90,159,2017,1,21,4,3,8,1,0,1,0,0,0,0,2,0,661414.1519,5304336.9277,11.158578354,47.872068903,2,#fc8d62,car
168161,"9,17E+18",9,1,87,137,2017,1,19,4,3,4,6,0,1,0,0,0,0,2,1,727904851.0,5312152.2639,12.050767192,47.922142277,2,#fc8d62,car
168163,"9,17E+18",9,1,81,130,2017,1,18,4,3,2,2,0,1,0,0,0,0,2,2,639164.5086,5324532.6314,10.867749742,48.05888549,2,#fc8d62,car
168164,"9,17E+18",9,1,79,145,2017,1,17,4,3,1,7,1,1,0,0,0,0,2,0,674863.8876,5338290.1128,11.352143361,48.173773748,1,#66c2a5,bicycle
168165,"9,17E+18",9,1,88,120,2017,1,17,4,3,9,1,0,1,0,0,0,0,0,2,672774112.0,5325226.8779,11.318764576,48.056911909,2,#fc8d62,car
168166,"9,17E+18",9,1,79,119,2017,1,15,4,3,5,3,1,1,0,0,0,0,0,2,671027.2074,5338610.8678,11.30070782,48.177701328,1,#66c2a5,bicycle
168167,"9,17E+18",9,1,74,115,2017,1,8,4,3,0,1,1,0,0,0,0,0,0,2,681487.0515,5348150.2905,11.445370455,48.260546712,1,#66c2a5,bicycle
168168,"9,17E+18",9,1,78,124,2017,1,16,4,3,5,3,1,0,0,0,0,1,0,0,702523.3533,5365652.6337,11.736909397,48.411456357,1,#66c2a5,bicycle
168169,"9,17E+18",9,1,62,0,2017,1,14,3,3,2,6,0,1,0,0,0,0,0,0,692135.0696,5335246.5395,11.582854499,48.14143248,2,#fc8d62,car
168170,"9,17E+18",9,1,62,0,2017,1,5,3,3,6,2,0,1,1,0,0,0,2,1,686406.0495,5339700.4958,11.507869312,48.183170278,2,#fc8d62,car
168171,"9,17E+18",9,1,62,0,2017,1,15,3,3,0,7,0,0,0,0,0,1,1,1,684203.61,5332671732.0,11.475224919,48.120634392,6,#ffd92f,circle
168172,"9,17E+18",9,1,84,140,2017,1,8,3,3,5,3,0,1,0,0,0,0,0,2,700618.6094,5328232.89,11.693471827,48.075782266,2,#fc8d62,car
168173,"9,17E+18",9,1,62,0,2017,1,11,3,3,5,3,0,1,0,0,0,0,0,1,696112.2509,5335254.7112,11.636265045,48.140292538,2,#fc8d62,car
168174,"9,17E+18",9,1,62,0,2017,1,10,3,3,5,2,1,1,0,0,0,0,0,1,690153.4523,5335258.2169,11.556248654,48.142132747,1,#66c2a5,bicycle
168177,"9,17E+18",9,7,72,200,2017,1,6,3,3,4,2,1,1,0,0,0,0,2,0,631226.4779,5337872.1416,10.765372409,48.180526254,1,#66c2a5,bicycle
168178,"9,17E+18",9,7,61,0,2017,1,17,3,3,6,3,0,1,1,0,0,0,2,1,638033.7871,5358167.7065,10.863527424,48.361581747,2,#fc8d62,car
168179,"9,17E+18",9,7,61,0,2017,1,8,3,3,5,3,1,1,0,0,0,0,0,2,639484.2134,5357583.9965,10.882904493,48.356014373,1,#66c2a5,bicycle
168203,"9,17E+18",9,2,61,0,2017,1,9,3,3,5,3,0,1,0,0,0,0,0,1,732844.3221,5382625.5411,12.155518204,48.553452009,2,#fc8d62,car
168206,"9,17E+18",9,1,82,123,2017,1,12,3,3,4,1,0,1,0,0,0,1,0,2,716318.6264,5301266.9639,11.890432747,47.828341706,2,#fc8d62,car
168207,"9,17E+18",9,1,81,130,2017,1,9,3,3,4,1,0,1,0,0,0,1,0,2,636515.0914,5325831.6205,10.832625255,48.071139019,2,#fc8d62,car
168208,"9,17E+18",9,1,79,123,2017,1,11,3,2,8,7,0,1,0,0,0,0,0,0,676054.1767,5333418.6572,11.366125001,48.12965434,2,#fc8d62,car
168209,"9,17E+18",9,1,79,121,2017,1,18,3,2,8,7,0,1,0,0,0,0,2,2,665588.2188,5336814035.0,11.226899429,48.162988285,2,#fc8d62,car
168210,"9,17E+18",9,1,78,124,2017,1,10,3,3,6,4,0,1,1,0,0,0,0,0,702576.1625,5364503.0331,11.737067414,48.401108766,2,#fc8d62,car
168211,"9,17E+18",9,1,62,0,2017,1,14,2,3,2,6,0,1,0,0,0,0,0,2,690450.6999,5335176.9107,11.56020408,48.141313063,2,#fc8d62,car
168212,"9,17E+18",9,1,62,0,2017,1,7,2,3,9,1,0,1,0,0,0,0,0,1,688786.7865,5337752.4946,11.539001712,48.164958561,2,#fc8d62,car
168213,"9,17E+18",9,1,62,0,2017,1,21,2,3,6,4,0,1,1,0,0,0,2,2,690514.6535,5334744.2776,11.560869384,48.137405424,2,#fc8d62,car
168214,"9,17E+18",9,1,62,0,2017,1,18,2,2,1,1,0,1,0,0,0,0,2,2,685331838.0,5337881389.0,11.492638177,48.167133711,2,#fc8d62,car
168215,"9,17E+18",9,1,62,0,2017,1,11,2,3,6,7,0,1,1,0,0,0,0,2,690605.4754,5334390.6159,11.561930688,48.134199526,2,#fc8d62,car
168216,"9,17E+18",9,1,62,0,2017,1,14,2,3,6,7,0,1,1,0,0,0,0,1,686841.4049,5339106.8284,11.513459627,48.177706374,2,#fc8d62,car
168217,"9,17E+18",9,1,62,0,2017,1,8,2,3,6,4,0,1,1,0,0,0,0,1,690980876.0,5342189937.0,11.57047422,48.204186262,2,#fc8d62,car
168218,"9,17E+18",9,1,62,0,2017,1,9,2,3,1,7,0,1,0,0,0,1,0,2,691462.4515,5340001.8872,11.575962535,48.184375516,2,#fc8d62,car
168219,"9,17E+18",9,1,62,0,2017,1,19,2,3,1,6,0,1,0,0,0,0,1,1,690843.3285,5340312.3749,11.567780942,48.187352413,2,#fc8d62,car
168220,"9,17E+18",9,1,62,0,2017,1,8,2,3,5,6,1,0,0,0,0,1,0,2,689816.3229,5336697.8339,11.5523632,48.155172717,1,#66c2a5,bicycle
168221,"9,17E+18",9,1,62,0,2017,1,11,2,3,5,3,0,1,0,0,0,0,0,2,691861889.0,5337172.5756,11.580054176,48.158825783,2,#fc8d62,car
168223,"9,17E+18",9,7,62,0,2017,1,15,2,3,6,7,0,1,1,0,0,0,0,2,622146.4833,5308301.4999,10.634833687,47.916395672,2,#fc8d62,car
168224,"9,17E+18",9,7,62,0,2017,1,16,2,3,4,1,0,1,0,0,0,0,0,2,618870.8822,5304824.7806,10.590052035,47.885742167,2,#fc8d62,car
168227,"9,17E+18",9,7,72,147,2017,1,19,2,3,0,1,1,0,0,0,0,0,2,2,638832531.0,5366284578.0,10.876988761,48.434391357,1,#66c2a5,bicycle
168228,"9,17E+18",9,7,61,0,2017,1,11,2,3,1,1,0,1,0,0,0,0,0,1,641221613.0,5355353.23,10.905596169,48.335569901,2,#fc8d62,car
168237,"9,17E+18",9,1,87,117,2017,1,7,2,3,4,6,1,0,0,0,0,0,1,2,724527.7032,5306286.1548,12.002573383,47.870626901,1,#66c2a5,bicycle
168239,"9,17E+18",9,1,78,120,2017,1,19,2,3,4,6,0,1,0,0,0,0,2,1,694306227.0,5352584235.0,11.619953969,48.296594921,2,#fc8d62,car
168240,"9,17E+18",9,1,78,124,2017,1,8,2,3,2,6,0,1,0,0,0,1,0,0,701531.8699,5360502.4339,11.721055918,48.365492336,2,#fc8d62,car
168241,"9,17E+18",9,1,62,0,2017,1,13,1,3,0,7,0,1,0,0,0,0,0,2,692659.1101,5332512934.0,11.588655817,48.116704958,2,#fc8d62,car
168242,"9,17E+18",9,1,62,0,2017,1,1,1,3,6,4,0,1,1,0,0,0,2,2,691405.5261,5336281.2998,11.573522798,48.150952656,2,#fc8d62,car
168251,"9,17E+18",9,1,73,147,2017,1,17,1,3,2,6,0,1,0,0,0,0,2,1,680948.1067,5309164.3443,11.421599703,47.910258032,2,#fc8d62,car
168252,"9,17E+18",9,1,87,159,2017,1,12,1,3,9,1,0,1,0,0,0,0,0,1,732320814.0,5328752525.0,12.11877373,48.069692541,2,#fc8d62,car
168253,"9,17E+18",9,1,77,117,2017,1,17,1,3,4,2,0,1,0,0,0,0,2,2,714115.6248,5353017.0652,11.886940075,48.29409268,2,#fc8d62,car
168254,"9,17E+18",9,1,75,114,2017,1,15,1,3,5,3,0,1,0,0,0,0,0,2,718513.7815,5322992.9871,11.930741821,48.022820436,2,#fc8d62,car
168255,"9,17E+18",9,1,62,0,2017,1,14,7,3,3,7,0,1,0,0,0,1,0,1,689117.8755,5334932.2882,11.542196824,48.139511924,2,#fc8d62,car
168256,"9,17E+18",9,1,62,0,2017,1,16,7,3,4,6,0,1,0,0,0,0,0,2,687111.7095,5330389963.0,11.513262781,48.099277122,2,#fc8d62,car
168257,"9,17E+18",9,1,62,0,2017,1,12,7,3,5,3,0,1,0,0,0,0,0,1,691009.8807,5332277.6473,11.566413782,48.115087022,2,#fc8d62,car
168258,"9,17E+18",9,1,62,0,2017,1,11,7,3,2,6,0,1,0,0,0,0,0,1,689352.5729,5333605.9908,11.544759016,48.127521245,2,#fc8d62,car
168263,"9,17E+18",9,7,72,147,2017,1,9,7,3,5,3,0,1,0,0,0,0,0,0,638499.5686,5366163.0369,10.872449508,48.433371818,2,#fc8d62,car
168264,"9,17E+18",9,7,72,163,2017,1,9,7,3,1,6,0,1,0,0,0,1,0,1,639411.9066,5349508.8394,10.87925919,48.283419883,2,#fc8d62,car
168271,"9,17E+18",9,1,90,157,2017,1,13,7,3,1,7,0,1,0,0,0,0,0,1,660690344.0,5301693785.0,11.14792367,47.848485724,2,#fc8d62,car
168275,"9,17E+18",9,1,63,0,2017,1,7,7,3,5,2,0,1,0,0,0,0,1,1,733979.3208,5305322.8738,12.128256188,47.858599957,2,#fc8d62,car
168276,"9,17E+18",9,1,63,0,2017,1,15,7,3,2,6,0,1,1,0,0,0,0,1,733482.9884,5304101.4616,12.12097136,47.847807236,2,#fc8d62,car
168279,"9,17E+18",9,1,87,130,2017,1,12,7,3,5,3,0,1,0,0,0,0,0,1,712212.0495,5309805.6923,11.839823087,47.906441494,2,#fc8d62,car
168280,"9,17E+18",9,1,88,139,2017,1,15,7,2,4,6,0,1,0,0,0,0,0,2,667959.1479,5316766.0435,11.250881267,47.982132923,2,#fc8d62,car
168281,"9,17E+18",9,1,62,0,2017,1,8,6,3,5,3,0,1,0,0,0,0,0,0,694577.9717,5335834.6672,11.615927688,48.145975962,2,#fc8d62,car
168282,"9,17E+18",9,1,62,0,2017,1,14,6,3,1,7,0,1,0,0,0,0,0,0,695206.3951,5336101.75,11.624489566,48.148183855,2,#fc8d62,car
168283,"9,17E+18",9,1,79,142,2017,1,20,6,2,9,1,0,1,0,0,0,0,2,1,673001489.0,5342993.39,11.329029692,48.216563311,2,#fc8d62,car
168284,"9,17E+18",9,1,62,0,2017,1,8,6,3,0,6,0,1,0,0,0,1,0,1,692967.9154,5331755.4086,11.592457934,48.109802982,2,#fc8d62,car
168285,"9,17E+18",9,1,62,0,2017,1,20,6,3,2,2,0,1,0,0,0,0,2,1,689520.5182,5336062.2614,11.548106727,48.149548387,2,#fc8d62,car
168286,"9,17E+18",9,1,62,0,2017,1,15,6,3,2,6,0,1,0,0,0,0,0,1,686250.6398,5332092.8469,11.502451842,48.114835644,2,#fc8d62,car
168287,"9,17E+18",9,1,84,123,2017,1,9,6,3,6,4,0,1,1,0,0,0,0,1,703383.4583,5332017.0648,11.732351173,48.108914192,2,#fc8d62,car
168288,"9,17E+18",9,1,62,0,2017,1,1,6,2,6,4,0,1,1,0,0,0,2,1,696993.5063,5331798.2869,11.64650096,48.108956135,2,#fc8d62,car
168289,"9,17E+18",9,1,62,0,2017,1,13,6,3,0,4,0,0,1,0,0,1,0,0,695498898.0,5336709.4574,11.628697009,48.153555781,3,#8da0cb,toilet
168290,"9,17E+18",9,1,62,0,2017,1,21,6,3,6,4,0,1,1,0,0,0,2,1,691430.3578,5332917.0696,11.572344492,48.120707851,2,#fc8d62,car
168293,"9,17E+18",9,7,61,0,2017,1,7,6,3,5,7,0,1,0,0,0,0,1,1,640932.6371,5357911.2773,10.902555297,48.358635555,2,#fc8d62,car
168306,"9,17E+18",9,1,81,128,2017,1,12,6,3,0,7,1,0,0,0,0,0,0,1,639555.4054,5328497342.0,10.874287998,48.094451777,1,#66c2a5,bicycle