OBJECTID,UIDENTSTLA,ULAND,UREGBEZ,UKREIS,UGEMEINDE,UJAHR,UMONAT,USTUNDE,UWOCHENTAG,UKATEGORIE,UART,UTYP1,IstRad,IstPKW,IstFuss,IstKrad,IstGkfz,IstSonstig,ULICHTVERH,STRZUSTAND,LINREFX,LINREFY,XGCSWGS84,YGCSWGS84,Teilnehmer,color,symbol
168307,"9,17E+18",9,1,79,121,2017,1,18,6,2,0,4,0,1,0,0,0,1,2,1,666391587.0,5337404849.0,11.237926096,48.168089982,2,#fc8d62,car
168308,"9,17E+18",9,1,74,126,2017,1,17,6,2,0,1,1,0,0,0,0,0,2,2,683923811.0,5344658252.0,11.476655158,48.228456293,1,#66c2a5,bicycle
168309,"9,17E+18",9,1,74,115,2017,1,13,6,3,6,4,1,0,1,0,0,0,0,1,682849.5254,5348023.2841,11.463656084,48.259013404,1,#66c2a5,bicycle
168310,"9,17E+18",9,1,74,118,2017,1,6,6,3,4,1,0,1,0,0,0,0,2,2,669878565.0,5354936482.0,11.291820834,48.324770299,2,#fc8d62,car
168311,"9,17E+18",9,1,78,145,2017,1,16,6,3,6,4,0,1,1,0,0,0,0,1,696587244.0,5354471571.0,11.651555381,48.312852077,2,#fc8d62,car
168312,"9,17E+18",9,1,78,156,2017,1,16,6,3,9,1,0,1,0,0,0,0,0,2,698099.7115,5375386999.0,11.681803533,48.500341238,2,#fc8d62,car
168313,"9,17E+18",9,1,62,0,2017,1,18,5,3,6,7,0,1,0,0,0,1,2,1,690143.7334,5334859.6613,11.555940191,48.138553432,2,#fc8d62,car
168314,"9,17E+18",9,1,62,0,2017,1,12,5,3,6,4,0,1,1,0,0,0,0,1,689581.8641,5333506.1847,11.547792966,48.126555934,2,#fc8d62,car
168315,"9,17E+18",9,1,62,0,2017,1,21,5,3,1,5,0,1,0,0,0,0,2,1,684408.3046,5331565.5383,11.477494471,48.110632027,2,#fc8d62,car
168316,"9,17E+18",9,1,84,120,2017,1,16,5,3,5,3,0,1,0,0,0,0,0,1,680299.0977,5332853.9282,11.422884504,48.123389779,2,#fc8d62,car
168317,"9,17E+18",9,1,62,0,2017,1,23,5,3,6,7,0,1,1,0,0,0,2,1,681480.0985,5339334.3201,11.441503453,48.181305038,2,#fc8d62,car
168318,"9,17E+18",9,1,62,0,2017,1,16,5,3,5,2,0,1,0,0,0,0,1,1,684495.7636,5332976.4175,11.479278771,48.123288489,2,#fc8d62,car
168326,"9,17E+18",9,7,61,0,2017,1,6,5,3,6,2,0,1,1,0,0,0,2,1,639360.7305,5358673.9821,10.881599573,48.365842531,2,#fc8d62,car
168353,"9,17E+18",9,1,73,147,2017,1,14,6,3,5,3,0,1,0,0,0,0,0,0,681538.9529,5308737.8471,11.429320034,47.906257191,2,#fc8d62,car
168356,"9,17E+18",9,1,63,0,2017,1,14,6,3,2,2,1,1,0,0,0,0,0,0,733365.8379,5305039.9724,12.119914005,47.856281416,1,#66c2a5,bicycle
168358,"9,17E+18",9,1,79,142,2017,1,9,6,3,6,7,0,1,1,0,0,0,0,0,673037.4303,5342051.0269,11.329128722,48.208082223,2,#fc8d62,car
168359,"9,17E+18",9,1,81,130,2017,1,15,6,2,4,2,1,1,0,0,0,0,0,1,639639.0511,5323271.5098,10.873703531,48.04744144,1,#66c2a5,bicycle
168360,"9,17E+18",9,1,81,130,2017,1,16,6,3,5,3,0,1,0,0,0,0,0,1,638661.4,5325020856.0,10.861159436,48.063385311,2,#fc8d62,car
168361,"9,17E+18",9,1,77,133,2017,1,19,6,3,3,6,0,1,0,0,0,0,2,0,706257.9096,5359836.6792,11.784462467,48.357983617,2,#fc8d62,car
168362,"9,17E+18",9,1,75,135,2017,1,10,6,3,5,2,0,1,0,0,0,0,0,0,707480.8325,5339329.6726,11.790892802,48.173306114,2,#fc8d62,car
168363,"9,17E+18",9,1,78,120,2017,1,8,6,2,0,5,1,0,0,0,0,0,0,0,696350.4194,5353926.7759,11.648111141,48.308029526,1,#66c2a5,bicycle
168364,"9,17E+18",9,1,62,0,2017,1,17,5,3,5,2,1,1,0,0,0,0,2,2,686355.15,5331776.2255,11.5037163,48.111959149,1,#66c2a5,bicycle
168365,"9,17E+18",9,1,62,0,2017,1,16,5,3,2,6,0,1,0,0,0,0,0,1,690924.3259,5333242.6089,11.565697567,48.123785723,2,#fc8d62,car
168366,"9,17E+18",9,1,62,0,2017,1,19,5,3,5,3,1,1,0,0,0,0,2,1,689970.9477,5340174.5693,11.555993654,48.186375311,1,#66c2a5,bicycle
168367,"9,17E+18",9,1,62,0,2017,1,17,5,3,3,3,1,1,0,0,0,0,1,2,692295.5957,5337980.5666,11.586245537,48.165956803,1,#66c2a5,bicycle
168368,"9,17E+18",9,1,62,0,2017,1,5,5,3,6,4,0,1,1,0,0,0,2,1,689196.1438,5335508.8995,11.543504047,48.144671291,2,#fc8d62,car
168369,"9,17E+18",9,1,62,0,2017,1,9,5,3,5,3,1,1,0,0,0,0,0,2,684013.9206,5337302.7008,11.474679561,48.162315026,1,#66c2a5,bicycle
168370,"9,17E+18",9,1,62,0,2017,1,14,5,2,6,4,0,0,1,0,0,1,0,1,688596118.0,5335675947.0,11.535519658,48.146350894,3,#8da0cb,toilet
168371,"9,17E+18",9,1,62,0,2017,1,15,5,3,2,6,0,1,0,0,0,0,0,2,693540.8247,5335176.2107,11.601699842,48.140374343,2,#fc8d62,car
168372,"9,17E+18",9,1,62,0,2017,1,19,5,3,8,1,0,1,0,0,0,0,2,2,693128.5161,5335160.1896,11.596155968,48.140355627,2,#fc8d62,car
168373,"9,17E+18",9,1,62,0,2017,1,20,5,3,0,4,0,0,1,1,0,0,2,0,690162315.0,5333967.6984,11.555791558,48.130530906,3,#8da0cb,toilet
168374,"9,17E+18",9,1,62,0,2017,1,18,5,3,3,3,1,1,0,0,0,0,2,1,692236.8314,5338554.7472,11.585715608,48.171135167,1,#66c2a5,bicycle
168379,"9,17E+18",9,7,61,0,2017,1,19,5,3,2,6,0,1,0,0,0,0,2,1,641398.6336,5359226.8597,10.909284737,48.370360576,2,#fc8d62,car
168380,"9,17E+18",9,7,61,0,2017,1,7,5,3,5,3,0,1,0,0,0,0,1,1,641351.1782,5352282.6844,10.90631407,48.307931529,2,#fc8d62,car
168399,"9,17E+18",9,2,61,0,2017,1,19,5,3,6,4,0,1,1,0,0,0,2,0,732404097.0,5380068.2871,12.148135372,48.530644132,2,#fc8d62,car
168403,"9,17E+18",9,1,79,142,2017,1,16,5,3,1,6,0,1,0,0,0,1,0,1,673544.3507,5344286.8311,11.336861119,48.228042272,2,#fc8d62,car
168404,"9,17E+18",9,1,75,135,2017,1,11,5,2,6,4,0,1,1,0,0,0,0,0,709070619.0,5339172812.0,11.812173781,48.171375611,2,#fc8d62,car
168405,"9,17E+18",9,1,77,130,2017,1,6,5,3,5,3,0,1,0,0,0,0,1,1,709715347.0,5350847875.0,11.82660998,48.276074144,2,#fc8d62,car
168406,"9,17E+18",9,1,62,0,2017,1,16,4,2,5,3,1,1,0,0,0,0,0,1,692055.7504,5331153.1707,11.579945126,48.10466582,1,#66c2a5,bicycle
168407,"9,17E+18",9,1,62,0,2017,1,7,4,3,2,7,0,1,0,0,0,0,0,1,694421.3494,5336516.3012,11.614135637,48.152150086,2,#fc8d62,car
168410,"9,17E+18",9,7,61,0,2017,1,18,4,2,1,2,0,1,0,0,0,0,2,1,640945605.0,5351181.6809,10.900479815,48.298122083,2,#fc8d62,car
168411,"9,17E+18",9,7,61,0,2017,1,15,4,3,5,3,0,1,0,0,0,0,0,2,642541.9164,5360949.7267,10.925297538,48.385594572,2,#fc8d62,car
168412,"9,17E+18",9,7,61,0,2017,1,7,4,3,5,3,0,1,0,1,0,0,1,2,640153.6484,5359945.0729,10.892722889,48.377096227,2,#fc8d62,car
168435,"9,17E+18",9,2,61,0,2017,1,15,4,3,2,6,0,1,0,0,0,0,0,1,731359.2773,5383225.3252,12.135757587,48.559389263,2,#fc8d62,car
168436,"9,17E+18",9,1,79,126,2017,1,16,4,3,5,3,0,1,0,0,0,0,0,0,677299.3627,5339906.4722,11.385548786,48.187628585,2,#fc8d62,car
168437,"9,17E+18",9,1,62,0,2017,1,18,3,2,0,7,0,0,0,0,0,1,2,1,684085.5314,5335082.63,11.474681406,48.142339096,6,#ffd92f,circle
168438,"9,17E+18",9,1,62,0,2017,1,15,3,3,5,3,0,1,0,0,0,0,0,2,692655088.0,5333419254.0,11.589011385,48.124852,2,#fc8d62,car
168439,"9,17E+18",9,1,62,0,2017,1,12,3,3,5,7,1,1,0,0,0,0,0,2,691622.9153,5337990712.0,11.577212525,48.166251105,1,#66c2a5,bicycle
168440,"9,17E+18",9,1,62,0,2017,1,11,3,3,6,4,0,0,1,0,0,1,0,1,693171.0008,5331742.3075,11.595177484,48.109623677,3,#8da0cb,toilet
168444,"9,17E+18",9,7,61,0,2017,1,18,3,2,6,4,0,1,1,0,0,0,2,1,638705247.0,5360355243.0,10.873309057,48.381104448,2,#fc8d62,car
168445,"9,17E+18",9,7,61,0,2017,1,18,3,3,2,6,0,1,0,0,0,0,2,0,640204.3958,5358715.2689,10.892997762,48.366026942,2,#fc8d62,car
168459,"9,17E+18",9,1,63,0,2017,1,16,3,3,4,6,0,1,0,0,0,0,0,2,735380.7342,5302873.4785,12.145631517,47.836083225,2,#fc8d62,car
168461,"9,17E+18",9,1,79,147,2017,1,12,3,3,5,2,0,1,0,0,0,0,0,0,663502.4023,5334550.6939,11.198000447,48.143179999,2,#fc8d62,car
168462,"9,17E+18",9,1,74,115,2017,1,8,3,3,2,6,1,1,0,0,0,0,0,2,681748398.0,5348514515.0,11.449044996,48.26374565,1,#66c2a5,bicycle
168463,"9,17E+18",9,1,77,139,2017,1,6,3,3,6,4,0,1,1,0,0,0,1,0,732057.0979,5359458.9135,12.132029892,48.34563863,2,#fc8d62,car
168464,"9,17E+18",9,1,62,0,2017,1,17,2,3,2,3,0,1,0,0,0,1,2,1,697004.7572,5331566.1278,11.646544741,48.106866147,2,#fc8d62,car
168465,"9,17E+18",9,1,62,0,2017,1,7,2,3,0,1,0,0,0,1,0,0,0,0,690147.3945,5334478.6307,11.555819262,48.135127632,4,#e78ac3,marker
168466,"9,17E+18",9,1,62,0,2017,1,14,2,3,2,6,0,1,0,0,0,0,0,0,690736.2853,5333334.6727,11.563214442,48.124669553,2,#fc8d62,car
168467,"9,17E+18",9,1,62,0,2017,1,8,2,3,2,6,0,1,0,0,0,1,0,0,694355.0312,5334973.1685,11.612540496,48.138301307,2,#fc8d62,car
168468,"9,17E+18",9,1,62,0,2017,1,9,2,3,4,2,0,1,0,0,0,0,0,0,693807679.0,5335113.4052,11.605254644,48.139728645,2,#fc8d62,car
168469,"9,17E+18",9,1,62,0,2017,1,8,2,3,2,6,0,1,0,0,0,0,0,0,684507.0132,5333151.6196,11.479505636,48.124860043,2,#fc8d62,car
168470,"9,17E+18",9,1,62,0,2017,1,12,2,3,5,3,0,1,1,0,0,0,0,0,690421.3265,5336386.0732,11.560350463,48.152189764,2,#fc8d62,car
168471,"9,17E+18",9,1,62,0,2017,1,13,2,3,6,2,0,1,1,0,0,0,0,0,680187568.0,5335322.0983,11.422431115,48.145607558,2,#fc8d62,car
168472,"9,17E+18",9,1,62,0,2017,1,6,2,3,3,6,0,1,0,0,0,0,2,1,690975.5635,5335114.6136,11.567224481,48.140595822,2,#fc8d62,car
168473,"9,17E+18",9,1,62,0,2017,1,10,2,3,4,2,0,1,0,0,0,0,0,0,686088.2328,5337613.2522,11.502684005,48.164502636,2,#fc8d62,car
168474,"9,17E+18",9,1,62,0,2017,1,9,2,3,2,6,0,1,0,0,0,0,0,1,692273.5289,5335039.5056,11.584620361,48.139529875,2,#fc8d62,car
168475,"9,17E+18",9,1,62,0,2017,1,13,2,2,8,7,0,1,0,0,0,0,0,2,697442.1832,5338386.0666,11.655575786,48.168023616,2,#fc8d62,car
168476,"9,17E+18",9,1,62,0,2017,1,17,2,3,5,3,0,1,0,0,0,0,2,0,700442.4405,5334648.1028,11.694122724,48.133491665,2,#fc8d62,car
168477,"9,17E+18",9,1,62,0,2017,1,19,2,3,2,6,0,1,0,0,0,0,2,1,691929.7911,5336081.3496,11.580474184,48.148997562,2,#fc8d62,car
168478,"9,17E+18",9,1,62,0,2017,1,19,2,3,6,4,0,1,1,0,0,0,2,1,690389.4336,5333818.0599,11.558774031,48.129118061,2,#fc8d62,car
168479,"9,17E+18",9,1,62,0,2017,1,15,2,3,5,3,1,0,0,0,0,1,0,0,691130.0662,5341440.6081,11.57214272,48.197406552,1,#66c2a5,bicycle
168480,"9,17E+18",9,1,62,0,2017,1,6,2,3,5,2,0,1,0,0,0,0,2,0,689148.4563,5336921.1794,11.543491217,48.15737915,2,#fc8d62,car
168484,"9,17E+18",9,7,61,0,2017,1,11,2,2,4,1,0,1,0,0,0,0,2,1,636606.1249,5361175.7237,10.845241144,48.388940161,2,#fc8d62,car
168485,"9,17E+18",9,7,61,0,2017,1,11,2,3,2,6,0,1,0,0,0,0,0,1,639782.6481,5359623.7412,10.887608654,48.374289205,2,#fc8d62,car
168486,"9,17E+18",9,7,61,0,2017,1,6,2,3,5,3,0,1,0,0,0,0,2,1,640753.3827,5359983.5951,10.900830351,48.377309105,2,#fc8d62,car
168496,"9,17E+18",9,2,74,126,2017,1,10,2,3,5,3,0,1,0,0,0,1,0,0,733479.1171,5384117.6161,12.164944179,48.566618722,2,#fc8d62,car
168497,"9,17E+18",9,2,74,124,2017,1,11,2,3,0,1,1,0,0,0,0,0,0,2,725237.8678,5376056.6125,12.049042283,48.497217006,1,#66c2a5,bicycle
168498,"9,17E+18",9,1,73,126,2017,1,10,2,2,0,7,0,0,1,0,0,1,0,2,685068.7643,5304855.6903,11.474846051,47.870352051,3,#8da0cb,toilet
168502,"9,17E+18",9,1,81,130,2017,1,15,2,3,1,5,0,1,0,0,0,0,0,0,638512.5125,5323491.2135,10.858666805,48.049662565,2,#fc8d62,car
168503,"9,17E+18",9,1,78,124,2017,1,8,2,3,5,3,0,1,0,0,0,0,0,0,704831.2852,5358954291.0,11.76479721,48.350518695,2,#fc8d62,car
168504,"9,17E+18",9,1,78,123,2017,1,16,2,3,5,3,0,1,0,0,0,0,1,0,692534.2321,5359342.6227,11.599173362,48.357876953,2,#fc8d62,car
168505,"9,17E+18",9,1,62,0,2017,1,17,1,3,2,6,0,1,0,0,0,0,2,0,692313.2368,5337785.6208,11.586394397,48.164199342,2,#fc8d62,car
168506,"9,17E+18",9,1,62,0,2017,1,17,1,3,0,1,0,1,0,0,0,0,2,2,691788.3546,5332416.5924,11.576924918,48.116101887,2,#fc8d62,car
168507,"9,17E+18",9,1,62,0,2017,1,20,1,3,5,3,0,1,0,0,0,0,2,2,692824.5252,5331218.3657,11.59029086,48.105019565,2,#fc8d62,car
168508,"9,17E+18",9,1,62,0,2017,1,13,1,3,5,3,0,1,0,0,0,0,0,0,692621.5931,5334814.5379,11.589192493,48.137402648,2,#fc8d62,car
168509,"9,17E+18",9,1,62,0,2017,1,17,1,3,3,7,0,1,0,0,0,0,2,1,690035.7651,5333606.6345,11.55393146,48.127323446,2,#fc8d62,car
168510,"9,17E+18",9,1,62,0,2017,1,11,1,3,5,3,0,1,0,0,0,1,0,0,689729569.0,5333344.6791,11.549704042,48.125060306,2,#fc8d62,car
168511,"9,17E+18",9,1,62,0,2017,1,14,1,3,2,6,0,1,0,0,0,1,0,0,690813.0678,5335146.2725,11.565056559,48.140929121,2,#fc8d62,car
168512,"9,17E+18",9,1,62,0,2017,1,17,1,3,5,3,0,1,0,0,0,0,2,0,692499.1334,5340970.5101,11.590334418,48.192767933,2,#fc8d62,car
168513,"9,17E+18",9,1,62,0,2017,1,22,1,3,0,3,1,0,0,0,0,1,2,2,690367.0053,5340225.8333,11.561339926,48.186717506,1,#66c2a5,bicycle
168514,"9,17E+18",9,1,62,0,2017,1,13,1,3,3,6,0,1,0,0,0,0,0,0,691986.3293,5332401.9037,11.579575557,48.115910214,2,#fc8d62,car
168515,"9,17E+18",9,1,62,0,2017,1,18,1,3,5,3,0,1,0,0,0,0,2,0,689059.6092,5333352888.0,11.540713543,48.125333399,2,#fc8d62,car
168524,"9,17E+18",9,2,61,0,2017,1,12,1,3,4,2,0,1,0,0,0,0,0,0,732729.5926,5381824.7824,12.15351841,48.546301627,2,#fc8d62,car
168525,"9,17E+18",9,2,74,126,2017,1,14,1,3,1,7,0,1,0,0,0,0,0,0,733399.8553,5382613.0014,12.163027852,48.553132911,2,#fc8d62,car
168526,"9,17E+18",9,1,62,0,2017,1,17,7,3,4,2,0,1,0,0,0,0,2,0,691446.3225,5335426.4808,11.573686338,48.143257379,2,#fc8d62,car
168527,"9,17E+18",9,1,62,0,2017,1,19,7,3,1,6,0,1,0,0,0,0,2,0,692055.4361,5340393.3716,11.584109209,48.187715093,2,#fc8d62,car
168528,"9,17E+18",9,1,62,0,2017,1,22,7,3,5,3,0,1,0,0,0,0,2,1,688706.1136,5343308.7885,11.540386508,48.214922722,2,#fc8d62,car
168529,"9,17E+18",9,1,62,0,2017,1,12,7,3,1,5,1,1,0,0,0,0,0,0,691467.0513,5336493.9382,11.574444821,48.152845302,1,#66c2a5,bicycle
168530,"9,17E+18",9,7,78,116,2017,1,8,7,3,0,3,1,1,0,0,0,0,0,0,619220.2912,5318587.1524,10.598537099,48.009452996,1,#66c2a5,bicycle
168532,"9,17E+18",9,7,62,0,2017,1,20,7,3,1,5,0,1,0,0,0,0,2,1,620704.2911,5305115.7932,10.614647623,47.88801731,2,#fc8d62,car
168551,"9,17E+18",9,2,61,0,2017,1,13,7,3,4,2,0,1,0,0,0,0,0,0,732135.7372,5380702.9673,12.1448593,48.536444618,2,#fc8d62,car
168554,"9,17E+18",9,1,78,124,2017,1,15,7,3,5,3,0,1,0,0,0,0,0,1,702422.1505,5364355.6801,11.734917942,48.399834069,2,#fc8d62,car
168555,"9,17E+18",9,1,62,0,2017,1,12,6,3,6,4,0,1,1,0,0,0,0,1,689066.1154,5333335.4177,11.540793139,48.125174442,2,#fc8d62,car
168556,"9,17E+18",9,1,62,0,2017,1,14,6,3,6,4,0,1,1,0,0,0,0,1,688035.7997,5336704.7597,11.528448773,48.155763915,2,#fc8d62,car
168557,"9,17E+18",9,1,84,130,2017,1,13,6,3,5,3,0,1,0,0,0,0,0,0,699263467.0,5345135.1919,11.683211827,48.228109797,2,#fc8d62,car
168558,"9,17E+18",9,1,62,0,2017,1,13,6,3,6,7,0,1,1,0,0,0,0,2,693508258.0,5335597272.0,11.601453865,48.144168612,2,#fc8d62,car
168559,"9,17E+18",9,1,62,0,2017,1,15,6,3,2,6,0,1,0,0,0,0,0,0,691947.5213,5333459.2418,11.579530711,48.12542513,2,#fc8d62,car
168560,"9,17E+18",9,1,62,0,2017,1,13,6,3,2,6,0,1,0,0,0,0,0,2,691114.2077,5342860.6736,11.572568992,48.210174575,2,#fc8d62,car
168561,"9,17E+18",9,1,62,0,2017,1,22,6,3,4,2,0,1,0,0,0,0,2,0,693376.7112,5330994.8813,11.597599433,48.102843572,2,#fc8d62,car
168562,"9,17E+18",9,1,62,0,2017,1,20,6,2,6,4,0,1,1,0,0,0,2,1,689523.1636,5334902.7684,11.54762615,48.139126013,2,#fc8d62,car
168563,"9,17E+18",9,1,62,0,2017,1,16,6,3,2,6,0,1,0,0,0,0,0,0,688632.6975,5331633.5542,11.534221634,48.110006341,2,#fc8d62,car
168564,"9,17E+18",9,1,62,0,2017,1,8,6,3,2,6,0,1,0,0,0,0,0,1,700087.6832,5335247.8094,11.689641612,48.138992883,2,#fc8d62,car
168568,"9,17E+18",9,7,61,0,2017,1,6,6,3,6,4,0,1,1,0,0,0,2,0,641653.2487,5362072.0336,10.913679871,48.39588604,2,#fc8d62,car
168597,"9,17E+18",9,2,74,113,2017,1,7,6,3,0,1,1,0,0,0,0,0,1,2,728998.4249,5383072.0,12.103724303,48.558878447,1,#66c2a5,bicycle
168598,"9,17E+18",9,2,61,0,2017,1,10,6,3,0,2,0,1,1,0,0,0,0,0,732386.7926,5380070239.0,12.147902424,48.530668072,2,#fc8d62,car
168611,"9,17E+18",9,1,63,0,2017,2,16,6,3,1,7,0,1,0,0,0,1,0,1,732700.5944,5305830.2595,12.11145903,47.863622656,2,#fc8d62,car
168612,"9,17E+18",9,1,63,0,2017,2,13,6,3,5,3,0,1,0,0,0,0,0,1,732944.7811,5304216.2121,12.113849898,47.849033402,2,#fc8d62,car
168613,"9,17E+18",9,1,87,117,2017,2,13,6,3,5,3,0,1,0,0,0,0,0,1,726364.2167,5305100.6214,12.026476797,47.85933056,2,#fc8d62,car
168615,"9,17E+18",9,1,81,130,2017,2,12,6,2,1,7,1,1,0,0,0,0,0,0,639136.3593,5324642.6909,10.867407958,48.059881318,1,#66c2a5,bicycle
168616,"9,17E+18",9,1,88,117,2017,2,22,6,3,8,7,0,1,0,0,0,0,2,1,663304.5392,5317725.8522,11.18891599,47.991967285,2,#fc8d62,car
168617,"9,17E+18",9,1,77,115,2017,2,12,6,3,6,4,0,1,1,0,0,0,0,1,735492.3947,5350855.7945,12.173522293,48.267086939,2,#fc8d62,car
168618,"9,17E+18",9,1,62,0,2017,2,10,5,3,0,7,1,1,0,0,0,0,0,0,691950.9876,5334405.9215,11.58000368,48.133932703,1,#66c2a5,bicycle
168619,"9,17E+18",9,1,62,0,2017,2,10,5,3,5,2,0,1,0,0,0,0,0,1,693131.0246,5331884.1394,11.594705204,48.110910553,2,#fc8d62,car
168620,"9,17E+18",9,1,62,0,2017,2,9,5,3,4,2,0,1,0,0,0,0,0,1,685142055.0,5331931074.0,11.487501338,48.113704794,2,#fc8d62,car
168621,"9,17E+18",9,1,62,0,2017,2,12,5,3,3,2,0,1,0,1,0,0,0,0,691460.1121,5337512.6436,11.574810014,48.162003359,2,#fc8d62,car
168622,"9,17E+18",9,1,62,0,2017,2,22,5,3,5,2,0,1,0,0,0,0,2,1,690710.2845,5340284401.0,11.565980151,48.187140943,2,#fc8d62,car
168623,"9,17E+18",9,1,62,0,2017,2,16,5,3,1,7,0,1,0,0,0,0,0,1,689212.8619,5341814.9466,11.546535278,48.201345248,2,#fc8d62,car
168624,"9,17E+18",9,1,84,149,2017,2,12,5,3,6,2,0,1,1,0,0,0,0,1,690788.9882,5349726.3159,11.571288494,48.271979079,2,#fc8d62,car
168625,"9,17E+18",9,1,62,0,2017,2,15,5,3,0,7,1,0,0,0,0,0,0,0,690606.1995,5339357.6219,11.564165404,48.178842405,1,#66c2a5,bicycle
168626,"9,17E+18",9,1,62,0,2017,2,9,5,3,6,4,1,0,1,0,0,0,0,1,690751.7777,5340014689.0,11.566416751,48.184704352,1,#66c2a5,bicycle
168627,"9,17E+18",9,1,62,0,2017,2,12,5,3,1,6,0,1,0,0,0,0,0,1,690132.0186,5328674.5735,11.553026012,48.082964985,2,#fc8d62,car
168631,"9,17E+18",9,7,61,0,2017,2,7,5,3,2,6,0,1,0,0,0,0,0,1,640913.3696,5357545.6748,10.902172915,48.355352482,2,#fc8d62,car
168632,"9,17E+18",9,7,72,202,2017,2,18,5,3,2,6,0,1,0,0,0,0,2,0,636443.0357,5359873.5934,10.84261656,48.377266805,2,#fc8d62,car
168633,"9,17E+18",9,7,61,0,2017,2,17,5,3,5,2,0,1,0,0,0,0,1,0,641949.8493,5359460.3669,10.916802226,48.372336434,2,#fc8d62,car
168634,"9,17E+18",9,7,61,0,2017,2,15,5,2,0,7,1,1,0,0,0,0,0,0,638037.1605,5355845.0622,10.862811302,48.340696088,1,#66c2a5,bicycle
168635,"9,17E+18",9,7,61,0,2017,2,15,5,3,0,5,0,1,1,0,0,0,0,0,639780.1702,5358715.8678,10.88727343,48.366126413,2,#fc8d62,car
168660,"9,17E+18",9,1,62,0,2017,2,10,4,3,3,2,1,1,0,0,0,0,0,0,690132.1626,5335253.4654,11.555960628,48.142096403,1,#66c2a5,bicycle
168661,"9,17E+18",9,1,62,0,2017,2,17,4,3,2,7,0,1,0,0,0,0,2,1,690531.3404,5341858089.0,11.564281101,48.201338731,2,#fc8d62,car
168662,"9,17E+18",9,1,62,0,2017,2,9,4,3,3,2,1,1,0,0,0,0,0,1,693387.4011,5339293.3771,11.60151107,48.177424679,1,#66c2a5,bicycle
168663,"9,17E+18",9,1,62,0,2017,2,20,4,2,6,1,0,1,1,0,0,0,2,0,694314.3729,5332825.6642,11.611015351,48.119012753,2,#fc8d62,car
168664,"9,17E+18",9,1,62,0,2017,2,0,4,2,2,6,0,0,0,0,0,1,2,1,688462.5208,5339014.6183,11.535204531,48.176398868,6,#ffd92f,circle
168665,"9,17E+18",9,1,62,0,2017,2,16,4,3,3,5,1,1,0,0,0,0,0,0,688274.3199,5330429.9491,11.528880745,48.099294072,1,#66c2a5,bicycle
168668,"9,17E+18",9,7,62,0,2017,2,8,4,2,0,1,1,0,0,0,0,0,0,2,622503.3751,5307350.5505,10.639338168,47.907775088,1,#66c2a5,bicycle
168669,"9,17E+18",9,7,77,121,2017,2,8,4,3,4,3,1,1,0,0,0,0,0,2,628819.5207,5322003.0899,10.728214615,48.038309993,1,#66c2a5,bicycle
168670,"9,17E+18",9,7,61,0,2017,2,16,4,3,0,6,0,0,0,1,0,1,1,1,643498.7192,5359614.1919,10.937757327,48.373369256,4,#e78ac3,marker
168671,"9,17E+18",9,7,61,0,2017,2,16,4,2,0,7,1,0,0,0,0,0,0,1,640306.6294,5350833.0796,10.891753052,48.295129545,1,#66c2a5,bicycle
168685,"9,17E+18",9,1,90,157,2017,2,23,4,2,0,1,1,0,0,0,0,0,2,2,660534954.0,5301143.0688,11.145643787,47.843573003,1,#66c2a5,bicycle
168686,"9,17E+18",9,1,90,157,2017,2,12,4,3,1,6,0,1,0,0,0,0,0,0,660105.24,5300504.1875,11.139668231,47.837935887,2,#fc8d62,car
168688,"9,17E+18",9,1,83,119,2017,2,11,4,3,6,2,0,1,1,0,0,0,0,1,735857.4923,5339341.1102,12.17203245,48.163514513,2,#fc8d62,car
168691,"9,17E+18",9,1,88,126,2017,2,7,4,3,9,1,0,1,0,0,0,0,0,1,661061645.0,5323403657.0,11.161007945,48.043583839,2,#fc8d62,car
168692,"9,17E+18",9,1,88,126,2017,2,8,4,2,0,7,1,0,0,0,0,0,0,2,660303.5965,5326683291.0,11.152073541,48.073260992,1,#66c2a5,bicycle
168693,"9,17E+18",9,1,62,0,2017,1,15,3,3,5,3,0,1,0,0,0,0,0,1,698215.8808,5329358.9684,11.661771904,48.086654036,2,#fc8d62,car
168694,"9,17E+18",9,1,62,0,2017,1,10,3,3,5,5,0,1,0,0,0,1,0,1,695843527.0,5334294512.0,11.632215202,48.131745545,2,#fc8d62,car
168695,"9,17E+18",9,1,62,0,2017,1,7,3,3,6,2,0,1,1,0,0,0,2,1,688577.3364,5332399.0102,11.533817076,48.116902807,2,#fc8d62,car
168696,"9,17E+18",9,1,62,0,2017,1,18,3,3,5,3,0,1,0,0,0,1,2,1,691383.5587,5338084.3709,11.574038845,48.167164999,2,#fc8d62,car
168697,"9,17E+18",9,1,62,0,2017,1,17,3,3,2,6,1,1,0,0,0,0,2,1,684068044.0,5333590.5445,11.47380181,48.128932431,1,#66c2a5,bicycle
168698,"9,17E+18",9,1,62,0,2017,1,20,3,3,6,7,0,1,1,0,0,0,2,1,692662.4752,5334064.0399,11.589402045,48.130644964,2,#fc8d62,car
168702,"9,17E+18",9,7,77,177,2017,1,6,3,3,8,1,0,0,0,0,0,1,2,2,633930.8956,5319768.3019,10.796054848,48.01716144,6,#ffd92f,circle