OBJECTID,UIDENTSTLA,ULAND,UREGBEZ,UKREIS,UGEMEINDE,UJAHR,UMONAT,USTUNDE,UWOCHENTAG,UKATEGORIE,UART,UTYP1,IstRad,IstPKW,IstFuss,IstKrad,IstGkfz,IstSonstig,ULICHTVERH,STRZUSTAND,LINREFX,LINREFY,XGCSWGS84,YGCSWGS84,Teilnehmer,color,symbol
168703,"9,17E+18",9,7,73,182,2017,1,7,3,3,2,6,0,1,0,0,0,0,0,1,629728.9084,5377184.8055,10.757355758,48.534349696,2,#fc8d62,car
168704,"9,17E+18",9,7,72,200,2017,1,13,3,2,2,3,1,1,0,0,0,0,0,1,631134.1355,5338526512.0,10.764332746,48.186429831,1,#66c2a5,bicycle
168705,"9,17E+18",9,7,61,0,2017,1,6,3,3,6,2,0,1,1,0,0,0,2,1,637538.8012,5361978.4693,10.858095512,48.395955618,2,#fc8d62,car
168719,"9,17E+18",9,2,61,0,2017,1,9,3,2,0,7,1,0,0,0,0,0,0,2,732857.2591,5381888.8862,12.155281408,48.546830082,1,#66c2a5,bicycle
168721,"9,17E+18",9,1,87,137,2017,1,10,3,3,5,3,0,1,0,0,0,0,0,2,730214.8637,5310029.5899,12.080510196,47.902246372,2,#fc8d62,car
168722,"9,17E+18",9,1,87,117,2017,1,17,3,3,2,6,0,1,0,0,0,0,2,1,724764751.0,5304910409.0,12.0050237,47.858182914,2,#fc8d62,car
168724,"9,17E+18",9,1,84,130,2017,1,16,2,3,5,7,0,1,0,0,0,1,0,1,698842.4972,5344769.2056,11.677377949,48.224952773,2,#fc8d62,car
168725,"9,17E+18",9,1,62,0,2017,1,15,2,3,5,3,0,1,0,0,0,0,0,1,688095.3192,5337315.2149,11.529518187,48.161233183,2,#fc8d62,car
168726,"9,17E+18",9,1,84,120,2017,1,21,2,2,0,1,1,0,0,0,0,0,2,2,680830.9028,5331695.8837,11.429533189,48.112829402,1,#66c2a5,bicycle
168727,"9,17E+18",9,1,62,0,2017,1,7,2,3,6,4,0,1,1,0,0,0,0,1,687572372.0,5331571866.0,11.519963693,48.109764997,2,#fc8d62,car
168728,"9,17E+18",9,1,62,0,2017,1,21,2,3,1,5,0,1,0,0,0,0,2,1,687402.0418,5339625.6969,11.521222773,48.182204971,2,#fc8d62,car
168729,"9,17E+18",9,1,84,146,2017,1,7,2,3,6,4,0,1,1,0,0,0,0,0,698979.4453,5328104.8064,11.671429951,48.075144679,2,#fc8d62,car
168730,"9,17E+18",9,1,62,0,2017,1,12,2,3,6,4,0,1,1,0,0,0,0,1,682709.0492,5342534.2361,11.459398112,48.209715549,2,#fc8d62,car
168731,"9,17E+18",9,1,62,0,2017,1,12,2,3,2,7,0,1,0,0,0,0,0,1,689040.1098,5337539.4197,11.542310488,48.162968154,2,#fc8d62,car
168732,"9,17E+18",9,1,84,130,2017,1,20,2,3,0,7,1,0,0,0,0,0,2,2,698749.7268,5345703.1336,11.676568179,48.233375053,1,#66c2a5,bicycle
168733,"9,17E+18",9,1,62,0,2017,1,15,2,3,1,7,0,1,0,0,0,0,0,1,698455599.0,5334814.3437,11.667525435,48.135608331,2,#fc8d62,car
168734,"9,17E+18",9,1,62,0,2017,1,7,2,3,6,2,0,0,1,0,0,1,2,1,697963.8688,5331225.9476,11.659257186,48.103511519,3,#8da0cb,toilet
168735,"9,17E+18",9,1,62,0,2017,1,9,2,3,3,6,1,0,0,0,0,1,0,2,691873.6294,5332145068.0,11.577947331,48.113635769,1,#66c2a5,bicycle
168736,"9,17E+18",9,1,62,0,2017,1,7,2,3,6,6,0,1,1,0,0,0,0,1,686990.8759,5331368.2462,11.512070059,48.108105762,2,#fc8d62,car
168737,"9,17E+18",9,1,62,0,2017,1,21,2,3,3,7,0,1,0,0,0,0,2,0,688921.4355,5332411.9504,11.538441591,48.116917125,2,#fc8d62,car
168744,"9,17E+18",9,7,61,0,2017,1,18,2,2,0,1,1,0,0,0,0,0,2,2,639325.8928,5359278.6045,10.881329778,48.371286836,1,#66c2a5,bicycle
168745,"9,17E+18",9,7,61,0,2017,1,14,2,3,6,4,0,1,1,0,0,0,0,1,640536.9574,5359277.2508,10.89767315,48.371006141,2,#fc8d62,car
168763,"9,17E+18",9,2,74,113,2017,1,21,2,3,0,1,1,0,0,0,0,0,2,2,729573.7337,5383176.5582,12.11156743,48.559607363,1,#66c2a5,bicycle
168765,"9,17E+18",9,1,73,126,2017,1,15,2,3,5,3,0,1,0,0,0,0,0,1,684527.5513,5306014607.0,11.46811057,47.880925299,2,#fc8d62,car
168768,"9,17E+18",9,1,63,0,2017,1,17,2,3,0,1,1,0,0,0,0,0,2,2,733914574.0,5303065.0104,12.126171438,47.838338852,1,#66c2a5,bicycle
168771,"9,17E+18",9,1,88,120,2017,1,16,2,3,0,7,1,0,0,0,0,1,0,1,675923.8053,5326899.2511,11.361687059,48.071085044,1,#66c2a5,bicycle
168772,"9,17E+18",9,1,74,146,2017,1,22,2,3,4,1,0,1,0,0,0,0,2,2,665957.6791,5353139.7861,11.238259887,48.309659831,2,#fc8d62,car
168773,"9,17E+18",9,1,78,143,2017,1,17,2,3,0,7,1,0,0,0,0,0,2,2,717012.3183,5372742.3262,11.936127624,48.470333726,1,#66c2a5,bicycle
168774,"9,17E+18",9,1,77,117,2017,1,18,2,3,0,1,1,0,0,0,0,0,1,1,715400.0889,5354516.5264,11.905000554,48.307129732,1,#66c2a5,bicycle
168775,"9,17E+18",9,1,62,0,2017,1,14,1,2,6,2,0,1,1,0,0,0,0,0,686237.6407,5332242316.0,11.502342636,48.116182936,2,#fc8d62,car
168776,"9,17E+18",9,1,62,0,2017,1,15,1,3,5,3,0,1,0,0,0,0,0,1,690805.8728,5336245.2555,11.565452462,48.150808861,2,#fc8d62,car
168777,"9,17E+18",9,1,62,0,2017,1,9,1,3,0,7,1,0,0,0,0,0,0,1,682349.9416,5342005.0955,11.454341469,48.205062585,1,#66c2a5,bicycle
168778,"9,17E+18",9,1,62,0,2017,1,0,1,3,2,6,0,1,0,0,0,0,2,2,687362.9494,5335045.7022,11.518680067,48.141050487,2,#fc8d62,car
168783,"9,17E+18",9,7,61,0,2017,1,12,1,3,5,2,0,1,0,0,0,0,0,0,640120.64,5352563.1118,10.889821132,48.310726882,2,#fc8d62,car
168784,"9,17E+18",9,7,61,0,2017,1,15,1,3,5,3,0,1,0,0,0,0,0,1,639448795.0,5357485413.0,10.882393981,48.355135756,2,#fc8d62,car
168793,"9,17E+18",9,2,74,113,2017,1,15,1,3,2,6,0,1,0,0,0,0,0,1,728427.9587,5382137.7909,12.095491784,48.550694332,2,#fc8d62,car
168795,"9,17E+18",9,1,79,123,2017,1,15,1,3,5,3,0,1,0,0,0,0,0,0,675328.9423,5333335.7891,11.356352498,48.129109593,2,#fc8d62,car
168796,"9,17E+18",9,1,74,113,2017,1,16,1,3,5,3,0,1,0,0,0,0,0,1,676015.9751,5349650.3415,11.372343729,48.275574262,2,#fc8d62,car
168797,"9,17E+18",9,1,62,0,2017,1,17,7,3,1,5,1,1,0,0,0,0,2,0,689069.5714,5332703.5243,11.540559279,48.11949387,1,#66c2a5,bicycle
168798,"9,17E+18",9,1,62,0,2017,1,13,7,3,5,7,0,1,0,0,0,0,0,0,694442.8168,5333026.8168,11.612831136,48.12078143,2,#fc8d62,car
168799,"9,17E+18",9,1,62,0,2017,1,16,7,3,5,3,0,1,0,0,0,0,0,1,696308.5961,5330863.6451,11.636879702,48.100767501,2,#fc8d62,car
168800,"9,17E+18",9,1,62,0,2017,1,22,7,3,2,6,0,1,0,0,0,0,2,0,690713.5653,5334750.8509,11.563543295,48.137404922,2,#fc8d62,car
168802,"9,17E+18",9,7,72,125,2017,1,9,7,3,6,4,0,1,1,0,0,0,0,0,636574.7908,5347224.1362,10.840297728,48.263494044,2,#fc8d62,car
168816,"9,17E+18",9,2,61,0,2017,1,14,7,3,0,7,1,1,0,0,0,0,0,0,732555.3993,5381561.2643,12.151014692,48.543999108,1,#66c2a5,bicycle
168818,"9,17E+18",9,1,73,126,2017,1,18,7,3,1,3,1,1,0,0,0,0,2,1,685687.4745,5303563.4272,11.48255672,47.858557403,1,#66c2a5,bicycle
168821,"9,17E+18",9,1,79,125,2017,1,17,7,3,0,7,0,1,0,0,0,1,2,0,659837.0417,5332960248.0,11.148165662,48.129812354,2,#fc8d62,car
168822,"9,17E+18",9,1,79,142,2017,1,15,7,3,0,7,1,0,0,0,0,1,0,0,672315.9366,5342195.9828,11.319484381,48.209581574,1,#66c2a5,bicycle
168823,"9,17E+18",9,1,79,134,2017,1,17,7,2,8,1,0,0,0,0,0,1,1,2,666218.4114,5344185.1915,11.23825371,48.229090637,6,#ffd92f,circle
168824,"9,17E+18",9,1,79,134,2017,1,20,7,3,8,1,0,1,0,0,0,0,2,1,666938.5208,5344806.0961,11.248187401,48.234483383,2,#fc8d62,car
168825,"9,17E+18",9,1,84,114,2017,1,6,7,3,2,6,0,1,0,0,0,0,1,2,699320.3597,5323650.6536,11.67392686,48.035007488,2,#fc8d62,car
168826,"9,17E+18",9,1,78,124,2017,1,12,7,3,3,2,0,1,0,0,0,0,0,1,703148.0784,5364790.9927,11.744924862,48.403512438,2,#fc8d62,car
168827,"9,17E+18",9,1,77,117,2017,1,12,7,3,5,2,0,1,0,0,0,0,0,0,713679991.0,5354451.32,11.881799997,48.307127145,2,#fc8d62,car
168828,"9,17E+18",9,1,62,0,2017,1,12,6,3,5,2,0,1,0,0,0,0,0,0,690505.1938,5337388.9875,11.561925976,48.161178781,2,#fc8d62,car
168829,"9,17E+18",9,1,62,0,2017,1,15,6,3,1,7,0,1,0,0,0,1,0,2,692077.4697,5332283.1451,11.580745365,48.114815345,2,#fc8d62,car
168830,"9,17E+18",9,1,62,0,2017,1,17,6,3,4,2,0,1,0,0,0,1,2,1,695897307.0,5334475196.0,11.63302031,48.133352887,2,#fc8d62,car
168831,"9,17E+18",9,1,84,149,2017,1,17,6,3,6,7,0,1,1,0,0,0,0,0,691074.4259,5350815.5935,11.575623707,48.281683083,2,#fc8d62,car
168832,"9,17E+18",9,1,62,0,2017,1,13,6,1,6,4,0,1,1,0,0,0,0,0,691772318.0,5332273905.0,11.576645507,48.114824257,2,#fc8d62,car
168833,"9,17E+18",9,1,62,0,2017,1,5,6,3,5,3,0,1,0,0,0,1,2,0,690195.5738,5333291.3933,11.555936273,48.124442323,2,#fc8d62,car
168837,"9,17E+18",9,7,62,0,2017,1,15,6,3,6,4,0,1,1,0,0,0,0,0,621573.1992,5304916.0882,10.626209844,47.886057212,2,#fc8d62,car
168839,"9,17E+18",9,7,61,0,2017,1,11,6,3,5,3,0,1,0,0,0,0,0,0,636963.2877,5360747.9355,10.849923535,48.38501608,2,#fc8d62,car
168840,"9,17E+18",9,7,61,0,2017,1,11,6,3,6,3,0,1,1,0,0,0,0,1,638576.4485,5358329.0661,10.870902732,48.362913779,2,#fc8d62,car
168841,"9,17E+18",9,7,61,0,2017,1,18,6,2,5,2,1,1,0,0,0,0,2,0,639737.7244,5357086.6822,10.886159614,48.351486596,1,#66c2a5,bicycle
168842,"9,17E+18",9,7,61,0,2017,1,7,6,3,2,6,0,1,0,0,0,0,0,0,639731267.0,5356795.9818,10.885976011,48.348874118,2,#fc8d62,car
168843,"9,17E+18",9,7,61,0,2017,1,12,6,3,5,6,0,1,0,0,0,0,0,2,639341.0725,5356081.3111,10.880475948,48.342534153,2,#fc8d62,car
168844,"9,17E+18",9,7,61,0,2017,1,13,6,3,3,2,1,1,0,0,0,0,0,0,641058.3804,5359208.8015,10.904686935,48.370274343,1,#66c2a5,bicycle
168855,"9,17E+18",9,7,62,0,2017,2,13,7,2,0,1,1,0,0,0,0,0,0,0,621374.5982,5304634.2903,10.623475167,47.883560378,1,#66c2a5,bicycle
168856,"9,17E+18",9,1,62,0,2017,2,9,7,3,4,2,1,1,0,0,0,0,0,0,687765.5442,5331239.1271,11.522409835,48.10671733,1,#66c2a5,bicycle
168857,"9,17E+18",9,1,62,0,2017,2,12,7,3,2,6,0,1,0,0,0,0,0,0,682767.6942,5336600.6857,11.45763436,48.156364328,2,#fc8d62,car
168858,"9,17E+18",9,1,62,0,2017,2,12,7,3,5,3,1,1,0,0,0,0,0,0,686442465.0,5339465745.0,11.508255746,48.181049589,1,#66c2a5,bicycle
168859,"9,17E+18",9,1,84,134,2017,2,8,7,2,6,6,0,1,1,0,0,0,0,0,692416.5713,5322200.3571,11.580758787,48.024089646,2,#fc8d62,car
168860,"9,17E+18",9,1,62,0,2017,2,13,7,2,2,6,0,1,0,1,0,0,0,0,697454179.0,5333979821.0,11.653693206,48.128419702,2,#fc8d62,car
168862,"9,17E+18",9,7,72,209,2017,2,8,7,2,0,7,1,0,0,0,0,0,0,0,634754448.0,5335599657.0,10.812089091,48.159352623,1,#66c2a5,bicycle
168863,"9,17E+18",9,7,72,184,2017,2,11,7,3,1,6,0,1,0,0,0,0,0,0,635446879.0,5361674694.0,10.829751588,48.393676912,2,#fc8d62,car
168864,"9,17E+18",9,7,71,145,2017,2,11,7,3,0,1,1,0,0,0,0,0,0,1,647294.1428,5345329.1231,10.983991019,48.244053631,1,#66c2a5,bicycle
168865,"9,17E+18",9,7,61,0,2017,2,11,7,3,5,3,0,1,0,0,0,0,0,0,642237.1989,5360794.3222,10.921131555,48.384266034,2,#fc8d62,car
168866,"9,17E+18",9,7,61,0,2017,2,2,7,3,6,4,0,1,1,0,0,0,2,0,640709.4964,5358546.4633,10.899757118,48.364396705,2,#fc8d62,car
168886,"9,17E+18",9,1,79,121,2017,2,17,7,2,0,7,0,1,1,0,0,1,0,0,665422.47,5336855133.0,11.224688099,48.163400912,2,#fc8d62,car
168887,"9,17E+18",9,1,62,0,2017,2,22,6,2,0,6,0,1,0,0,0,1,2,0,690361.7566,5333857415.0,11.558420027,48.129480062,2,#fc8d62,car
168888,"9,17E+18",9,1,62,0,2017,2,7,6,3,5,3,1,1,0,0,0,0,0,0,695947.9543,5338573.1482,11.635586926,48.170167337,1,#66c2a5,bicycle
168901,"9,17E+18",9,2,61,0,2017,2,12,6,3,5,3,1,1,0,0,0,0,0,0,731397.1984,5383152.7104,12.136230391,48.558722987,1,#66c2a5,bicycle
168903,"9,17E+18",9,1,63,0,2017,2,16,6,3,3,6,1,0,0,0,0,1,0,0,733719.8339,5304826.3641,12.12452397,47.854233725,1,#66c2a5,bicycle
168904,"9,17E+18",9,1,63,0,2017,2,7,6,3,5,3,1,1,0,0,0,0,0,0,733291.8171,5305012962.0,12.118911355,47.856065624,1,#66c2a5,bicycle
168906,"9,17E+18",9,1,79,136,2017,2,0,6,3,8,1,0,1,0,0,0,0,2,0,661032.1417,5340027.5952,11.166891202,48.193050091,2,#fc8d62,car
168907,"9,17E+18",9,1,77,113,2017,2,7,6,3,0,7,1,0,0,0,0,0,0,0,721727.9171,5355588.9495,11.990785442,48.314578866,1,#66c2a5,bicycle
168908,"9,17E+18",9,1,62,0,2017,2,11,5,3,5,6,1,1,0,0,0,0,0,0,693376.8775,5336109828.0,11.599922331,48.14881525,1,#66c2a5,bicycle
168909,"9,17E+18",9,1,62,0,2017,2,18,5,3,5,3,0,1,0,0,0,0,2,0,685994.1803,5338506.8094,11.501811201,48.172561752,2,#fc8d62,car
168910,"9,17E+18",9,1,62,0,2017,2,19,5,3,3,6,0,1,0,0,0,1,1,0,690554.0674,5340257.9261,11.563868581,48.186949869,2,#fc8d62,car
168911,"9,17E+18",9,1,62,0,2017,2,13,5,3,1,6,0,1,0,0,0,0,0,0,689605.6138,5342336.8262,11.552048872,48.205918705,2,#fc8d62,car
168915,"9,17E+18",9,7,61,0,2017,2,10,5,3,4,2,0,1,0,0,0,0,0,0,639070.3119,5356722.7133,10.877035777,48.348361183,2,#fc8d62,car
168916,"9,17E+18",9,7,61,0,2017,2,13,5,3,5,3,1,1,0,0,0,0,0,0,641281.8099,5359233.3375,10.90771037,48.370444985,1,#66c2a5,bicycle
168917,"9,17E+18",9,7,61,0,2017,2,16,5,3,3,2,1,1,0,0,0,0,0,0,640718.8037,5359249381.0,10.900117894,48.370715025,1,#66c2a5,bicycle
168918,"9,17E+18",9,7,61,0,2017,2,17,5,3,2,6,0,1,0,0,0,0,1,0,640280.7167,5358068138.0,10.893811843,48.360191181,2,#fc8d62,car
168919,"9,17E+18",9,7,61,0,2017,2,16,5,3,3,7,0,1,0,0,0,1,0,0,641260.1993,5359213.3926,10.907412033,48.370270485,2,#fc8d62,car
168929,"9,17E+18",9,2,74,113,2017,2,19,5,3,5,3,0,1,0,0,0,0,2,0,728808.2586,5383849.2208,12.101578085,48.565929716,2,#fc8d62,car
168932,"9,17E+18",9,1,63,0,2017,2,8,5,3,5,3,1,1,0,0,0,0,0,0,733509.8995,5305907.7759,12.122305592,47.864025469,1,#66c2a5,bicycle
168934,"9,17E+18",9,1,77,134,2017,2,10,5,3,9,1,0,1,0,0,0,0,0,0,715877.3866,5344808.6219,11.906475382,48.219739925,2,#fc8d62,car
168935,"9,17E+18",9,1,62,0,2017,2,21,4,3,5,3,0,1,0,0,0,0,2,0,694216.5775,5332760.4374,11.609672971,48.118456352,2,#fc8d62,car
168936,"9,17E+18",9,1,62,0,2017,2,18,4,3,4,2,0,1,0,0,0,0,2,0,692419.2672,5334380.8999,11.58627986,48.133566408,2,#fc8d62,car
168937,"9,17E+18",9,1,62,0,2017,2,18,4,3,4,7,0,1,0,1,0,0,2,0,690213.9898,5336951.2612,11.557818191,48.157331698,2,#fc8d62,car
168938,"9,17E+18",9,1,62,0,2017,2,18,4,3,6,4,0,0,1,0,0,1,2,0,690366.2668,5329159.7959,11.556384412,48.087256308,3,#8da0cb,toilet
168939,"9,17E+18",9,1,62,0,2017,2,9,4,3,6,7,0,1,1,0,0,0,0,0,690848.0032,5339421.5028,11.567443614,48.179343981,2,#fc8d62,car
168940,"9,17E+18",9,1,62,0,2017,2,12,4,3,6,7,0,1,1,0,0,0,0,0,696125.8649,5332797.2729,11.635316855,48.118202233,2,#fc8d62,car
168941,"9,17E+18",9,1,62,0,2017,2,19,4,3,0,4,0,1,1,0,0,0,2,0,693439.5494,5333835.5675,11.599731155,48.128355839,2,#fc8d62,car
168946,"9,17E+18",9,7,72,163,2017,2,7,4,3,1,1,0,1,0,0,0,0,0,0,640444.4276,5349295.9183,10.893098838,48.281277104,2,#fc8d62,car
168947,"9,17E+18",9,7,61,0,2017,2,15,4,3,6,6,0,1,1,0,0,0,0,0,639485.7568,5360540.4839,10.883905949,48.382597998,2,#fc8d62,car
168960,"9,17E+18",9,1,63,0,2017,2,16,4,3,5,3,1,1,0,0,0,0,0,0,733690.8176,5304482.6129,12.123950985,47.851156004,1,#66c2a5,bicycle
168963,"9,17E+18",9,1,62,0,2017,2,15,3,3,1,6,1,1,0,0,0,0,0,0,690524.6155,5332775.5852,11.560122987,48.119707853,1,#66c2a5,bicycle
168964,"9,17E+18",9,1,62,0,2017,2,18,3,3,2,6,0,1,0,0,0,0,2,0,692500.3328,5340958.3727,11.590345039,48.192658483,2,#fc8d62,car
168965,"9,17E+18",9,1,62,0,2017,2,14,3,3,6,4,0,0,1,0,0,1,0,0,693804.2399,5333841799.0,11.60463,48.128300919,3,#8da0cb,toilet
168966,"9,17E+18",9,1,62,0,2017,2,15,3,3,6,4,0,1,1,0,0,0,0,0,692958.3615,5339374.2089,11.595782339,48.178281588,2,#fc8d62,car
168967,"9,17E+18",9,1,62,0,2017,2,7,3,3,8,7,0,1,0,0,0,0,0,1,684614.8795,5338189.2342,11.483138447,48.170109388,2,#fc8d62,car
168968,"9,17E+18",9,1,62,0,2017,2,18,3,3,3,2,1,1,0,0,0,0,2,0,692724.1281,5334127.3296,11.590258413,48.131195133,1,#66c2a5,bicycle
168969,"9,17E+18",9,1,88,127,2017,2,10,3,2,6,7,0,1,1,0,0,0,0,0,679611.7768,5329959.0242,11.412437735,48.097561694,2,#fc8d62,car
168970,"9,17E+18",9,1,62,0,2017,2,7,3,3,6,7,1,0,1,0,0,0,0,1,694563.3603,5334180.7192,11.614975937,48.131115432,1,#66c2a5,bicycle
168971,"9,17E+18",9,1,62,0,2017,2,21,3,3,5,2,0,1,0,0,0,0,2,0,689729728.0,5333344.5682,11.549706127,48.125059262,2,#fc8d62,car
168972,"9,17E+18",9,1,74,126,2017,2,20,3,3,5,2,1,1,0,0,0,0,2,1,682573.9486,5343130841.0,11.457838074,48.215117046,1,#66c2a5,bicycle
168973,"9,17E+18",9,1,62,0,2017,2,18,3,3,3,2,1,1,0,0,0,0,2,0,692017.0891,5334581.3458,11.580970282,48.135489448,1,#66c2a5,bicycle
168980,"9,17E+18",9,7,61,0,2017,2,7,3,3,6,2,0,1,1,0,0,0,0,0,639720.5858,5356394.2849,10.885698626,48.345264518,2,#fc8d62,car
168981,"9,17E+18",9,7,61,0,2017,2,7,3,3,2,6,0,1,0,0,0,0,0,0,639487.4403,5358283.4045,10.883179889,48.362302568,2,#fc8d62,car
168996,"9,17E+18",9,1,63,0,2017,2,12,3,3,3,6,1,1,0,0,0,0,0,0,733836.2311,5306242.6219,12.12684342,47.866915046,1,#66c2a5,bicycle
168997,"9,17E+18",9,1,87,150,2017,2,4,3,3,0,7,0,1,1,0,0,0,2,1,728804003.0,5304214705.0,12.058580226,47.850506961,2,#fc8d62,car
169000,"9,17E+18",9,1,79,119,2017,2,7,3,3,6,4,0,1,1,0,0,0,0,0,668645.8698,5339084.2695,11.268887504,48.182593624,2,#fc8d62,car
169001,"9,17E+18",9,1,79,121,2017,2,17,3,2,0,7,0,1,1,0,0,0,1,0,666206001.0,5337837.8565,11.235601256,48.172031301,2,#fc8d62,car
169002,"9,17E+18",9,1,62,0,2017,2,15,2,3,0,6,0,1,0,0,0,1,0,0,690106.1456,5334927.6124,11.555465782,48.139175408,2,#fc8d62,car
169003,"9,17E+18",9,1,62,0,2017,2,18,2,3,4,2,0,1,0,0,0,0,2,0,692824.4183,5335368.5997,11.592166802,48.142320991,2,#fc8d62,car
169004,"9,17E+18",9,1,62,0,2017,2,17,2,3,5,3,1,1,0,0,0,0,2,0,694347.4717,5334215.9581,11.612093547,48.131498101,1,#66c2a5,bicycle
169005,"9,17E+18",9,1,62,0,2017,2,20,2,3,4,7,1,1,0,0,0,0,2,0,686091.4977,5336469.4551,11.502227553,48.154220838,1,#66c2a5,bicycle
169006,"9,17E+18",9,1,84,119,2017,2,12,2,3,5,3,1,0,0,0,0,1,0,0,697147413.0,5346931911.0,11.65558582,48.244918333,1,#66c2a5,bicycle
169007,"9,17E+18",9,1,62,0,2017,2,11,2,3,9,1,0,1,0,0,0,0,0,0,686741.0319,5338496.6583,11.51184266,48.172251514,2,#fc8d62,car
169009,"9,17E+18",9,7,61,0,2017,2,23,2,3,0,7,0,0,0,1,0,0,2,1,641456.8446,5362065.5063,10.911025866,48.395871441,4,#e78ac3,marker
169030,"9,17E+18",9,1,74,115,2017,2,13,2,3,5,6,1,1,0,0,0,0,0,0,683118.9667,5348426.7815,11.467457599,48.262562402,1,#66c2a5,bicycle
169031,"9,17E+18",9,1,62,0,2017,2,17,1,3,5,3,0,1,0,0,0,0,2,0,683374.4727,5335482.6939,11.465304064,48.146140457,2,#fc8d62,car
169032,"9,17E+18",9,1,62,0,2017,2,19,1,3,0,7,0,1,0,0,0,1,2,0,689818.7764,5336711.3782,11.552402199,48.155293721,2,#fc8d62,car
169033,"9,17E+18",9,1,62,0,2017,2,15,1,3,5,3,1,1,0,0,0,0,0,0,694347.4717,5334215.9581,11.612093547,48.131498101,1,#66c2a5,bicycle
169056,"9,17E+18",9,1,62,0,2017,2,14,7,2,4,2,0,1,0,0,0,0,0,0,690334.73,5335866501.0,11.558954988,48.147545787,2,#fc8d62,car
169057,"9,17E+18",9,1,62,0,2017,2,13,7,3,0,7,1,0,0,0,0,0,0,0,692632.3984,5338128.4546,11.590837492,48.167184013,1,#66c2a5,bicycle
169058,"9,17E+18",9,1,62,0,2017,2,0,7,3,5,3,0,1,0,0,0,0,2,0,689670.4898,5336030.9678,11.550107082,48.149222418,2,#fc8d62,car
169059,"9,17E+18",9,1,62,0,2017,2,18,7,3,5,2,0,1,0,0,0,0,2,1,685454.4215,5339101.2251,11.494817391,48.178062309,2,#fc8d62,car
169060,"9,17E+18",9,1,62,0,2017,2,0,7,3,7,7,0,1,1,0,0,0,2,0,690543.6359,5336342.2694,11.561973685,48.151759428,2,#fc8d62,car
169061,"9,17E+18",9,1,62,0,2017,2,0,7,3,2,7,0,1,0,0,0,0,2,1,691768.5866,5334454.3948,11.577576432,48.134423361,2,#fc8d62,car
169062,"9,17E+18",9,1,62,0,2017,2,20,7,3,5,3,0,1,0,0,0,0,2,1,685066.2098,5339249.3033,11.489664596,48.179506477,2,#fc8d62,car
169068,"9,17E+18",9,7,73,182,2017,2,10,7,2,0,1,1,0,0,0,0,0,0,2,625180.9418,5379779.3474,10.696555839,48.558604583,1,#66c2a5,bicycle
169069,"9,17E+18",9,7,73,139,2017,2,8,7,2,0,1,1,0,0,0,0,0,0,1,615702.6332,5385554.2841,10.569758102,48.612358831,1,#66c2a5,bicycle
169070,"9,17E+18",9,7,61,0,2017,2,22,7,3,5,2,0,1,0,0,0,0,2,0,640551.5292,5359225.8918,10.897852634,48.370541093,2,#fc8d62,car
169071,"9,17E+18",9,7,72,200,2017,2,9,7,3,0,1,1,0,0,0,0,0,0,2,630077.6861,5336974.6265,10.74965066,48.172691416,1,#66c2a5,bicycle
169072,"9,17E+18",9,7,61,0,2017,2,7,7,3,0,1,1,0,0,0,0,0,0,2,638915641.0,5358120607.0,10.875410745,48.360964809,1,#66c2a5,bicycle
169073,"9,17E+18",9,7,61,0,2017,2,8,7,2,0,3,1,1,0,0,0,0,0,2,638494.0678,5357840.3817,10.869630273,48.358537693,1,#66c2a5,bicycle
169074,"9,17E+18",9,7,61,0,2017,2,15,7,3,0,1,1,0,0,0,0,0,0,0,637374.9997,5361477.0388,10.855719804,48.391482541,1,#66c2a5,bicycle
169075,"9,17E+18",9,7,61,0,2017,2,6,7,3,8,1,0,1,0,0,0,0,2,2,642526.4423,5364028.9133,10.926133963,48.413284489,2,#fc8d62,car
169076,"9,17E+18",9,7,61,0,2017,2,13,7,3,0,7,0,0,0,0,0,1,0,0,640417165.0,5352406.3832,10.893765964,48.309251846,6,#ffd92f,circle
169077,"9,17E+18",9,7,61,0,2017,2,9,7,3,0,7,1,0,0,0,0,0,0,1,642919.5863,5357445.8209,10.929204839,48.354003759,1,#66c2a5,bicycle
169078,"9,17E+18",9,7,61,0,2017,2,18,7,3,4,2,0,1,0,0,0,0,2,0,640752793.0,5359983.5128,10.900822364,48.377308497,2,#fc8d62,car
169092,"9,17E+18",9,1,90,157,2017,2,22,7,3,0,1,1,0,0,0,0,0,2,1,660706.93,5301726089.0,11.148157211,47.848772026,1,#66c2a5,bicycle
169095,"9,17E+18",9,1,88,144,2017,2,9,7,3,4,1,0,1,0,0,0,0,0,2,668853.8204,5328993019.0,11.267682316,48.091819018,2,#fc8d62,car
169096,"9,17E+18",9,1,81,114,2017,2,17,7,3,5,3,0,1,0,1,0,0,2,1,656776.6961,5312923.3351,11.099727742,47.9504206,2,#fc8d62,car
169097,"9,17E+18",9,1,62,0,2017,2,3,6,3,1,7,0,1,0,0,0,0,2,0,679444.9007,5335385.2019,11.412482538,48.146384718,2,#fc8d62,car
169098,"9,17E+18",9,1,84,135,2017,2,7,6,3,0,6,1,0,0,0,0,0,0,1,689839.7561,5347361.6353,11.557447771,48.251011027,1,#66c2a5,bicycle