OBJECTID,UIDENTSTLA,ULAND,UREGBEZ,UKREIS,UGEMEINDE,UJAHR,UMONAT,USTUNDE,UWOCHENTAG,UKATEGORIE,UART,UTYP1,IstRad,IstPKW,IstFuss,IstKrad,IstGkfz,IstSonstig,ULICHTVERH,STRZUSTAND,LINREFX,LINREFY,XGCSWGS84,YGCSWGS84,Teilnehmer,color,symbol
169099,"9,17E+18",9,1,62,0,2017,2,23,6,3,3,7,1,1,0,0,0,0,2,1,692347.6127,5337513.6854,11.586733255,48.161744855,1,#66c2a5,bicycle
169100,"9,17E+18",9,1,62,0,2017,2,19,6,2,0,7,1,0,0,0,0,0,2,0,691304.2508,5334500.5728,11.571362522,48.134978149,1,#66c2a5,bicycle
169101,"9,17E+18",9,1,62,0,2017,2,17,6,3,5,2,0,1,0,0,0,0,2,1,686209.51,5334382007.0,11.502899859,48.135423557,2,#fc8d62,car
169102,"9,17E+18",9,1,62,0,2017,2,11,6,3,5,3,0,1,0,0,0,0,0,1,689114.0067,5333359.8966,11.541446938,48.125380237,2,#fc8d62,car
169103,"9,17E+18",9,1,62,0,2017,2,7,6,3,0,7,0,1,0,1,0,0,0,1,689288.0716,5334400.7292,11.54424611,48.134683617,2,#fc8d62,car
169104,"9,17E+18",9,1,62,0,2017,2,16,6,3,2,6,0,1,0,0,0,0,0,0,688043.0123,5339008822.0,11.529564437,48.176471042,2,#fc8d62,car
169105,"9,17E+18",9,1,62,0,2017,2,16,6,3,5,3,1,1,0,0,0,0,0,0,690221792.0,5342653233.0,11.560475751,48.208578197,1,#66c2a5,bicycle
169106,"9,17E+18",9,1,84,123,2017,2,8,6,2,5,3,1,1,0,0,0,0,0,0,703383.7445,5332066.9031,11.732378773,48.109361986,1,#66c2a5,bicycle
169107,"9,17E+18",9,1,62,0,2017,2,15,6,3,6,4,0,0,1,0,0,1,0,0,689876.9286,5332730.9709,11.551408965,48.119500325,3,#8da0cb,toilet
169108,"9,17E+18",9,1,62,0,2017,2,6,6,3,6,2,0,1,1,0,0,0,1,0,696887.0555,5330462.2682,11.644456047,48.096981673,2,#fc8d62,car
169109,"9,17E+18",9,1,62,0,2017,2,8,6,3,2,6,0,1,0,0,0,0,0,1,692412.4555,5334181.8707,11.586098518,48.131779632,2,#fc8d62,car
169110,"9,17E+18",9,1,62,0,2017,2,10,6,2,4,2,0,1,0,0,0,0,0,1,690361.9126,5333853.4182,11.558420336,48.129444093,2,#fc8d62,car
169111,"9,17E+18",9,1,62,0,2017,2,9,6,2,5,3,0,1,0,0,0,0,0,1,690820.6363,5337751.9825,11.566326499,48.164346753,2,#fc8d62,car
169112,"9,17E+18",9,1,62,0,2017,2,12,6,3,1,5,1,1,0,0,0,0,0,1,690353.5769,5334227.4445,11.558475515,48.132808334,1,#66c2a5,bicycle
169114,"9,17E+18",9,7,71,146,2017,2,8,6,3,5,3,0,1,0,0,0,0,0,1,647513.7043,5346924.6869,10.987502655,48.258348888,2,#fc8d62,car
169115,"9,17E+18",9,7,72,163,2017,2,16,6,3,5,3,0,1,0,0,0,0,0,0,639041.0657,5346416.3249,10.873246144,48.25569372,2,#fc8d62,car
169116,"9,17E+18",9,7,61,0,2017,2,17,6,3,6,2,0,1,1,0,0,0,2,1,639076.3727,5356720.0104,10.877116642,48.348335545,2,#fc8d62,car
169122,"9,17E+18",9,1,62,0,2017,2,20,6,3,2,6,0,1,0,0,0,0,2,1,690170221.0,5332159.7554,11.555091181,48.114278688,2,#fc8d62,car
169123,"9,17E+18",9,1,62,0,2017,2,10,6,3,4,3,1,1,0,0,0,0,0,1,691166.9997,5340806.4968,11.572353755,48.191696168,1,#66c2a5,bicycle
169124,"9,17E+18",9,1,62,0,2017,2,1,6,1,8,1,0,1,0,0,0,0,2,1,686668.4021,5333210.9388,11.508548831,48.124763151,2,#fc8d62,car
169125,"9,17E+18",9,1,62,0,2017,2,19,6,2,5,3,1,1,0,0,0,0,2,1,688011208.0,5338986.6075,11.52912721,48.176280786,1,#66c2a5,bicycle
169126,"9,17E+18",9,1,62,0,2017,2,7,6,1,6,4,0,1,1,0,0,0,2,1,690564.4481,5341522.9352,11.564575765,48.198316484,2,#fc8d62,car
169127,"9,17E+18",9,1,62,0,2017,2,8,6,3,1,7,1,1,0,0,0,0,0,1,690426.5908,5334241.6635,11.559462209,48.132914293,1,#66c2a5,bicycle
169128,"9,17E+18",9,1,84,119,2017,2,16,6,3,4,2,0,1,0,0,0,0,0,0,696256.3993,5349039.4408,11.644574379,48.264135563,2,#fc8d62,car
169129,"9,17E+18",9,1,62,0,2017,2,17,6,3,2,6,0,1,0,0,0,0,0,0,686580008.0,5337435.6982,11.509213386,48.162762593,2,#fc8d62,car
169130,"9,17E+18",9,1,62,0,2017,2,9,6,3,6,7,0,1,1,0,0,0,0,0,691130.4383,5334807.1741,11.569166277,48.13778608,2,#fc8d62,car
169131,"9,17E+18",9,1,62,0,2017,2,12,6,3,5,3,0,1,0,0,0,0,0,1,690617.1245,5330107.6845,11.560172772,48.095701018,2,#fc8d62,car
169132,"9,17E+18",9,1,62,0,2017,2,13,6,3,0,7,0,0,0,0,0,1,0,1,693394.0029,5329688.3189,11.597239549,48.09109523,6,#ffd92f,circle
169133,"9,17E+18",9,1,62,0,2017,2,20,6,3,2,6,0,1,0,0,0,0,2,1,692728425.0,5333321805.0,11.589951825,48.123953952,2,#fc8d62,car
169134,"9,17E+18",9,1,62,0,2017,2,15,6,3,2,6,0,1,0,0,0,0,0,1,688020.9129,5332332.0629,11.526318727,48.116465598,2,#fc8d62,car
169135,"9,17E+18",9,1,62,0,2017,2,7,6,3,5,6,0,1,0,0,0,0,0,1,691171.0519,5338102.3607,11.571191781,48.167390631,2,#fc8d62,car
169142,"9,17E+18",9,7,61,0,2017,2,19,6,2,6,4,0,1,1,0,0,0,2,1,641428.8942,5359288.6055,10.909713873,48.370908989,2,#fc8d62,car
169143,"9,17E+18",9,7,71,130,2017,2,9,6,3,0,1,0,1,0,0,0,1,0,0,647483.8207,5358350424.0,10.991094272,48.361087754,2,#fc8d62,car
169144,"9,17E+18",9,7,61,0,2017,2,14,6,2,6,4,0,1,1,0,0,0,0,1,640376.7816,5356523.9608,10.894592993,48.346285042,2,#fc8d62,car
169145,"9,17E+18",9,7,61,0,2017,2,13,6,3,5,3,0,1,0,0,0,1,0,0,640882405.0,5358020.04,10.901913981,48.359624723,2,#fc8d62,car
169146,"9,17E+18",9,7,61,0,2017,2,17,6,3,0,7,1,0,0,0,0,0,1,0,640430.4502,5358788.1035,10.896072462,48.366631596,1,#66c2a5,bicycle
169170,"9,17E+18",9,1,73,134,2017,2,20,6,2,8,1,0,1,0,0,0,0,2,2,686143.8812,5301288.9462,11.48767424,47.837980195,2,#fc8d62,car
169173,"9,17E+18",9,1,87,163,2017,2,21,6,3,4,1,0,1,0,0,0,0,2,2,738791.8255,5310246.2673,12.195217318,47.90105864,2,#fc8d62,car
169174,"9,17E+18",9,1,63,0,2017,2,17,6,3,5,3,1,1,0,0,0,0,1,1,733700.3733,5303354.7377,12.123469521,47.841019651,1,#66c2a5,bicycle
169175,"9,17E+18",9,1,87,150,2017,2,19,6,3,0,1,1,0,0,0,0,0,2,2,730236.6166,5304420.7027,12.077812092,47.851846237,1,#66c2a5,bicycle
169180,"9,17E+18",9,1,81,130,2017,2,15,6,3,2,6,0,1,0,0,0,0,0,1,638943.8695,5323657.9864,10.864506064,48.051068481,2,#fc8d62,car
169181,"9,17E+18",9,1,79,140,2017,2,14,6,3,5,2,0,1,0,0,0,0,0,1,659222.8735,5345668.5077,11.144681177,48.244221128,2,#fc8d62,car
169182,"9,17E+18",9,1,78,124,2017,2,15,6,3,1,2,0,1,0,0,0,0,0,1,704453.9568,5359463523.0,11.759957519,48.35521699,2,#fc8d62,car
169183,"9,17E+18",9,1,62,0,2017,2,8,5,3,4,7,0,1,0,0,0,0,0,0,690091.3776,5333027.1795,11.554419657,48.122098678,2,#fc8d62,car
169184,"9,17E+18",9,1,62,0,2017,2,8,5,3,1,5,0,1,0,1,0,0,0,0,692866.7228,5339949.9549,11.594812189,48.183484021,2,#fc8d62,car
169185,"9,17E+18",9,1,62,0,2017,2,9,5,3,4,2,1,1,0,0,0,0,0,0,678311.9904,5339058.4142,11.398805325,48.179721944,1,#66c2a5,bicycle
169186,"9,17E+18",9,1,62,0,2017,2,13,5,3,1,3,0,1,0,0,0,0,0,0,690359752.0,5343208144.0,11.562579824,48.213524295,2,#fc8d62,car
169187,"9,17E+18",9,1,62,0,2017,2,9,5,3,5,3,1,1,0,0,0,0,0,0,683861.9827,5336091.6641,11.472114909,48.151473514,1,#66c2a5,bicycle
169188,"9,17E+18",9,1,62,0,2017,2,11,5,3,0,7,0,0,1,0,0,1,0,0,694197.9279,5333478.7397,11.609749852,48.124917891,3,#8da0cb,toilet
169189,"9,17E+18",9,1,62,0,2017,2,14,5,3,4,7,1,0,0,0,0,1,0,0,692369.7212,5337509723.0,11.587028469,48.161702554,1,#66c2a5,bicycle
169190,"9,17E+18",9,1,84,138,2017,2,12,5,3,0,3,1,1,0,0,0,0,0,0,682503.9735,5331827.5051,11.452046617,48.113535289,1,#66c2a5,bicycle
169191,"9,17E+18",9,1,62,0,2017,2,12,5,3,5,2,0,1,0,0,0,0,0,0,682880.7951,5340201.0353,11.46070256,48.188693966,2,#fc8d62,car
169192,"9,17E+18",9,1,62,0,2017,2,13,5,3,8,6,0,1,0,1,0,0,0,0,688984.9891,5342119.2042,11.54360705,48.204147779,2,#fc8d62,car
169193,"9,17E+18",9,1,62,0,2017,2,8,5,3,6,4,1,0,1,0,0,0,0,0,685407.6761,5333542.8161,11.491767576,48.128114636,1,#66c2a5,bicycle
169194,"9,17E+18",9,1,62,0,2017,2,22,5,3,0,5,1,0,0,0,0,1,2,0,689054.4334,5334935.7521,11.541346418,48.13956191,1,#66c2a5,bicycle
169195,"9,17E+18",9,1,62,0,2017,2,20,5,3,0,2,0,0,0,0,0,1,2,1,691844.5837,5335752.6025,11.579181637,48.146068543,6,#ffd92f,circle
169198,"9,17E+18",9,7,62,0,2017,2,14,5,3,1,7,0,1,0,0,0,0,0,0,621592.7524,5305865799.0,10.626738824,47.89459495,2,#fc8d62,car
169201,"9,17E+18",9,7,61,0,2017,2,18,5,3,1,5,1,1,0,0,0,0,2,0,641807.9109,5360300.0944,10.915169962,48.379918809,1,#66c2a5,bicycle
169202,"9,17E+18",9,7,72,125,2017,2,18,5,3,5,3,0,1,0,1,0,0,2,0,636432081.0,5347355326.0,10.838418109,48.264704473,2,#fc8d62,car
169203,"9,17E+18",9,7,72,202,2017,2,12,5,3,0,7,1,0,0,0,0,0,0,0,636929.3542,5356692.7196,10.84814521,48.348559266,1,#66c2a5,bicycle
169204,"9,17E+18",9,7,61,0,2017,2,7,5,3,5,3,1,1,0,0,0,0,0,0,638963.8486,5360588.0893,10.876876698,48.383141236,1,#66c2a5,bicycle
169205,"9,17E+18",9,7,61,0,2017,2,23,5,3,1,6,1,1,0,0,0,0,2,0,640255.8076,5358572.4809,10.893643902,48.364731614,1,#66c2a5,bicycle
169206,"9,17E+18",9,7,61,0,2017,2,17,5,3,5,3,0,1,0,1,0,0,0,0,640560.8778,5357875.1718,10.897527444,48.358393778,2,#fc8d62,car
169223,"9,17E+18",9,1,88,139,2017,2,18,5,2,4,6,0,1,0,0,0,0,2,0,674026.6282,5318357.8234,11.332770332,47.994821009,2,#fc8d62,car
169224,"9,17E+18",9,1,74,115,2017,2,7,5,3,0,1,1,0,0,0,0,0,0,2,680807.6404,5347161.8548,11.435802313,48.251856258,1,#66c2a5,bicycle
169225,"9,17E+18",9,1,75,139,2017,2,13,5,3,2,2,1,0,0,0,0,0,0,0,710332.3143,5329973335.0,11.824582746,48.088292687,1,#66c2a5,bicycle
169226,"9,17E+18",9,1,78,120,2017,2,21,5,3,6,4,0,1,1,0,0,0,2,0,695412.0336,5353695.5937,11.635362353,48.306242422,2,#fc8d62,car
169227,"9,17E+18",9,1,77,117,2017,2,7,5,3,5,3,1,1,0,0,0,0,0,0,716746335.0,5355985649.0,11.923886985,48.319869969,1,#66c2a5,bicycle
169228,"9,17E+18",9,1,77,124,2017,2,16,5,3,0,1,0,0,0,1,0,0,0,1,728892.4421,5367906.7649,12.093982888,48.422684045,4,#e78ac3,marker
169229,"9,17E+18",9,1,62,0,2017,2,18,4,3,1,5,1,1,0,0,0,0,2,0,691406.8128,5336799.6703,11.57377322,48.15561131,1,#66c2a5,bicycle
169230,"9,17E+18",9,1,62,0,2017,2,14,4,3,0,7,0,1,0,0,0,0,0,0,692296.9861,5337406.4884,11.586004679,48.160796708,2,#fc8d62,car
169231,"9,17E+18",9,1,62,0,2017,2,6,4,3,4,2,1,1,0,0,0,0,0,0,693579743.0,5334438827.0,11.601887339,48.133735134,1,#66c2a5,bicycle
169232,"9,17E+18",9,1,62,0,2017,2,11,4,2,0,7,0,0,0,0,0,1,0,0,691450.1617,5339240.8786,11.575454497,48.177539425,6,#ffd92f,circle
169233,"9,17E+18",9,1,62,0,2017,2,15,4,3,3,6,0,1,0,0,0,1,0,0,692551.5495,5335370.9604,11.58850354,48.142424847,2,#fc8d62,car
169234,"9,17E+18",9,1,84,112,2017,2,7,4,3,6,7,0,1,1,0,0,0,0,0,702010.1634,5338415.4991,11.71695774,48.16685297,2,#fc8d62,car
169235,"9,17E+18",9,1,62,0,2017,2,15,4,3,0,1,1,0,0,0,0,0,0,0,678931036.0,5339066559.0,11.407129071,48.179621133,1,#66c2a5,bicycle
169236,"9,17E+18",9,1,62,0,2017,2,0,4,3,8,7,0,1,0,0,0,0,2,0,693462.3296,5329163.6206,11.597918503,48.086358618,2,#fc8d62,car
169237,"9,17E+18",9,1,62,0,2017,2,11,4,3,0,2,1,1,0,0,0,0,0,0,692374.0469,5332168.4375,11.584674223,48.113694855,1,#66c2a5,bicycle
169238,"9,17E+18",9,1,62,0,2017,2,14,4,3,5,3,1,1,0,0,0,0,0,0,696403.2523,5336144.6082,11.64058304,48.148200641,1,#66c2a5,bicycle
169239,"9,17E+18",9,1,62,0,2017,2,10,4,3,6,7,0,0,1,0,0,1,0,0,693966.7438,5335101.5259,11.607385163,48.139573411,3,#8da0cb,toilet
169240,"9,17E+18",9,1,62,0,2017,2,17,4,2,3,6,0,1,0,1,0,0,1,0,690215.5455,5334740.6937,11.556851374,48.137462689,2,#fc8d62,car
169241,"9,17E+18",9,1,62,0,2017,2,10,4,3,5,2,0,1,0,0,0,1,0,0,691265.6094,5339022.3135,11.572876081,48.175630574,2,#fc8d62,car
169242,"9,17E+18",9,1,62,0,2017,2,8,4,3,0,1,0,0,0,1,0,0,0,1,690598.1874,5336594.2108,11.562819233,48.154007517,4,#e78ac3,marker
169250,"9,17E+18",9,7,61,0,2017,2,20,4,3,6,6,1,0,1,0,0,0,2,0,640789.4121,5359326593.0,10.901096622,48.371393541,1,#66c2a5,bicycle
169251,"9,17E+18",9,7,72,200,2017,2,7,4,3,5,3,1,1,0,0,0,0,0,0,631183.4636,5338518.4455,10.764993608,48.186347106,1,#66c2a5,bicycle
169252,"9,17E+18",9,7,61,0,2017,2,17,4,3,2,6,0,1,0,0,0,0,0,0,636480.0277,5360891735.0,10.843446513,48.386413858,2,#fc8d62,car
169253,"9,17E+18",9,7,61,0,2017,2,15,4,3,6,4,0,1,1,0,0,0,0,0,640091.2377,5359573979.0,10.891756871,48.373773327,2,#fc8d62,car
169254,"9,17E+18",9,7,61,0,2017,2,6,4,3,2,6,0,1,0,0,0,1,1,1,640576.0268,5359233.0799,10.898185637,48.37060027,2,#fc8d62,car
169280,"9,17E+18",9,1,63,0,2017,2,6,4,3,3,6,0,1,0,0,0,0,1,1,732595.9743,5304740.3625,12.109476152,47.853868746,2,#fc8d62,car
169281,"9,17E+18",9,1,63,0,2017,2,10,4,3,6,2,0,1,1,0,0,0,0,0,733836.4612,5305146.2343,12.12625363,47.857065023,2,#fc8d62,car
169283,"9,17E+18",9,1,74,115,2017,2,16,4,3,5,2,1,1,0,0,0,0,0,0,681751.7088,5347805.0562,11.448784792,48.257367694,1,#66c2a5,bicycle
169284,"9,17E+18",9,1,79,123,2017,2,8,4,3,5,2,1,0,0,0,0,1,0,0,676582.7628,5333422.0125,11.373224148,48.129538079,1,#66c2a5,bicycle
169285,"9,17E+18",9,1,88,120,2017,2,13,4,3,1,5,1,1,0,0,0,0,0,0,677076.9115,5327240.6461,11.377294585,48.073834855,1,#66c2a5,bicycle
169286,"9,17E+18",9,1,74,126,2017,2,16,4,3,1,1,1,1,0,0,0,0,0,0,682541.0578,5344177.0708,11.457846111,48.224530602,1,#66c2a5,bicycle
169287,"9,17E+18",9,1,78,124,2017,2,12,4,3,2,6,0,1,0,0,0,0,0,0,704733.29,5359166922.0,11.763579476,48.3524612,2,#fc8d62,car
169288,"9,17E+18",9,1,78,120,2017,2,15,4,2,5,3,1,1,0,0,0,0,0,0,695519.5769,5353765.8898,11.636843672,48.306840957,1,#66c2a5,bicycle
169289,"9,17E+18",9,1,62,0,2017,2,22,3,3,7,7,1,0,0,0,0,1,2,0,692242.5198,5334793.2282,11.584092805,48.13732575,1,#66c2a5,bicycle
169290,"9,17E+18",9,1,62,0,2017,2,19,3,3,0,7,1,0,0,0,0,1,2,0,689506.4305,5333131323.0,11.546613587,48.123209102,1,#66c2a5,bicycle
169291,"9,17E+18",9,1,62,0,2017,2,18,3,3,0,7,1,0,0,0,0,1,2,0,689507.9882,5333132.5574,11.546635047,48.123219734,1,#66c2a5,bicycle
169292,"9,17E+18",9,1,84,135,2017,2,15,3,3,4,6,0,1,0,0,0,0,0,0,689790.9821,5347943.1992,11.557052165,48.256252624,2,#fc8d62,car
169293,"9,17E+18",9,1,62,0,2017,2,17,3,3,0,7,0,1,0,1,0,0,0,0,688953.1531,5331892.1535,11.53863703,48.112235695,2,#fc8d62,car
169294,"9,17E+18",9,1,62,0,2017,2,14,3,3,5,2,0,1,0,0,0,0,0,0,692264.8286,5340747.3666,11.587083849,48.190833357,2,#fc8d62,car
169295,"9,17E+18",9,1,62,0,2017,2,19,3,3,6,4,0,1,1,0,0,0,2,1,690850.7293,5339281932.0,11.567417572,48.178088719,2,#fc8d62,car
169296,"9,17E+18",9,1,62,0,2017,2,11,3,3,1,1,0,1,0,0,0,0,0,0,692596.2347,5330663.3621,11.58697691,48.100100335,2,#fc8d62,car
169297,"9,17E+18",9,1,62,0,2017,2,16,3,3,5,3,1,0,0,0,0,1,0,0,690135.4761,5334740.3297,11.555776041,48.137483346,1,#66c2a5,bicycle
169300,"9,17E+18",9,7,62,0,2017,2,7,3,3,6,4,0,1,1,0,0,0,0,0,622347.3805,5307911266.0,10.637410642,47.912847744,2,#fc8d62,car
169303,"9,17E+18",9,7,61,0,2017,2,14,3,3,5,3,1,0,0,0,0,0,0,0,639165.3514,5356968.1837,10.878398956,48.35054747,1,#66c2a5,bicycle
169332,"9,17E+18",9,1,73,126,2017,2,13,3,3,0,7,0,1,0,0,0,0,0,0,685325.7752,5303779.4864,11.477818244,47.860603978,2,#fc8d62,car
169333,"9,17E+18",9,1,87,182,2017,2,8,3,3,4,1,0,1,0,0,0,0,0,0,739365.3419,5328111.1318,12.212831677,48.061326847,2,#fc8d62,car
169334,"9,17E+18",9,1,87,137,2017,2,8,3,3,0,1,0,0,0,1,0,0,0,0,730882.3924,5309257.0908,12.089015731,47.895066211,4,#e78ac3,marker
169336,"9,17E+18",9,1,81,130,2017,2,18,3,3,2,6,0,1,0,0,0,0,2,0,639115.8389,5324722.9225,10.867158794,48.06060726,2,#fc8d62,car
169337,"9,17E+18",9,1,62,0,2017,2,19,2,3,0,7,1,0,0,0,0,0,2,1,684713.0631,5342715.8432,11.486426458,48.210767894,1,#66c2a5,bicycle
169338,"9,17E+18",9,1,62,0,2017,2,16,2,3,3,6,0,1,0,0,0,1,0,0,689232.3863,5340134.3145,11.546048835,48.186233931,2,#fc8d62,car
169339,"9,17E+18",9,1,62,0,2017,2,17,2,2,6,4,0,1,1,0,0,0,0,0,691671166.0,5331703.06,11.575031335,48.109724003,2,#fc8d62,car
169340,"9,17E+18",9,1,62,0,2017,2,17,2,3,4,2,1,1,0,0,0,0,0,0,691245.0657,5339265118.0,11.572709269,48.177819042,1,#66c2a5,bicycle
169341,"9,17E+18",9,1,62,0,2017,2,9,2,3,5,3,1,1,0,0,0,0,0,0,691777.9807,5332186.0906,11.576682023,48.114033285,1,#66c2a5,bicycle
169342,"9,17E+18",9,1,62,0,2017,2,9,2,3,5,2,0,0,0,0,0,1,0,0,690359.8361,5333880337.0,11.558404482,48.12968666,6,#ffd92f,circle
169343,"9,17E+18",9,1,62,0,2017,2,18,2,3,0,7,0,1,1,0,0,0,0,0,692491.3322,5335240.1644,11.587635762,48.141267502,2,#fc8d62,car
169344,"9,17E+18",9,1,62,0,2017,2,17,2,3,5,3,1,1,0,0,0,0,0,0,693181.6998,5336204.6668,11.597344036,48.149726936,1,#66c2a5,bicycle
169346,"9,17E+18",9,7,72,130,2017,2,7,2,3,6,4,1,0,1,0,0,0,1,0,631571.6089,5357304.8292,10.776059528,48.3552024,1,#66c2a5,bicycle
169347,"9,17E+18",9,7,61,0,2017,2,8,2,3,5,3,0,1,0,0,0,1,0,0,637510.0297,5359336851.0,10.856842547,48.372208855,2,#fc8d62,car
169371,"9,17E+18",9,2,61,0,2017,2,6,2,3,0,1,0,0,0,1,0,0,2,1,732099.1182,5381434.3616,12.144771322,48.543028111,4,#e78ac3,marker
169374,"9,17E+18",9,1,78,140,2017,2,15,2,3,2,1,0,1,0,0,0,0,0,0,706708.9037,5365662.2581,11.793408617,48.410184169,2,#fc8d62,car
169375,"9,17E+18",9,1,77,117,2017,2,21,2,3,5,3,0,1,0,0,0,0,2,0,714098926.0,5353011.1428,11.886712219,48.294045114,2,#fc8d62,car
169384,"9,17E+18",9,1,85,158,2017,2,3,1,3,0,7,0,1,1,0,0,0,2,0,667276665.0,5380985.1538,11.267149727,48.559627959,2,#fc8d62,car
169385,"9,17E+18",9,1,81,139,2017,2,16,1,3,1,7,1,1,0,0,0,0,0,0,656096.5393,5324317.0359,11.094769773,48.0530295,1,#66c2a5,bicycle
169386,"9,17E+18",9,1,62,0,2017,2,14,7,3,1,5,0,1,0,0,0,0,0,0,695627315.0,5343036.6536,11.633334779,48.210381327,2,#fc8d62,car
169387,"9,17E+18",9,1,62,0,2017,2,10,7,3,0,3,0,1,0,0,0,1,0,0,691907.1113,5331955.4484,11.578311393,48.111921401,2,#fc8d62,car
169388,"9,17E+18",9,1,62,0,2017,2,15,7,3,4,2,0,1,0,0,0,0,0,0,693933.8835,5331208.1273,11.605172744,48.104590815,2,#fc8d62,car
169389,"9,17E+18",9,1,62,0,2017,2,18,7,3,6,4,0,1,1,0,0,0,2,0,691578.6665,5334439.6119,11.575019728,48.134347692,2,#fc8d62,car
169390,"9,17E+18",9,1,62,0,2017,2,12,7,3,0,6,0,0,1,0,0,1,0,0,695855.1207,5333195.2593,11.631865707,48.121862463,3,#8da0cb,toilet
169398,"9,17E+18",9,7,72,147,2017,2,11,7,3,6,4,0,1,1,0,0,0,0,0,639023.7181,5365093.0352,10.879176926,48.423635221,2,#fc8d62,car
169399,"9,17E+18",9,7,61,0,2017,2,16,7,3,2,6,0,1,0,0,0,0,0,1,640240582.0,5358625517.0,10.893456135,48.365211882,2,#fc8d62,car
169400,"9,17E+18",9,1,62,0,2017,2,16,6,3,6,4,0,1,1,0,0,0,0,1,692045.7769,5334559.0096,11.58134541,48.135280038,2,#fc8d62,car
169401,"9,17E+18",9,1,62,0,2017,2,5,6,3,8,2,0,1,0,0,0,1,2,1,687460.0888,5336049.3343,11.520426481,48.150042766,2,#fc8d62,car
169402,"9,17E+18",9,7,61,0,2017,2,10,7,3,2,6,0,1,0,0,0,0,0,1,639277011.0,5361348.1703,10.881355941,48.389906612,2,#fc8d62,car
169403,"9,17E+18",9,7,72,163,2017,2,10,7,3,5,3,1,1,0,0,0,0,0,1,639300.5984,5348757.3334,10.877511879,48.276686913,1,#66c2a5,bicycle
169408,"9,17E+18",9,1,73,126,2017,2,8,7,3,4,2,1,1,0,0,0,0,0,0,683971.8914,5305928.9371,11.460649064,47.880314662,1,#66c2a5,bicycle
169411,"9,17E+18",9,1,79,126,2017,2,15,7,3,1,3,0,1,0,0,0,0,0,0,676888.63,5340217.7655,11.38015701,48.190541346,2,#fc8d62,car
169412,"9,17E+18",9,1,74,115,2017,2,16,7,3,6,1,1,0,1,0,0,0,1,0,681310071.0,5347405.3268,11.442668867,48.253901203,1,#66c2a5,bicycle
169413,"9,17E+18",9,1,62,0,2017,2,16,6,3,5,2,0,1,0,1,0,0,0,0,690304.7473,5333573.8468,11.557527996,48.126948395,2,#fc8d62,car
169414,"9,17E+18",9,1,84,120,2017,2,8,6,3,5,3,1,1,0,0,0,0,0,0,681295.6068,5333130.1793,11.436380713,48.125589969,1,#66c2a5,bicycle
169415,"9,17E+18",9,1,62,0,2017,2,18,6,3,4,6,1,0,0,0,0,0,2,0,687387442.0,5338839.5543,11.52067992,48.17514328,1,#66c2a5,bicycle
169416,"9,17E+18",9,1,62,0,2017,2,17,6,3,5,3,0,1,0,0,0,0,2,1,686142.5947,5332689.2929,11.501261964,48.120228341,2,#fc8d62,car
169417,"9,17E+18",9,1,62,0,2017,2,13,6,3,6,4,0,1,1,0,0,0,0,0,691819.4919,5332237.5656,11.577262324,48.114483435,2,#fc8d62,car
169418,"9,17E+18",9,7,77,121,2017,2,11,6,3,1,4,0,1,1,0,0,0,0,1,628515.8327,5321712.0344,10.724054964,48.035753718,2,#fc8d62,car
169421,"9,17E+18",9,7,61,0,2017,2,13,6,3,3,6,1,1,0,0,0,0,0,0,640228.1859,5356135.3818,10.892459213,48.34282405,1,#66c2a5,bicycle
169422,"9,17E+18",9,7,61,0,2017,2,8,6,3,0,7,1,0,0,0,0,0,0,1,640528.3642,5355442.7191,10.896276896,48.336529118,1,#66c2a5,bicycle
169423,"9,17E+18",9,7,71,113,2017,2,0,6,3,7,7,1,0,0,0,0,0,2,0,658480.5116,5370566.5099,11.144064996,48.468248849,1,#66c2a5,bicycle
169443,"9,17E+18",9,1,63,0,2017,2,18,6,3,2,6,0,1,0,0,0,0,1,0,732678693.0,5304755436.0,12.110588405,47.85397423,2,#fc8d62,car
169445,"9,17E+18",9,1,78,145,2017,2,18,6,3,6,1,0,0,1,1,0,0,2,0,698159.6525,5354044484.0,11.672539465,48.30852321,3,#8da0cb,toilet
169446,"9,17E+18",9,1,77,112,2017,2,7,6,3,5,3,0,1,0,0,0,1,0,0,716906513.0,5363110.74,11.929715564,48.383833097,2,#fc8d62,car
169447,"9,17E+18",9,1,62,0,2017,2,12,5,2,5,3,1,1,0,0,0,0,0,0,689207.8834,5332987927.0,11.542542123,48.122009034,1,#66c2a5,bicycle
169448,"9,17E+18",9,1,62,0,2017,2,8,5,3,6,2,0,1,1,0,0,0,0,0,690232.5165,5343918.4538,11.561187393,48.219946602,2,#fc8d62,car
169449,"9,17E+18",9,1,62,0,2017,2,7,5,3,4,2,1,0,0,0,0,1,0,0,690872.9066,5333264.7681,11.56501722,48.124000306,1,#66c2a5,bicycle
169450,"9,17E+18",9,1,84,139,2017,2,17,5,3,5,3,0,1,0,0,0,0,0,0,687722.6712,5326600.5466,11.519795866,48.065036854,2,#fc8d62,car
169451,"9,17E+18",9,1,62,0,2017,2,11,5,3,0,3,1,1,0,0,0,0,0,0,691458.4487,5334589.7309,11.573473033,48.135733122,1,#66c2a5,bicycle
169452,"9,17E+18",9,1,62,0,2017,2,12,5,3,6,4,0,1,1,0,0,0,0,0,699064.6173,5333733.2186,11.675197205,48.125701882,2,#fc8d62,car