OBJECTID,UIDENTSTLA,ULAND,UREGBEZ,UKREIS,UGEMEINDE,UJAHR,UMONAT,USTUNDE,UWOCHENTAG,UKATEGORIE,UART,UTYP1,IstRad,IstPKW,IstFuss,IstKrad,IstGkfz,IstSonstig,ULICHTVERH,STRZUSTAND,LINREFX,LINREFY,XGCSWGS84,YGCSWGS84,Teilnehmer,color,symbol
169453,"9,17E+18",9,1,62,0,2017,2,7,5,3,5,3,1,1,0,0,0,0,0,0,683787612.0,5335337.4276,11.470790289,48.144715495,1,#66c2a5,bicycle
169454,"9,17E+18",9,1,62,0,2017,2,8,5,3,5,2,1,1,0,0,0,0,0,0,687313.34,5334803595.0,11.517907362,48.138888969,1,#66c2a5,bicycle
169455,"9,17E+18",9,1,62,0,2017,2,18,5,3,2,6,0,1,0,0,0,0,2,0,690441.5611,5336461.1126,11.560655828,48.152858157,2,#fc8d62,car
169456,"9,17E+18",9,1,62,0,2017,2,15,5,3,3,6,0,1,0,1,0,0,0,0,692279.6022,5335019.8413,11.584693037,48.139351301,2,#fc8d62,car
169459,"9,17E+18",9,7,72,147,2017,2,16,5,3,4,2,1,1,0,0,0,0,0,0,639000721.0,5364586.1315,10.878698222,48.419082379,1,#66c2a5,bicycle
169460,"9,17E+18",9,7,61,0,2017,2,15,5,2,5,3,1,1,0,0,0,0,0,0,637156.3166,5360810.1444,10.852549611,48.385533513,1,#66c2a5,bicycle
169461,"9,17E+18",9,7,61,0,2017,2,8,5,2,5,2,1,1,0,0,0,0,0,0,638492.4622,5359322.6124,10.870096639,48.371865991,1,#66c2a5,bicycle
169462,"9,17E+18",9,7,71,113,2017,2,17,5,3,8,7,0,0,0,1,0,0,1,0,656451265.0,5368417.98,11.115827952,48.449440892,4,#e78ac3,marker
169476,"9,17E+18",9,2,61,0,2017,2,14,5,3,0,1,1,0,0,0,0,0,0,0,734931.1764,5382694.9606,12.183793232,48.553297465,1,#66c2a5,bicycle
169478,"9,17E+18",9,1,63,0,2017,2,14,5,2,6,4,0,1,1,0,0,0,0,0,733400.1578,5305048.2612,12.120376603,47.85634342,2,#fc8d62,car
169479,"9,17E+18",9,1,82,133,2017,2,19,5,3,2,6,0,1,0,0,0,0,2,1,707309231.0,5305992.0997,11.772462775,47.873772555,2,#fc8d62,car
169480,"9,17E+18",9,1,87,137,2017,2,11,5,3,5,3,1,1,0,0,0,0,0,0,730671.6191,5308865.3728,12.085990682,47.891622687,1,#66c2a5,bicycle
169482,"9,17E+18",9,1,88,120,2017,2,14,5,2,0,7,1,0,0,0,0,0,0,0,676876.7674,5326844.9822,11.374446277,48.07033364,1,#66c2a5,bicycle
169483,"9,17E+18",9,1,78,124,2017,2,19,5,3,6,7,0,1,1,0,0,0,2,0,703659.9254,5359277.3902,11.749161559,48.353800902,2,#fc8d62,car
169484,"9,17E+18",9,1,84,149,2017,2,8,4,3,5,2,1,1,0,0,0,0,0,1,690927.4114,5350204.0957,11.573367852,48.276231496,1,#66c2a5,bicycle
169485,"9,17E+18",9,1,62,0,2017,2,19,4,3,4,3,0,1,0,0,0,0,2,0,699997.2651,5335306.1239,11.688454954,48.139545382,2,#fc8d62,car
169486,"9,17E+18",9,1,62,0,2017,2,11,4,3,5,3,0,1,0,1,0,0,0,0,688058.8359,5332777.7803,11.527024347,48.120460615,2,#fc8d62,car
169487,"9,17E+18",9,1,62,0,2017,2,7,4,3,6,4,0,1,1,0,0,0,0,1,679499.3724,5336382.8802,11.413634946,48.155337439,2,#fc8d62,car
169488,"9,17E+18",9,1,62,0,2017,2,19,4,3,2,6,0,1,0,0,0,0,2,0,686753.6681,5337098.28,11.511398387,48.159678798,2,#fc8d62,car
169489,"9,17E+18",9,1,84,148,2017,2,15,4,3,3,6,1,1,0,0,0,0,0,1,694205.1053,5325841.1185,11.606372828,48.056270958,1,#66c2a5,bicycle
169490,"9,17E+18",9,1,62,0,2017,2,7,4,3,6,2,0,1,1,0,0,0,0,0,687992.9936,5332324.9092,11.525940818,48.116409541,2,#fc8d62,car
169491,"9,17E+18",9,1,62,0,2017,2,18,4,3,5,3,1,1,0,0,0,0,1,0,690482.2485,5333937.5076,11.560073538,48.130163888,1,#66c2a5,bicycle
169492,"9,17E+18",9,7,78,116,2017,2,10,4,3,0,7,1,0,0,0,0,0,0,1,620617.3095,5318397.8113,10.617207753,48.007488005,1,#66c2a5,bicycle
169493,"9,17E+18",9,7,72,223,2017,2,8,4,3,5,3,0,1,0,0,0,0,0,0,617971.7548,5361977.7112,10.593867361,48.399913599,2,#fc8d62,car
169494,"9,17E+18",9,7,72,184,2017,2,13,4,3,0,1,1,0,0,0,0,0,0,0,634233.5668,5361082.2239,10.813180189,48.388608826,1,#66c2a5,bicycle
169495,"9,17E+18",9,7,72,163,2017,2,15,4,2,5,3,0,1,0,0,0,0,0,0,639811.0308,5347437.9099,10.883951396,48.2647103,2,#fc8d62,car
169515,"9,17E+18",9,2,61,0,2017,2,7,4,3,5,3,0,1,0,0,0,0,1,0,733628072.0,5380963997.0,12.165190988,48.538235634,2,#fc8d62,car
169518,"9,17E+18",9,1,86,143,2017,2,15,4,2,6,7,0,1,1,0,0,0,0,0,685446.4064,5377978793.0,11.511836682,48.527497632,2,#fc8d62,car
169519,"9,17E+18",9,1,79,121,2017,2,14,4,3,2,2,1,1,0,0,0,0,0,0,666297.4286,5337844.6362,11.236832709,48.172068335,1,#66c2a5,bicycle
169520,"9,17E+18",9,1,62,0,2017,2,12,3,3,5,3,0,1,0,0,0,1,0,1,684332.9844,5330772.4991,11.476140901,48.103525512,2,#fc8d62,car
169521,"9,17E+18",9,1,62,0,2017,2,19,3,3,6,4,0,1,1,0,0,0,2,1,694596.4184,5336174.4105,11.616330716,48.149023785,2,#fc8d62,car
169522,"9,17E+18",9,1,62,0,2017,2,16,3,2,4,2,0,1,0,0,0,0,0,0,686086.5244,5337618.6619,11.502663418,48.164551761,2,#fc8d62,car
169523,"9,17E+18",9,1,62,0,2017,2,17,3,3,2,6,0,1,0,0,0,1,1,1,698051.5684,5333719.4858,11.661591896,48.12589442,2,#fc8d62,car
169524,"9,17E+18",9,1,62,0,2017,2,13,3,3,1,5,0,1,0,0,0,1,0,1,692898.5695,5332335.2268,11.591789508,48.115035274,2,#fc8d62,car
169525,"9,17E+18",9,1,62,0,2017,2,14,3,3,6,7,0,1,1,0,0,0,0,0,701096.2689,5334540.6771,11.702849924,48.132319989,2,#fc8d62,car
169526,"9,17E+18",9,1,62,0,2017,2,16,3,2,0,7,1,0,0,0,0,0,0,1,685328.3582,5337767.2073,11.492541661,48.166108415,1,#66c2a5,bicycle
169527,"9,17E+18",9,1,62,0,2017,2,23,3,3,6,4,0,1,1,0,0,0,2,1,692757.6503,5333160.2083,11.590271076,48.122492708,2,#fc8d62,car
169531,"9,17E+18",9,7,62,0,2017,2,7,3,3,1,6,0,1,0,0,0,0,0,1,622303.5847,5308195.0747,10.636905279,47.915408574,2,#fc8d62,car
169532,"9,17E+18",9,7,61,0,2017,2,19,3,2,4,2,1,1,0,0,0,0,1,1,640774.0593,5359246.5131,10.90086262,48.370676915,1,#66c2a5,bicycle
169552,"9,17E+18",9,1,86,143,2017,2,9,3,3,2,6,0,1,0,0,0,0,0,1,686214.6443,5379996.1519,11.523133232,48.545401455,2,#fc8d62,car
169553,"9,17E+18",9,1,74,115,2017,2,11,3,3,5,3,1,0,0,1,0,0,0,1,680861.6877,5346924.2425,11.436428222,48.249705024,1,#66c2a5,bicycle
169554,"9,17E+18",9,1,77,117,2017,2,17,3,3,4,2,0,1,0,0,0,0,0,1,715038.5252,5352388.4257,11.899047095,48.288131352,2,#fc8d62,car
169555,"9,17E+18",9,1,62,0,2017,2,9,2,3,5,3,0,1,0,0,0,0,0,1,688058485.0,5332781.8084,11.527021414,48.120496924,2,#fc8d62,car
169556,"9,17E+18",9,1,62,0,2017,2,16,2,3,6,4,0,1,1,0,0,0,0,1,694598.4057,5332496.3364,11.614677509,48.115966142,2,#fc8d62,car
169557,"9,17E+18",9,1,62,0,2017,2,11,2,3,6,4,0,1,1,0,0,0,0,0,692966.9361,5338639.6494,11.595564109,48.171677007,2,#fc8d62,car
169558,"9,17E+18",9,1,62,0,2017,2,16,2,3,4,2,0,1,0,0,0,0,0,0,690136.2501,5335252.5808,11.556015125,48.14208723,2,#fc8d62,car
169559,"9,17E+18",9,1,62,0,2017,2,19,2,2,5,2,0,1,0,1,0,0,2,0,688922.7561,5336218.0533,11.540147159,48.151126482,2,#fc8d62,car
169560,"9,17E+18",9,1,62,0,2017,2,9,2,2,5,3,1,1,0,0,0,0,0,0,684406.9528,5331338131.0,11.477378022,48.108588346,1,#66c2a5,bicycle
169561,"9,17E+18",9,1,62,0,2017,2,5,2,3,6,4,1,0,1,0,0,0,2,1,686204.7125,5335331.4747,11.50325056,48.143959129,1,#66c2a5,bicycle
169562,"9,17E+18",9,1,62,0,2017,2,17,2,3,5,3,0,1,0,0,0,0,0,1,691009.93,5335895563.0,11.568036311,48.147604613,2,#fc8d62,car
169563,"9,17E+18",9,1,62,0,2017,2,12,2,2,0,1,1,0,0,0,0,0,0,0,690978.7231,5334461.4635,11.566974058,48.134724407,1,#66c2a5,bicycle
169565,"9,17E+18",9,7,62,0,2017,2,16,2,3,0,7,1,0,0,0,0,0,0,0,621381.4913,5305428724.0,10.623790697,47.890704011,1,#66c2a5,bicycle
169566,"9,17E+18",9,7,61,0,2017,2,16,2,3,6,4,0,1,1,0,0,0,0,0,639239.3835,5360538.0965,10.880579486,48.382630958,2,#fc8d62,car
169567,"9,17E+18",9,7,71,130,2017,2,11,2,3,4,2,0,1,0,0,0,0,0,0,647978.2709,5356877.5858,10.997247514,48.347729537,2,#fc8d62,car
169568,"9,17E+18",9,7,61,0,2017,2,16,2,3,0,3,0,1,1,0,0,0,0,0,638474.8591,5360171.3749,10.870138655,48.379501756,2,#fc8d62,car
169569,"9,17E+18",9,7,61,0,2017,2,16,2,3,3,2,0,1,0,0,0,1,0,0,641719.0185,5359969.0371,10.913858512,48.376962059,2,#fc8d62,car
169594,"9,17E+18",9,2,74,113,2017,2,16,2,3,8,1,0,1,0,0,0,0,0,0,727328.2519,5381825.3097,12.080441294,48.548286695,2,#fc8d62,car
169601,"9,17E+18",9,1,87,137,2017,2,16,2,2,6,7,0,1,1,0,0,0,0,0,728794.8779,5309477.6367,12.06124484,47.897795232,2,#fc8d62,car
169606,"9,17E+18",9,1,62,0,2017,2,14,1,3,1,7,0,1,0,1,0,0,0,0,692306343.0,5337487.4623,11.586166983,48.161521652,2,#fc8d62,car
169607,"9,17E+18",9,1,62,0,2017,2,10,1,3,4,2,0,1,0,0,0,0,0,0,690065.5278,5331932554.0,11.553584744,48.112267841,2,#fc8d62,car
169608,"9,17E+18",9,1,84,131,2017,2,1,1,3,1,5,0,1,0,0,0,0,2,1,705573259.0,5337890.8589,11.764569043,48.16099615,2,#fc8d62,car
169609,"9,17E+18",9,1,62,0,2017,2,18,1,3,3,6,0,1,0,0,0,0,2,0,694451.4478,5333119.24,11.612989146,48.12160946,2,#fc8d62,car
169610,"9,17E+18",9,1,62,0,2017,2,11,1,3,1,5,1,1,0,0,0,0,0,0,689078.1387,5333303.0579,11.540940196,48.124880017,1,#66c2a5,bicycle
169611,"9,17E+18",9,1,62,0,2017,2,12,1,3,0,1,1,0,0,0,0,0,0,0,692799.4406,5337516.6863,11.592804449,48.16163498,1,#66c2a5,bicycle
169615,"9,17E+18",9,7,61,0,2017,2,10,1,3,0,7,1,0,0,0,0,0,0,0,638033.1047,5358342.6045,10.863575602,48.363154553,1,#66c2a5,bicycle
169616,"9,17E+18",9,7,61,0,2017,2,15,1,3,6,7,0,1,1,0,0,0,0,0,640130.5159,5363189.0863,10.893492968,48.406270415,2,#fc8d62,car
169625,"9,17E+18",9,1,73,120,2017,2,12,1,2,9,7,1,0,0,0,0,0,0,1,682342.7854,5312214.9804,11.441537891,47.937285635,1,#66c2a5,bicycle
169626,"9,17E+18",9,1,87,137,2017,2,8,1,3,0,1,1,0,0,0,0,0,0,2,730295.9728,5308187.7826,12.080611318,47.885669862,1,#66c2a5,bicycle
169627,"9,17E+18",9,1,87,117,2017,2,9,1,3,0,1,1,0,0,0,0,0,0,2,723996763.0,5307454731.0,11.996089042,47.881311997,1,#66c2a5,bicycle
169628,"9,17E+18",9,1,87,130,2017,2,14,1,3,5,3,0,1,0,1,0,0,0,0,715438.1234,5306315.4987,11.881196785,47.87400353,2,#fc8d62,car
169630,"9,17E+18",9,1,78,143,2017,2,19,1,3,5,3,0,1,0,0,0,1,2,0,716944.0804,5372376.9404,11.935016162,48.467074406,2,#fc8d62,car
169631,"9,17E+18",9,1,77,143,2017,2,20,1,3,1,7,0,1,0,0,0,0,2,0,720705.9815,5365187.7637,11.982053816,48.401176319,2,#fc8d62,car
169632,"9,17E+18",9,1,75,112,2017,2,8,1,2,0,1,1,0,0,0,0,0,0,2,724396.2037,5319734687.0,12.007822429,47.991506742,1,#66c2a5,bicycle
169633,"9,17E+18",9,1,62,0,2017,2,19,7,3,6,7,0,1,1,0,0,0,2,0,688252.9543,5338161.6604,11.532010591,48.168794496,2,#fc8d62,car
169640,"9,17E+18",9,1,82,136,2017,2,18,7,3,0,6,0,1,0,0,0,1,2,0,704613.9325,5303879.8686,11.735460123,47.855653998,2,#fc8d62,car
169641,"9,17E+18",9,1,62,0,2017,2,5,6,3,2,6,0,1,0,0,0,0,2,0,691894909.0,5333878.0379,11.579012981,48.129205073,2,#fc8d62,car
169642,"9,17E+18",9,1,78,143,2017,2,18,7,3,1,6,0,1,0,0,0,1,2,0,717692.4485,5373591.2476,11.945758869,48.477725899,2,#fc8d62,car
169644,"9,17E+18",9,7,61,0,2017,2,0,7,3,2,7,0,1,1,0,0,0,2,1,638915.08,5358476329.0,10.875520638,48.36416351,2,#fc8d62,car
169655,"9,17E+18",9,1,63,0,2017,3,2,7,3,6,7,0,1,1,0,0,0,2,1,734035.48,5305008687.0,12.128835874,47.85575686,2,#fc8d62,car
169656,"9,17E+18",9,1,87,117,2017,3,11,7,3,0,1,0,1,0,0,0,0,0,0,725379309.0,5304704663.0,12.01312118,47.856119066,2,#fc8d62,car
169657,"9,17E+18",9,1,88,139,2017,3,12,7,3,6,4,0,1,1,0,0,0,0,0,674789.8443,5318555.3017,11.343072573,47.996388125,2,#fc8d62,car
169658,"9,17E+18",9,1,78,143,2017,3,19,7,3,6,7,0,1,1,0,0,0,2,0,717223.1875,5372305.1031,11.938749712,48.466332669,2,#fc8d62,car
169659,"9,17E+18",9,1,62,0,2017,3,19,6,3,2,6,0,1,0,0,0,0,1,0,689418.1584,5337160.0142,11.547220535,48.159445528,2,#fc8d62,car
169660,"9,17E+18",9,1,62,0,2017,3,8,6,3,3,2,1,1,0,0,0,0,0,0,695425.8638,5335130.7325,11.626991384,48.139389458,1,#66c2a5,bicycle
169661,"9,17E+18",9,1,62,0,2017,3,7,6,3,5,3,0,1,0,0,0,0,0,0,696731.4474,5333458.7982,11.643750277,48.123960832,2,#fc8d62,car
169662,"9,17E+18",9,1,62,0,2017,3,1,6,3,0,1,1,0,0,0,0,0,2,0,691046.1546,5334132.8811,11.567732129,48.131750892,1,#66c2a5,bicycle
169665,"9,17E+18",9,1,62,0,2017,3,15,6,3,5,2,1,0,0,0,0,1,0,0,690003.1289,5340243.7562,11.55645714,48.186987533,1,#66c2a5,bicycle
169666,"9,17E+18",9,1,62,0,2017,3,14,6,3,5,2,1,0,0,1,0,0,0,0,690789.4789,5334753.3825,11.564563788,48.137404921,1,#66c2a5,bicycle
169667,"9,17E+18",9,1,62,0,2017,3,19,6,2,0,1,0,0,0,1,0,0,2,0,691012.4667,5340329771.0,11.57006213,48.187457931,4,#e78ac3,marker
169668,"9,17E+18",9,1,62,0,2017,3,15,6,3,2,6,0,1,0,0,0,0,0,0,693686.3799,5337049.9044,11.604506918,48.157170157,2,#fc8d62,car
169670,"9,17E+18",9,7,73,182,2017,3,6,6,3,4,1,0,1,0,0,0,0,0,0,623034.0943,5377329.2364,10.66674904,48.536996901,2,#fc8d62,car
169671,"9,17E+18",9,7,71,142,2017,3,8,6,3,0,1,1,0,0,0,0,0,0,0,645706159.0,5352770.6648,10.965180104,48.311330934,1,#66c2a5,bicycle
169672,"9,17E+18",9,7,72,163,2017,3,7,6,3,2,5,0,1,0,0,0,0,0,0,639308059.0,5349512714.0,10.877861393,48.283477585,2,#fc8d62,car
169673,"9,17E+18",9,7,61,0,2017,3,7,6,3,5,3,0,1,0,0,0,0,0,0,639309.6327,5358771.6951,10.880942419,48.366732422,2,#fc8d62,car
169698,"9,17E+18",9,1,82,120,2017,3,7,6,2,5,3,1,1,0,0,0,0,0,0,702790.4569,5308108.2515,11.713095167,47.894233691,1,#66c2a5,bicycle
169702,"9,17E+18",9,1,81,130,2017,3,15,6,2,5,3,1,1,0,0,0,0,0,0,637318.8079,5324808.1346,10.84308012,48.061762852,1,#66c2a5,bicycle
169703,"9,17E+18",9,1,79,121,2017,3,10,6,3,0,3,0,1,0,0,0,0,0,0,667711.8512,5339114.8454,11.256343837,48.18311575,2,#fc8d62,car
169704,"9,17E+18",9,1,62,0,2017,3,12,5,3,5,3,0,1,0,0,0,0,0,0,683830606.0,5335940.66,11.471628222,48.150125272,2,#fc8d62,car
169705,"9,17E+18",9,1,62,0,2017,3,11,5,3,5,3,0,1,0,0,0,1,0,0,678833196.0,5338933275.0,11.405757962,48.178450593,2,#fc8d62,car
169706,"9,17E+18",9,1,62,0,2017,3,10,5,3,0,7,0,1,0,0,0,0,0,0,684993.8921,5333753745.0,11.486303574,48.130130958,2,#fc8d62,car
169707,"9,17E+18",9,1,62,0,2017,3,8,5,3,5,2,1,0,0,0,0,1,0,1,682055.5416,5338485.7736,11.448874244,48.173513102,1,#66c2a5,bicycle
169708,"9,17E+18",9,1,62,0,2017,3,10,5,3,0,7,0,1,0,0,0,1,0,0,693016.7714,5338399.1277,11.596124533,48.169500145,2,#fc8d62,car
169709,"9,17E+18",9,1,62,0,2017,3,12,5,3,1,7,0,1,0,0,0,0,0,0,691038.3464,5337053.9152,11.568937917,48.158007227,2,#fc8d62,car
169710,"9,17E+18",9,1,62,0,2017,3,9,5,3,5,3,0,1,0,0,0,0,0,1,690428.6252,5342684.9733,11.563271179,48.208801459,2,#fc8d62,car
169711,"9,17E+18",9,1,62,0,2017,3,17,5,3,5,2,0,1,0,0,0,1,0,0,689597.1308,5335396.8179,11.548839377,48.143544522,2,#fc8d62,car
169712,"9,17E+18",9,1,62,0,2017,3,22,5,3,2,6,0,1,0,0,0,0,2,0,694036286.0,5341789807.0,11.611371082,48.199663644,2,#fc8d62,car
169713,"9,17E+18",9,1,84,140,2017,3,8,5,3,5,3,0,1,0,0,0,0,0,1,700655.2205,5328780.0892,11.694219736,48.080688485,2,#fc8d62,car
169714,"9,17E+18",9,1,84,119,2017,3,12,5,2,0,7,1,0,0,0,0,0,0,0,696430.3908,5347000.2434,11.645969906,48.245755012,1,#66c2a5,bicycle
169715,"9,17E+18",9,1,62,0,2017,3,3,5,1,0,7,1,0,0,0,0,0,2,1,697688.6422,5329382.6682,11.654710658,48.08703075,1,#66c2a5,bicycle
169716,"9,17E+18",9,1,62,0,2017,3,1,5,3,5,6,0,1,0,0,0,0,2,1,690665656.0,5336923348.0,11.563872962,48.156945554,2,#fc8d62,car
169717,"9,17E+18",9,1,62,0,2017,3,15,5,3,2,6,0,1,0,0,0,0,0,0,689512.5132,5343236.5795,11.551198955,48.214033423,2,#fc8d62,car
169718,"9,17E+18",9,7,61,0,2017,3,9,5,3,0,1,0,0,0,1,0,0,0,1,640070677.0,5358139.0486,10.891001488,48.360875424,4,#e78ac3,marker
169719,"9,17E+18",9,7,72,177,2017,3,17,5,3,2,6,0,1,0,0,0,0,1,0,636569.2869,5379713.7459,10.850798184,48.555637597,2,#fc8d62,car
169742,"9,17E+18",9,1,90,157,2017,3,9,5,3,0,7,1,0,0,0,0,0,0,1,660237.8725,5301276954.0,11.141725563,47.844850902,1,#66c2a5,bicycle
169743,"9,17E+18",9,1,74,126,2017,3,16,5,3,3,3,0,1,0,0,0,0,0,0,683010.56,5344725.0959,11.464398337,48.229321261,2,#fc8d62,car
169744,"9,17E+18",9,1,74,131,2017,3,13,5,3,5,3,1,1,0,0,0,0,0,0,675871.8821,5357920.0855,11.373850895,48.349950824,1,#66c2a5,bicycle
169745,"9,17E+18",9,1,74,126,2017,3,5,5,3,0,1,1,0,0,0,0,0,1,1,684093792.0,5344346.6715,11.478806514,48.225606374,1,#66c2a5,bicycle
169746,"9,17E+18",9,1,77,115,2017,3,22,5,3,6,6,1,0,1,0,0,0,2,0,733496.9724,5351619.6879,12.147095815,48.274687662,1,#66c2a5,bicycle
169747,"9,17E+18",9,1,84,145,2017,3,17,4,3,6,4,0,1,1,0,0,0,0,0,694257.2375,5325635.2693,11.606978269,48.054404965,2,#fc8d62,car
169748,"9,17E+18",9,1,62,0,2017,3,9,4,3,4,2,0,1,0,0,0,1,0,0,690069.3799,5331940.7047,11.553640077,48.11233995,2,#fc8d62,car
169749,"9,17E+18",9,1,62,0,2017,3,12,4,3,0,7,0,1,0,0,0,1,0,0,682893.6045,5335910.9023,11.459029386,48.150127908,2,#fc8d62,car
169750,"9,17E+18",9,1,62,0,2017,3,12,4,3,1,6,1,1,0,0,0,0,0,0,689728409.0,5336007.9682,11.550874751,48.148998424,1,#66c2a5,bicycle
169751,"9,17E+18",9,1,62,0,2017,3,12,4,3,5,3,1,1,0,0,0,0,0,0,688579.8789,5334766.0665,11.534898617,48.138177569,1,#66c2a5,bicycle
169753,"9,17E+18",9,7,62,0,2017,3,12,4,3,0,7,1,0,0,0,0,1,0,0,621612.8986,5303140.3269,10.626240668,47.870078939,1,#66c2a5,bicycle
169755,"9,17E+18",9,7,72,163,2017,3,7,4,3,0,7,1,0,0,0,0,0,0,0,640938.13,5348387502.0,10.899446912,48.272999091,1,#66c2a5,bicycle
169756,"9,17E+18",9,7,61,0,2017,3,17,4,3,0,1,1,0,0,0,0,0,0,0,639619.1957,5361537.6538,10.886038558,48.391534731,1,#66c2a5,bicycle
169757,"9,17E+18",9,7,61,0,2017,3,18,4,3,0,3,1,1,0,0,0,0,0,0,639286.3426,5359513.7806,10.880873934,48.373410211,1,#66c2a5,bicycle
169772,"9,17E+18",9,1,87,182,2017,3,11,4,3,5,3,0,1,0,0,0,0,0,0,737225.9403,5327004963.0,12.183548881,48.052188812,2,#fc8d62,car
169773,"9,17E+18",9,1,63,0,2017,3,13,4,3,0,7,0,0,0,0,0,1,0,0,734500.8092,5304882.5012,12.13497887,47.85445361,6,#ffd92f,circle
169778,"9,17E+18",9,1,79,145,2017,3,7,4,3,1,1,0,1,0,1,0,0,0,2,675164994.0,5337661033.0,11.355930893,48.168035839,2,#fc8d62,car
169779,"9,17E+18",9,1,79,138,2017,3,5,4,3,9,1,0,1,0,0,0,0,2,2,650077.6724,5337523.1747,11.018698698,48.173215445,2,#fc8d62,car
169780,"9,17E+18",9,1,74,115,2017,3,11,4,2,5,7,1,0,0,0,0,1,0,0,681283.3896,5347380.3466,11.442299046,48.253684298,1,#66c2a5,bicycle
169781,"9,17E+18",9,1,62,0,2017,2,17,3,3,4,2,1,1,0,0,0,0,1,1,685893.3564,5329174.5075,11.496384954,48.088708619,1,#66c2a5,bicycle
169782,"9,17E+18",9,1,62,0,2017,2,11,3,3,8,7,0,1,0,0,0,0,0,1,688416944.0,5333854878.0,11.532307666,48.130035911,2,#fc8d62,car
169783,"9,17E+18",9,1,62,0,2017,2,7,3,2,3,2,1,0,0,0,0,1,0,1,688828.8099,5335614.8531,11.538617729,48.145732749,1,#66c2a5,bicycle
169784,"9,17E+18",9,1,62,0,2017,2,6,3,3,4,2,0,1,0,0,0,0,2,1,687453.7836,5336060.6143,11.52034676,48.150146011,2,#fc8d62,car
169785,"9,17E+18",9,1,62,0,2017,2,13,3,3,3,7,0,1,0,0,0,0,0,1,692813.8932,5338372.5198,11.593386606,48.169322574,2,#fc8d62,car
169786,"9,17E+18",9,1,62,0,2017,2,15,3,3,3,2,1,1,0,0,0,0,0,1,692050.3106,5334527478.0,11.581392069,48.134995269,1,#66c2a5,bicycle
169787,"9,17E+18",9,1,84,138,2017,2,7,3,3,0,1,1,0,0,0,0,0,0,1,681068.5491,5331164.5717,11.432497543,48.107985975,1,#66c2a5,bicycle
169788,"9,17E+18",9,1,62,0,2017,2,13,3,2,2,6,0,1,0,0,0,0,0,0,686672.6877,5338284.2315,11.510831012,48.170362242,2,#fc8d62,car
169792,"9,17E+18",9,7,61,0,2017,2,11,3,3,0,5,1,1,0,0,0,0,0,1,641832.8082,5360363.4468,10.915527393,48.380482849,1,#66c2a5,bicycle
169793,"9,17E+18",9,7,61,0,2017,2,7,3,3,0,7,1,0,0,0,0,0,1,1,643198.7215,5360114.3195,10.933879023,48.377934283,1,#66c2a5,bicycle
169794,"9,17E+18",9,7,61,0,2017,2,18,3,3,0,7,0,1,0,1,0,0,2,0,641133.6141,5351859.0584,10.903239923,48.30417098,2,#fc8d62,car
169795,"9,17E+18",9,7,61,0,2017,2,6,3,3,2,6,0,1,0,0,0,1,0,1,640729.5608,5355562.65,10.899030339,48.337562723,2,#fc8d62,car
169796,"9,17E+18",9,7,61,0,2017,2,18,3,3,6,2,0,0,1,1,0,0,2,1,640291.5817,5359155.4359,10.894321082,48.369965414,3,#8da0cb,toilet
169797,"9,17E+18",9,7,61,0,2017,2,16,3,3,0,2,0,0,0,1,0,1,0,1,640569.3585,5359150.7203,10.898068116,48.369861205,4,#e78ac3,marker
169814,"9,17E+18",9,1,79,142,2017,2,15,3,3,0,1,1,0,0,0,0,0,0,1,673246.9074,5341532.0496,11.331734032,48.203359788,1,#66c2a5,bicycle
169815,"9,17E+18",9,1,74,115,2017,2,8,3,3,0,7,0,0,0,0,0,1,0,1,681781.0901,5346386336.0,11.448571034,48.244607007,6,#ffd92f,circle
169816,"9,17E+18",9,1,62,0,2017,2,17,2,3,0,5,0,1,0,0,0,1,0,0,690767.0665,5331160.6021,11.562655168,48.105119798,2,#fc8d62,car
169817,"9,17E+18",9,1,84,119,2017,2,12,2,2,0,7,1,0,0,0,0,0,0,0,696159.3393,5348244.9984,11.642899611,48.257025814,1,#66c2a5,bicycle
169818,"9,17E+18",9,1,62,0,2017,2,13,2,3,5,3,0,0,0,0,0,1,0,0,687008.6203,5334545.3207,11.513701947,48.136657149,6,#ffd92f,circle
169819,"9,17E+18",9,1,62,0,2017,2,0,2,3,2,6,0,1,0,0,0,0,2,0,691076458.0,5334240949.0,11.568187458,48.132713102,2,#fc8d62,car
169820,"9,17E+18",9,1,62,0,2017,2,17,2,3,2,6,0,1,0,0,0,0,0,0,692245.2292,5334792.9158,11.584129045,48.137322124,2,#fc8d62,car
169821,"9,17E+18",9,1,62,0,2017,2,17,2,3,2,6,0,1,0,0,0,0,0,0,692061.4203,5334494.3942,11.581526325,48.134694565,2,#fc8d62,car
169827,"9,17E+18",9,7,72,125,2017,2,16,2,3,0,1,1,0,0,0,0,0,0,0,636286.6399,5347483303.0,10.836500582,48.265886568,1,#66c2a5,bicycle
169828,"9,17E+18",9,7,61,0,2017,2,18,2,3,5,3,0,1,0,0,0,0,2,0,638486.15,5359275783.0,10.869996028,48.371446296,2,#fc8d62,car
169829,"9,17E+18",9,7,61,0,2017,2,13,2,3,3,2,0,1,0,0,0,1,0,0,641727.4883,5359997.4469,10.913982405,48.377215605,2,#fc8d62,car