OBJECTID,UIDENTSTLA,ULAND,UREGBEZ,UKREIS,UGEMEINDE,UJAHR,UMONAT,USTUNDE,UWOCHENTAG,UKATEGORIE,UART,UTYP1,IstRad,IstPKW,IstFuss,IstKrad,IstGkfz,IstSonstig,ULICHTVERH,STRZUSTAND,LINREFX,LINREFY,XGCSWGS84,YGCSWGS84,Teilnehmer,color,symbol
169830,"9,17E+18",9,7,61,0,2017,2,17,2,3,0,7,1,0,0,0,0,0,0,0,640550239.0,5359232.9348,10.897837577,48.370604709,1,#66c2a5,bicycle
169831,"9,17E+18",9,7,61,0,2017,2,14,2,3,2,6,0,1,0,0,0,0,0,0,639984.6397,5359167964.0,10.890183041,48.370146217,2,#fc8d62,car
169847,"9,17E+18",9,2,61,0,2017,2,11,2,3,0,1,1,0,0,0,0,0,0,0,732680.1021,5380851.2271,12.152305236,48.537574824,1,#66c2a5,bicycle
169849,"9,17E+18",9,1,78,124,2017,2,8,2,3,5,3,1,1,0,0,0,0,0,0,703976.7922,5363952.2834,11.755701536,48.395708123,1,#66c2a5,bicycle
169850,"9,17E+18",9,1,75,128,2017,2,19,2,2,2,6,1,1,0,0,0,1,2,0,713522072.0,5323357.7508,11.864061595,48.027785794,1,#66c2a5,bicycle
169851,"9,17E+18",9,1,62,0,2017,2,16,1,3,4,2,0,1,0,0,0,0,0,0,697929401.0,5330963.1802,11.658672828,48.10116065,2,#fc8d62,car
169852,"9,17E+18",9,1,62,0,2017,2,16,1,3,1,5,1,1,0,0,0,0,0,0,690124.9952,5336769.6244,11.556541552,48.155725764,1,#66c2a5,bicycle
169853,"9,17E+18",9,7,61,0,2017,2,12,1,3,2,6,0,1,0,0,0,0,0,0,639532.3936,5357385.8002,10.883488804,48.354221595,2,#fc8d62,car
169862,"9,17E+18",9,1,81,126,2017,2,14,1,2,0,1,0,0,0,1,0,0,0,0,634779.8347,5331660.1057,10.811183257,48.123920982,4,#e78ac3,marker
169863,"9,17E+18",9,1,62,0,2017,2,23,7,3,6,7,0,1,1,0,0,0,2,0,694440.8185,5333303.9939,11.612930735,48.123273205,2,#fc8d62,car
169864,"9,17E+18",9,1,62,0,2017,2,9,7,3,1,5,1,1,0,0,0,0,0,0,689538.7784,5332594.2433,11.546809061,48.118372148,1,#66c2a5,bicycle
169865,"9,17E+18",9,1,62,0,2017,2,13,7,3,6,4,0,1,1,0,0,0,0,0,691253.7587,5339759.1971,11.57304845,48.182257121,2,#fc8d62,car
169866,"9,17E+18",9,1,62,0,2017,2,16,7,3,5,2,1,1,0,0,0,0,0,0,687985.3765,5339038.6219,11.528803081,48.17675594,1,#66c2a5,bicycle
169867,"9,17E+18",9,1,62,0,2017,2,17,7,3,3,6,0,1,0,0,0,1,0,0,692312.3419,5337703.7936,11.586345377,48.16346417,2,#fc8d62,car
169868,"9,17E+18",9,1,62,0,2017,2,14,7,3,1,7,1,1,0,0,0,0,0,0,692073.7815,5336237648.0,11.582478606,48.150358879,1,#66c2a5,bicycle
169869,"9,17E+18",9,1,62,0,2017,2,4,7,3,5,3,0,1,0,0,0,0,2,0,694107.2467,5334745601.0,11.609109632,48.136331645,2,#fc8d62,car
169870,"9,17E+18",9,1,62,0,2017,2,18,7,3,1,3,0,1,0,1,0,0,2,0,687737.5779,5334546.2021,11.523490881,48.136450438,2,#fc8d62,car
169871,"9,17E+18",9,1,62,0,2017,2,20,7,2,6,4,0,1,1,0,0,0,2,0,691805.3131,5342960.1501,11.581907077,48.210860183,2,#fc8d62,car
169872,"9,17E+18",9,1,84,123,2017,2,20,7,3,6,4,0,1,1,0,0,0,2,0,702463291.0,5331866.4213,11.719932191,48.107853502,2,#fc8d62,car
169873,"9,17E+18",9,1,62,0,2017,2,12,7,3,1,5,0,1,0,1,0,0,0,0,692626.74,5331758142.0,11.587880446,48.109930815,2,#fc8d62,car
169881,"9,17E+18",9,7,61,0,2017,2,4,7,3,2,6,0,1,0,0,0,0,2,0,638105.0421,5361898.3244,10.865714638,48.395111207,2,#fc8d62,car
169882,"9,17E+18",9,7,61,0,2017,2,11,7,3,2,6,0,1,0,0,0,0,0,0,640920.2878,5357426.7195,10.90222642,48.354281332,2,#fc8d62,car
169883,"9,17E+18",9,7,61,0,2017,2,14,7,3,1,1,1,1,0,0,0,0,0,0,638955162.0,5356940.5555,10.875554365,48.350345323,1,#66c2a5,bicycle
169902,"9,17E+18",9,7,71,146,2017,3,13,6,3,9,1,1,0,0,0,0,0,0,0,647893.4344,5347160.7783,10.99269821,48.260383143,1,#66c2a5,bicycle
169903,"9,17E+18",9,7,72,163,2017,3,12,6,3,5,3,1,1,0,0,0,0,0,0,640737.0438,5346492.8899,10.896107945,48.256007769,1,#66c2a5,bicycle
169904,"9,17E+18",9,7,72,202,2017,3,16,6,3,5,3,1,1,0,0,0,0,0,0,637064.9697,5357017.0558,10.850080231,48.351446263,1,#66c2a5,bicycle
169931,"9,17E+18",9,1,88,139,2017,3,7,6,2,0,1,1,0,0,0,0,0,0,1,674968.7171,5320660.0762,11.346326759,48.015260346,1,#66c2a5,bicycle
169932,"9,17E+18",9,1,79,142,2017,3,19,6,3,5,3,1,1,0,0,0,0,2,0,673890.7423,5344068.7711,11.341431953,48.225987199,1,#66c2a5,bicycle
169933,"9,17E+18",9,1,79,117,2017,3,7,6,3,4,1,0,1,0,0,0,0,0,0,662523.6033,5350201.2344,11.190849193,48.284133606,2,#fc8d62,car
169934,"9,17E+18",9,1,88,120,2017,3,13,6,2,5,2,1,0,0,1,0,0,0,0,677152.7418,5327486.0884,11.378413452,48.076020152,1,#66c2a5,bicycle
169935,"9,17E+18",9,1,79,121,2017,3,20,6,2,5,3,1,1,0,0,0,0,2,0,668422.4841,5339774.0706,11.266158101,48.188854091,1,#66c2a5,bicycle
169936,"9,17E+18",9,1,81,123,2017,3,11,6,2,6,1,0,1,1,0,0,0,0,0,655108.2107,5326200.5981,11.082198938,48.070205859,2,#fc8d62,car
169937,"9,17E+18",9,1,77,117,2017,3,17,6,2,3,6,1,1,0,0,0,0,0,0,714833.5215,5354009.4976,11.897111632,48.302766628,1,#66c2a5,bicycle
169938,"9,17E+18",9,1,62,0,2017,3,18,5,2,5,3,1,1,0,0,0,0,0,0,688939.2443,5330941.0275,11.53802913,48.103690931,1,#66c2a5,bicycle
169939,"9,17E+18",9,1,62,0,2017,3,10,5,3,5,3,1,1,0,0,0,0,0,1,683465.8621,5338979.8165,11.468039868,48.177548276,1,#66c2a5,bicycle
169940,"9,17E+18",9,1,62,0,2017,3,6,5,3,5,3,1,1,0,0,0,0,0,1,688829915.0,5335641.3764,11.538644334,48.145970815,1,#66c2a5,bicycle
169941,"9,17E+18",9,1,62,0,2017,3,7,5,3,6,7,0,1,1,0,0,0,0,1,695239.6912,5338703.3522,11.626130664,48.171555481,2,#fc8d62,car
169942,"9,17E+18",9,1,62,0,2017,3,17,5,3,4,6,0,1,0,0,0,0,0,1,697929.5604,5330963.8597,11.658675282,48.101166708,2,#fc8d62,car
169943,"9,17E+18",9,1,62,0,2017,3,8,5,2,0,7,1,0,0,0,0,0,0,1,688405808.0,5337132.7241,11.533608607,48.159501005,1,#66c2a5,bicycle
169947,"9,17E+18",9,7,71,142,2017,3,11,5,3,0,1,0,0,0,1,0,0,0,1,645034.0679,5352982925.0,10.956193901,48.313393947,4,#e78ac3,marker
169948,"9,17E+18",9,7,61,0,2017,3,9,5,3,5,3,1,1,0,0,0,0,0,1,642970.0782,5360025.8841,10.930762973,48.377190968,1,#66c2a5,bicycle
169968,"9,17E+18",9,1,86,126,2017,3,5,5,3,5,3,1,1,0,0,0,0,1,1,684910.3154,5376033.2313,11.503720263,48.510169515,1,#66c2a5,bicycle
169969,"9,17E+18",9,1,79,142,2017,3,17,5,3,8,1,0,1,0,0,0,0,0,0,675016.5629,5341863.7807,11.355667887,48.205856424,2,#fc8d62,car
169970,"9,17E+18",9,1,79,121,2017,3,10,5,3,6,7,0,1,1,0,0,0,0,1,667987.3877,5338811.2449,11.259927798,48.180313616,2,#fc8d62,car
169971,"9,17E+18",9,1,74,115,2017,3,16,5,3,5,3,1,1,0,0,0,0,0,0,683483559.0,5348762411.0,11.472511176,48.265473688,1,#66c2a5,bicycle
169972,"9,17E+18",9,1,78,145,2017,3,11,5,3,3,1,1,0,0,0,0,0,0,1,696446.0284,5354387.4223,11.649613611,48.312139704,1,#66c2a5,bicycle
169973,"9,17E+18",9,1,78,145,2017,3,14,5,3,6,4,0,1,1,0,0,0,0,1,697418.8056,5354804.0332,11.662914445,48.315580896,2,#fc8d62,car
169974,"9,17E+18",9,1,62,0,2017,3,19,4,3,0,2,0,0,1,0,0,1,2,1,692667.1717,5334797.0789,11.589796608,48.137231933,3,#8da0cb,toilet
169975,"9,17E+18",9,1,62,0,2017,3,21,4,3,4,2,1,1,0,0,0,0,2,1,692633.6009,5334757.8934,11.589328112,48.136889905,1,#66c2a5,bicycle
169976,"9,17E+18",9,1,62,0,2017,3,13,4,3,5,2,0,0,1,0,0,1,0,0,691299.6837,5331897.5449,11.570133037,48.111583697,3,#8da0cb,toilet
169977,"9,17E+18",9,1,62,0,2017,3,18,4,3,9,6,0,1,0,0,0,1,1,1,692556.2686,5334169.6223,11.588023842,48.131626055,2,#fc8d62,car
169978,"9,17E+18",9,1,62,0,2017,3,16,4,3,6,7,0,1,1,0,0,0,0,0,695651.5112,5329902.5792,11.627622707,48.092331964,2,#fc8d62,car
169979,"9,17E+18",9,1,62,0,2017,3,14,4,2,6,4,0,1,1,0,0,0,0,0,688573.9605,5336467.8769,11.535572913,48.153475434,2,#fc8d62,car
169980,"9,17E+18",9,1,62,0,2017,3,10,4,3,2,6,0,1,0,0,0,1,0,0,690434.4915,5342619.7184,11.563320773,48.208213199,2,#fc8d62,car
169981,"9,17E+18",9,1,62,0,2017,3,19,4,3,5,2,1,1,0,0,0,0,2,1,685456.6013,5339106.9832,11.494849199,48.178113429,1,#66c2a5,bicycle
169982,"9,17E+18",9,1,62,0,2017,3,16,4,3,0,7,0,0,0,0,0,1,0,0,691864.3888,5335000.1919,11.579108605,48.139300027,6,#ffd92f,circle
169988,"9,17E+18",9,7,72,163,2017,3,11,4,2,0,7,1,0,0,0,0,0,0,0,640602.4332,5346976.5017,10.894456121,48.260386221,1,#66c2a5,bicycle
169989,"9,17E+18",9,7,61,0,2017,3,10,4,3,8,1,0,1,0,0,0,0,0,0,637650.7084,5360759.3904,10.859207009,48.384969448,2,#fc8d62,car
169990,"9,17E+18",9,7,61,0,2017,3,16,4,2,5,3,0,1,0,1,0,0,0,0,643455168.0,5361477662.0,10.937805684,48.390134432,2,#fc8d62,car
169991,"9,17E+18",9,7,61,0,2017,3,15,4,3,0,7,1,0,0,0,0,0,0,0,641440.4016,5358887.7675,10.909734353,48.367302234,1,#66c2a5,bicycle
170015,"9,17E+18",9,2,74,126,2017,3,16,4,3,5,3,0,1,0,1,0,0,0,0,733826.2569,5383161.1811,12.169105068,48.557898156,2,#fc8d62,car
170018,"9,17E+18",9,1,63,0,2017,3,13,4,3,5,3,0,1,0,0,0,1,0,0,733325.0389,5305279.4698,12.119498581,47.858447887,2,#fc8d62,car
170019,"9,17E+18",9,1,82,120,2017,3,12,4,3,6,7,0,0,1,0,0,1,0,0,701708.5199,5306150.5312,11.697722336,47.876979867,3,#8da0cb,toilet
170020,"9,17E+18",9,1,87,122,2017,3,15,4,2,6,4,0,1,1,0,0,0,0,0,718153933.0,5307348347.0,11.917990237,47.882367721,2,#fc8d62,car
170021,"9,17E+18",9,1,86,125,2017,3,6,4,3,8,1,0,1,0,0,0,0,1,1,674011498.0,5372179514.0,11.354676703,48.478643364,2,#fc8d62,car
170022,"9,17E+18",9,1,79,138,2017,3,8,4,3,5,3,0,1,0,0,0,0,0,0,654827387.0,5336046404.0,11.082006446,48.158798422,2,#fc8d62,car
170023,"9,17E+18",9,1,79,121,2017,3,7,4,3,5,7,1,1,0,0,0,0,0,0,665923.6803,5337664.3594,11.231739099,48.170545317,1,#66c2a5,bicycle
170024,"9,17E+18",9,1,78,120,2017,3,14,4,3,0,1,1,0,0,0,0,0,0,1,694495.1713,5351969.7129,11.622215851,48.29101399,1,#66c2a5,bicycle
170025,"9,17E+18",9,1,77,118,2017,3,12,4,3,5,3,0,1,0,0,0,1,0,0,706191878.0,5348275933.0,11.777924379,48.254119179,2,#fc8d62,car
170026,"9,17E+18",9,1,62,0,2017,3,17,3,3,4,3,0,1,0,0,0,0,0,1,681104.2702,5337355.7905,11.435609209,48.163627719,2,#fc8d62,car
170027,"9,17E+18",9,1,62,0,2017,3,18,3,3,3,6,0,1,0,1,0,0,0,0,691876.5398,5340390.9471,11.581703598,48.187747364,2,#fc8d62,car
170028,"9,17E+18",9,1,62,0,2017,3,19,3,3,1,6,0,1,0,0,0,0,2,0,690141.8448,5339166.7536,11.557839661,48.177266012,2,#fc8d62,car
170029,"9,17E+18",9,1,84,136,2017,3,10,3,3,1,3,0,1,0,0,0,1,0,1,697545.6553,5325959.6031,11.651210813,48.056310532,2,#fc8d62,car
170030,"9,17E+18",9,1,62,0,2017,3,11,3,3,5,3,0,1,0,0,0,1,0,0,701392.4944,5331167.8686,11.705233879,48.101915044,2,#fc8d62,car
170031,"9,17E+18",9,1,62,0,2017,3,13,3,3,3,5,1,1,0,0,0,0,0,0,686329.2488,5334716.49,11.504654028,48.138394965,1,#66c2a5,bicycle
170032,"9,17E+18",9,1,62,0,2017,3,16,3,3,0,3,1,0,0,0,0,1,0,0,683017.0048,5335755.2786,11.460620021,48.148693567,1,#66c2a5,bicycle
170033,"9,17E+18",9,1,62,0,2017,3,9,3,3,5,3,1,1,0,0,0,0,0,1,691391.3209,5336948.8322,11.573632217,48.156956618,1,#66c2a5,bicycle
170034,"9,17E+18",9,1,62,0,2017,3,15,3,3,2,6,0,1,0,0,0,0,0,1,694263.6173,5341403.3873,11.614250422,48.196121189,2,#fc8d62,car
170035,"9,17E+18",9,1,62,0,2017,3,8,3,3,6,4,0,1,1,0,0,0,0,1,689560.4069,5340424.2191,11.550587062,48.18874179,2,#fc8d62,car
170036,"9,17E+18",9,1,62,0,2017,3,12,3,3,5,2,0,1,0,0,0,1,0,0,689407.8379,5335728596.0,11.546444831,48.146582946,2,#fc8d62,car
170037,"9,17E+18",9,1,62,0,2017,3,8,3,3,5,2,1,1,0,0,0,0,0,1,692304.0544,5337689.4967,11.586227575,48.16333818,1,#66c2a5,bicycle
170041,"9,17E+18",9,7,61,0,2017,3,16,3,3,5,2,0,1,0,0,0,1,0,0,638482.3447,5360365.0361,10.870303505,48.381241474,2,#fc8d62,car
170042,"9,17E+18",9,7,61,0,2017,3,17,3,3,1,6,0,1,0,0,0,1,0,0,637818.0162,5359431124.0,10.861030011,48.372989359,2,#fc8d62,car
170043,"9,17E+18",9,7,61,0,2017,3,6,3,3,2,6,0,1,0,0,0,0,0,0,637720.42,5359429.6034,10.859712342,48.372996993,2,#fc8d62,car
170044,"9,17E+18",9,7,61,0,2017,3,16,3,3,5,3,1,0,0,0,0,1,0,0,641725.8421,5362331.5168,10.914747592,48.39820288,1,#66c2a5,bicycle
170072,"9,17E+18",9,1,82,120,2017,3,18,3,3,6,7,0,1,1,0,0,0,2,0,702009.6097,5306274.6479,11.701802628,47.878000708,2,#fc8d62,car
170073,"9,17E+18",9,1,87,117,2017,3,10,3,2,5,3,1,0,0,0,0,1,0,0,724408.9224,5305872.1529,12.000772271,47.866948583,1,#66c2a5,bicycle
170074,"9,17E+18",9,1,74,115,2017,3,10,3,3,2,6,0,1,0,0,0,1,0,1,681331.4632,5348915.96,11.443604251,48.267473541,2,#fc8d62,car
170075,"9,17E+18",9,1,77,133,2017,3,5,3,3,3,6,0,1,0,0,0,0,2,1,706622.4269,5359780.1927,11.789349627,48.357356872,2,#fc8d62,car
170076,"9,17E+18",9,1,77,133,2017,3,15,3,3,7,3,0,1,0,0,0,0,0,0,706501.2999,5359878.7807,11.787764829,48.358282399,2,#fc8d62,car
170077,"9,17E+18",9,1,62,0,2017,3,12,2,3,6,4,0,1,1,0,0,0,0,0,690870.9407,5334195.3123,11.565407605,48.132364588,2,#fc8d62,car
170078,"9,17E+18",9,1,62,0,2017,3,19,2,3,2,6,0,1,0,0,0,0,2,0,691321.2451,5336123509.0,11.572319868,48.149559809,2,#fc8d62,car
170079,"9,17E+18",9,1,62,0,2017,3,15,2,3,3,6,0,1,0,0,0,0,0,0,697933.9975,5330952504.0,11.65872955,48.101063272,2,#fc8d62,car
170080,"9,17E+18",9,1,62,0,2017,3,10,2,3,1,5,0,1,0,0,0,0,0,0,695621.7243,5336892.4917,11.630430876,48.155163027,2,#fc8d62,car
170081,"9,17E+18",9,1,62,0,2017,3,14,2,3,4,2,0,1,0,0,0,0,0,0,697926877.0,5333878.2506,11.659991785,48.127360062,2,#fc8d62,car
170082,"9,17E+18",9,1,62,0,2017,3,10,2,3,0,7,0,0,1,0,0,1,0,0,691695.7465,5334565.4283,11.576648373,48.135443259,3,#8da0cb,toilet
170083,"9,17E+18",9,1,62,0,2017,3,15,2,3,5,3,0,1,0,0,0,0,0,0,688854938.0,5334636561.0,11.538534791,48.136931983,2,#fc8d62,car
170084,"9,17E+18",9,1,62,0,2017,3,8,2,3,5,3,1,1,0,0,0,0,0,0,688154955.0,5336760.5596,11.530074065,48.156230211,1,#66c2a5,bicycle
170085,"9,17E+18",9,1,62,0,2017,3,18,2,2,6,4,0,1,1,0,0,0,2,0,687426.1097,5338909.9874,11.5212306,48.175764943,2,#fc8d62,car
170086,"9,17E+18",9,1,62,0,2017,3,17,2,3,6,7,0,1,1,0,0,0,0,1,682329615.0,5335873371.0,11.451437605,48.14995247,2,#fc8d62,car
170088,"9,17E+18",9,7,72,130,2017,3,17,2,3,5,2,0,1,0,0,0,0,1,0,632166.8198,5357634752.0,10.784193742,48.358044849,2,#fc8d62,car
170089,"9,17E+18",9,7,72,149,2017,3,12,2,2,0,1,1,0,0,0,0,0,0,0,634884.2261,5338641.1349,10.81479851,48.186675285,1,#66c2a5,bicycle
170090,"9,17E+18",9,7,61,0,2017,3,15,2,3,6,4,0,1,1,0,0,0,0,0,640786.9203,5354903.0235,10.899583504,48.331618775,2,#fc8d62,car
170091,"9,17E+18",9,7,61,0,2017,3,11,2,3,2,7,0,1,0,1,0,0,0,0,639410.8154,5359199.6999,10.882449692,48.370558593,2,#fc8d62,car
170108,"9,17E+18",9,1,73,126,2017,3,18,2,3,4,2,0,1,0,0,0,0,2,1,685470307.0,5302903833.0,11.479373257,47.852691045,2,#fc8d62,car
170113,"9,17E+18",9,1,86,146,2017,3,21,2,2,1,1,0,1,0,1,0,0,2,0,685373.9341,5370790.0396,11.507665658,48.462908166,2,#fc8d62,car
170114,"9,17E+18",9,1,74,115,2017,3,17,2,3,5,3,1,1,0,0,0,0,0,0,680209.2526,5348109.3668,11.428151979,48.260543579,1,#66c2a5,bicycle
170115,"9,17E+18",9,1,74,115,2017,3,7,2,3,1,6,0,1,0,0,0,0,0,1,682245.2582,5346972.2106,11.455069557,48.249739896,2,#fc8d62,car
170116,"9,17E+18",9,1,62,0,2017,3,14,1,3,0,6,0,0,0,1,0,0,0,0,689062.1536,5332538056.0,11.540386336,48.118008819,4,#e78ac3,marker
170117,"9,17E+18",9,1,62,0,2017,3,17,1,2,3,6,1,0,0,0,0,0,1,0,689368.5506,5337116.4371,11.546534715,48.159068631,1,#66c2a5,bicycle
170130,"9,17E+18",9,2,61,0,2017,3,12,1,3,0,6,0,1,0,1,0,0,0,0,732645.2938,5380013.2704,12.15136677,48.530060594,2,#fc8d62,car
170131,"9,17E+18",9,2,74,124,2017,3,1,1,3,0,1,1,0,0,0,0,0,2,0,725135.1888,5375958.5518,12.047601515,48.496372851,1,#66c2a5,bicycle
170132,"9,17E+18",9,1,73,126,2017,3,17,1,3,0,1,1,0,0,0,0,0,1,0,682425.0189,5304273.3992,11.439279975,47.865874027,1,#66c2a5,bicycle
170135,"9,17E+18",9,1,74,121,2017,3,17,1,3,8,1,0,0,0,1,0,0,0,0,690152.6838,5355347294.0,11.565253201,48.3226901,4,#e78ac3,marker
170136,"9,17E+18",9,1,62,0,2017,3,11,7,3,0,6,1,0,0,0,0,0,0,0,685067.5435,5337697.2972,11.489006893,48.165556014,1,#66c2a5,bicycle
170137,"9,17E+18",9,1,62,0,2017,3,12,7,3,1,3,1,1,0,0,0,0,0,0,696608.1426,5337509.3963,11.643965214,48.160403186,1,#66c2a5,bicycle
170138,"9,17E+18",9,1,62,0,2017,3,15,7,3,3,2,1,1,0,0,0,0,0,0,690359.4086,5333884.6494,11.558400669,48.129725548,1,#66c2a5,bicycle
170139,"9,17E+18",9,1,62,0,2017,3,11,7,3,0,7,0,1,0,1,0,0,0,0,679394.2483,5334837.4712,11.41157141,48.141475463,2,#fc8d62,car
170140,"9,17E+18",9,1,62,0,2017,3,17,7,3,0,6,1,0,0,0,0,0,0,0,695510.3081,5336392.4347,11.628704635,48.150703043,1,#66c2a5,bicycle
170141,"9,17E+18",9,1,62,0,2017,3,19,7,3,6,4,0,1,1,0,0,0,2,0,693893465.0,5335103163.0,11.60640192,48.139610458,2,#fc8d62,car
170142,"9,17E+18",9,1,84,144,2017,3,14,7,2,4,6,0,1,0,0,0,0,0,0,689888.4286,5320642.5741,11.54619542,48.010844312,2,#fc8d62,car
170143,"9,17E+18",9,1,62,0,2017,3,16,7,3,0,7,1,0,0,0,0,0,0,0,685356.3273,5339395.9063,11.493627611,48.180739636,1,#66c2a5,bicycle
170144,"9,17E+18",9,1,62,0,2017,3,12,7,3,2,6,1,0,0,0,0,0,0,0,693665.4391,5335790792.0,11.603652712,48.145860077,1,#66c2a5,bicycle
170145,"9,17E+18",9,1,62,0,2017,3,2,7,3,0,1,1,0,0,0,0,0,2,0,691753.7966,5335024.0731,11.577634299,48.139548004,1,#66c2a5,bicycle
170150,"9,17E+18",9,7,72,163,2017,3,11,7,3,0,3,0,1,0,1,0,0,0,0,640104.3698,5346568.2044,10.887613871,48.256825194,2,#fc8d62,car
170151,"9,17E+18",9,7,61,0,2017,3,11,7,3,5,3,0,1,0,1,0,0,0,0,639083.8923,5363010.9863,10.879299545,48.404900803,2,#fc8d62,car
170152,"9,17E+18",9,7,61,0,2017,3,17,7,3,4,2,0,1,0,0,0,0,0,0,641907.1341,5357632.4807,10.915609127,48.355910458,2,#fc8d62,car
170163,"9,17E+18",9,1,63,0,2017,3,7,5,3,4,7,1,1,0,0,0,0,0,0,733150.9848,5304611.2083,12.116814912,47.852507336,1,#66c2a5,bicycle
170164,"9,17E+18",9,1,63,0,2017,3,8,5,3,5,3,1,1,0,0,0,0,0,0,733994.3673,5305224.7144,12.128403943,47.857712616,1,#66c2a5,bicycle
170165,"9,17E+18",9,1,85,158,2017,3,15,5,3,5,3,1,1,0,0,0,0,0,0,667776046.0,5379560455.0,11.273338331,48.546687592,1,#66c2a5,bicycle
170166,"9,17E+18",9,1,81,130,2017,3,6,5,3,0,3,0,1,0,1,0,0,1,0,639779488.0,5324139.8822,10.875870567,48.055219347,2,#fc8d62,car
170167,"9,17E+18",9,1,88,121,2017,3,17,5,3,2,6,0,1,0,0,0,0,0,0,669929.6483,5329167.7889,11.282188241,48.093104246,2,#fc8d62,car
170168,"9,17E+18",9,1,79,121,2017,3,8,5,3,4,2,1,1,0,0,0,0,0,0,667707.6951,5338353.3412,11.255987429,48.176270985,1,#66c2a5,bicycle
170169,"9,17E+18",9,1,74,115,2017,3,7,5,3,5,3,1,1,0,0,0,0,0,0,680407.7821,5347387.2714,11.430516626,48.2539964,1,#66c2a5,bicycle
170170,"9,17E+18",9,1,78,124,2017,3,15,5,3,6,4,0,1,1,0,0,0,0,0,702945.2223,5364483.7789,11.742038651,48.400817069,2,#fc8d62,car
170171,"9,17E+18",9,1,77,112,2017,3,9,5,3,8,1,0,0,0,1,0,0,0,0,716653.1967,5363077.1031,11.926281373,48.383617906,4,#e78ac3,marker
170174,"9,17E+18",9,1,62,0,2017,3,18,4,3,6,4,0,1,1,0,0,0,1,0,684039.5389,5333230.3444,11.473263533,48.125702981,2,#fc8d62,car
170175,"9,17E+18",9,1,84,147,2017,3,7,4,3,2,6,0,1,0,1,0,0,0,0,696994.2242,5340297.9987,11.650443599,48.185345651,2,#fc8d62,car
170176,"9,17E+18",9,1,62,0,2017,3,10,4,3,4,2,1,1,0,0,0,0,0,0,694550.5126,5335475899.0,11.615394996,48.142759904,1,#66c2a5,bicycle
170177,"9,17E+18",9,1,62,0,2017,3,7,4,2,6,4,0,1,1,0,0,0,0,0,690469.4515,5342237.6065,11.563619346,48.204768347,2,#fc8d62,car
170178,"9,17E+18",9,1,62,0,2017,3,16,4,3,6,7,1,0,1,0,0,0,0,0,692426.3748,5337315.5151,11.587701705,48.159939919,1,#66c2a5,bicycle
170179,"9,17E+18",9,1,62,0,2017,3,14,4,3,5,2,1,1,0,0,0,0,0,0,689147.1714,5336020.4414,11.543073624,48.149283634,1,#66c2a5,bicycle
170180,"9,17E+18",9,1,62,0,2017,3,20,4,3,0,7,0,0,0,0,0,1,2,0,693428.0803,5335227.1266,11.600209004,48.140866243,6,#ffd92f,circle
170182,"9,17E+18",9,7,77,130,2017,3,10,4,3,0,1,1,0,0,0,0,0,0,0,625152.1036,5308994.3238,10.675245148,47.922046935,1,#66c2a5,bicycle
170183,"9,17E+18",9,7,72,177,2017,3,13,4,3,0,7,1,0,0,0,0,0,0,0,636567962.0,5378017.5228,10.85022397,48.540386079,1,#66c2a5,bicycle
170184,"9,17E+18",9,7,72,184,2017,3,15,4,3,5,3,1,1,0,0,0,0,0,0,635849.9127,5361513053.0,10.835140984,48.392136748,1,#66c2a5,bicycle
170185,"9,17E+18",9,7,71,146,2017,3,9,4,3,5,3,0,1,0,1,0,0,0,0,647411.8147,5347708.4157,10.986403832,48.265419391,2,#fc8d62,car
170186,"9,17E+18",9,7,72,125,2017,3,15,4,3,5,3,0,1,0,0,0,0,0,0,636733.6786,5347194.8331,10.842428063,48.263196272,2,#fc8d62,car
170187,"9,17E+18",9,7,61,0,2017,3,12,4,3,2,6,0,1,0,1,0,0,0,0,637065.2066,5360153.4463,10.851105474,48.379648364,2,#fc8d62,car
170188,"9,17E+18",9,7,61,0,2017,3,8,4,3,3,6,1,0,0,0,0,1,0,0,642673.0152,5360539008.0,10.926927781,48.38187196,1,#66c2a5,bicycle
170212,"9,17E+18",9,1,90,157,2017,3,14,4,3,0,1,1,0,0,0,0,0,0,0,659458604.0,5299798319.0,11.130772726,47.831749961,1,#66c2a5,bicycle
170218,"9,17E+18",9,1,81,131,2017,3,6,4,3,5,3,0,1,0,0,0,0,0,0,635785148.0,5334093.7291,10.825461464,48.145591462,2,#fc8d62,car
170219,"9,17E+18",9,1,79,126,2017,3,18,4,3,1,3,1,1,0,0,0,0,2,0,676616.3577,5338933.0056,11.375962554,48.179068216,1,#66c2a5,bicycle
170220,"9,17E+18",9,1,79,121,2017,3,9,4,2,6,7,0,1,1,0,0,0,0,0,665222.6944,5336809.1502,11.221985647,48.163039471,2,#fc8d62,car
170221,"9,17E+18",9,1,78,142,2017,3,17,4,3,4,3,1,1,0,0,0,0,0,0,714507847.0,5377415.0139,11.90468725,48.51317614,1,#66c2a5,bicycle
170222,"9,17E+18",9,1,77,144,2017,3,7,4,3,5,3,0,1,0,0,0,0,0,0,715525.3157,5347000.0444,11.902855917,48.239550121,2,#fc8d62,car
170223,"9,17E+18",9,1,62,0,2017,3,8,3,3,5,3,1,1,0,0,0,0,0,0,691313.8168,5338695.0054,11.573376576,48.172674275,1,#66c2a5,bicycle