OBJECTID,UIDENTSTLA,ULAND,UREGBEZ,UKREIS,UGEMEINDE,UJAHR,UMONAT,USTUNDE,UWOCHENTAG,UKATEGORIE,UART,UTYP1,IstRad,IstPKW,IstFuss,IstKrad,IstGkfz,IstSonstig,ULICHTVERH,STRZUSTAND,LINREFX,LINREFY,XGCSWGS84,YGCSWGS84,Teilnehmer,color,symbol
170224,"9,17E+18",9,1,62,0,2017,3,15,3,3,2,6,0,1,0,0,0,1,0,0,699357.0734,5334474.2497,11.679469679,48.132270117,2,#fc8d62,car
170225,"9,17E+18",9,1,84,130,2017,3,7,3,3,6,6,0,0,1,0,0,1,1,0,698979.0529,5344878.2141,11.679265727,48.225889617,3,#8da0cb,toilet
170226,"9,17E+18",9,1,62,0,2017,3,13,3,3,5,2,0,1,0,0,0,0,0,0,686093.6168,5338758.0745,11.503257394,48.174791096,2,#fc8d62,car
170227,"9,17E+18",9,1,62,0,2017,3,8,3,3,5,2,1,1,0,0,0,0,0,0,684282.8704,5331255.0513,11.475676789,48.107877485,1,#66c2a5,bicycle
170228,"9,17E+18",9,1,62,0,2017,3,14,3,3,0,2,0,1,0,0,0,1,0,0,693899.4965,5331293.4859,11.604750096,48.10536846,2,#fc8d62,car
170229,"9,17E+18",9,1,62,0,2017,3,8,3,3,6,4,1,0,1,0,0,0,0,0,692934.5148,5333194.8878,11.592660949,48.122750829,1,#66c2a5,bicycle
170230,"9,17E+18",9,1,62,0,2017,3,8,3,3,0,1,1,0,0,0,0,0,0,0,692157.2825,5333170.5815,11.582216539,48.122767418,1,#66c2a5,bicycle
170231,"9,17E+18",9,1,62,0,2017,3,17,3,3,5,3,0,1,0,0,0,0,0,0,690308.0316,5332747.0563,11.557202973,48.119516203,2,#fc8d62,car
170232,"9,17E+18",9,1,84,147,2017,3,10,3,3,3,2,0,1,0,1,0,0,0,0,697310.1168,5340594.8008,11.654826874,48.187915049,2,#fc8d62,car
170233,"9,17E+18",9,1,62,0,2017,3,10,3,3,4,2,0,1,0,0,0,0,0,0,686771.7005,5336945.8023,11.5115737,48.158302989,2,#fc8d62,car
170234,"9,17E+18",9,1,62,0,2017,3,11,3,3,2,6,0,1,0,0,0,0,0,0,690280.0363,5333606015.0,11.557210608,48.12724491,2,#fc8d62,car
170237,"9,17E+18",9,7,72,184,2017,3,16,3,3,5,3,1,1,0,0,0,0,0,0,635969.9697,5360945.4918,10.836578205,48.387007394,1,#66c2a5,bicycle
170238,"9,17E+18",9,7,61,0,2017,3,19,3,3,4,2,1,1,0,0,0,0,2,0,638696012.0,5360402204.0,10.873199899,48.381528741,1,#66c2a5,bicycle
170239,"9,17E+18",9,7,61,0,2017,3,12,3,3,3,2,1,1,0,0,0,0,0,0,641894.6129,5360494.8461,10.916405978,48.381650435,1,#66c2a5,bicycle
170240,"9,17E+18",9,7,61,0,2017,3,9,3,3,5,3,0,1,0,0,0,1,0,0,640482.5838,5357573.7831,10.896370488,48.355701209,2,#fc8d62,car
170241,"9,17E+18",9,7,61,0,2017,3,17,3,3,5,3,0,1,0,0,0,0,0,0,642493.4644,5357649.5475,10.923525169,48.355931875,2,#fc8d62,car
170242,"9,17E+18",9,7,61,0,2017,3,9,3,3,5,3,0,1,0,0,0,0,0,0,639942711.0,5358946.5222,10.889543518,48.368164375,2,#fc8d62,car
170263,"9,17E+18",9,2,61,0,2017,3,17,3,2,6,4,0,1,1,0,0,0,0,0,732497775.0,5380923488.0,12.149879303,48.538291493,2,#fc8d62,car
170265,"9,17E+18",9,1,63,0,2017,3,8,3,3,3,2,1,1,0,0,0,0,0,0,732580.0154,5304728.3347,12.109256663,47.853766461,1,#66c2a5,bicycle
170266,"9,17E+18",9,1,63,0,2017,3,7,3,3,1,3,1,1,0,0,0,0,0,0,730643.9115,5303480.3543,12.082747528,47.843251773,1,#66c2a5,bicycle
170270,"9,17E+18",9,1,79,123,2017,3,12,3,3,5,3,0,1,0,0,0,0,0,0,675894.61,5332878429.0,11.363759383,48.124842171,2,#fc8d62,car
170271,"9,17E+18",9,1,78,124,2017,3,19,3,3,2,6,0,1,0,0,0,0,2,0,699766.9658,5361923.6243,11.697929117,48.378824957,2,#fc8d62,car
170272,"9,17E+18",9,1,77,117,2017,3,9,3,3,6,6,0,1,1,0,0,0,0,0,715405.8426,5354338.7855,11.904987338,48.305530748,2,#fc8d62,car
170273,"9,17E+18",9,1,77,117,2017,3,11,3,3,0,7,1,0,0,0,0,0,0,0,715278.4664,5352431.3502,11.902299431,48.288435489,1,#66c2a5,bicycle
170274,"9,17E+18",9,1,62,0,2017,3,17,2,3,1,1,1,1,0,0,0,0,0,0,686308.8383,5332813.3957,11.50354786,48.121295205,1,#66c2a5,bicycle
170275,"9,17E+18",9,1,62,0,2017,3,14,2,3,4,6,1,0,1,0,0,0,0,0,685434884.0,5339504982.0,11.494731007,48.181697126,1,#66c2a5,bicycle
170276,"9,17E+18",9,1,62,0,2017,3,17,2,3,2,6,0,1,0,0,0,0,0,0,694348485.0,5334217.6134,11.612107907,48.131512669,2,#fc8d62,car
170277,"9,17E+18",9,1,62,0,2017,3,12,2,3,6,4,0,1,1,0,0,0,0,0,698583.8288,5333384.9608,11.668581,48.122722165,2,#fc8d62,car
170278,"9,17E+18",9,1,62,0,2017,3,15,2,3,5,3,0,1,0,0,0,0,0,0,697002927.0,5331378.2493,11.646433437,48.105178172,2,#fc8d62,car
170279,"9,17E+18",9,1,62,0,2017,3,16,2,3,5,3,1,1,0,0,0,0,0,0,686232.9873,5331904.8542,11.502132808,48.11315105,1,#66c2a5,bicycle
170280,"9,17E+18",9,1,84,136,2017,3,16,2,3,5,3,0,1,0,0,0,0,0,0,699512.8955,5326716.4157,11.677935894,48.062500224,2,#fc8d62,car
170281,"9,17E+18",9,1,62,0,2017,3,20,2,2,5,3,0,1,0,0,0,0,2,0,691909.6112,5331955.3772,11.578344913,48.111920008,2,#fc8d62,car
170282,"9,17E+18",9,1,62,0,2017,3,18,2,2,0,7,1,0,0,0,0,0,2,0,695789.5727,5332928.6757,11.630863424,48.119486702,1,#66c2a5,bicycle
170283,"9,17E+18",9,1,62,0,2017,3,15,2,3,2,6,0,1,0,0,0,0,0,0,686432.0019,5337600.9715,11.507297353,48.164291537,2,#fc8d62,car
170284,"9,17E+18",9,1,62,0,2017,3,9,2,3,1,5,1,1,0,0,0,0,0,0,690755.1408,5335049.0821,11.564235135,48.140072948,1,#66c2a5,bicycle
170289,"9,17E+18",9,7,61,0,2017,3,12,2,3,6,3,0,1,1,0,0,0,0,0,638581.0594,5358331.0587,10.870965605,48.362930684,2,#fc8d62,car
170290,"9,17E+18",9,7,61,0,2017,3,16,2,3,5,3,1,1,0,0,0,0,0,0,639203.8056,5358956.1185,10.879575395,48.368414061,1,#66c2a5,bicycle
170291,"9,17E+18",9,7,61,0,2017,3,7,2,3,4,7,0,1,0,1,0,0,0,0,638920798.0,5360327.0715,10.876209286,48.380803709,2,#fc8d62,car
170292,"9,17E+18",9,7,71,113,2017,3,12,2,3,0,7,1,0,0,0,0,0,0,0,658132.5847,5369409.8742,11.138924204,48.457938051,1,#66c2a5,bicycle
170308,"9,17E+18",9,2,61,0,2017,3,16,2,3,2,6,1,1,0,0,0,0,0,0,733627664.0,5379589.1883,12.164415077,48.525886412,1,#66c2a5,bicycle
170309,"9,17E+18",9,2,61,0,2017,3,16,2,3,2,6,0,1,0,0,0,0,0,0,731664.0431,5382186.8153,12.13930404,48.549948036,2,#fc8d62,car
170317,"9,17E+18",9,1,63,0,2017,3,14,2,3,4,2,0,1,0,0,0,0,0,0,731870.5335,5304576.7832,12.099705072,47.852661213,2,#fc8d62,car
170318,"9,17E+18",9,1,63,0,2017,3,12,2,3,4,6,1,1,0,0,0,0,0,0,732544.5417,5304687.3191,12.108761107,47.853410805,1,#66c2a5,bicycle
170323,"9,17E+18",9,1,79,111,2017,3,5,2,3,5,3,0,1,0,1,0,0,2,0,658209.3548,5340505.5513,11.129112601,48.198056731,2,#fc8d62,car
170324,"9,17E+18",9,1,75,135,2017,3,16,2,3,4,6,0,1,0,0,0,1,0,0,706549.0357,5339244.5994,11.778332891,48.172845108,2,#fc8d62,car
170325,"9,17E+18",9,1,78,120,2017,3,15,2,3,8,1,0,1,0,0,0,0,0,0,695368.7464,5353555.1238,11.634714193,48.304993363,2,#fc8d62,car
170326,"9,17E+18",9,1,62,0,2017,3,13,1,3,0,7,0,0,0,1,0,0,0,0,690664.6643,5336149.3865,11.563512892,48.149989541,4,#e78ac3,marker
170327,"9,17E+18",9,1,62,0,2017,3,22,1,3,3,6,1,0,0,0,0,0,2,1,691691.5086,5334710.3725,11.576656694,48.136747274,1,#66c2a5,bicycle
170328,"9,17E+18",9,1,62,0,2017,3,2,1,3,6,5,0,1,1,0,0,0,2,0,690376.5554,5334954.9519,11.559109177,48.13934029,2,#fc8d62,car
170329,"9,17E+18",9,1,62,0,2017,3,14,1,2,4,2,0,1,0,1,0,0,0,0,680035675.0,5335792316.0,11.420589832,48.149877311,2,#fc8d62,car
170330,"9,17E+18",9,1,62,0,2017,3,12,1,2,6,4,0,1,1,0,0,0,0,0,690453.7013,5330065.7768,11.557961413,48.09537321,2,#fc8d62,car
170331,"9,17E+18",9,7,77,145,2017,3,16,1,2,9,1,0,0,0,1,0,0,0,0,631469.0439,5326144.5894,10.765015618,48.075013708,4,#e78ac3,marker
170333,"9,17E+18",9,7,61,0,2017,3,13,1,3,3,2,0,1,0,0,0,0,0,0,639878.5662,5359254075.0,10.888780207,48.370944021,2,#fc8d62,car
170352,"9,17E+18",9,1,62,0,2017,3,13,7,3,5,3,0,1,0,0,0,0,0,0,690379.7437,5334740.9375,11.559056331,48.137415778,2,#fc8d62,car
170353,"9,17E+18",9,1,84,148,2017,3,18,7,3,6,2,0,1,1,0,0,0,1,0,693859.9668,5325844.3721,11.601747247,48.056405139,2,#fc8d62,car
170354,"9,17E+18",9,1,62,0,2017,3,17,7,3,9,6,0,1,0,1,0,0,0,0,696874.2016,5331808.3029,11.644904559,48.109083037,2,#fc8d62,car
170355,"9,17E+18",9,1,62,0,2017,3,16,7,3,2,6,0,1,0,0,0,0,0,0,686403938.0,5333355013.0,11.505061357,48.126135635,2,#fc8d62,car
170356,"9,17E+18",9,1,62,0,2017,3,14,7,3,3,2,0,1,0,0,0,0,0,0,692125939.0,5332265.7,11.581388053,48.114643931,2,#fc8d62,car
170357,"9,17E+18",9,1,62,0,2017,3,15,7,3,5,3,0,1,0,1,0,0,0,0,693666312.0,5331100.3476,11.601533304,48.103703513,2,#fc8d62,car
170358,"9,17E+18",9,1,62,0,2017,3,14,7,3,0,7,1,1,0,0,0,0,0,0,688757.1814,5338384.3927,11.538884447,48.170646903,1,#66c2a5,bicycle
170359,"9,17E+18",9,1,62,0,2017,3,16,7,3,2,6,0,1,0,0,0,0,0,0,692053.9831,5332374.7058,11.580471366,48.115645364,2,#fc8d62,car
170364,"9,17E+18",9,7,61,0,2017,3,18,7,3,5,3,1,1,0,0,0,0,0,0,641830.6731,5361588424.0,10.915912091,48.391497767,1,#66c2a5,bicycle
170382,"9,17E+18",9,2,61,0,2017,3,12,7,3,0,1,1,0,0,0,0,0,0,0,734800.3503,5382734.9448,12.182045667,48.553705604,1,#66c2a5,bicycle
170383,"9,17E+18",9,1,73,126,2017,3,15,7,3,2,6,0,1,0,0,0,0,0,0,683783.1512,5306196.9148,11.458241072,47.882777587,2,#fc8d62,car
170388,"9,17E+18",9,1,88,113,2017,3,15,7,3,8,1,1,0,0,0,0,0,0,0,674398.3297,5311727.2719,11.335059015,47.935112731,1,#66c2a5,bicycle
170389,"9,17E+18",9,1,74,115,2017,3,14,7,3,1,6,0,1,0,0,0,0,0,0,680771.6211,5348505.7447,11.435891647,48.26394628,2,#fc8d62,car
170390,"9,17E+18",9,1,77,117,2017,3,16,7,3,0,2,0,1,0,1,0,0,0,0,716094493.0,5354698164.0,11.914446091,48.308524951,2,#fc8d62,car
170391,"9,17E+18",9,1,62,0,2017,3,14,6,3,2,6,0,1,0,0,0,0,0,0,692444424.0,5341927.07,11.590032593,48.201381763,2,#fc8d62,car
170392,"9,17E+18",9,1,62,0,2017,3,19,6,3,5,7,0,1,0,1,0,0,1,0,690143202.0,5335233.8068,11.556100101,48.141916412,2,#fc8d62,car
170393,"9,17E+18",9,1,62,0,2017,3,16,6,2,5,3,1,1,0,0,0,0,0,0,687589067.0,5336868267.0,11.522519854,48.157365486,1,#66c2a5,bicycle
170394,"9,17E+18",9,1,62,0,2017,3,12,6,3,6,4,0,1,1,0,0,0,0,0,698332.7676,5333278.6805,11.665161567,48.121845253,2,#fc8d62,car
170395,"9,17E+18",9,1,62,0,2017,3,10,6,3,6,4,0,1,1,0,0,0,0,0,690558.5928,5334745.6827,11.561460026,48.137404896,2,#fc8d62,car
170396,"9,17E+18",9,1,62,0,2017,3,19,6,3,4,2,0,1,0,0,0,0,2,0,695431.8529,5335119.3496,11.627066581,48.139285315,2,#fc8d62,car
170397,"9,17E+18",9,1,62,0,2017,3,8,6,3,2,6,0,1,0,0,0,1,0,0,688848209.0,5343307.6836,11.542296969,48.214870524,2,#fc8d62,car
170398,"9,17E+18",9,1,62,0,2017,3,12,6,3,6,3,0,1,1,0,0,0,0,0,691028.9268,5335093.0661,11.567931414,48.140386136,2,#fc8d62,car
170399,"9,17E+18",9,1,62,0,2017,3,15,6,3,5,3,0,1,0,0,0,0,0,0,697759.5966,5331756.3627,11.656762083,48.108341976,2,#fc8d62,car
170400,"9,17E+18",9,1,62,0,2017,3,8,6,3,5,3,1,1,0,0,0,0,0,0,686625.9609,5330299.7532,11.506705302,48.098608733,1,#66c2a5,bicycle
170401,"9,17E+18",9,1,62,0,2017,3,13,6,3,4,2,1,1,0,0,0,0,0,0,691548.1556,5332850.6857,11.573895918,48.120075773,1,#66c2a5,bicycle
170402,"9,17E+18",9,1,62,0,2017,3,17,6,3,1,2,0,1,0,1,0,0,1,0,696947.7886,5330677.7674,11.645370299,48.098899691,2,#fc8d62,car
170403,"9,17E+18",9,1,62,0,2017,3,8,6,3,5,3,1,1,0,0,0,0,0,0,691125.3742,5334356.3858,11.568896023,48.133735952,1,#66c2a5,bicycle
170404,"9,17E+18",9,1,62,0,2017,3,12,6,3,0,7,1,0,0,0,0,0,0,0,683138.0321,5335961.5641,11.4623344,48.150512958,1,#66c2a5,bicycle
170405,"9,17E+18",9,1,62,0,2017,3,14,6,3,0,5,1,1,0,0,0,0,0,0,689850.2177,5335323867.0,11.552205713,48.142813366,1,#66c2a5,bicycle
170427,"9,17E+18",9,1,62,0,2017,3,8,4,2,0,7,0,0,0,1,0,0,0,1,690805.3327,5338135.4029,11.566292921,48.167797487,4,#e78ac3,marker
170431,"9,17E+18",9,1,84,145,2017,3,15,4,3,0,4,0,1,1,0,0,0,0,1,694233.1418,5325664.0224,11.606668298,48.054670725,2,#fc8d62,car
170432,"9,17E+18",9,1,62,0,2017,3,6,4,3,3,2,0,1,0,0,0,1,0,1,686766622.0,5336947482.0,11.511506214,48.158319578,2,#fc8d62,car
170433,"9,17E+18",9,1,62,0,2017,3,16,4,3,1,3,1,1,0,0,0,0,0,0,690285.3521,5336080215.0,11.558387345,48.149481415,1,#66c2a5,bicycle
170437,"9,17E+18",9,7,78,203,2017,3,7,4,3,0,3,0,1,0,1,0,0,0,1,623015.4406,5325984.0395,10.651527516,48.075256809,2,#fc8d62,car
170446,"9,17E+18",9,1,63,0,2017,3,9,4,3,5,3,1,1,0,0,0,0,0,1,733322.7501,5305276656.0,12.11946651,47.858423439,1,#66c2a5,bicycle
170449,"9,17E+18",9,1,78,124,2017,3,16,4,3,0,7,1,0,0,0,0,0,0,0,702771627.0,5364082597.0,11.739502234,48.39726779,1,#66c2a5,bicycle
170450,"9,17E+18",9,1,62,0,2017,3,17,3,3,5,3,0,1,0,0,0,0,0,0,685270147.0,5334102.2985,11.490164346,48.133183572,2,#fc8d62,car
170451,"9,17E+18",9,1,62,0,2017,3,14,3,3,5,2,0,1,0,0,0,0,0,0,687761.1636,5331246.2076,11.522354162,48.106782263,2,#fc8d62,car
170452,"9,17E+18",9,1,62,0,2017,3,7,3,3,3,2,1,1,0,0,0,0,0,0,692332346.0,5334252.8184,11.585054978,48.132441509,1,#66c2a5,bicycle
170453,"9,17E+18",9,1,62,0,2017,3,13,3,3,5,3,1,1,0,0,0,0,0,0,687012.9202,5343617149.0,11.517751439,48.218195522,1,#66c2a5,bicycle
170454,"9,17E+18",9,1,62,0,2017,3,17,3,3,5,3,1,0,0,0,0,1,0,0,696723.3182,5333453.0002,11.643638479,48.123911235,1,#66c2a5,bicycle
170455,"9,17E+18",9,1,62,0,2017,3,20,3,3,4,6,1,0,0,0,0,0,2,0,690091.1531,5333031.2968,11.55441848,48.122135751,1,#66c2a5,bicycle
170456,"9,17E+18",9,1,62,0,2017,3,8,3,3,0,7,0,0,0,1,0,0,0,0,690646.4612,5340884.8915,11.56539185,48.192557226,4,#e78ac3,marker
170457,"9,17E+18",9,1,62,0,2017,3,15,3,3,5,3,0,1,0,1,0,0,0,0,687976.8837,5327375906.0,11.523545624,48.071931198,2,#fc8d62,car
170462,"9,17E+18",9,7,72,163,2017,3,19,3,3,5,3,0,1,0,0,0,0,2,0,640558.7235,5350174.1918,10.894930805,48.28914901,2,#fc8d62,car
170463,"9,17E+18",9,7,61,0,2017,3,8,3,3,2,6,0,1,0,0,0,0,0,0,637655.3656,5359438108.0,10.858837143,48.373087659,2,#fc8d62,car
170476,"9,17E+18",9,2,61,0,2017,3,14,3,3,5,3,0,1,0,0,0,0,0,0,730850.7319,5382249.5752,12.128334706,48.550811612,2,#fc8d62,car
170481,"9,17E+18",9,1,62,0,2017,3,10,2,3,0,7,0,0,0,1,0,0,0,1,692760.2914,5335611.6014,11.591415654,48.144524461,4,#e78ac3,marker
170482,"9,17E+18",9,1,62,0,2017,3,14,2,3,0,7,0,0,0,0,0,1,0,0,689460722.0,5334922772.0,11.54679655,48.139324402,6,#ffd92f,circle
170483,"9,17E+18",9,1,62,0,2017,3,22,2,3,3,2,1,1,0,0,0,0,2,0,694525668.0,5335171.3743,11.614922263,48.140030559,1,#66c2a5,bicycle
170484,"9,17E+18",9,1,62,0,2017,3,14,2,3,5,3,1,1,0,0,0,0,0,0,698032.3566,5335693.4847,11.662251603,48.143641228,1,#66c2a5,bicycle
170485,"9,17E+18",9,1,62,0,2017,3,16,2,3,6,4,0,1,1,0,0,0,0,0,689051.7136,5332360.1805,11.540167337,48.116413147,2,#fc8d62,car
170486,"9,17E+18",9,1,62,0,2017,3,7,2,2,3,2,1,1,0,0,0,0,0,1,683447.6858,5337557.0768,11.4671817,48.164765136,1,#66c2a5,bicycle
170487,"9,17E+18",9,1,62,0,2017,3,13,2,3,5,3,1,1,0,0,0,0,0,0,688667.2882,5336973.0991,11.537050531,48.157988749,1,#66c2a5,bicycle
170488,"9,17E+18",9,1,62,0,2017,3,10,2,3,2,6,0,1,0,0,0,0,0,0,693284.0963,5335257.5275,11.598289324,48.141183231,2,#fc8d62,car
170490,"9,17E+18",9,7,61,0,2017,3,13,2,3,5,2,1,1,0,0,0,0,0,0,639076.5551,5358557.1459,10.87772625,48.364854643,1,#66c2a5,bicycle
170491,"9,17E+18",9,7,61,0,2017,3,8,2,3,5,3,1,0,0,0,0,0,0,1,638376.1947,5358469.5896,10.868246851,48.364221269,1,#66c2a5,bicycle
170492,"9,17E+18",9,7,61,0,2017,3,9,2,3,3,6,0,1,0,1,0,0,0,1,638165.8964,5359372.1758,10.865705664,48.372383238,2,#fc8d62,car
170493,"9,17E+18",9,7,61,0,2017,3,17,2,2,6,4,0,1,1,0,0,0,0,0,641687.1255,5362123.8463,10.91415475,48.396344305,2,#fc8d62,car
170494,"9,17E+18",9,7,61,0,2017,3,5,2,3,4,2,1,1,0,0,0,0,2,1,639672.7337,5357496.6261,10.88541891,48.355187088,1,#66c2a5,bicycle
170520,"9,17E+18",9,2,61,0,2017,3,16,2,3,2,6,0,1,0,0,0,0,0,0,732162365.0,5379332585.0,12.144456449,48.524124916,2,#fc8d62,car
170521,"9,17E+18",9,2,74,126,2017,3,17,2,3,2,6,0,1,0,0,0,0,1,0,732480.9119,5384436.3682,12.151612403,48.56985289,2,#fc8d62,car
170522,"9,17E+18",9,1,90,159,2017,3,20,2,3,0,7,1,0,0,0,0,0,2,0,661556.9661,5304136.7206,11.160411942,47.870232933,1,#66c2a5,bicycle
170529,"9,17E+18",9,1,63,0,2017,3,13,2,3,2,6,1,1,0,0,0,0,0,0,733686.5238,5305050.2778,12.1242003,47.856257482,1,#66c2a5,bicycle
170530,"9,17E+18",9,1,79,134,2017,3,13,2,3,5,3,1,0,0,0,0,1,0,0,670035.3594,5342670.1711,11.289002007,48.214459414,1,#66c2a5,bicycle
170531,"9,17E+18",9,1,81,131,2017,3,16,2,2,5,3,1,1,0,0,0,0,0,0,634680.9926,5334257.2292,10.810676927,48.147296477,1,#66c2a5,bicycle
170532,"9,17E+18",9,1,81,122,2017,3,6,2,3,0,1,0,0,0,1,0,0,0,1,652204.4307,5330072.2413,11.044623955,48.105716619,4,#e78ac3,marker
170533,"9,17E+18",9,1,88,120,2017,3,21,2,3,5,3,1,1,0,0,0,0,2,0,676959.4121,5327040.2431,11.375635568,48.072065981,1,#66c2a5,bicycle
170534,"9,17E+18",9,1,77,118,2017,3,19,2,3,5,3,0,1,0,0,0,0,2,0,706191.8518,5348273.1914,11.777922691,48.254094551,2,#fc8d62,car
170535,"9,17E+18",9,1,77,117,2017,3,19,2,3,5,3,1,1,0,0,0,0,2,0,715530.5247,5354773.7425,11.906888689,48.309396424,1,#66c2a5,bicycle
170536,"9,17E+18",9,1,62,0,2017,3,14,1,3,5,3,0,1,0,0,0,0,0,0,692629815.0,5332213.1986,11.588127222,48.114019853,2,#fc8d62,car
170537,"9,17E+18",9,1,62,0,2017,3,13,1,3,2,6,0,1,0,1,0,0,0,0,690952.7573,5334328.6561,11.566565884,48.133538533,2,#fc8d62,car
170538,"9,17E+18",9,1,62,0,2017,3,11,1,3,7,1,1,0,0,0,0,0,0,0,693260074.0,5337955.2023,11.599191777,48.165436371,1,#66c2a5,bicycle
170540,"9,17E+18",9,7,77,177,2017,3,8,1,2,9,1,0,1,0,0,0,0,0,1,634747.2544,5320319.4587,10.807170117,48.021946173,2,#fc8d62,car
170546,"9,17E+18",9,1,86,128,2017,3,2,1,3,1,1,0,1,0,0,0,1,2,0,676214876.0,5384560.5351,11.389699907,48.589316949,2,#fc8d62,car
170547,"9,17E+18",9,1,74,115,2017,3,18,1,3,0,1,1,0,0,0,0,0,0,0,682710.9032,5348413.2545,11.461958537,48.262558625,1,#66c2a5,bicycle
170548,"9,17E+18",9,1,74,115,2017,3,14,1,3,5,4,0,1,1,0,0,0,0,0,680428.8514,5346936.8575,11.430608219,48.249941774,2,#fc8d62,car
170549,"9,17E+18",9,1,62,0,2017,3,3,7,3,5,3,0,1,0,0,0,0,2,0,695873.3476,5338458.7739,11.634531847,48.169162404,2,#fc8d62,car
170550,"9,17E+18",9,1,62,0,2017,3,13,7,3,2,6,0,1,0,0,0,0,0,0,686214.2173,5334819.5024,11.503154334,48.139354552,2,#fc8d62,car
170551,"9,17E+18",9,1,62,0,2017,3,1,7,2,6,4,1,0,1,0,0,0,2,0,689851.0333,5334906.7911,11.552030733,48.139064432,1,#66c2a5,bicycle
170552,"9,17E+18",9,1,84,131,2017,3,19,7,2,5,3,1,1,0,0,0,0,2,0,704888.2422,5338904.1468,11.755856082,48.170323167,1,#66c2a5,bicycle
170553,"9,17E+18",9,1,62,0,2017,3,20,7,3,0,4,0,0,1,0,0,1,2,1,690448.5843,5335177.5272,11.560175946,48.141319237,3,#8da0cb,toilet
170556,"9,17E+18",9,7,61,0,2017,3,9,7,3,3,6,0,1,0,0,0,0,0,1,639253699.0,5361194543.0,10.880990291,48.388530386,2,#fc8d62,car
170557,"9,17E+18",9,7,61,0,2017,3,6,7,3,0,1,0,0,0,1,0,0,1,1,640566.3537,5359165.7464,10.898032589,48.369996984,4,#e78ac3,marker
170569,"9,17E+18",9,2,74,124,2017,3,10,7,3,5,2,0,1,0,0,0,0,0,1,723245.2058,5374954.0352,12.021517743,48.488022558,2,#fc8d62,car
170572,"9,17E+18",9,1,63,0,2017,3,5,7,3,5,3,0,1,0,0,0,0,2,1,733324.9173,5305279.8161,12.119497145,47.858451043,2,#fc8d62,car
170574,"9,17E+18",9,1,79,145,2017,3,16,7,3,0,7,1,0,0,0,0,0,0,0,675068.5323,5338722637.0,11.355071835,48.177605498,1,#66c2a5,bicycle
170575,"9,17E+18",9,1,75,131,2017,3,11,7,3,5,3,0,1,0,0,0,0,0,1,709798366.0,5322854993.0,11.813930795,48.024501633,2,#fc8d62,car
170576,"9,17E+18",9,1,62,0,2017,3,8,6,3,0,7,1,0,0,0,0,1,0,0,691229.9231,5333993.4033,11.570136873,48.130442091,1,#66c2a5,bicycle
170577,"9,17E+18",9,1,62,0,2017,3,9,6,3,5,2,0,1,0,0,0,0,0,0,689037.1628,5335326.9513,11.541288151,48.143083181,2,#fc8d62,car
170578,"9,17E+18",9,1,62,0,2017,3,22,6,3,0,1,1,0,1,0,0,0,2,1,690828.1871,5332982.7011,11.56429062,48.121478502,1,#66c2a5,bicycle
170579,"9,17E+18",9,1,62,0,2017,3,10,6,3,0,4,1,0,0,0,0,1,0,0,694525.5448,5335170.3954,11.614920161,48.140021799,1,#66c2a5,bicycle
170580,"9,17E+18",9,1,62,0,2017,3,11,6,3,2,6,0,1,0,1,0,0,0,0,687049.2826,5336295.9018,11.515017022,48.15237992,2,#fc8d62,car
170581,"9,17E+18",9,1,62,0,2017,3,12,6,2,1,5,1,1,0,0,0,0,0,0,691433.8267,5334616.4017,11.57315441,48.135980243,1,#66c2a5,bicycle
170582,"9,17E+18",9,1,62,0,2017,3,21,6,3,3,6,0,1,0,0,0,0,2,1,688139.7052,5339834.1401,11.531229233,48.183860477,2,#fc8d62,car
170583,"9,17E+18",9,1,62,0,2017,3,10,6,3,0,6,0,1,0,1,0,0,0,0,691539.3752,5335693.7856,11.575056218,48.145631871,2,#fc8d62,car
170584,"9,17E+18",9,1,62,0,2017,3,11,6,3,5,2,0,1,0,1,0,0,0,0,688949275.0,5333356553.0,11.539233931,48.125399098,2,#fc8d62,car
170585,"9,17E+18",9,1,62,0,2017,3,14,6,3,1,6,0,1,0,0,0,1,0,0,691966.7325,5331894.1935,11.579084007,48.111352882,2,#fc8d62,car
170586,"9,17E+18",9,1,62,0,2017,3,14,6,3,5,3,1,1,0,0,0,0,0,0,692865.0746,5335483.6844,11.592764894,48.14334302,1,#66c2a5,bicycle
170587,"9,17E+18",9,1,84,134,2017,3,9,6,3,5,3,1,1,0,0,0,0,0,0,693253.7089,5321689.2466,11.591744462,48.019243143,1,#66c2a5,bicycle
170590,"9,17E+18",9,7,62,0,2017,3,9,6,2,5,3,1,1,0,0,0,0,0,0,622085.8821,5305551793.0,10.633244605,47.89167724,1,#66c2a5,bicycle
170591,"9,17E+18",9,7,72,184,2017,3,9,6,3,0,1,1,0,0,0,0,0,0,0,633123126.0,5358957932.0,10.797515618,48.369742219,1,#66c2a5,bicycle
170592,"9,17E+18",9,7,72,163,2017,3,12,6,2,8,1,1,0,0,0,0,0,0,0,639711.8125,5346408.3749,10.882275177,48.255474699,1,#66c2a5,bicycle
170593,"9,17E+18",9,7,61,0,2017,3,15,6,3,4,6,0,1,1,0,0,0,0,0,637229.1493,5359371.7341,10.853063178,48.372583661,2,#fc8d62,car