OBJECTID,UIDENTSTLA,ULAND,UREGBEZ,UKREIS,UGEMEINDE,UJAHR,UMONAT,USTUNDE,UWOCHENTAG,UKATEGORIE,UART,UTYP1,IstRad,IstPKW,IstFuss,IstKrad,IstGkfz,IstSonstig,ULICHTVERH,STRZUSTAND,LINREFX,LINREFY,XGCSWGS84,YGCSWGS84,Teilnehmer,color,symbol
170594,"9,17E+18",9,7,61,0,2017,3,11,6,3,5,2,1,1,0,0,0,0,0,0,639202.9739,5358955.9666,10.879564121,48.368412879,1,#66c2a5,bicycle
170595,"9,17E+18",9,7,61,0,2017,3,12,6,3,5,3,0,1,0,0,0,0,0,0,643202.2191,5362164.2243,10.934624951,48.396365096,2,#fc8d62,car
170596,"9,17E+18",9,7,61,0,2017,3,20,6,3,0,1,1,0,0,0,0,0,2,1,639506.5011,5355558.3472,10.882534025,48.337795261,1,#66c2a5,bicycle
170597,"9,17E+18",9,7,61,0,2017,3,17,6,3,2,7,1,1,0,0,0,0,0,0,640129.6782,5358309.8281,10.891854456,48.36239793,1,#66c2a5,bicycle
170598,"9,17E+18",9,7,71,113,2017,3,7,6,2,5,3,0,1,0,1,0,0,0,0,656977.9937,5368067.9868,11.122815083,48.446163199,2,#fc8d62,car
170599,"9,17E+18",9,7,71,114,2017,3,9,6,2,0,7,0,0,0,1,0,0,0,0,644423.8967,5375130.7169,10.955593416,48.512671287,4,#e78ac3,marker
170636,"9,17E+18",9,1,79,121,2017,3,17,6,3,0,7,1,0,0,0,0,0,0,1,666354.7037,5337385.1193,11.237422698,48.167922265,1,#66c2a5,bicycle
170637,"9,17E+18",9,1,88,113,2017,3,9,6,2,0,1,0,0,0,1,0,0,0,0,677580.9192,5311915.5964,11.377711458,47.935931675,4,#e78ac3,marker
170638,"9,17E+18",9,1,81,128,2017,3,12,6,3,5,3,1,1,0,0,0,0,0,0,638248.8389,5327815.7948,10.856529168,48.088607897,1,#66c2a5,bicycle
170639,"9,17E+18",9,1,79,121,2017,3,17,6,3,5,2,0,1,0,1,0,0,0,1,665779.6298,5338231.5409,11.23002428,48.175681921,2,#fc8d62,car
170640,"9,17E+18",9,1,79,121,2017,3,13,6,3,1,6,0,1,0,0,0,0,0,0,668299.9562,5338022.8179,11.263817155,48.173143036,2,#fc8d62,car
170641,"9,17E+18",9,1,79,114,2017,3,13,6,3,5,3,0,0,0,1,0,1,0,0,653426752.0,5344726803.0,11.066321844,48.237183645,4,#e78ac3,marker
170642,"9,17E+18",9,1,74,115,2017,3,5,6,3,5,3,0,1,0,0,0,0,0,0,681217.4811,5347886.4659,11.441628676,48.258252455,2,#fc8d62,car
170643,"9,17E+18",9,1,78,124,2017,3,20,6,3,2,6,0,1,0,0,0,0,2,0,704129.8101,5359106.8939,11.755414143,48.352117096,2,#fc8d62,car
170644,"9,17E+18",9,1,77,117,2017,3,14,6,3,1,6,0,1,0,0,0,0,0,0,715477.1307,5354377.4008,11.905967166,48.305853437,2,#fc8d62,car
170645,"9,17E+18",9,1,77,117,2017,3,7,6,3,0,7,1,0,1,0,0,0,0,0,714430.1765,5352802.3084,11.891066572,48.292056547,1,#66c2a5,bicycle
170646,"9,17E+18",9,1,62,0,2017,3,18,5,3,5,3,1,1,0,0,0,0,2,0,689863.4037,5336544.9661,11.552927416,48.153784687,1,#66c2a5,bicycle
170647,"9,17E+18",9,1,62,0,2017,3,10,5,3,5,3,0,1,0,0,0,1,0,0,692083812.0,5337285.1696,11.583086166,48.159770755,2,#fc8d62,car
170648,"9,17E+18",9,1,84,136,2017,3,7,5,3,5,2,1,1,0,0,0,0,0,0,698333.3998,5325557.1121,11.661584575,48.052448862,1,#66c2a5,bicycle
170649,"9,17E+18",9,1,62,0,2017,3,13,5,2,6,4,0,1,1,0,0,0,0,0,690445.6119,5334742081.0,11.559941316,48.137406347,2,#fc8d62,car
170650,"9,17E+18",9,1,62,0,2017,3,12,5,3,6,4,0,1,1,0,0,0,0,0,691471.4693,5337210.3313,11.574826522,48.159282804,2,#fc8d62,car
170651,"9,17E+18",9,1,62,0,2017,3,8,5,3,6,2,0,1,1,0,0,0,0,0,695691.6209,5329902.4107,11.62816072,48.092318136,2,#fc8d62,car
170652,"9,17E+18",9,1,62,0,2017,3,16,5,2,3,6,1,1,0,0,0,0,0,0,687465.0742,5335647.2553,11.520316377,48.146427315,1,#66c2a5,bicycle
170653,"9,17E+18",9,1,62,0,2017,3,8,5,3,5,3,1,1,0,0,0,0,0,0,693522.4932,5335191782.0,11.601460757,48.140519869,1,#66c2a5,bicycle
170654,"9,17E+18",9,1,62,0,2017,3,15,5,3,1,5,1,1,0,0,0,0,0,0,689365.8963,5334928.5731,11.545525755,48.13940477,1,#66c2a5,bicycle
170658,"9,17E+18",9,7,62,0,2017,3,12,5,3,5,3,0,1,0,1,0,0,0,0,621204.1433,5304660.5271,10.621203516,47.883828554,2,#fc8d62,car
170660,"9,17E+18",9,7,61,0,2017,3,16,5,3,6,2,0,1,1,0,0,0,0,0,639945.5316,5358948.6513,10.889582289,48.368182894,2,#fc8d62,car
170661,"9,17E+18",9,7,61,0,2017,3,17,5,3,1,5,0,1,0,1,0,0,0,0,640650.3609,5358749.8524,10.89902718,48.366238691,2,#fc8d62,car
170686,"9,17E+18",9,1,73,126,2017,3,17,3,2,5,3,1,0,0,1,0,0,0,0,683955.6785,5305965.7153,11.460448085,47.880649909,1,#66c2a5,bicycle
170689,"9,17E+18",9,1,63,0,2017,3,7,3,3,5,2,1,1,0,0,0,0,0,0,734358.4992,5304901.7884,12.133089756,47.854678789,1,#66c2a5,bicycle
170690,"9,17E+18",9,1,63,0,2017,3,17,3,3,0,1,1,0,0,0,0,0,0,0,733975.1776,5305144.3305,12.128104299,47.856997435,1,#66c2a5,bicycle
170693,"9,17E+18",9,1,79,142,2017,3,17,3,3,0,4,1,0,1,0,0,0,0,0,672295804.0,5342696305.0,11.319416828,48.214084672,1,#66c2a5,bicycle
170694,"9,17E+18",9,1,88,121,2017,3,15,3,2,2,6,0,1,0,0,0,0,0,0,670835.7672,5330181.3471,11.294753156,48.101973694,2,#fc8d62,car
170695,"9,17E+18",9,1,74,115,2017,3,8,3,3,2,6,0,1,0,0,0,0,0,0,680859.1134,5347690.6985,11.436721086,48.256595159,2,#fc8d62,car
170696,"9,17E+18",9,1,78,143,2017,3,10,3,3,0,7,1,0,0,0,0,0,0,0,716387.7156,5372247.8604,11.927432636,48.466106267,1,#66c2a5,bicycle
170697,"9,17E+18",9,1,78,113,2017,3,12,3,3,5,1,1,1,0,0,0,0,0,0,692099.8685,5367429.6976,11.597014522,48.430690433,1,#66c2a5,bicycle
170698,"9,17E+18",9,1,78,124,2017,3,10,3,3,0,1,1,0,0,0,0,0,0,0,703428.7291,5364500333.0,11.74857163,48.400810026,1,#66c2a5,bicycle
170699,"9,17E+18",9,1,77,117,2017,3,7,3,3,6,4,0,1,1,0,0,0,0,0,715768.5282,5353443.8884,11.909414651,48.297366425,2,#fc8d62,car
170700,"9,17E+18",9,1,62,0,2017,3,13,2,2,6,7,1,0,0,0,0,1,0,0,688063776.0,5338498.7284,11.529617799,48.171880108,1,#66c2a5,bicycle
170701,"9,17E+18",9,1,62,0,2017,3,17,2,3,3,6,0,1,0,1,0,0,0,0,692808.6849,5338397.5381,11.593327972,48.16954901,2,#fc8d62,car
170702,"9,17E+18",9,1,62,0,2017,3,9,2,3,5,3,0,1,0,0,0,0,0,0,690998.1046,5336437.6548,11.568120735,48.152480432,2,#fc8d62,car
170703,"9,17E+18",9,1,62,0,2017,3,9,2,3,6,2,0,1,1,0,0,0,0,0,690186.2029,5335441.5177,11.556770337,48.143770465,2,#fc8d62,car
170704,"9,17E+18",9,1,62,0,2017,3,9,2,3,0,7,0,0,0,1,0,0,0,0,686252.4622,5332258.1781,11.502548513,48.116321176,4,#e78ac3,marker
170705,"9,17E+18",9,1,62,0,2017,3,7,2,3,2,6,0,1,0,0,0,0,0,0,692109.4397,5339729.1543,11.584534716,48.181728957,2,#fc8d62,car
170706,"9,17E+18",9,1,62,0,2017,3,12,2,3,5,3,1,1,0,0,0,0,0,0,683317.5551,5337553.6207,11.465431768,48.164771607,1,#66c2a5,bicycle
170707,"9,17E+18",9,1,62,0,2017,3,8,2,2,6,4,0,1,1,0,0,0,0,0,698197802.0,5334690.3279,11.664006467,48.134574109,2,#fc8d62,car
170708,"9,17E+18",9,1,84,129,2017,3,7,2,3,4,2,1,1,0,0,0,0,0,0,698841.4253,5326057.1925,11.66862689,48.056785186,1,#66c2a5,bicycle
170709,"9,17E+18",9,1,62,0,2017,3,11,2,2,1,5,0,1,0,1,0,0,0,0,688528.4404,5335749.5153,11.534643291,48.147032197,2,#fc8d62,car
170710,"9,17E+18",9,1,62,0,2017,3,7,2,3,5,2,1,1,0,0,0,0,0,0,683129.42,5334838.2055,11.461735525,48.140417969,1,#66c2a5,bicycle
170711,"9,17E+18",9,1,62,0,2017,3,12,2,3,5,2,0,1,0,0,0,0,0,0,690367.8202,5333868.0151,11.558506171,48.129573523,2,#fc8d62,car
170712,"9,17E+18",9,1,62,0,2017,3,7,2,3,5,3,1,0,0,1,0,0,0,0,691347.9108,5337343.7964,11.573226729,48.160519562,1,#66c2a5,bicycle
170718,"9,17E+18",9,7,72,163,2017,3,17,2,3,1,6,0,1,0,0,0,0,0,0,640640.1974,5349229.3189,10.895714022,48.280634795,2,#fc8d62,car
170719,"9,17E+18",9,7,61,0,2017,3,16,2,3,0,7,1,0,0,0,0,0,0,0,639105.3925,5357832.8169,10.877875882,48.358335282,1,#66c2a5,bicycle
170720,"9,17E+18",9,7,61,0,2017,3,14,2,2,6,7,1,0,1,0,0,0,0,0,640248909.0,5357291776.0,10.893123937,48.353217427,1,#66c2a5,bicycle
170721,"9,17E+18",9,7,61,0,2017,3,8,2,3,2,6,0,1,0,0,0,0,0,0,640748.3233,5359244.6111,10.900514671,48.370665553,2,#fc8d62,car
170750,"9,17E+18",9,1,63,0,2017,3,13,2,3,0,1,0,0,0,1,0,0,0,0,732703.5352,5305485.0346,12.111312518,47.860520048,4,#e78ac3,marker
170751,"9,17E+18",9,1,87,137,2017,3,19,2,2,0,3,1,1,0,0,0,0,0,0,731288021.0,5308244175.0,12.09389193,47.885819908,1,#66c2a5,bicycle
170757,"9,17E+18",9,1,81,130,2017,3,10,2,3,5,3,1,1,0,0,0,0,0,0,639428.9076,5324315.7469,10.871225628,48.056877475,1,#66c2a5,bicycle
170758,"9,17E+18",9,1,62,0,2017,3,16,1,3,5,2,0,1,0,1,0,0,0,0,688997.3972,5336198.5366,11.541141051,48.150928889,2,#fc8d62,car
170759,"9,17E+18",9,1,62,0,2017,3,21,1,3,2,6,0,1,0,0,0,0,2,0,690578.1894,5337138.1542,11.56279424,48.158902436,2,#fc8d62,car
170760,"9,17E+18",9,1,62,0,2017,3,16,1,3,5,3,1,1,0,0,0,0,0,0,688357.4187,5341104.1759,11.534718598,48.195211148,1,#66c2a5,bicycle
170761,"9,17E+18",9,1,62,0,2017,3,17,1,2,5,3,1,1,0,0,0,0,0,0,700885945.0,5334446.1455,11.699981738,48.131536852,1,#66c2a5,bicycle
170762,"9,17E+18",9,1,62,0,2017,3,14,1,2,8,1,0,1,1,0,0,0,0,0,690144.6725,5334760.9752,11.555908746,48.13766616,2,#fc8d62,car
170765,"9,17E+18",9,7,61,0,2017,3,19,1,3,0,7,1,0,0,0,0,0,1,0,641927.9515,5359869.6057,10.916644857,48.376021054,1,#66c2a5,bicycle
170775,"9,17E+18",9,1,90,157,2017,3,16,1,3,2,6,0,1,0,0,0,0,0,0,660346.0137,5301069149.0,11.143092928,47.842955535,2,#fc8d62,car
170777,"9,17E+18",9,1,87,182,2017,3,14,1,3,4,6,1,0,0,0,0,0,0,0,738294.94,5328081725.0,12.1984713,48.061463284,1,#66c2a5,bicycle
170779,"9,17E+18",9,1,78,144,2017,3,12,1,3,5,3,0,1,0,0,0,0,0,0,706979.3306,5379652422.0,11.80398216,48.53580664,2,#fc8d62,car
170780,"9,17E+18",9,1,78,143,2017,3,10,1,2,0,7,1,0,0,0,0,0,0,0,716825.7919,5372493.0841,11.933478225,48.468158694,1,#66c2a5,bicycle
170781,"9,17E+18",9,1,77,112,2017,3,6,1,3,8,1,0,1,0,0,0,0,1,0,714434.0679,5364048.94,11.896844152,48.393108009,2,#fc8d62,car
170782,"9,17E+18",9,1,77,143,2017,3,16,1,3,0,1,1,0,0,0,0,0,0,0,720208.3866,5365082497.0,11.975284832,48.400404521,1,#66c2a5,bicycle
170783,"9,17E+18",9,1,62,0,2017,3,20,7,3,0,7,1,0,0,0,0,0,2,0,692325.8513,5333557.9117,11.584654149,48.126197777,1,#66c2a5,bicycle
170784,"9,17E+18",9,1,62,0,2017,3,14,7,3,0,1,1,0,0,0,0,0,0,0,690969.2985,5335152.9233,11.567157529,48.140942027,1,#66c2a5,bicycle
170785,"9,17E+18",9,1,62,0,2017,3,11,7,3,6,4,1,0,1,0,0,0,0,0,689471.2132,5334911.4863,11.546932411,48.139219841,1,#66c2a5,bicycle
170786,"9,17E+18",9,1,84,136,2017,3,10,7,2,0,7,0,1,1,0,0,0,0,0,698055.3859,5327474.0476,11.658745477,48.069763451,2,#fc8d62,car
170787,"9,17E+18",9,1,62,0,2017,3,10,7,3,6,7,0,1,1,0,0,0,0,0,701507.7783,5334615.5397,11.708409851,48.132862627,2,#fc8d62,car
170788,"9,17E+18",9,1,84,122,2017,3,13,7,3,5,3,1,1,0,0,0,0,0,0,687954.6706,5323377.0275,11.521491143,48.03599433,1,#66c2a5,bicycle
170789,"9,17E+18",9,1,84,149,2017,3,15,7,3,9,1,0,0,0,1,0,0,0,0,687953.5901,5349371949.0,11.53295703,48.269641805,4,#e78ac3,marker
170790,"9,17E+18",9,1,62,0,2017,3,15,7,3,3,7,0,1,0,1,0,0,0,0,691781.0277,5335526.3741,11.578226179,48.144054401,2,#fc8d62,car
170791,"9,17E+18",9,1,62,0,2017,3,12,7,3,5,3,0,1,0,1,0,0,0,0,690846503.0,5339290.8895,11.567364799,48.178170497,2,#fc8d62,car
170792,"9,17E+18",9,1,62,0,2017,3,8,7,3,8,6,0,1,0,0,0,0,0,0,686741588.0,5338540636.0,11.51186945,48.172646634,2,#fc8d62,car
170793,"9,17E+18",9,1,62,0,2017,3,21,7,3,3,6,0,0,0,1,0,0,2,0,694547.5591,5342669.8785,11.618647839,48.207416814,4,#e78ac3,marker
170794,"9,17E+18",9,1,62,0,2017,3,15,7,3,0,3,0,1,0,0,0,1,0,0,691277438.0,5331884.5609,11.569828653,48.111473679,2,#fc8d62,car
170795,"9,17E+18",9,1,62,0,2017,3,12,7,3,5,7,1,1,0,0,0,0,0,0,691701.7612,5333712.3484,11.576345318,48.127774074,1,#66c2a5,bicycle
170802,"9,17E+18",9,7,71,146,2017,3,10,7,3,5,1,1,1,0,0,0,0,0,0,646360.4802,5348921.2574,10.972665486,48.276568352,1,#66c2a5,bicycle
170803,"9,17E+18",9,7,71,142,2017,3,12,7,3,0,6,0,1,0,1,0,0,0,0,646948.6174,5351923343.0,10.98163204,48.303424927,2,#fc8d62,car
170804,"9,17E+18",9,7,71,130,2017,3,14,7,3,2,6,0,1,0,1,0,0,0,0,646274.7301,5357808.8238,10.974592882,48.356499374,2,#fc8d62,car
170805,"9,17E+18",9,7,61,0,2017,3,0,7,3,5,3,0,1,0,0,0,0,2,0,638845.3179,5355537.1581,10.873609848,48.337750372,2,#fc8d62,car
170806,"9,17E+18",9,7,61,0,2017,3,11,7,3,3,6,0,1,0,0,0,0,0,0,640749.3663,5359244.7027,10.900528777,48.370666144,2,#fc8d62,car
170829,"9,17E+18",9,1,63,0,2017,3,23,7,3,8,1,0,0,0,1,0,0,2,0,733771.1062,5305232.6331,12.125427912,47.857865005,4,#e78ac3,marker
170831,"9,17E+18",9,1,87,117,2017,3,4,7,3,8,1,0,1,0,0,0,0,2,0,724123179.0,5305977208.0,11.997011216,47.867992256,2,#fc8d62,car
170833,"9,17E+18",9,1,81,130,2017,3,17,7,3,0,7,1,0,0,0,0,0,0,0,640015242.0,5323408265.0,10.878793265,48.048588767,1,#66c2a5,bicycle
170834,"9,17E+18",9,1,81,143,2017,3,13,7,3,0,7,1,0,0,0,0,0,0,0,635881.7383,5314118.8732,10.820414423,47.965946208,1,#66c2a5,bicycle
170835,"9,17E+18",9,1,79,145,2017,3,22,7,3,8,1,1,0,0,0,0,0,2,0,674277.9331,5338388.4804,11.34430871,48.174818967,1,#66c2a5,bicycle
170836,"9,17E+18",9,1,62,0,2017,3,5,6,3,2,2,0,1,0,1,0,0,2,0,692429659.0,5338145.3703,11.588121261,48.167397449,2,#fc8d62,car
170837,"9,17E+18",9,1,62,0,2017,3,16,6,3,0,3,0,1,0,1,0,0,0,0,687496.7118,5327032.4055,11.516955228,48.06898502,2,#fc8d62,car
170838,"9,17E+18",9,1,62,0,2017,3,22,6,3,5,6,0,1,0,0,0,0,2,0,693934.76,5331205931.0,11.605183508,48.104570808,2,#fc8d62,car
170839,"9,17E+18",9,1,62,0,2017,3,13,6,3,5,3,1,0,0,0,0,0,0,0,693815.9126,5335709.5303,11.605636528,48.145083901,1,#66c2a5,bicycle
170840,"9,17E+18",9,1,84,149,2017,3,14,6,3,5,3,1,0,0,0,0,0,0,0,691093.3474,5351381.4694,11.576134406,48.28676326,1,#66c2a5,bicycle
170841,"9,17E+18",9,1,62,0,2017,3,18,6,3,2,6,0,1,0,0,0,0,1,0,688648.0301,5336289.5861,11.536488814,48.151850968,2,#fc8d62,car
170842,"9,17E+18",9,1,62,0,2017,3,7,6,3,3,2,1,1,0,0,0,0,0,1,686544.3422,5328100.3469,11.504649412,48.078863405,1,#66c2a5,bicycle
170851,"9,17E+18",9,7,72,125,2017,3,17,6,2,5,3,1,1,0,0,0,0,0,0,636490.2658,5347989.3104,10.839406358,48.270392805,1,#66c2a5,bicycle
170852,"9,17E+18",9,7,61,0,2017,3,16,6,3,1,6,0,1,0,0,0,0,0,0,639298141.0,5361878.3916,10.881817058,48.394669543,2,#fc8d62,car
170853,"9,17E+18",9,7,61,0,2017,3,7,6,3,5,3,0,1,0,0,0,1,0,0,639657.7029,5357470.5887,10.885207485,48.354956291,2,#fc8d62,car
170854,"9,17E+18",9,7,61,0,2017,3,10,6,2,6,4,0,1,1,0,0,0,0,0,640256.5595,5358574.4428,10.893654702,48.364749088,2,#fc8d62,car
170876,"9,17E+18",9,2,61,0,2017,3,10,6,3,0,3,1,1,0,0,0,0,0,0,732067615.0,5381267776.0,12.144252369,48.541543362,1,#66c2a5,bicycle
170880,"9,17E+18",9,1,87,117,2017,3,18,6,3,0,7,0,1,0,0,0,0,0,0,724354.7814,5306148.5508,12.000192783,47.86945094,2,#fc8d62,car
170882,"9,17E+18",9,1,79,142,2017,3,7,6,2,8,1,0,1,0,1,0,0,0,0,678083565.0,5341827712.0,11.396896461,48.204679243,2,#fc8d62,car
170883,"9,17E+18",9,1,62,0,2017,3,15,5,3,6,7,1,0,1,0,0,0,0,0,691401437.0,5332054.4541,11.571569089,48.112963418,1,#66c2a5,bicycle
170884,"9,17E+18",9,1,62,0,2017,3,14,5,3,4,7,1,1,0,0,0,0,0,0,691181255.0,5334170.0835,11.569562728,48.132044698,1,#66c2a5,bicycle
170885,"9,17E+18",9,1,62,0,2017,3,15,5,3,1,3,1,1,0,0,0,1,0,0,691741.6286,5336599.6575,11.578180513,48.153712771,1,#66c2a5,bicycle
170886,"9,17E+18",9,1,62,0,2017,3,18,5,3,5,3,1,1,0,0,0,0,2,0,692178.3172,5335574.8575,11.583583434,48.144370277,1,#66c2a5,bicycle
170887,"9,17E+18",9,1,84,149,2017,3,11,5,3,5,3,0,1,0,0,0,0,0,0,690434652.0,5350187.0087,11.566725551,48.276226292,2,#fc8d62,car
170888,"9,17E+18",9,1,84,131,2017,3,13,5,3,6,3,0,1,1,0,0,0,0,0,705120.5024,5337850.5546,11.758468224,48.16078017,2,#fc8d62,car
170889,"9,17E+18",9,1,62,0,2017,3,16,5,3,3,6,0,1,0,1,0,0,0,0,687873.5525,5330401.3722,11.52349052,48.099155504,2,#fc8d62,car
170890,"9,17E+18",9,1,62,0,2017,3,8,5,3,4,2,1,1,0,0,0,0,0,1,696367.7377,5335930.5214,11.640007334,48.146287522,1,#66c2a5,bicycle
170891,"9,17E+18",9,1,62,0,2017,3,16,5,3,5,2,1,1,0,0,0,0,0,0,683233.0137,5335091.4215,11.463235714,48.142664212,1,#66c2a5,bicycle
170892,"9,17E+18",9,1,62,0,2017,3,21,5,3,1,6,1,1,0,0,0,0,2,0,684255.4511,5331853093.0,11.475567119,48.113260978,1,#66c2a5,bicycle
170893,"9,17E+18",9,1,62,0,2017,3,11,5,3,3,5,1,1,0,0,0,0,0,0,692462.7048,5335465.9854,11.587353398,48.143305791,1,#66c2a5,bicycle
170894,"9,17E+18",9,1,62,0,2017,3,7,5,3,6,7,0,0,1,1,0,0,0,0,689788.1777,5333411.3499,11.55052054,48.125642078,3,#8da0cb,toilet
170895,"9,17E+18",9,1,62,0,2017,3,7,5,2,4,3,0,1,0,1,0,0,0,0,689406.5995,5336087.2298,11.546587768,48.149806736,2,#fc8d62,car
170896,"9,17E+18",9,1,62,0,2017,3,17,5,3,0,7,1,0,0,0,0,1,1,0,688420767.0,5341414643.0,11.535707989,48.197982852,1,#66c2a5,bicycle
170897,"9,17E+18",9,1,62,0,2017,3,12,5,3,0,1,1,0,0,0,0,0,0,0,692157.6702,5332571.4412,11.58195171,48.117382317,1,#66c2a5,bicycle
170898,"9,17E+18",9,1,62,0,2017,3,8,5,3,2,6,0,1,0,0,0,0,0,0,687479.7935,5332926.0678,11.519316539,48.121964224,2,#fc8d62,car
170899,"9,17E+18",9,1,62,0,2017,3,7,5,3,3,2,0,1,0,1,0,0,0,0,690908.3272,5336205.4255,11.5668107,48.15042013,2,#fc8d62,car
170903,"9,17E+18",9,7,62,0,2017,3,13,5,2,5,3,1,0,0,0,0,1,0,0,620882.4084,5304531502.0,10.616865706,47.8827288,1,#66c2a5,bicycle
170905,"9,17E+18",9,7,71,130,2017,3,17,5,3,4,2,0,1,0,1,0,0,0,0,646286.7074,5361654.2699,10.976092453,48.39107195,2,#fc8d62,car
170906,"9,17E+18",9,7,61,0,2017,3,17,5,3,5,3,0,1,0,0,0,0,0,0,640576.3514,5352995.5516,10.896107975,48.314514148,2,#fc8d62,car
170907,"9,17E+18",9,7,71,113,2017,3,5,5,3,4,2,0,1,0,0,0,0,2,1,655843.8414,5366933.3818,11.107066653,48.436244457,2,#fc8d62,car
170923,"9,17E+18",9,2,61,0,2017,3,17,5,3,0,1,0,0,0,1,0,0,0,0,733586.9563,5380945.4521,12.164624445,48.538084357,4,#e78ac3,marker
170924,"9,17E+18",9,1,63,0,2017,3,14,5,3,5,3,1,1,0,0,0,0,0,0,732821.2268,5303542.2343,12.111838273,47.843023047,1,#66c2a5,bicycle
170925,"9,17E+18",9,1,87,122,2017,3,20,5,3,1,5,0,1,0,0,0,0,2,0,720480.6358,5306675.0907,11.94872582,47.875523514,2,#fc8d62,car
170931,"9,17E+18",9,1,79,149,2017,3,12,5,2,0,7,1,0,0,0,0,0,0,0,655007.4578,5329774.8606,11.082144573,48.10236693,1,#66c2a5,bicycle
170932,"9,17E+18",9,1,78,124,2017,3,20,5,3,2,6,0,1,0,0,0,0,2,0,704102.7306,5359102762.0,11.755047051,48.352088716,2,#fc8d62,car
170933,"9,17E+18",9,1,75,115,2017,3,13,5,2,5,3,0,1,0,0,0,1,0,0,720647.9459,5328999.0816,11.962422243,48.076052302,2,#fc8d62,car
170934,"9,17E+18",9,1,77,139,2017,3,16,5,3,2,6,0,1,0,0,0,0,0,0,731927.3131,5358730.1399,12.129879708,48.339139557,2,#fc8d62,car
170935,"9,17E+18",9,1,62,0,2017,3,8,4,2,6,4,0,1,1,0,0,0,0,1,693029.4099,5335926434.0,11.595172501,48.147272492,2,#fc8d62,car
170936,"9,17E+18",9,1,62,0,2017,3,7,4,3,0,7,0,0,0,1,0,0,0,1,689104.1192,5333365292.0,11.541316592,48.125431668,4,#e78ac3,marker
170937,"9,17E+18",9,1,62,0,2017,3,15,4,3,5,2,0,1,0,0,0,0,0,0,688620431.0,5331723.88,11.534096945,48.11082184,2,#fc8d62,car
170938,"9,17E+18",9,1,62,0,2017,3,20,4,3,3,2,1,1,0,0,0,0,2,0,691080.9928,5334213.0551,11.568235835,48.132461032,1,#66c2a5,bicycle
170939,"9,17E+18",9,1,62,0,2017,3,8,4,3,3,2,1,1,0,0,0,0,0,1,695204.4301,5338691.5588,11.625651476,48.171460318,1,#66c2a5,bicycle
170940,"9,17E+18",9,1,84,138,2017,3,15,4,3,6,4,0,0,1,0,0,1,0,0,679763.6546,5330786.5992,11.414824377,48.104957962,3,#8da0cb,toilet
170941,"9,17E+18",9,1,84,148,2017,3,12,4,3,1,5,0,1,0,1,0,0,0,1,694108.5027,5328394.6739,11.606237006,48.079251106,2,#fc8d62,car
170942,"9,17E+18",9,1,62,0,2017,3,10,4,3,6,4,0,0,1,0,0,1,0,0,684692643.0,5329151081.0,11.480266006,48.088847082,3,#8da0cb,toilet
170985,"9,17E+18",9,1,90,157,2017,3,19,6,2,0,7,1,0,0,0,0,0,0,0,658995359.0,5301662489.0,11.12527176,47.84862586,1,#66c2a5,bicycle
170986,"9,17E+18",9,1,90,157,2017,3,11,6,3,1,6,0,1,0,1,0,0,0,0,660921.0217,5301994.7862,11.151116821,47.851134337,2,#fc8d62,car
170987,"9,17E+18",9,1,90,157,2017,3,8,6,3,2,2,1,1,0,0,0,0,0,0,660875.6278,5300603.6989,11.149993304,47.838638314,1,#66c2a5,bicycle
170989,"9,17E+18",9,1,73,126,2017,3,15,6,3,0,7,1,1,0,0,0,0,0,0,684789.8589,5305119.4282,11.471232736,47.872803096,1,#66c2a5,bicycle
170990,"9,17E+18",9,1,73,118,2017,3,18,6,2,7,7,1,0,0,0,0,0,0,0,692863.4549,5305790.3506,11.579391289,47.876459931,1,#66c2a5,bicycle
170997,"9,17E+18",9,1,63,0,2017,3,19,6,3,0,1,1,0,0,0,0,0,0,0,733399.2344,5306357.3425,12.121070837,47.868104599,1,#66c2a5,bicycle
170998,"9,17E+18",9,1,82,120,2017,3,7,6,3,5,3,1,0,0,0,0,0,0,0,701604.1007,5307267.9912,11.696848987,47.887055712,1,#66c2a5,bicycle
171000,"9,17E+18",9,1,87,150,2017,3,16,6,3,0,7,1,0,0,0,0,1,0,0,728777.4245,5304047.5239,12.058137067,47.849014367,1,#66c2a5,bicycle
171002,"9,17E+18",9,1,81,131,2017,3,19,6,2,1,7,1,0,0,0,0,0,0,0,634957.0927,5334141.6786,10.814350306,48.146198872,1,#66c2a5,bicycle
171003,"9,17E+18",9,1,81,130,2017,3,13,6,3,5,3,0,1,0,1,0,0,0,0,639119.5139,5322555.4623,10.866503402,48.041115951,2,#fc8d62,car
171004,"9,17E+18",9,1,88,124,2017,3,14,6,3,0,7,1,0,0,0,0,0,0,0,661468.9711,5319405.2987,11.164962477,48.007532856,1,#66c2a5,bicycle
171005,"9,17E+18",9,1,79,123,2017,3,16,6,3,0,7,1,0,0,0,0,0,0,0,676060.3103,5333049.7327,11.366054942,48.126336269,1,#66c2a5,bicycle
171006,"9,17E+18",9,1,74,115,2017,3,16,6,3,5,3,1,1,0,0,0,0,0,0,680634.06,5347295807.0,11.433523231,48.253109804,1,#66c2a5,bicycle