OBJECTID,UIDENTSTLA,ULAND,UREGBEZ,UKREIS,UGEMEINDE,UJAHR,UMONAT,USTUNDE,UWOCHENTAG,UKATEGORIE,UART,UTYP1,IstRad,IstPKW,IstFuss,IstKrad,IstGkfz,IstSonstig,ULICHTVERH,STRZUSTAND,LINREFX,LINREFY,XGCSWGS84,YGCSWGS84,Teilnehmer,color,symbol
171378,"9,17E+18",9,1,62,0,2017,4,10,7,3,5,2,1,0,0,0,0,1,0,0,692339714.0,5337784.3928,11.586749554,48.164180296,1,#66c2a5,bicycle
171379,"9,17E+18",9,1,62,0,2017,4,16,7,3,5,2,0,1,0,0,0,0,0,0,686764.7921,5336947425.0,11.511481606,48.158319603,2,#fc8d62,car
171380,"9,17E+18",9,1,62,0,2017,4,9,7,3,4,2,0,1,0,0,0,0,0,0,689049.8048,5335563.8592,11.541563115,48.145208776,2,#fc8d62,car
171381,"9,17E+18",9,1,62,0,2017,4,13,7,2,5,3,1,1,0,0,0,0,0,0,691256.6299,5339605.6507,11.573017927,48.180876209,1,#66c2a5,bicycle
171382,"9,17E+18",9,1,84,119,2017,4,12,7,2,6,6,1,0,1,0,0,0,0,0,697184.4289,5347252.4909,11.656233158,48.247787911,1,#66c2a5,bicycle
171383,"9,17E+18",9,1,62,0,2017,4,21,7,3,6,7,0,1,1,0,0,0,2,0,688560098.0,5339779.63,11.536855254,48.183245906,2,#fc8d62,car
171384,"9,17E+18",9,1,84,129,2017,4,12,7,3,0,7,1,0,0,0,0,0,0,0,699097.2073,5325467.8603,11.671781631,48.051408928,1,#66c2a5,bicycle
171385,"9,17E+18",9,1,62,0,2017,4,18,7,2,0,7,1,0,0,0,0,0,0,0,696359302.0,5337232.9561,11.640494935,48.157995608,1,#66c2a5,bicycle
171393,"9,17E+18",9,7,73,182,2017,4,9,7,2,6,5,0,1,1,0,0,0,0,0,624158.0974,5380158.2532,10.682812709,48.562215253,2,#fc8d62,car
171394,"9,17E+18",9,7,72,130,2017,4,22,7,2,0,7,1,0,0,0,0,0,2,0,632152.3518,5357621267.0,10.783994294,48.357926617,1,#66c2a5,bicycle
171395,"9,17E+18",9,7,71,146,2017,4,1,7,3,1,1,0,1,0,1,0,0,2,0,647433.3613,5347565.2932,10.986644105,48.264127511,2,#fc8d62,car
171396,"9,17E+18",9,7,71,142,2017,4,9,7,3,2,6,0,1,0,0,0,0,0,0,646180.1601,5352153.8928,10.971355484,48.305675926,2,#fc8d62,car
171397,"9,17E+18",9,7,61,0,2017,4,12,7,3,3,2,1,1,0,0,0,0,0,0,642695.4178,5359854.2495,10.926997698,48.37570989,1,#66c2a5,bicycle
171398,"9,17E+18",9,7,61,0,2017,4,12,7,3,3,2,1,1,0,0,0,0,0,0,639734.9095,5357086.9691,10.886121735,48.351489799,1,#66c2a5,bicycle
171399,"9,17E+18",9,7,61,0,2017,4,10,7,3,3,2,1,1,0,0,0,0,0,0,640243.5151,5358921.5121,10.89359441,48.367872727,1,#66c2a5,bicycle
171428,"9,17E+18",9,2,61,0,2017,4,16,7,3,3,6,0,1,0,0,0,0,0,0,733009.5095,5382024.6279,12.157417109,48.547992879,2,#fc8d62,car
171429,"9,17E+18",9,2,74,146,2017,4,21,7,2,0,1,1,0,0,0,0,0,2,0,732655.8027,5376309.6518,12.149444261,48.496787962,1,#66c2a5,bicycle
171438,"9,17E+18",9,1,87,122,2017,4,14,7,3,0,1,1,0,0,0,0,0,0,0,721143.0489,5306551.4611,11.957509528,47.874184916,1,#66c2a5,bicycle
171440,"9,17E+18",9,1,79,126,2017,4,9,7,3,6,7,0,1,1,0,0,0,0,0,676847.0727,5340162.2979,11.379575232,48.190054314,2,#fc8d62,car
171442,"9,17E+18",9,1,79,145,2017,4,13,7,3,5,3,1,1,0,0,0,0,0,0,675148.7971,5338417.5942,11.356024928,48.17484126,1,#66c2a5,bicycle
171443,"9,17E+18",9,1,88,121,2017,4,12,7,3,5,2,0,1,0,0,0,0,0,0,669989.9481,5329263.3345,11.283035455,48.093947109,2,#fc8d62,car
171444,"9,17E+18",9,1,74,115,2017,4,13,7,3,0,1,1,0,0,0,0,0,0,0,681492.5857,5349841.3432,11.446170673,48.275745254,1,#66c2a5,bicycle
171445,"9,17E+18",9,1,78,145,2017,4,11,7,3,4,1,1,1,0,0,0,0,0,0,697809.7524,5355491.5957,11.668504324,48.321637806,1,#66c2a5,bicycle
171446,"9,17E+18",9,1,62,0,2017,3,10,6,3,2,6,0,1,0,0,0,0,0,0,696998.7703,5330966.9426,11.646187788,48.101482872,2,#fc8d62,car
171447,"9,17E+18",9,1,62,0,2017,3,10,6,3,5,3,1,0,0,0,0,1,0,0,692662.1029,5334798432.0,11.589729158,48.137245629,1,#66c2a5,bicycle
171448,"9,17E+18",9,1,84,141,2017,3,12,6,2,0,7,1,0,0,0,0,0,0,0,698500.1115,5316172.1438,11.659475982,47.968050086,1,#66c2a5,bicycle
171449,"9,17E+18",9,1,62,0,2017,3,14,6,3,5,3,1,1,0,0,0,0,0,0,697760.1865,5331756.9554,11.656770274,48.108347119,1,#66c2a5,bicycle
171450,"9,17E+18",9,1,62,0,2017,3,18,6,3,4,2,1,1,0,0,0,0,0,0,692728.5853,5338906.5124,11.592482483,48.174147808,1,#66c2a5,bicycle
171451,"9,17E+18",9,1,62,0,2017,3,9,6,3,6,4,0,0,1,1,0,0,0,0,690256.1525,5333637.1064,11.55690384,48.127531499,3,#8da0cb,toilet
171452,"9,17E+18",9,1,62,0,2017,3,7,6,3,1,6,1,1,0,0,0,0,1,0,690317.07,5335981.4735,11.558769204,48.14858444,1,#66c2a5,bicycle
171453,"9,17E+18",9,1,62,0,2017,3,20,6,3,0,1,1,0,0,0,0,0,2,0,691472461.0,5337198322.0,11.574834439,48.159174568,1,#66c2a5,bicycle
171454,"9,17E+18",9,1,62,0,2017,3,10,6,3,6,4,0,1,1,0,0,0,0,0,693128.0801,5331890.2955,11.594668474,48.110966775,2,#fc8d62,car
171455,"9,17E+18",9,1,62,0,2017,3,14,6,3,2,6,0,1,0,0,0,0,0,0,692974.6098,5340400.1849,11.596466655,48.18749777,2,#fc8d62,car
171456,"9,17E+18",9,1,62,0,2017,3,23,6,2,0,7,0,0,1,0,0,1,1,0,691258.3576,5337094.6345,11.571911674,48.158307073,3,#8da0cb,toilet
171457,"9,17E+18",9,1,62,0,2017,3,18,6,2,6,4,0,1,1,0,0,0,0,0,688408.8818,5335821.2663,11.533069287,48.147712527,2,#fc8d62,car
171458,"9,17E+18",9,1,62,0,2017,3,14,6,1,5,3,0,1,0,1,0,0,0,0,686228.6953,5332810.6478,11.502470793,48.121293951,2,#fc8d62,car
171459,"9,17E+18",9,1,62,0,2017,3,14,6,3,6,4,0,0,1,0,0,1,0,0,682972.9511,5335791.6881,11.460043946,48.149033513,3,#8da0cb,toilet
171460,"9,17E+18",9,1,62,0,2017,3,18,6,3,3,6,1,0,0,0,0,0,0,0,691669.7017,5336177921.0,11.577024467,48.149943953,1,#66c2a5,bicycle
171461,"9,17E+18",9,1,62,0,2017,3,16,6,3,5,3,1,1,0,0,0,0,0,0,691053.4103,5339344.7033,11.570169509,48.178591993,1,#66c2a5,bicycle
171462,"9,17E+18",9,1,62,0,2017,3,18,6,3,5,3,1,1,0,0,0,0,0,0,684422.9737,5339330.5067,11.481054923,48.18042339,1,#66c2a5,bicycle
171463,"9,17E+18",9,1,62,0,2017,3,8,6,3,1,5,0,1,0,0,0,0,0,0,688872.4702,5342584.5524,11.542301292,48.208363811,2,#fc8d62,car
171464,"9,17E+18",9,1,62,0,2017,3,14,6,3,5,3,1,1,0,0,0,0,0,0,688102.7946,5339767.7106,11.530703731,48.183274331,1,#66c2a5,bicycle
171465,"9,17E+18",9,1,62,0,2017,3,11,6,3,0,7,0,0,0,0,0,1,0,0,689876.3113,5342613.5247,11.555812454,48.208324738,6,#ffd92f,circle
171466,"9,17E+18",9,1,62,0,2017,3,4,6,3,0,7,0,0,0,0,0,1,2,0,694517.7082,5335108.1009,11.61478648,48.139464318,6,#ffd92f,circle
171467,"9,17E+18",9,1,62,0,2017,3,8,6,3,5,2,0,1,0,0,0,0,0,0,693276.0343,5334639.6914,11.597900703,48.135632749,2,#fc8d62,car
171468,"9,17E+18",9,1,62,0,2017,3,10,6,3,6,7,0,0,1,0,0,1,0,0,691353.4625,5338426.2931,11.573788354,48.170247199,3,#8da0cb,toilet
171469,"9,17E+18",9,1,62,0,2017,3,15,6,2,5,3,1,1,0,0,0,0,0,0,692811.3879,5337928.6372,11.593151688,48.165333851,1,#66c2a5,bicycle
171470,"9,17E+18",9,1,62,0,2017,3,14,6,3,2,6,0,1,0,1,0,0,0,0,691588.4271,5336213.4438,11.575948854,48.150287712,2,#fc8d62,car
171476,"9,17E+18",9,7,78,116,2017,3,15,6,2,5,3,1,1,0,0,0,0,0,0,619134507.0,5318160.1084,10.597268723,48.005628298,1,#66c2a5,bicycle
171480,"9,17E+18",9,7,62,0,2017,3,23,6,3,1,1,0,1,0,0,0,0,2,0,621612.9949,5307487.8173,10.62746682,47.909179074,2,#fc8d62,car
171484,"9,17E+18",9,7,72,125,2017,3,9,6,3,5,3,0,1,0,0,0,0,0,0,633276.7935,5348168.7058,10.796179034,48.272690397,2,#fc8d62,car
171485,"9,17E+18",9,7,61,0,2017,3,15,6,3,5,3,1,1,0,0,0,0,0,0,644225.0173,5358130.8233,10.947050478,48.359866111,1,#66c2a5,bicycle
171486,"9,17E+18",9,7,61,0,2017,3,21,6,2,9,1,0,0,0,1,0,0,2,0,637727.0351,5356991.4889,10.859003436,48.35107233,4,#e78ac3,marker
171487,"9,17E+18",9,7,61,0,2017,3,6,6,3,0,1,0,0,0,1,0,0,0,0,641890.9315,5357512.6021,10.915350117,48.3548362,4,#e78ac3,marker
171488,"9,17E+18",9,7,61,0,2017,3,14,6,2,3,2,1,0,0,0,0,1,0,0,641050.6701,5359211.6961,10.904583855,48.370302094,1,#66c2a5,bicycle
171489,"9,17E+18",9,7,71,113,2017,3,20,6,3,6,4,0,1,1,0,0,0,2,0,657324.0097,5368902.9658,11.127804644,48.453583501,2,#fc8d62,car
171506,"9,17E+18",9,2,61,0,2017,4,14,1,3,4,2,0,1,0,0,0,0,0,0,731694.9268,5381891.2084,12.139557467,48.547281252,2,#fc8d62,car
171509,"9,17E+18",9,1,73,147,2017,4,19,1,3,1,5,1,1,0,0,0,0,1,0,681179.4288,5310010.4238,11.425048133,47.917798355,1,#66c2a5,bicycle
171516,"9,17E+18",9,1,82,137,2017,4,15,1,3,0,1,0,0,0,1,0,0,0,0,711112.2893,5303614.4286,11.822099082,47.851166917,4,#e78ac3,marker
171521,"9,17E+18",9,1,88,139,2017,4,16,1,3,1,7,1,1,0,0,0,0,0,0,676587.8754,5319350.4809,11.367481348,48.003042397,1,#66c2a5,bicycle
171522,"9,17E+18",9,1,79,142,2017,4,14,1,3,0,1,0,0,0,1,0,0,0,1,675595.4126,5344496.8005,11.364542408,48.229365257,4,#e78ac3,marker
171523,"9,17E+18",9,1,79,145,2017,4,3,1,3,0,1,1,0,0,0,0,0,2,0,674347.1334,5337756.7993,11.344979695,48.16912157,1,#66c2a5,bicycle
171524,"9,17E+18",9,1,79,145,2017,4,13,1,2,5,3,1,1,0,0,0,0,0,0,675148589.0,5338800502.0,11.356179926,48.178283388,1,#66c2a5,bicycle
171525,"9,17E+18",9,1,79,123,2017,4,12,1,3,0,7,1,0,0,0,0,0,0,0,675688658.0,5332271.4406,11.360743971,48.119442612,1,#66c2a5,bicycle
171526,"9,17E+18",9,1,79,121,2017,4,16,1,3,5,3,0,1,0,0,0,0,0,0,667936.4608,5339049.1707,11.25933727,48.182466008,2,#fc8d62,car
171527,"9,17E+18",9,1,81,115,2017,4,14,1,3,0,1,1,0,0,0,0,0,0,0,656900372.0,5325741.6044,11.106072013,48.065640687,1,#66c2a5,bicycle
171528,"9,17E+18",9,1,62,0,2017,4,18,7,3,6,4,0,1,1,0,0,0,0,0,690145.3907,5334678.4957,11.555881571,48.136924619,2,#fc8d62,car
171529,"9,17E+18",9,1,62,0,2017,4,16,7,3,0,1,1,0,0,0,0,0,0,0,688704.0084,5343372.2415,11.540386428,48.215493663,1,#66c2a5,bicycle
171530,"9,17E+18",9,1,62,0,2017,4,17,7,3,1,5,1,1,0,0,0,0,0,0,684552.9369,5333273.1823,11.480174821,48.125939404,1,#66c2a5,bicycle
171531,"9,17E+18",9,1,62,0,2017,4,13,7,3,5,3,1,1,0,0,0,0,0,0,687445.0543,5336158.4826,11.520272611,48.151028247,1,#66c2a5,bicycle
171532,"9,17E+18",9,1,62,0,2017,4,18,7,3,4,2,0,1,0,0,0,0,0,0,693374594.0,5330988979.0,11.597568349,48.102791166,2,#fc8d62,car
171533,"9,17E+18",9,1,62,0,2017,4,17,7,3,2,6,0,1,0,0,0,0,0,0,683459.2229,5337509.0493,11.467315995,48.164330108,2,#fc8d62,car
171534,"9,17E+18",9,1,62,0,2017,4,10,7,3,5,3,0,1,0,0,0,0,0,0,700442.4405,5334648.1028,11.694122724,48.133491665,2,#fc8d62,car
171535,"9,17E+18",9,1,84,148,2017,4,3,7,3,9,7,0,1,0,0,0,0,2,0,694687.2417,5326867.7656,11.613303771,48.065351275,2,#fc8d62,car
171536,"9,17E+18",9,1,62,0,2017,4,18,7,3,5,3,1,1,0,0,0,0,0,0,683770.0566,5339538.6811,11.472369718,48.182483743,1,#66c2a5,bicycle
171540,"9,17E+18",9,7,62,0,2017,4,15,7,3,5,1,1,1,0,0,0,0,0,0,621433.9073,5303552202.0,10.623963902,47.87381712,1,#66c2a5,bicycle
171543,"9,17E+18",9,7,72,223,2017,4,19,7,2,8,1,0,0,0,1,0,0,0,0,617347.1212,5361911.1246,10.585412954,48.399431355,4,#e78ac3,marker
171544,"9,17E+18",9,7,72,151,2017,4,11,7,3,0,1,1,0,0,0,0,0,0,0,632358.0395,5343036.7081,10.78219843,48.226733948,1,#66c2a5,bicycle
171545,"9,17E+18",9,7,61,0,2017,4,12,7,3,6,7,0,0,1,0,0,1,0,0,639247.7772,5360355.8363,10.880632397,48.38099027,3,#8da0cb,toilet
171546,"9,17E+18",9,7,61,0,2017,4,19,7,3,0,1,1,0,0,0,0,0,0,0,639121.1398,5360230.4684,10.878881533,48.379890932,1,#66c2a5,bicycle
171547,"9,17E+18",9,7,61,0,2017,4,22,7,3,5,3,1,0,0,1,0,0,2,0,641664.1924,5357919.2092,10.912428075,48.35854316,1,#66c2a5,bicycle
171548,"9,17E+18",9,7,61,0,2017,4,13,7,3,4,2,1,1,0,0,0,0,0,0,639540.8468,5356475.3245,10.883301049,48.346032939,1,#66c2a5,bicycle
171567,"9,17E+18",9,1,73,147,2017,4,1,7,3,0,1,1,0,0,0,0,0,2,0,682311.5973,5308572.2291,11.43957974,47.904549304,1,#66c2a5,bicycle
171571,"9,17E+18",9,1,87,117,2017,4,11,7,2,5,3,1,1,0,0,0,0,0,0,724834.4492,5305156.6469,12.006082224,47.860370985,1,#66c2a5,bicycle
171572,"9,17E+18",9,1,81,126,2017,4,19,7,3,5,3,0,1,0,0,0,0,0,0,634808.6953,5331046286.0,10.811376761,48.1183951,2,#fc8d62,car
171573,"9,17E+18",9,1,79,121,2017,4,15,7,2,1,5,1,1,0,0,0,0,0,0,665644.1785,5337455.4646,11.227901256,48.168740235,1,#66c2a5,bicycle
171574,"9,17E+18",9,1,75,135,2017,4,0,7,3,0,1,1,0,0,0,0,0,2,0,709680.8005,5337454.0498,11.819523684,48.155729791,1,#66c2a5,bicycle
171575,"9,17E+18",9,1,78,143,2017,4,15,7,3,5,2,0,1,0,0,0,0,0,0,717667.1421,5373538.4093,11.945389395,48.47725993,2,#fc8d62,car
171576,"9,17E+18",9,1,77,115,2017,4,15,7,3,2,6,0,1,0,1,0,1,0,0,733611.0571,5351625.8179,12.148634436,48.274700663,2,#fc8d62,car
171577,"9,17E+18",9,1,62,0,2017,4,9,6,3,1,5,1,1,0,0,0,0,0,0,682888.4275,5335748.1782,11.458889931,48.148666725,1,#66c2a5,bicycle
171578,"9,17E+18",9,1,62,0,2017,4,17,6,3,3,6,1,1,0,0,0,0,0,0,692129.2085,5334448.5886,11.582415858,48.134262411,1,#66c2a5,bicycle
171579,"9,17E+18",9,1,62,0,2017,4,12,6,3,5,2,1,1,0,0,0,0,0,0,685997476.0,5329870.9178,11.498085162,48.094937918,1,#66c2a5,bicycle
171580,"9,17E+18",9,1,62,0,2017,4,8,6,3,4,7,0,1,0,0,0,0,0,0,690584.7924,5337174209.0,11.562899093,48.159224515,2,#fc8d62,car
171581,"9,17E+18",9,1,62,0,2017,4,15,6,3,2,6,0,1,0,0,0,0,0,0,696309621.0,5333751907.0,11.638222853,48.126725336,2,#fc8d62,car
171582,"9,17E+18",9,1,62,0,2017,4,16,6,3,5,3,0,1,0,0,0,1,0,0,700178.7938,5334634396.0,11.690576695,48.133451457,2,#fc8d62,car
171583,"9,17E+18",9,1,84,120,2017,4,14,6,3,3,6,1,0,0,0,0,0,0,0,680441.9509,5332475.7581,11.424642333,48.119949962,1,#66c2a5,bicycle
171584,"9,17E+18",9,1,62,0,2017,4,18,6,2,3,2,1,1,0,0,0,0,0,0,690283.1118,5335639.0016,11.558160043,48.14551647,1,#66c2a5,bicycle
171585,"9,17E+18",9,1,62,0,2017,4,11,6,3,0,7,0,0,0,0,0,1,0,0,693236.8644,5331531.6892,11.595965995,48.107710711,6,#ffd92f,circle
171586,"9,17E+18",9,1,62,0,2017,4,9,6,3,0,6,0,1,0,0,0,1,0,0,688150.4977,5339853.6409,11.531382924,48.184032556,2,#fc8d62,car
171587,"9,17E+18",9,1,62,0,2017,4,18,6,2,5,3,0,1,0,1,0,0,0,0,692248.2646,5332324.3942,11.583056337,48.115134552,2,#fc8d62,car
171588,"9,17E+18",9,1,62,0,2017,4,7,6,3,5,2,1,1,0,0,0,0,0,0,689629.8809,5342589.6891,11.552488167,48.208184169,1,#66c2a5,bicycle
171589,"9,17E+18",9,1,62,0,2017,4,22,6,2,1,5,0,1,0,0,0,1,2,0,689919.2039,5335304.2741,11.553123419,48.142616675,2,#fc8d62,car
171590,"9,17E+18",9,1,62,0,2017,4,13,6,3,2,6,0,1,0,0,0,0,0,0,689212.9083,5340120.5374,11.545780899,48.186115904,2,#fc8d62,car
171591,"9,17E+18",9,1,84,139,2017,4,7,6,3,5,3,0,1,0,1,0,0,0,0,687720.0467,5326595478.0,11.519758447,48.064992068,2,#fc8d62,car
171592,"9,17E+18",9,1,62,0,2017,4,18,6,3,6,3,1,0,1,0,0,0,0,0,691737.22,5335212.7121,11.577496632,48.141248459,1,#66c2a5,bicycle
171594,"9,17E+18",9,7,62,0,2017,4,14,6,3,1,1,0,1,0,1,0,0,0,0,621383.1878,5303808.0793,10.623357798,47.876128011,2,#fc8d62,car
171597,"9,17E+18",9,7,72,147,2017,4,21,6,2,8,6,1,0,0,0,0,1,2,0,639004.0908,5364686.4829,10.878777004,48.419983964,1,#66c2a5,bicycle
171598,"9,17E+18",9,7,72,163,2017,4,13,6,3,5,3,1,1,0,0,0,0,0,0,639335.6562,5347476.6678,10.877562078,48.265163552,1,#66c2a5,bicycle
171599,"9,17E+18",9,7,72,163,2017,4,14,6,3,5,3,0,1,0,1,0,0,0,0,640089884.0,5349858655.0,10.888509111,48.2864157,2,#fc8d62,car
171600,"9,17E+18",9,7,61,0,2017,4,16,6,3,2,6,0,1,0,0,0,1,0,0,641886.4955,5360470.7526,10.916288275,48.381435622,2,#fc8d62,car
171601,"9,17E+18",9,7,61,0,2017,4,23,6,3,2,2,1,0,0,0,0,0,2,0,639759.7172,5357684.6169,10.886654855,48.356858207,1,#66c2a5,bicycle
171602,"9,17E+18",9,7,61,0,2017,4,13,6,3,4,6,0,1,0,1,0,0,0,0,639453.5847,5358372.2701,10.882752529,48.363109105,2,#fc8d62,car
171623,"9,17E+18",9,1,73,147,2017,4,15,6,2,5,3,1,1,0,0,0,0,0,0,682725.7706,5308581.9283,11.445120841,47.904518657,1,#66c2a5,bicycle
171633,"9,17E+18",9,1,88,121,2017,4,9,6,3,5,3,1,1,0,0,0,0,0,0,670304.1716,5330442366.0,11.287722578,48.104462535,1,#66c2a5,bicycle
171634,"9,17E+18",9,1,77,124,2017,4,15,6,3,5,3,0,1,0,0,0,0,0,0,728895.5959,5367906.2256,12.094025159,48.422678055,2,#fc8d62,car
171635,"9,17E+18",9,1,62,0,2017,4,17,5,3,5,3,1,0,0,0,0,0,0,0,690530.4341,5336077.3419,11.561677773,48.149382229,1,#66c2a5,bicycle
171636,"9,17E+18",9,1,62,0,2017,4,14,5,3,2,6,0,1,0,1,0,0,0,0,690878946.0,5334270342.0,11.565548703,48.13303655,2,#fc8d62,car
171637,"9,17E+18",9,1,84,120,2017,4,15,5,3,0,7,1,1,0,0,0,0,0,0,681042.1564,5332954.1933,11.4329031,48.124080183,1,#66c2a5,bicycle
171638,"9,17E+18",9,1,62,0,2017,4,18,5,3,5,3,1,0,0,0,0,0,0,1,689788229.0,5336674243.0,11.551975303,48.154969067,1,#66c2a5,bicycle
171639,"9,17E+18",9,1,62,0,2017,4,19,5,3,2,6,0,1,0,0,0,0,0,0,694549.5988,5335463.5388,11.615377078,48.142649095,2,#fc8d62,car
171640,"9,17E+18",9,1,62,0,2017,4,13,5,3,5,3,1,1,0,0,0,0,0,0,693305.0623,5334811.3522,11.598368363,48.13716677,1,#66c2a5,bicycle
171641,"9,17E+18",9,1,62,0,2017,4,16,5,3,5,3,0,0,0,0,0,1,0,0,691410.1904,5333563.8241,11.572364192,48.126526889,6,#ffd92f,circle
171646,"9,17E+18",9,7,62,0,2017,4,10,5,2,2,6,0,1,0,0,0,0,0,0,621811011.0,5305191.8015,10.629467373,47.888491813,2,#fc8d62,car
171648,"9,17E+18",9,7,71,130,2017,4,11,5,3,5,1,1,1,0,0,0,0,0,0,647993.2761,5358989.8209,10.99819274,48.366717443,1,#66c2a5,bicycle
171649,"9,17E+18",9,7,61,0,2017,4,17,5,1,0,3,1,1,0,0,0,0,0,0,641380.1813,5353523.2717,10.907120797,48.319080042,1,#66c2a5,bicycle
171650,"9,17E+18",9,7,61,0,2017,4,13,5,3,3,2,0,1,0,0,0,1,0,0,640577.3065,5358037.1036,10.897803201,48.35984616,2,#fc8d62,car
171651,"9,17E+18",9,7,61,0,2017,4,11,5,3,1,5,1,1,0,0,0,0,0,0,640359.3055,5358331.0938,10.894959928,48.362538132,1,#66c2a5,bicycle
171679,"9,17E+18",9,2,74,126,2017,4,19,5,3,0,1,1,0,0,0,0,0,0,0,733257.9428,5383788.3859,12.161766262,48.563743706,1,#66c2a5,bicycle
171680,"9,17E+18",9,2,61,0,2017,4,13,5,3,4,2,1,1,0,0,0,0,0,0,731708776.0,5381895023.0,12.139746957,48.547310403,1,#66c2a5,bicycle
171681,"9,17E+18",9,2,61,0,2017,4,14,5,3,0,1,1,0,0,0,0,0,0,0,732717.4942,5381467.1285,12.153154959,48.543093419,1,#66c2a5,bicycle
171682,"9,17E+18",9,1,90,157,2017,4,15,5,3,5,3,1,0,0,0,0,0,0,0,659988.4817,5300785.4699,11.138212943,47.840494007,1,#66c2a5,bicycle
171683,"9,17E+18",9,1,90,157,2017,4,12,5,2,5,3,1,1,0,0,0,0,0,0,660940.6846,5300807567.0,11.15093791,47.840455029,1,#66c2a5,bicycle
171685,"9,17E+18",9,1,63,0,2017,4,7,5,3,5,2,1,1,0,0,0,0,0,0,732457.3317,5304595.0544,12.107547444,47.852613428,1,#66c2a5,bicycle
171686,"9,17E+18",9,1,63,0,2017,4,7,5,3,5,2,1,1,0,0,0,0,0,0,733334.0579,5306473.6457,12.120263396,47.869173146,1,#66c2a5,bicycle
171688,"9,17E+18",9,1,87,150,2017,4,22,5,3,8,1,0,1,0,0,0,0,2,0,729108.4311,5304427.2341,12.062756255,47.852308014,2,#fc8d62,car
171689,"9,17E+18",9,1,87,150,2017,4,18,5,3,1,3,1,1,0,0,0,0,0,0,729320.9087,5303428.3396,12.065063174,47.843257644,1,#66c2a5,bicycle
171693,"9,17E+18",9,1,85,158,2017,4,13,5,3,2,6,1,1,0,0,0,0,0,0,667136484.0,5380899.21,11.265216848,48.55889277,1,#66c2a5,bicycle
171694,"9,17E+18",9,1,85,158,2017,4,15,5,3,6,3,0,1,1,0,0,0,0,0,667084.0829,5381335.4107,11.264682354,48.562827862,2,#fc8d62,car
171695,"9,17E+18",9,1,81,130,2017,4,17,5,3,3,2,1,1,0,0,0,0,0,0,639098.6682,5324790.3292,10.866950386,48.061217146,1,#66c2a5,bicycle
171696,"9,17E+18",9,1,74,115,2017,4,13,5,3,5,3,0,1,0,1,0,0,0,0,680562089.0,5347283057.0,11.432549098,48.253015707,2,#fc8d62,car
171697,"9,17E+18",9,1,62,0,2017,4,13,4,3,3,3,0,1,0,1,0,0,0,0,691782.8931,5337608747.0,11.579189635,48.162769838,2,#fc8d62,car
171698,"9,17E+18",9,1,84,132,2017,4,17,4,3,5,7,1,0,0,0,0,0,0,0,684186.8201,5328906.9997,11.47337454,48.08679948,1,#66c2a5,bicycle
171699,"9,17E+18",9,1,62,0,2017,4,16,4,3,8,7,1,0,0,0,0,0,0,0,686685018.0,5329031.9697,11.506943443,48.087196067,1,#66c2a5,bicycle
171700,"9,17E+18",9,1,62,0,2017,4,17,4,3,4,2,1,1,0,0,0,0,0,0,690449.6322,5334742.1508,11.559995331,48.137405771,1,#66c2a5,bicycle
171701,"9,17E+18",9,1,62,0,2017,4,16,4,3,5,3,1,1,0,0,0,0,0,0,683139.0231,5336360.4336,11.462519352,48.154097963,1,#66c2a5,bicycle
171702,"9,17E+18",9,1,62,0,2017,4,7,4,3,3,2,1,0,0,0,0,1,0,0,687562.7012,5329890.2391,11.519094818,48.094652848,1,#66c2a5,bicycle
171703,"9,17E+18",9,1,62,0,2017,4,9,4,3,4,2,0,1,0,0,0,1,0,0,688507.7534,5336352223.0,11.534632366,48.152455548,2,#fc8d62,car
171704,"9,17E+18",9,1,84,148,2017,4,14,4,2,6,4,0,1,1,0,0,0,0,0,694035.0166,5327492.9087,11.604841992,48.071168624,2,#fc8d62,car
171705,"9,17E+18",9,1,62,0,2017,4,12,4,3,2,6,1,1,0,1,0,0,0,0,691015.5479,5335909.6504,11.568118083,48.147729542,1,#66c2a5,bicycle
171706,"9,17E+18",9,1,62,0,2017,4,14,4,3,0,6,1,1,0,0,0,0,0,0,691187.7873,5335135.2937,11.570083647,48.140717961,1,#66c2a5,bicycle
171709,"9,17E+18",9,7,73,182,2017,4,10,4,3,9,7,0,1,1,0,0,0,0,0,623395.3473,5380413.6426,10.672554901,48.564662437,2,#fc8d62,car
171710,"9,17E+18",9,7,61,0,2017,4,15,4,3,5,3,1,1,0,0,0,0,0,0,640571.3008,5353723.2051,10.896282439,48.321058153,1,#66c2a5,bicycle
171711,"9,17E+18",9,7,61,0,2017,4,16,4,3,2,6,0,1,0,0,0,0,0,0,639724105.0,5358959146.0,10.886597701,48.368326317,2,#fc8d62,car
171712,"9,17E+18",9,7,61,0,2017,4,16,4,3,3,2,1,1,0,0,0,0,0,0,640094.6218,5359065.6965,10.891633195,48.369202255,1,#66c2a5,bicycle
171732,"9,17E+18",9,1,63,0,2017,4,7,4,3,6,4,0,1,1,0,0,0,0,0,732727449.0,5303617.0075,12.11062697,47.843728769,2,#fc8d62,car
171733,"9,17E+18",9,1,79,121,2017,4,12,4,3,0,7,1,0,0,0,0,1,0,0,667388603.0,5338625.7054,11.251805752,48.17880366,1,#66c2a5,bicycle