OBJECTID,UIDENTSTLA,ULAND,UREGBEZ,UKREIS,UGEMEINDE,UJAHR,UMONAT,USTUNDE,UWOCHENTAG,UKATEGORIE,UART,UTYP1,IstRad,IstPKW,IstFuss,IstKrad,IstGkfz,IstSonstig,ULICHTVERH,STRZUSTAND,LINREFX,LINREFY,XGCSWGS84,YGCSWGS84,Teilnehmer,color,symbol
171734,"9,17E+18",9,1,79,121,2017,4,16,4,3,1,7,1,1,0,0,0,0,0,0,667159.6428,5339287.0724,11.248988309,48.1848096,1,#66c2a5,bicycle
171735,"9,17E+18",9,1,79,147,2017,4,13,4,2,0,7,1,0,0,0,0,0,0,0,663723.8425,5334852.3393,11.201091041,48.145834936,1,#66c2a5,bicycle
171736,"9,17E+18",9,1,79,121,2017,4,12,4,3,6,7,0,0,1,0,0,1,0,0,665373.4998,5336543.7174,11.223908959,48.160613981,3,#8da0cb,toilet
171737,"9,17E+18",9,1,74,126,2017,4,23,4,3,0,7,0,0,0,1,0,0,2,0,682484.6791,5345454.1931,11.457637656,48.236026287,4,#e78ac3,marker
171738,"9,17E+18",9,1,74,115,2017,4,7,4,3,1,6,0,1,0,0,0,1,0,0,685339.3931,5347588.1571,11.496980326,48.254379013,2,#fc8d62,car
171739,"9,17E+18",9,1,62,0,2017,4,18,3,3,5,2,1,1,0,0,0,0,0,1,691370535.0,5336814623.0,11.573292642,48.155756621,1,#66c2a5,bicycle
171740,"9,17E+18",9,1,62,0,2017,4,15,3,3,5,7,0,1,0,0,0,1,0,0,693863.2535,5333967.4231,11.605479411,48.129412018,2,#fc8d62,car
171741,"9,17E+18",9,1,62,0,2017,4,9,3,3,0,1,1,0,0,0,0,0,0,0,691031.0321,5334345.8139,11.567624561,48.133669257,1,#66c2a5,bicycle
171742,"9,17E+18",9,1,62,0,2017,4,10,3,3,3,7,0,1,0,0,0,0,0,1,689891.0928,5333489.2713,11.551936887,48.126311751,2,#fc8d62,car
171743,"9,17E+18",9,1,62,0,2017,4,15,3,3,0,7,1,0,0,0,0,0,0,0,692202.2884,5331039.0467,11.581860142,48.103595895,1,#66c2a5,bicycle
171744,"9,17E+18",9,1,62,0,2017,4,18,3,3,5,3,0,1,0,0,0,0,0,1,690229.7936,5335891.6986,11.557556888,48.147803651,2,#fc8d62,car
171745,"9,17E+18",9,1,62,0,2017,4,19,3,3,3,6,0,1,0,1,0,0,1,1,691393492.0,5334261144.0,11.572453215,48.132799355,2,#fc8d62,car
171746,"9,17E+18",9,1,62,0,2017,4,17,3,3,2,6,0,1,0,1,0,0,0,1,690763287.0,5336401704.0,11.564950597,48.152227782,2,#fc8d62,car
171747,"9,17E+18",9,1,62,0,2017,4,8,3,3,4,2,0,1,0,0,0,0,0,0,690763.7406,5339997.9913,11.566570037,48.184550683,2,#fc8d62,car
171748,"9,17E+18",9,1,62,0,2017,4,19,3,3,0,6,0,1,0,0,0,0,1,1,691775.1532,5332081.8973,11.576597223,48.113097657,2,#fc8d62,car
171749,"9,17E+18",9,1,62,0,2017,4,1,3,3,8,1,0,1,0,0,0,0,2,0,696999.7495,5335237.3437,11.648174142,48.139862302,2,#fc8d62,car
171750,"9,17E+18",9,1,62,0,2017,4,17,3,3,3,6,0,1,0,1,0,0,0,1,687466.1666,5335731.8003,11.520368278,48.147186903,2,#fc8d62,car
171751,"9,17E+18",9,1,62,0,2017,4,18,3,3,0,3,0,1,0,1,0,0,0,1,694154.7707,5336575.2532,11.610582049,48.152761354,2,#fc8d62,car
171752,"9,17E+18",9,1,62,0,2017,4,8,3,2,3,6,1,0,0,0,0,0,0,0,694503.0232,5332455.6566,11.613378752,48.115629665,1,#66c2a5,bicycle
171755,"9,17E+18",9,7,78,216,2017,4,7,3,2,4,1,0,1,0,0,0,0,0,1,623771.3904,5322373694.0,10.660627214,48.042641568,2,#fc8d62,car
171756,"9,17E+18",9,7,62,0,2017,4,14,3,3,4,6,0,1,0,0,0,1,0,0,622239.8561,5305785.6713,10.635369819,47.893751356,2,#fc8d62,car
171758,"9,17E+18",9,7,71,122,2017,4,13,3,3,0,1,0,1,1,0,0,0,0,0,654390155.0,5361824261.0,11.085545712,48.390668678,2,#fc8d62,car
171759,"9,17E+18",9,7,72,125,2017,4,13,3,3,5,3,0,1,0,0,0,0,0,0,633917.7848,5348405.9727,10.804888434,48.274688743,2,#fc8d62,car
171760,"9,17E+18",9,7,61,0,2017,4,12,3,3,3,6,0,1,0,0,0,1,0,0,639281.2061,5361210.6,10.881366963,48.388668692,2,#fc8d62,car
171761,"9,17E+18",9,7,61,0,2017,4,17,3,3,3,2,1,1,0,0,0,0,0,0,638798294.0,5356948.75,10.87344091,48.350453501,1,#66c2a5,bicycle
171764,"9,17E+18",9,1,62,0,2017,4,10,1,3,2,6,0,1,0,0,0,0,0,0,690894.7327,5329515.1599,11.563632545,48.090292298,2,#fc8d62,car
171765,"9,17E+18",9,1,62,0,2017,4,19,1,3,5,6,0,1,0,1,0,0,1,0,690493.2696,5336695.3575,11.561455228,48.154948052,2,#fc8d62,car
171766,"9,17E+18",9,1,62,0,2017,4,17,1,3,0,1,0,0,0,1,0,0,0,0,690792.4589,5333300.1294,11.563953086,48.124342246,4,#e78ac3,marker
171768,"9,17E+18",9,1,62,0,2017,4,7,1,3,5,3,0,1,0,0,0,0,0,0,690340.8709,5343129.6284,11.562290684,48.212824272,2,#fc8d62,car
171769,"9,17E+18",9,7,62,0,2017,4,13,1,2,6,4,1,0,1,0,0,0,0,0,622958.9147,5307983.9888,10.645612241,47.913384816,1,#66c2a5,bicycle
171773,"9,17E+18",9,1,62,0,2017,4,20,1,2,6,4,1,0,1,0,0,0,2,0,691965.4477,5336186.4498,11.581000475,48.149931423,1,#66c2a5,bicycle
171775,"9,17E+18",9,7,71,130,2017,4,13,1,2,5,1,0,1,0,1,0,0,0,0,648729.4852,5361516.6189,11.009020692,48.389262992,2,#fc8d62,car
171776,"9,17E+18",9,1,62,0,2017,4,11,1,3,6,4,1,0,1,0,0,0,0,0,691062.6852,5333167099.0,11.5675211,48.123065537,1,#66c2a5,bicycle
171777,"9,17E+18",9,1,62,0,2017,4,18,1,2,0,7,1,0,0,0,0,1,0,0,699702692.0,5335074.4106,11.684391038,48.137555471,1,#66c2a5,bicycle
171778,"9,17E+18",9,7,72,145,2017,4,0,1,2,8,1,0,1,0,0,0,0,2,0,631654.7402,5369522.8743,10.781014825,48.465052176,2,#fc8d62,car
171781,"9,17E+18",9,1,62,0,2017,4,23,1,2,1,1,0,1,0,1,0,0,2,0,696060.3283,5330079.3263,11.633188321,48.09379486,2,#fc8d62,car
171782,"9,17E+18",9,1,62,0,2017,4,2,1,3,5,7,0,1,0,0,0,1,2,0,690977.5325,5335114.6311,11.56725093,48.140595388,2,#fc8d62,car
171784,"9,17E+18",9,1,62,0,2017,4,18,5,3,5,3,0,1,0,1,0,0,0,0,687923.7663,5336676.4644,11.526931325,48.155542708,2,#fc8d62,car
171785,"9,17E+18",9,1,62,0,2017,4,9,5,3,3,2,0,1,0,1,0,0,0,0,693818.2974,5336093259.0,11.60584325,48.14853199,2,#fc8d62,car
171786,"9,17E+18",9,1,84,112,2017,4,23,5,3,6,4,0,1,1,0,0,0,2,0,701052.5922,5337882.4175,11.70384171,48.16236578,2,#fc8d62,car
171787,"9,17E+18",9,1,62,0,2017,4,15,5,3,4,7,0,1,0,0,0,0,0,0,686229355.0,5333664439.0,11.502852693,48.128967973,2,#fc8d62,car
171788,"9,17E+18",9,1,62,0,2017,4,0,5,3,6,4,1,0,1,0,0,0,2,0,689870.3124,5335318068.0,11.552472988,48.142755248,1,#66c2a5,bicycle
171789,"9,17E+18",9,1,62,0,2017,4,8,5,3,5,2,1,1,0,0,0,0,0,0,692205.6402,5337004.6127,11.584596003,48.15721236,1,#66c2a5,bicycle
171790,"9,17E+18",9,1,62,0,2017,4,9,5,3,5,3,1,1,0,0,0,0,0,0,693033.6861,5336311.5025,11.595404548,48.150732079,1,#66c2a5,bicycle
171794,"9,17E+18",9,7,61,0,2017,4,16,5,3,1,6,0,1,0,0,0,0,0,0,639208.2582,5358956.9312,10.879635751,48.368420387,2,#fc8d62,car
171795,"9,17E+18",9,7,61,0,2017,4,16,5,3,1,7,0,1,0,0,0,0,0,0,638475.8112,5359341.4401,10.869878122,48.37203894,2,#fc8d62,car
171796,"9,17E+18",9,7,61,0,2017,4,21,5,3,2,6,0,1,0,0,0,0,2,0,641713.3692,5359952.2236,10.913776596,48.376812148,2,#fc8d62,car
171797,"9,17E+18",9,7,61,0,2017,4,14,5,3,5,3,0,1,0,0,0,0,0,0,640592.7322,5357046.7336,10.897680482,48.350937628,2,#fc8d62,car
171821,"9,17E+18",9,2,61,0,2017,4,16,5,3,5,3,0,1,0,1,0,0,0,0,731653761.0,5383744.7238,12.140031732,48.5639462,2,#fc8d62,car
171828,"9,17E+18",9,1,85,158,2017,4,14,5,3,6,3,0,1,1,0,0,0,0,0,667162.3876,5380079.2615,11.265238394,48.551515123,2,#fc8d62,car
171830,"9,17E+18",9,1,79,123,2017,4,20,5,3,0,7,1,0,0,0,0,0,1,0,676186224.0,5334189.8063,11.368217025,48.136549882,1,#66c2a5,bicycle
171831,"9,17E+18",9,1,74,115,2017,4,15,5,3,4,2,0,1,0,0,0,0,0,0,683467.3815,5349169.0302,11.472469781,48.269133221,2,#fc8d62,car
171832,"9,17E+18",9,1,74,137,2017,4,16,5,3,2,6,0,1,0,1,0,0,0,0,660975.9164,5351690.0288,11.170569139,48.297913711,2,#fc8d62,car
171833,"9,17E+18",9,1,77,117,2017,4,18,5,3,5,3,0,0,1,1,0,0,0,0,714822.6214,5353501.9487,11.896706591,48.298209898,3,#8da0cb,toilet
171834,"9,17E+18",9,1,62,0,2017,4,17,4,3,4,2,1,1,0,0,0,0,0,0,694574.7781,5335796.0852,11.615867167,48.145630181,1,#66c2a5,bicycle
171835,"9,17E+18",9,1,62,0,2017,4,17,4,3,1,5,1,1,0,0,0,0,0,0,688817.1132,5334951.5049,11.538166497,48.139773965,1,#66c2a5,bicycle
171836,"9,17E+18",9,1,62,0,2017,4,15,4,3,5,3,0,1,0,0,0,0,0,0,699992.6196,5335292.0041,11.688385949,48.139419947,2,#fc8d62,car
171837,"9,17E+18",9,1,62,0,2017,4,9,4,3,5,6,1,1,0,0,0,0,0,0,689048.8148,5332315.5722,11.540108652,48.116013061,1,#66c2a5,bicycle
171838,"9,17E+18",9,1,62,0,2017,4,8,4,3,1,5,1,1,0,0,0,0,0,0,685659.9514,5332336.7832,11.494629407,48.117200734,1,#66c2a5,bicycle
171839,"9,17E+18",9,1,62,0,2017,4,13,4,3,0,2,0,1,0,1,0,0,0,0,694368.6195,5341716.2677,11.615805174,48.19890107,2,#fc8d62,car
171840,"9,17E+18",9,1,62,0,2017,4,16,4,3,2,6,0,1,0,0,0,0,0,0,693251.9539,5340364.3672,11.60017803,48.187091543,2,#fc8d62,car
171841,"9,17E+18",9,1,62,0,2017,4,18,4,3,1,7,1,0,0,1,0,0,0,0,694121.7006,5342213.3575,11.612713068,48.2034442,1,#66c2a5,bicycle
171842,"9,17E+18",9,1,62,0,2017,4,11,4,3,5,2,0,1,0,0,0,1,0,0,686899932.0,5336445286.0,11.513076501,48.153766533,2,#fc8d62,car
171843,"9,17E+18",9,1,62,0,2017,4,10,4,3,5,3,1,1,0,0,0,0,0,0,684037.3174,5333613.7208,11.473399265,48.129149638,1,#66c2a5,bicycle
171844,"9,17E+18",9,1,84,130,2017,4,19,4,3,1,5,1,1,0,0,0,0,0,0,699266.4062,5345101.8786,11.683235699,48.227809489,1,#66c2a5,bicycle
171845,"9,17E+18",9,1,62,0,2017,4,15,4,3,5,2,0,1,0,1,0,0,0,0,696949.6772,5334182.9498,11.647014328,48.130401584,2,#fc8d62,car
171846,"9,17E+18",9,1,62,0,2017,4,18,4,3,5,3,1,1,0,0,0,0,0,0,692742.6193,5330745.7409,11.588978287,48.100796479,1,#66c2a5,bicycle
171847,"9,17E+18",9,1,62,0,2017,4,8,4,3,1,3,1,1,0,0,0,0,0,0,691922281.0,5338005869.0,11.581241417,48.166297026,1,#66c2a5,bicycle
171848,"9,17E+18",9,1,62,0,2017,4,22,4,3,1,5,1,1,0,0,0,0,2,0,690973.3103,5336448.5089,11.567792574,48.152585433,1,#66c2a5,bicycle
171849,"9,17E+18",9,1,62,0,2017,4,18,4,3,2,6,1,0,0,0,0,0,0,0,690876143.0,5334274.5057,11.565512934,48.133074814,1,#66c2a5,bicycle
171853,"9,17E+18",9,7,72,170,2017,4,14,4,3,4,1,0,0,0,0,0,1,0,0,631818495.0,5329095.7876,10.770615808,48.101480948,6,#ffd92f,circle
171854,"9,17E+18",9,7,71,122,2017,4,18,4,2,0,1,0,0,0,1,0,0,0,0,651815.0692,5363267.9765,11.05130609,48.404273938,4,#e78ac3,marker
171855,"9,17E+18",9,7,72,163,2017,4,14,4,3,4,2,0,1,0,0,0,0,0,0,640344.5596,5349871.3456,10.891944589,48.286473396,2,#fc8d62,car
171856,"9,17E+18",9,7,61,0,2017,4,14,4,3,5,3,1,1,0,0,0,0,0,0,641104.8263,5352321.2972,10.903006496,48.308333732,1,#66c2a5,bicycle
171857,"9,17E+18",9,7,61,0,2017,4,18,4,3,0,1,1,0,0,0,0,0,0,0,640724.6697,5359167851.0,10.900169773,48.369980628,1,#66c2a5,bicycle
171858,"9,17E+18",9,7,61,0,2017,4,19,4,3,4,2,0,1,0,0,0,0,0,0,640740556.0,5358004.04,10.899994762,48.359512493,2,#fc8d62,car
171859,"9,17E+18",9,7,61,0,2017,4,13,4,3,5,3,0,1,0,0,0,0,0,0,640177.5141,5360027.3876,10.893072454,48.377831073,2,#fc8d62,car
171882,"9,17E+18",9,2,61,0,2017,4,16,4,3,0,7,0,1,0,0,0,0,0,0,733703.6067,5380999.6365,12.166232689,48.538527647,2,#fc8d62,car
171883,"9,17E+18",9,2,61,0,2017,4,19,4,3,0,1,1,0,0,0,0,0,0,0,732735.4162,5381479.9709,12.153404579,48.543202131,1,#66c2a5,bicycle
171884,"9,17E+18",9,2,61,0,2017,4,18,4,3,5,3,0,1,0,0,0,0,0,0,733396539.0,5382588.9996,12.162969529,48.552918546,2,#fc8d62,car
171888,"9,17E+18",9,1,63,0,2017,4,18,4,3,0,1,1,0,0,0,0,0,0,0,733254445.0,5304220488.0,12.11798525,47.848959538,1,#66c2a5,bicycle
171890,"9,17E+18",9,1,82,136,2017,4,17,4,3,0,7,1,0,0,0,0,0,0,0,703505158.0,5301008962.0,11.719304557,47.830204405,1,#66c2a5,bicycle
171891,"9,17E+18",9,1,82,136,2017,4,6,4,3,5,3,0,1,0,0,0,0,0,0,704651.1784,5302222729.0,11.735173734,47.840749161,2,#fc8d62,car
171892,"9,17E+18",9,1,79,142,2017,4,15,4,2,0,2,1,0,0,0,0,1,0,0,673932.9496,5342308.8205,11.341277911,48.210154865,1,#66c2a5,bicycle
171893,"9,17E+18",9,1,74,111,2017,4,19,4,3,6,6,0,0,1,1,0,0,0,0,666916.7961,5361634.8748,11.254552712,48.385775558,3,#8da0cb,toilet
171894,"9,17E+18",9,1,78,143,2017,4,12,4,3,5,3,0,1,0,0,0,0,0,0,716913151.0,5372304581.0,11.934560778,48.466434947,2,#fc8d62,car
171895,"9,17E+18",9,1,78,124,2017,4,17,4,2,0,1,1,0,0,0,0,0,0,0,703910388.0,5364408.7528,11.755027143,48.399831499,1,#66c2a5,bicycle
171896,"9,17E+18",9,1,77,117,2017,4,9,4,2,2,5,0,0,0,1,0,1,0,0,715391.4162,5355180.0068,11.9052224,48.313094138,4,#e78ac3,marker
171897,"9,17E+18",9,1,62,0,2017,4,13,3,3,0,6,0,1,0,0,0,1,0,0,690649.3212,5340274.5586,11.565156335,48.18707078,2,#fc8d62,car
171898,"9,17E+18",9,1,62,0,2017,4,17,3,3,3,6,0,1,0,1,0,0,0,0,689698409.0,5334565.6114,11.549829274,48.13604341,2,#fc8d62,car
171899,"9,17E+18",9,1,84,119,2017,4,18,3,3,5,3,1,1,0,0,0,0,0,0,695771177.0,5347485.5447,11.637324302,48.25032045,1,#66c2a5,bicycle
171900,"9,17E+18",9,1,62,0,2017,4,17,3,3,0,6,1,1,0,0,0,0,0,0,688301.5757,5336833.5365,11.532075937,48.15684274,1,#66c2a5,bicycle
171901,"9,17E+18",9,1,62,0,2017,4,16,3,3,5,3,0,1,0,1,0,0,0,0,697503892.0,5333588.5852,11.654179283,48.124888117,2,#fc8d62,car
171902,"9,17E+18",9,1,62,0,2017,4,12,3,3,5,2,0,1,0,1,0,0,0,0,693866652.0,5333971025.0,11.605526676,48.129443356,2,#fc8d62,car
171903,"9,17E+18",9,1,62,0,2017,4,12,3,3,5,2,0,1,0,1,0,0,0,0,689210.4659,5333003.8411,11.542583854,48.122151305,2,#fc8d62,car
171904,"9,17E+18",9,1,62,0,2017,4,17,3,3,1,5,1,1,0,0,0,0,0,0,691505.9394,5333991.6893,11.573841892,48.130343701,1,#66c2a5,bicycle
171906,"9,17E+18",9,7,61,0,2017,4,11,3,3,3,7,0,0,0,0,0,1,0,0,642696.3863,5359866.0134,10.927014763,48.375815446,6,#ffd92f,circle
171931,"9,17E+18",9,1,63,0,2017,4,17,3,3,4,2,1,1,0,0,0,0,0,0,732673.3892,5304952.7875,12.110623754,47.855749184,1,#66c2a5,bicycle
171932,"9,17E+18",9,1,63,0,2017,4,17,3,3,5,2,1,1,0,0,0,0,0,1,732931.2361,5302988.6218,12.113008535,47.838009472,1,#66c2a5,bicycle
171934,"9,17E+18",9,1,75,132,2017,4,16,3,3,1,5,1,1,0,0,0,0,0,0,705931.0206,5331689.7021,11.766377241,48.105153891,1,#66c2a5,bicycle
171935,"9,17E+18",9,1,78,124,2017,4,9,3,3,5,3,0,1,0,0,0,0,0,0,702769095.0,5363690971.0,11.739278998,48.393749347,2,#fc8d62,car
171936,"9,17E+18",9,1,62,0,2017,4,8,2,2,6,7,0,1,1,0,0,0,0,0,689463.2584,5336643.5296,11.547596417,48.15478991,2,#fc8d62,car
171937,"9,17E+18",9,1,62,0,2017,4,10,2,3,5,3,1,1,0,0,0,0,0,0,690532.5067,5339645.4994,11.56330414,48.181451917,1,#66c2a5,bicycle
171938,"9,17E+18",9,1,62,0,2017,4,18,2,3,0,7,1,1,0,0,0,0,0,0,698612.3175,5331473.6071,11.668073319,48.105535487,1,#66c2a5,bicycle
171939,"9,17E+18",9,1,84,112,2017,4,16,2,3,0,7,1,0,0,0,0,0,0,0,703628.9658,5337480.8398,11.738256886,48.157937071,1,#66c2a5,bicycle
171940,"9,17E+18",9,1,62,0,2017,4,16,2,3,4,2,0,1,0,1,0,0,0,0,688289.7045,5330484.6299,11.529111303,48.099781011,2,#fc8d62,car
171941,"9,17E+18",9,1,84,139,2017,4,16,2,2,0,6,0,1,0,1,0,0,0,0,688846.7126,5327704.9404,11.535356424,48.074631692,2,#fc8d62,car
171942,"9,17E+18",9,1,62,0,2017,4,9,2,3,5,7,0,0,0,1,0,1,0,0,690841026.0,5335009287.0,11.565370619,48.139689519,4,#e78ac3,marker
171943,"9,17E+18",9,1,62,0,2017,4,10,2,3,4,2,0,1,0,0,0,0,0,0,690076.3009,5335882.7254,11.555491369,48.147768883,2,#fc8d62,car
171944,"9,17E+18",9,1,62,0,2017,4,11,2,3,3,6,0,1,0,0,0,1,0,0,686211.8772,5335011.6143,11.503206909,48.14108201,2,#fc8d62,car
171945,"9,17E+18",9,1,62,0,2017,4,9,2,3,6,4,1,0,1,0,0,0,0,0,685952.9005,5334338.7126,11.499435199,48.135109442,1,#66c2a5,bicycle
171946,"9,17E+18",9,1,62,0,2017,4,15,2,3,5,2,1,1,0,0,0,0,0,0,690870177.0,5339146021.0,11.567617883,48.176861328,1,#66c2a5,bicycle
171947,"9,17E+18",9,1,62,0,2017,4,17,2,3,6,4,0,1,1,0,0,0,0,0,692241.2465,5331900.8391,11.582771231,48.111329818,2,#fc8d62,car
171948,"9,17E+18",9,1,62,0,2017,4,18,2,3,1,5,1,1,0,0,0,0,0,0,691948.0143,5333043.0732,11.57934993,48.121684515,1,#66c2a5,bicycle
171949,"9,17E+18",9,1,62,0,2017,4,18,2,3,5,2,1,1,0,0,0,0,0,0,689657.9651,5332503.0748,11.548368365,48.11751723,1,#66c2a5,bicycle
171953,"9,17E+18",9,7,78,116,2017,4,17,2,3,5,3,0,1,0,0,0,0,0,0,619815.0451,5317542.6053,10.606216718,47.99994749,2,#fc8d62,car
171957,"9,17E+18",9,7,72,223,2017,4,19,2,3,5,3,1,1,0,0,0,0,0,0,617147.4245,5359194.8008,10.581958569,48.375040204,1,#66c2a5,bicycle
171958,"9,17E+18",9,7,72,163,2017,4,17,2,3,5,3,1,1,0,0,0,0,0,0,640768775.0,5350517095.0,10.897875275,48.292185639,1,#66c2a5,bicycle
171959,"9,17E+18",9,7,61,0,2017,4,14,2,2,6,4,0,1,1,0,0,0,0,0,638709.5256,5360397.6388,10.873380803,48.381484721,2,#fc8d62,car
171960,"9,17E+18",9,7,61,0,2017,4,17,2,3,1,4,1,1,1,0,0,0,0,0,640971.5682,5360811.8023,10.904052997,48.384707316,1,#66c2a5,bicycle
171961,"9,17E+18",9,7,61,0,2017,4,11,2,2,0,1,0,0,0,1,0,0,0,0,641518.7246,5358212.8777,10.91056421,48.361216335,4,#e78ac3,marker
171962,"9,17E+18",9,7,61,0,2017,4,18,2,3,1,5,0,1,0,1,0,0,0,0,641286.6734,5359218.8639,10.907771141,48.370313755,2,#fc8d62,car
171989,"9,17E+18",9,1,73,126,2017,4,12,2,2,5,3,1,1,0,0,0,0,0,0,685461.9982,5302903.4637,11.479262134,47.852690123,1,#66c2a5,bicycle
171997,"9,17E+18",9,1,63,0,2017,4,16,2,2,3,6,0,1,0,1,0,0,0,0,733208.4756,5304582.5484,12.117566838,47.852228998,2,#fc8d62,car
171998,"9,17E+18",9,1,63,0,2017,4,23,2,3,0,1,1,0,0,0,0,0,2,0,733829.6484,5304742.8219,12.125944632,47.853443241,1,#66c2a5,bicycle
172001,"9,17E+18",9,1,79,142,2017,4,11,2,3,1,1,0,1,0,1,0,0,0,0,672991819.0,5341315.3975,11.328215429,48.201481768,2,#fc8d62,car
172002,"9,17E+18",9,1,81,128,2017,4,18,2,3,0,7,1,0,0,0,0,0,0,1,638065.3807,5328649.2237,10.854336387,48.096142128,1,#66c2a5,bicycle
172003,"9,17E+18",9,1,88,124,2017,4,11,2,3,6,6,0,1,1,0,0,0,0,0,662284.6665,5318147218.0,11.175415269,47.996015268,2,#fc8d62,car
172004,"9,17E+18",9,1,88,121,2017,4,16,2,2,0,7,1,0,0,0,0,0,0,0,671311505.0,5330825.9143,11.301396965,48.107640454,1,#66c2a5,bicycle
172005,"9,17E+18",9,1,78,124,2017,4,11,2,3,5,3,1,0,0,0,0,1,0,0,704027182.0,5363932.3689,11.756371803,48.395512869,1,#66c2a5,bicycle
172006,"9,17E+18",9,1,77,117,2017,4,11,2,3,0,7,0,1,0,0,0,1,0,0,715343.8441,5355082.5704,11.90453187,48.312234857,2,#fc8d62,car
172007,"9,17E+18",9,1,62,0,2017,4,4,1,3,5,3,0,1,0,0,0,0,1,0,690950893.0,5335086722.0,11.566880682,48.140352538,2,#fc8d62,car
172008,"9,17E+18",9,1,62,0,2017,4,10,1,3,0,1,1,0,0,0,0,0,0,0,691396894.0,5334028.9947,11.57239461,48.130711797,1,#66c2a5,bicycle
172009,"9,17E+18",9,1,62,0,2017,4,19,1,3,4,7,1,1,0,0,0,0,1,0,692531.1985,5333262.8873,11.587277619,48.123484084,1,#66c2a5,bicycle
172011,"9,17E+18",9,1,62,0,2017,4,12,1,2,4,3,1,1,0,0,0,0,0,0,693806.7538,5335107.3951,11.605239486,48.13967491,1,#66c2a5,bicycle
172012,"9,17E+18",9,1,62,0,2017,4,17,1,3,3,5,1,1,0,0,0,0,0,0,690639.6414,5336036.4562,11.563126228,48.14898203,1,#66c2a5,bicycle
172015,"9,17E+18",9,1,84,129,2017,4,13,1,3,0,7,1,0,0,0,0,0,0,0,699652.1809,5326289.0495,11.679603841,48.058615812,1,#66c2a5,bicycle
172025,"9,17E+18",9,1,88,137,2017,4,11,7,3,5,2,0,1,0,0,0,1,0,0,671902.6848,5315555.5137,11.303202017,47.970202901,2,#fc8d62,car
172026,"9,17E+18",9,1,78,140,2017,4,11,7,3,0,1,0,1,0,0,0,0,0,0,706721.3789,5365597.3601,11.793545029,48.409596916,2,#fc8d62,car
172027,"9,17E+18",9,1,62,0,2017,4,7,6,3,5,3,0,0,0,1,0,1,0,0,688646.4377,5333573.9867,11.535264566,48.127443239,4,#e78ac3,marker
172028,"9,17E+18",9,1,62,0,2017,4,15,6,2,5,3,1,0,0,1,0,0,0,0,691861.4257,5335837.8934,11.579446261,48.146830044,1,#66c2a5,bicycle
172029,"9,17E+18",9,1,84,148,2017,4,14,6,3,5,3,1,1,0,0,0,0,0,0,694670.1171,5327283825.0,11.613263578,48.069095923,1,#66c2a5,bicycle
172030,"9,17E+18",9,1,62,0,2017,4,18,6,3,0,7,0,1,1,0,0,0,0,0,693004085.0,5333858.4701,11.59389533,48.128693862,2,#fc8d62,car
172031,"9,17E+18",9,1,62,0,2017,4,16,6,3,5,2,1,1,0,0,0,0,0,0,689309.6178,5333000.6762,11.543913476,48.122093385,1,#66c2a5,bicycle
172035,"9,17E+18",9,7,62,0,2017,4,9,6,3,1,3,0,1,0,0,0,0,0,0,621539.3504,5304833.9256,10.625734129,47.885324673,2,#fc8d62,car
172036,"9,17E+18",9,7,72,149,2017,4,9,6,3,6,7,0,1,1,0,0,0,0,0,635957.2147,5338448.9031,10.82916589,48.184717915,2,#fc8d62,car
172038,"9,17E+18",9,7,61,0,2017,4,11,6,3,9,7,0,1,0,0,0,0,0,0,637854.8931,5358071.2056,10.861081968,48.360753113,2,#fc8d62,car
172039,"9,17E+18",9,7,61,0,2017,4,10,6,3,0,1,1,0,0,0,0,0,0,1,635457.7823,5353613.6859,10.827303929,48.321189682,1,#66c2a5,bicycle
172040,"9,17E+18",9,7,61,0,2017,4,18,6,3,2,2,1,1,0,0,0,0,0,0,640785762.0,5359235627.0,10.901016906,48.370576421,1,#66c2a5,bicycle
172041,"9,17E+18",9,7,61,0,2017,4,12,6,3,2,2,0,1,0,0,0,0,0,0,640419.8434,5358352.5168,10.895783922,48.362717298,2,#fc8d62,car
172042,"9,17E+18",9,7,61,0,2017,4,16,6,3,4,2,1,1,0,0,0,0,0,0,640312.1322,5359151166.0,10.894596987,48.369922452,1,#66c2a5,bicycle
172043,"9,17E+18",9,7,71,144,2017,4,18,6,3,4,6,0,1,0,0,0,1,0,0,661931.9895,5376099317.0,11.192869246,48.517108724,2,#fc8d62,car
172063,"9,17E+18",9,1,90,157,2017,4,11,6,3,6,4,0,1,1,0,0,0,0,0,659987.4799,5300784.4738,11.138199195,47.8404853,2,#fc8d62,car
172065,"9,17E+18",9,1,63,0,2017,4,13,6,3,0,5,0,1,0,0,0,1,0,0,732635.4379,5304508.5376,12.109878269,47.851771714,2,#fc8d62,car
172066,"9,17E+18",9,1,63,0,2017,4,7,6,3,5,7,1,1,0,0,0,0,0,0,732681.43,5304123.1,12.110284897,47.848292239,1,#66c2a5,bicycle
172067,"9,17E+18",9,1,87,117,2017,4,16,6,3,2,6,0,1,0,0,0,0,0,0,725402.9955,5305140.5518,12.013664556,47.860027199,2,#fc8d62,car
172068,"9,17E+18",9,1,86,132,2017,4,13,6,2,8,1,1,0,0,0,0,0,0,0,679145.1119,5367145.1229,11.421925143,48.43195057,1,#66c2a5,bicycle