OBJECTID,UIDENTSTLA,ULAND,UREGBEZ,UKREIS,UGEMEINDE,UJAHR,UMONAT,USTUNDE,UWOCHENTAG,UKATEGORIE,UART,UTYP1,IstRad,IstPKW,IstFuss,IstKrad,IstGkfz,IstSonstig,ULICHTVERH,STRZUSTAND,LINREFX,LINREFY,XGCSWGS84,YGCSWGS84,Teilnehmer,color,symbol
172069,"9,17E+18",9,1,88,132,2017,4,10,6,3,8,7,0,1,0,0,0,0,0,0,663073883.0,5322583.8819,11.187674212,48.035702765,2,#fc8d62,car
172070,"9,17E+18",9,1,88,132,2017,4,9,6,3,0,7,1,0,0,0,0,0,0,0,663596.5481,5322845.1147,11.194780359,48.037917695,1,#66c2a5,bicycle
172071,"9,17E+18",9,1,74,115,2017,4,8,6,2,4,1,0,0,0,0,0,1,0,0,681379187.0,5347830128.0,11.443781209,48.257699791,6,#ffd92f,circle
172072,"9,17E+18",9,1,77,133,2017,4,17,6,3,5,3,0,1,0,0,0,0,0,0,706243166.0,5359873014.0,11.78428148,48.358314937,2,#fc8d62,car
172073,"9,17E+18",9,1,62,0,2017,4,14,5,3,3,3,1,0,0,0,0,1,0,0,691048.3125,5334246.2295,11.567811927,48.132769012,1,#66c2a5,bicycle
172074,"9,17E+18",9,1,62,0,2017,4,9,5,3,5,3,0,1,0,0,0,0,0,0,698829.9644,5331925.7088,11.671204493,48.10953074,2,#fc8d62,car
172078,"9,17E+18",9,7,62,0,2017,4,15,5,3,2,6,0,1,0,0,0,0,0,0,622252.0329,5305415.8276,10.635427895,47.890422778,2,#fc8d62,car
172101,"9,17E+18",9,2,61,0,2017,4,1,5,3,0,3,1,0,0,1,0,0,2,0,733478319.0,5381751.73,12.163606729,48.54536726,1,#66c2a5,bicycle
172103,"9,17E+18",9,1,73,126,2017,4,11,5,3,5,3,1,0,0,0,0,0,0,0,684751965.0,5305081951.0,11.470710437,47.872477114,1,#66c2a5,bicycle
172104,"9,17E+18",9,1,63,0,2017,4,16,5,3,3,6,1,0,0,0,0,0,0,0,733730.5322,5305112.2012,12.124821211,47.8567978,1,#66c2a5,bicycle
172105,"9,17E+18",9,1,63,0,2017,4,15,5,3,2,6,0,1,0,0,0,1,0,0,732881.7582,5304663.2775,12.113249353,47.853072727,2,#fc8d62,car
172106,"9,17E+18",9,1,87,150,2017,4,17,5,3,8,1,0,0,0,1,0,0,0,0,730001.2185,5303351.0767,12.074101514,47.842320494,4,#e78ac3,marker
172109,"9,17E+18",9,1,74,131,2017,4,14,5,3,5,3,0,1,0,0,0,0,0,0,675743.0216,5357749.4194,11.372041898,48.348452588,2,#fc8d62,car
172110,"9,17E+18",9,1,75,115,2017,4,20,5,2,8,1,0,1,0,0,0,0,1,0,721222.5418,5327646.8005,11.969426369,48.063703041,2,#fc8d62,car
172111,"9,17E+18",9,1,77,139,2017,4,7,5,3,5,3,0,1,0,0,0,1,0,0,731327.1474,5359100.2362,12.121996144,48.342684202,2,#fc8d62,car
172112,"9,17E+18",9,1,62,0,2017,4,8,4,3,5,3,1,1,0,0,0,0,0,1,688189.5734,5332367.2134,11.528598138,48.116731719,1,#66c2a5,bicycle
172113,"9,17E+18",9,1,62,0,2017,4,19,4,3,0,6,0,1,0,1,0,0,0,0,690698.7433,5337054.0599,11.564376008,48.158110461,2,#fc8d62,car
172114,"9,17E+18",9,1,62,0,2017,4,15,4,3,1,6,0,1,0,0,0,0,0,0,700798.8789,5332019168.0,11.697669844,48.109753055,2,#fc8d62,car
172115,"9,17E+18",9,1,62,0,2017,4,8,4,3,0,3,1,0,0,0,0,1,0,0,693869.0496,5333973.5636,11.60556002,48.129465441,1,#66c2a5,bicycle
172116,"9,17E+18",9,1,62,0,2017,4,15,4,3,5,3,0,1,0,0,0,0,0,1,690147175.0,5334188.88,11.555686992,48.132523413,2,#fc8d62,car
172117,"9,17E+18",9,1,62,0,2017,4,18,4,3,5,3,1,1,0,0,0,0,0,0,690739578.0,5337226.5449,11.565001882,48.159648494,1,#66c2a5,bicycle
172118,"9,17E+18",9,1,62,0,2017,4,15,4,3,2,6,0,1,0,0,0,0,0,1,692940.8986,5335336.6519,11.593716525,48.141998542,2,#fc8d62,car
172119,"9,17E+18",9,1,62,0,2017,4,13,4,3,2,6,0,1,0,0,0,0,0,0,691269.1443,5334156.97,11.570736881,48.13190043,2,#fc8d62,car
172122,"9,17E+18",9,7,61,0,2017,4,17,4,3,5,3,1,1,0,0,0,0,0,0,638245.4201,5361551.9146,10.867495981,48.391965605,1,#66c2a5,bicycle
172134,"9,17E+18",9,1,88,120,2017,4,16,4,3,5,3,0,1,0,1,0,0,0,0,676466.6632,5326931.6255,11.368981567,48.071226105,2,#fc8d62,car
172135,"9,17E+18",9,1,88,127,2017,4,8,4,3,2,6,0,1,0,0,0,0,0,1,676132.9066,5329522.2959,11.365573141,48.094606889,2,#fc8d62,car
172136,"9,17E+18",9,1,74,115,2017,4,13,4,3,0,6,0,1,1,0,0,0,0,0,681671.9092,5348319.8728,11.447931704,48.262018036,2,#fc8d62,car
172137,"9,17E+18",9,1,62,0,2017,4,9,3,3,4,3,0,1,0,0,0,0,0,1,688704.1724,5343308.8205,11.540360417,48.214923587,2,#fc8d62,car
172138,"9,17E+18",9,1,84,123,2017,4,10,3,3,5,3,1,1,0,0,0,0,0,1,703427.52,5332190.96,11.733025343,48.110462878,1,#66c2a5,bicycle
172139,"9,17E+18",9,1,62,0,2017,4,0,3,3,9,1,0,1,0,0,0,0,2,1,696920.6999,5330697.7383,11.645016063,48.09908755,2,#fc8d62,car
172140,"9,17E+18",9,1,62,0,2017,4,8,3,3,5,2,1,1,0,0,0,0,0,1,691023015.0,5334338.3707,11.567513579,48.133604764,1,#66c2a5,bicycle
172145,"9,17E+18",9,7,77,121,2017,4,17,3,3,5,3,0,1,0,1,0,0,0,1,627234.67,5321292576.0,10.706751343,48.03223805,2,#fc8d62,car
172147,"9,17E+18",9,7,72,163,2017,4,13,3,3,5,3,0,1,0,0,0,0,0,1,640068.6347,5350434.5391,10.88841379,48.291598661,2,#fc8d62,car
172148,"9,17E+18",9,7,61,0,2017,4,23,3,3,1,6,0,1,0,0,0,0,2,1,639293.9963,5360220.0265,10.881211254,48.379758901,2,#fc8d62,car
172149,"9,17E+18",9,7,61,0,2017,4,9,3,3,6,4,0,0,1,1,0,0,0,1,639363.0664,5357290.9517,10.881173004,48.35340613,3,#8da0cb,toilet
172175,"9,17E+18",9,1,73,126,2017,4,5,3,3,5,3,0,1,0,1,0,0,2,1,682512.7892,5306856.2918,11.441543718,47.889067248,2,#fc8d62,car
172176,"9,17E+18",9,1,73,126,2017,4,9,3,3,0,1,1,0,0,0,0,0,0,2,686243.3264,5303624.5207,11.490007272,47.858945698,1,#66c2a5,bicycle
172183,"9,17E+18",9,1,81,130,2017,4,15,3,3,8,1,0,1,0,0,0,0,0,2,642560.0359,5321617.6651,10.912324811,48.031924175,2,#fc8d62,car
172184,"9,17E+18",9,1,88,145,2017,4,10,3,3,6,6,0,1,1,0,0,0,0,1,663158.1539,5326754.7014,11.190394422,48.07317909,2,#fc8d62,car
172185,"9,17E+18",9,1,81,114,2017,4,9,3,3,4,6,0,1,0,0,0,0,0,1,657247.23,5312681.9936,11.105937058,47.948135302,2,#fc8d62,car
172186,"9,17E+18",9,1,77,117,2017,4,8,3,3,0,7,0,1,1,0,0,0,0,1,715060.0482,5353309.7466,11.899805954,48.296402288,2,#fc8d62,car
172187,"9,17E+18",9,1,84,139,2017,4,12,2,3,0,7,1,0,1,0,0,0,0,0,689141421.0,5327737458.0,11.539323389,48.074836633,1,#66c2a5,bicycle
172188,"9,17E+18",9,1,62,0,2017,4,0,2,3,1,5,0,1,0,0,0,0,2,0,692110.2826,5336683.8862,11.58317028,48.154358553,2,#fc8d62,car
172195,"9,17E+18",9,1,79,126,2017,4,19,2,2,0,1,1,0,0,0,0,1,0,1,676034378.0,5341143147.0,11.369056344,48.199097102,1,#66c2a5,bicycle
172196,"9,17E+18",9,1,74,115,2017,4,11,2,2,6,4,0,1,1,0,0,0,0,1,682887.3496,5348250.2141,11.464263318,48.261042237,2,#fc8d62,car
172197,"9,17E+18",9,1,77,119,2017,4,7,2,3,9,1,0,1,0,0,0,0,0,0,721276711.0,5340544.04,11.976846064,48.179564233,2,#fc8d62,car
172198,"9,17E+18",9,1,62,0,2017,4,0,1,3,6,7,0,0,1,0,0,1,2,1,686351112.0,5330287.5944,11.503011958,48.098579883,3,#8da0cb,toilet
172199,"9,17E+18",9,1,84,138,2017,4,18,1,3,1,1,0,1,0,0,0,0,0,1,682035.6352,5331076.3426,11.445439616,48.106917269,2,#fc8d62,car
172201,"9,17E+18",9,7,72,125,2017,4,18,1,3,5,2,0,1,0,0,0,0,0,0,636065.7354,5347850.4859,10.833643563,48.269235825,2,#fc8d62,car
172212,"9,17E+18",9,1,87,150,2017,4,21,1,3,0,1,1,0,0,0,0,0,2,1,729260.4622,5304209.2151,12.064670105,47.85029501,1,#66c2a5,bicycle
172214,"9,17E+18",9,1,77,120,2017,4,18,1,3,8,1,0,1,0,0,0,0,0,1,719835.8436,5358787.3356,11.966967769,48.343975544,2,#fc8d62,car
172215,"9,17E+18",9,1,62,0,2017,4,15,7,3,0,7,0,1,0,1,0,0,0,1,690951057.0,5334664224.0,11.566693469,48.136555106,2,#fc8d62,car
172216,"9,17E+18",9,1,62,0,2017,4,9,7,3,2,6,0,1,0,0,0,0,0,0,690236.5303,5334740698.0,11.55713316,48.137456455,2,#fc8d62,car
172217,"9,17E+18",9,1,62,0,2017,4,17,7,3,4,2,0,1,0,0,0,0,0,1,694107.6521,5334744.7834,11.609114703,48.136324173,2,#fc8d62,car
172218,"9,17E+18",9,1,84,149,2017,4,20,7,3,0,7,0,1,0,0,0,0,2,1,691054735.0,5349877.5326,11.574934573,48.273258059,2,#fc8d62,car
172219,"9,17E+18",9,1,62,0,2017,4,14,7,3,2,6,0,1,0,0,0,0,0,0,690430.3418,5338700.6004,11.561507745,48.172989882,2,#fc8d62,car
172220,"9,17E+18",9,1,62,0,2017,4,10,7,3,0,7,1,0,0,0,0,0,0,0,689807.4029,5343323.3188,11.555203451,48.214724903,1,#66c2a5,bicycle
172221,"9,17E+18",9,1,62,0,2017,4,18,7,3,5,2,0,1,0,1,0,0,0,1,688294985.0,5333983744.0,11.530727152,48.131230273,2,#fc8d62,car
172222,"9,17E+18",9,7,71,130,2017,4,16,7,3,6,7,0,1,1,0,0,0,0,0,646062.8013,5357663.7482,10.971683423,48.355244015,2,#fc8d62,car
172223,"9,17E+18",9,7,72,125,2017,4,21,7,3,9,1,0,1,0,0,0,0,2,1,636879831.0,5349760186.0,10.845227047,48.286232583,2,#fc8d62,car
172224,"9,17E+18",9,7,61,0,2017,4,15,7,3,9,1,0,1,0,0,0,0,0,1,637485.5102,5359536.6991,10.856576984,48.374011206,2,#fc8d62,car
172225,"9,17E+18",9,7,61,0,2017,4,12,7,3,6,3,0,1,1,0,0,0,0,0,639289.0919,5362116.6021,10.881773894,48.396813461,2,#fc8d62,car
172242,"9,17E+18",9,1,74,131,2017,4,19,7,2,4,1,0,1,0,0,0,0,0,1,670990527.0,5360742581.0,11.309167831,48.376663444,2,#fc8d62,car
172243,"9,17E+18",9,1,74,111,2017,4,15,7,3,8,1,0,1,0,0,0,0,0,1,665943.0677,5360592.2072,11.240999333,48.376659193,2,#fc8d62,car
172244,"9,17E+18",9,1,75,115,2017,4,14,7,2,0,1,1,0,0,0,0,0,0,0,721339.6441,5328907.2673,11.971648521,48.074987682,1,#66c2a5,bicycle
172245,"9,17E+18",9,1,84,149,2017,4,17,6,3,5,3,0,1,0,1,0,0,0,0,690868.0465,5349983.9021,11.572469141,48.274270362,2,#fc8d62,car
172246,"9,17E+18",9,1,84,149,2017,4,18,6,3,5,3,1,1,0,0,0,0,0,0,690837369.0,5350644563.0,11.572354372,48.280217412,1,#66c2a5,bicycle
172247,"9,17E+18",9,1,62,0,2017,4,21,6,3,4,6,0,1,0,0,0,0,2,0,686788.28,5328508.6445,11.508099907,48.08246195,2,#fc8d62,car
172248,"9,17E+18",9,1,62,0,2017,4,20,6,3,3,6,0,1,0,1,0,0,2,0,690796.1993,5334690.8552,11.564626021,48.136840914,2,#fc8d62,car
172249,"9,17E+18",9,1,62,0,2017,4,10,6,3,3,7,0,1,0,1,0,0,0,0,688474.6301,5336369167.0,11.534194953,48.152617659,2,#fc8d62,car
172250,"9,17E+18",9,1,62,0,2017,4,7,6,3,5,3,0,1,0,0,0,0,0,0,688660.1794,5332937.8931,11.535167513,48.121721847,2,#fc8d62,car
172251,"9,17E+18",9,7,61,0,2017,4,22,6,2,5,3,0,1,0,0,0,0,2,0,641730.1111,5360672687.0,10.914245513,48.383286479,2,#fc8d62,car
172252,"9,17E+18",9,7,61,0,2017,4,22,6,3,0,7,1,0,0,0,0,0,2,0,641862.9665,5361178.3713,10.91620959,48.387803499,1,#66c2a5,bicycle
172253,"9,17E+18",9,7,61,0,2017,4,23,6,3,1,5,0,1,0,0,0,0,2,1,640512.0797,5359213.7191,10.897316188,48.370440425,2,#fc8d62,car
172254,"9,17E+18",9,7,71,113,2017,4,22,6,3,0,1,1,0,0,0,0,0,2,0,657986.7541,5369052.5436,11.136818229,48.454762208,1,#66c2a5,bicycle
172265,"9,17E+18",9,1,85,158,2017,4,12,6,2,0,1,1,0,0,0,0,0,0,0,667242.9151,5381392.6421,11.266856436,48.563299979,1,#66c2a5,bicycle
172267,"9,17E+18",9,1,85,158,2017,4,3,6,3,2,6,0,1,0,1,0,0,2,0,669530.5711,5380761.9146,11.297581228,48.557015891,2,#fc8d62,car
172268,"9,17E+18",9,1,79,119,2017,4,12,6,2,5,2,1,1,0,0,0,0,0,0,669405.4222,5339532.7723,11.279276663,48.186423483,1,#66c2a5,bicycle
172269,"9,17E+18",9,1,62,0,2017,4,9,5,2,3,6,1,0,0,0,0,1,0,0,691147.9707,5335144.9054,11.569553276,48.140816312,1,#66c2a5,bicycle
172270,"9,17E+18",9,1,62,0,2017,4,12,5,3,5,3,0,1,0,0,0,0,0,0,690204.5812,5344272.7167,11.560970599,48.223139035,2,#fc8d62,car
172278,"9,17E+18",9,2,74,146,2017,4,13,5,3,6,4,0,1,1,0,0,1,0,1,737922.6417,5378497216.0,12.22187155,48.514465429,2,#fc8d62,car
172279,"9,17E+18",9,2,61,0,2017,4,18,5,3,5,3,1,1,0,0,0,0,0,0,731483.5877,5382885.3554,12.137250786,48.556289507,1,#66c2a5,bicycle
172283,"9,17E+18",9,1,63,0,2017,4,7,5,3,5,2,1,1,0,0,0,0,0,1,734126.5038,5304768.8662,12.12992111,47.853569166,1,#66c2a5,bicycle
172285,"9,17E+18",9,1,79,142,2017,4,19,5,3,5,3,0,1,0,0,0,0,0,1,672993.2501,5342047.8511,11.32853326,48.208065717,2,#fc8d62,car
172286,"9,17E+18",9,1,81,113,2017,4,7,5,3,8,1,0,1,0,0,0,0,0,2,632808.3326,5303997106.0,10.77614116,47.875566483,2,#fc8d62,car
172287,"9,17E+18",9,1,81,128,2017,4,1,5,3,5,3,1,1,0,0,0,0,2,1,637573.3211,5326994.2337,10.847197979,48.081366284,1,#66c2a5,bicycle
172292,"9,17E+18",9,1,79,121,2017,4,16,5,3,4,6,1,0,0,1,0,0,0,1,665710.3253,5337111.4544,11.228656166,48.165630304,1,#66c2a5,bicycle
172293,"9,17E+18",9,1,81,114,2017,4,7,5,3,4,6,0,1,0,0,0,0,1,1,649691.5971,5316893.8627,11.006280655,47.987817673,2,#fc8d62,car
172294,"9,17E+18",9,1,78,124,2017,4,18,5,3,5,3,1,1,0,0,0,0,1,1,702849.2981,5363983.6344,11.740502545,48.396353508,1,#66c2a5,bicycle
172296,"9,17E+18",9,1,62,0,2017,4,18,4,3,5,3,0,1,0,0,0,0,0,1,689680287.0,5332186953.0,11.548527378,48.114669249,2,#fc8d62,car
172297,"9,17E+18",9,1,62,0,2017,4,4,4,3,6,2,0,1,1,0,0,0,1,0,690736.3659,5340286.7729,11.566331773,48.187154431,2,#fc8d62,car
172298,"9,17E+18",9,1,62,0,2017,4,15,4,3,6,7,1,0,1,0,0,0,0,1,687038.4009,5333590614.0,11.513682735,48.128067198,1,#66c2a5,bicycle
172299,"9,17E+18",9,1,62,0,2017,4,13,4,3,0,7,1,1,0,0,0,0,0,1,691899.7709,5334404.1582,11.579315209,48.1339323,1,#66c2a5,bicycle
172300,"9,17E+18",9,1,62,0,2017,4,12,4,3,1,5,0,1,0,0,0,1,0,1,692984.3241,5340408.9997,11.596601226,48.187574043,2,#fc8d62,car
172301,"9,17E+18",9,1,62,0,2017,4,13,4,3,4,2,0,1,0,0,0,0,0,1,692331.1761,5334226.9305,11.585027584,48.132209187,2,#fc8d62,car
172302,"9,17E+18",9,1,62,0,2017,4,21,4,3,1,2,0,1,0,1,0,0,2,1,688684.31,5336279505.0,11.536971654,48.151749597,2,#fc8d62,car
172303,"9,17E+18",9,1,62,0,2017,4,16,4,2,6,2,0,1,1,0,0,0,0,1,686231.7717,5334375.2202,11.503195823,48.13535604,2,#fc8d62,car
172304,"9,17E+18",9,1,62,0,2017,4,15,4,3,6,7,1,0,1,0,0,0,0,1,687379.9892,5334911.79,11.518849979,48.139841831,1,#66c2a5,bicycle
172305,"9,17E+18",9,1,62,0,2017,4,13,4,3,6,7,0,1,1,0,0,0,0,1,691308.7694,5333913293.0,11.571159498,48.129698373,2,#fc8d62,car
172306,"9,17E+18",9,1,84,120,2017,4,12,4,3,1,5,1,1,0,0,0,0,0,1,680770.3433,5332833.8837,11.429202773,48.12307597,1,#66c2a5,bicycle
172307,"9,17E+18",9,1,62,0,2017,4,8,4,2,5,3,1,1,0,0,0,0,0,1,687984.5569,5337767696.0,11.528230131,48.165332913,1,#66c2a5,bicycle
172308,"9,17E+18",9,1,62,0,2017,4,9,4,3,0,7,1,0,0,0,0,0,0,1,688745.7592,5335654.6728,11.537519983,48.146115299,1,#66c2a5,bicycle
172309,"9,17E+18",9,1,62,0,2017,4,15,4,3,1,5,0,1,0,0,0,0,0,1,694076914.0,5336379507.0,11.609447065,48.151025826,2,#fc8d62,car
172312,"9,17E+18",9,7,78,116,2017,4,17,4,2,6,2,0,1,1,0,0,0,0,1,618638.9644,5318524.2906,10.590728245,48.008995816,2,#fc8d62,car
172313,"9,17E+18",9,7,62,0,2017,4,11,4,3,5,3,0,1,0,0,0,0,0,1,619776903.0,5303354.1695,10.601758514,47.872347268,2,#fc8d62,car
172315,"9,17E+18",9,7,72,184,2017,4,18,4,3,2,6,0,1,0,0,0,0,1,1,636172.6813,5362465.5717,10.839807693,48.400632108,2,#fc8d62,car
172316,"9,17E+18",9,7,72,184,2017,4,11,4,2,1,5,0,1,0,0,0,1,0,1,636539.6969,5363666.3009,10.845154354,48.41134954,2,#fc8d62,car
172317,"9,17E+18",9,7,61,0,2017,4,14,4,3,6,3,0,1,1,0,0,0,0,1,639282.1695,5361289.1023,10.881405997,48.38937435,2,#fc8d62,car
172318,"9,17E+18",9,7,61,0,2017,4,23,4,3,0,7,1,0,0,0,0,0,2,1,639704143.0,5358934412.0,10.886320103,48.368108334,1,#66c2a5,bicycle
172319,"9,17E+18",9,7,71,113,2017,4,17,4,3,4,2,1,1,0,0,0,0,0,1,657142.7134,5369620.1927,11.125623657,48.460076862,1,#66c2a5,bicycle
172320,"9,17E+18",9,7,71,169,2017,4,4,4,3,8,1,0,1,0,0,0,0,2,1,642046.0743,5374867.1949,10.923325501,48.510844225,2,#fc8d62,car
172351,"9,17E+18",9,1,79,126,2017,4,7,4,3,1,7,1,1,0,0,0,0,0,1,676669.6897,5341113.5998,11.377586393,48.198655051,1,#66c2a5,bicycle
172352,"9,17E+18",9,1,79,123,2017,4,15,4,3,2,6,1,1,0,0,0,0,0,1,676061.0086,5333080.4951,11.366077027,48.126612609,1,#66c2a5,bicycle
172353,"9,17E+18",9,1,79,113,2017,4,9,4,3,2,6,0,1,0,0,0,0,0,1,668674.7289,5333869.4358,11.267207793,48.135705242,2,#fc8d62,car
172354,"9,17E+18",9,1,74,115,2017,4,7,4,3,5,3,0,1,0,0,0,0,0,0,681386.9859,5347829.8117,11.443886051,48.257694715,2,#fc8d62,car
172355,"9,17E+18",9,1,78,124,2017,4,14,4,3,5,6,1,1,0,0,0,0,0,1,703056.75,5364719.73,11.743657843,48.402901475,1,#66c2a5,bicycle
172356,"9,17E+18",9,1,62,0,2017,4,18,3,3,3,7,1,1,0,0,0,0,0,1,691422.7388,5334387.8029,11.572902809,48.133928957,1,#66c2a5,bicycle
172357,"9,17E+18",9,1,62,0,2017,4,8,3,3,3,2,1,0,0,0,0,1,0,0,691866.9859,5332137.2193,11.577854634,48.113567227,1,#66c2a5,bicycle
172358,"9,17E+18",9,1,62,0,2017,4,17,3,3,4,6,1,0,0,0,0,0,0,1,687976.8057,5334301.1162,11.526595093,48.134176933,1,#66c2a5,bicycle
172359,"9,17E+18",9,1,62,0,2017,4,18,3,3,5,3,0,1,0,0,0,0,2,1,694168.5133,5336417411.0,11.610694622,48.151338536,2,#fc8d62,car
172360,"9,17E+18",9,1,62,0,2017,4,17,3,3,1,5,0,1,0,0,0,0,0,1,686885.2877,5328086.4339,11.509216508,48.078638515,2,#fc8d62,car
172361,"9,17E+18",9,1,62,0,2017,4,17,3,3,2,6,0,1,0,0,0,0,0,1,689423.6853,5340133214.0,11.548619558,48.186167028,2,#fc8d62,car
172362,"9,17E+18",9,1,62,0,2017,4,22,3,3,3,2,1,1,0,0,0,0,2,0,691082473.0,5334214022.0,11.568256143,48.132469278,1,#66c2a5,bicycle
172363,"9,17E+18",9,1,84,139,2017,4,16,3,3,5,3,0,1,0,0,0,0,0,1,687719.9087,5326595.8644,11.519756767,48.064995582,2,#fc8d62,car
172364,"9,17E+18",9,1,62,0,2017,4,17,3,3,0,7,1,0,0,0,0,0,0,1,686752.1931,5334367.0622,11.510180429,48.135130208,1,#66c2a5,bicycle
172365,"9,17E+18",9,1,62,0,2017,4,13,3,3,6,4,1,0,1,0,0,0,0,1,686215.98,5333915.6152,11.502782883,48.131229555,1,#66c2a5,bicycle
172366,"9,17E+18",9,1,62,0,2017,4,15,3,3,2,6,1,1,0,0,0,0,0,0,686499542.0,5334591804.0,11.506886257,48.137224356,1,#66c2a5,bicycle
172367,"9,17E+18",9,1,62,0,2017,4,17,3,3,3,5,0,1,0,0,0,1,0,1,691496247.0,5334420.7357,11.573904598,48.13420284,2,#fc8d62,car
172372,"9,17E+18",9,7,72,163,2017,4,14,3,3,5,3,1,1,0,0,0,0,0,1,641064.6749,5348419801.0,10.901162181,48.273261341,1,#66c2a5,bicycle
172373,"9,17E+18",9,7,61,0,2017,4,6,3,3,0,7,1,0,0,0,0,0,0,1,643432.0323,5358713.4337,10.936550123,48.365285285,1,#66c2a5,bicycle
172397,"9,17E+18",9,1,81,130,2017,4,15,3,2,0,7,1,0,0,0,0,0,0,1,640190244.0,5323603.5784,10.881204201,48.05030666,1,#66c2a5,bicycle
172398,"9,17E+18",9,1,88,124,2017,4,14,3,3,2,6,1,0,0,0,0,0,0,0,662358.4702,5318857.5576,11.176672617,48.002382975,1,#66c2a5,bicycle
172399,"9,17E+18",9,1,79,121,2017,4,17,3,3,2,6,0,1,0,0,0,0,0,1,666561.9859,5338988.5759,11.240836721,48.182283097,2,#fc8d62,car
172400,"9,17E+18",9,1,79,121,2017,4,18,3,2,5,3,0,0,0,0,0,1,1,1,667867.4172,5337956.9115,11.257977704,48.172664941,6,#ffd92f,circle
172401,"9,17E+18",9,1,79,121,2017,4,8,3,3,5,3,1,1,0,0,0,0,0,1,667755.2425,5338985.6785,11.256876141,48.181943095,1,#66c2a5,bicycle
172402,"9,17E+18",9,1,78,120,2017,4,13,3,3,2,1,0,1,0,0,0,0,0,1,695404.2113,5353690.3193,11.635254534,48.306197436,2,#fc8d62,car
172403,"9,17E+18",9,1,62,0,2017,4,8,2,3,3,2,0,1,0,0,0,1,0,0,689985.9553,5335280.0484,11.554009039,48.142379006,2,#fc8d62,car
172404,"9,17E+18",9,1,62,0,2017,4,16,2,3,0,7,0,0,1,0,0,1,0,0,692137.7764,5341875.6242,11.585886625,48.201012251,3,#8da0cb,toilet
172405,"9,17E+18",9,1,62,0,2017,4,7,2,3,5,2,1,1,0,0,0,0,0,0,686767.5228,5337005.6768,11.511543862,48.158842385,1,#66c2a5,bicycle
172406,"9,17E+18",9,1,62,0,2017,4,12,2,3,0,7,0,0,0,1,0,0,0,0,690908.9072,5334669.5468,11.566129882,48.136615593,4,#e78ac3,marker
172407,"9,17E+18",9,1,62,0,2017,4,16,2,3,1,7,1,0,0,0,0,1,0,0,691134.8379,5336989.3241,11.570205091,48.157397695,1,#66c2a5,bicycle
172408,"9,17E+18",9,1,84,127,2017,4,7,2,3,5,3,1,1,0,0,0,0,0,0,702344759.0,5321520498.0,11.71344734,48.014912647,1,#66c2a5,bicycle
172409,"9,17E+18",9,1,62,0,2017,4,7,2,3,4,2,0,1,0,1,0,0,0,0,686885.9327,5334356.7015,11.511971718,48.134997822,2,#fc8d62,car
172410,"9,17E+18",9,1,62,0,2017,4,12,2,3,5,2,1,1,0,0,0,0,0,0,690735.6439,5340286.7051,11.566322038,48.187154039,1,#66c2a5,bicycle
172411,"9,17E+18",9,1,62,0,2017,4,11,2,3,3,7,0,1,0,0,0,1,0,0,690354.9277,5334155.3786,11.558461454,48.132160202,2,#fc8d62,car
172412,"9,17E+18",9,1,62,0,2017,4,18,2,3,6,4,0,1,1,0,0,0,0,0,694207.8743,5342923.3743,11.614196588,48.209799114,2,#fc8d62,car
172413,"9,17E+18",9,1,84,129,2017,4,17,2,2,5,3,1,1,0,0,0,0,0,0,701001.8582,5325424.9661,11.697291706,48.050426493,1,#66c2a5,bicycle
172414,"9,17E+18",9,1,62,0,2017,4,10,2,3,2,6,0,1,0,1,0,0,0,0,684369.2314,5332027.0453,11.477169535,48.114791636,2,#fc8d62,car
172415,"9,17E+18",9,1,62,0,2017,4,20,2,3,5,3,0,1,0,0,0,0,1,0,698179.1319,5329045.6357,11.661133601,48.083849435,2,#fc8d62,car
172416,"9,17E+18",9,1,62,0,2017,4,15,2,3,5,2,1,1,0,0,0,0,0,0,690213.7301,5340214.0501,11.559274506,48.186657513,1,#66c2a5,bicycle
172417,"9,17E+18",9,1,62,0,2017,4,8,2,3,5,2,0,1,0,0,0,0,0,0,686086.3762,5337614.6763,11.502659683,48.16451598,2,#fc8d62,car
172418,"9,17E+18",9,1,62,0,2017,4,12,2,3,3,2,1,0,0,0,0,1,0,0,687835.3544,5334445.4394,11.524759398,48.135515907,1,#66c2a5,bicycle
172419,"9,17E+18",9,1,62,0,2017,4,7,2,3,0,7,1,0,0,0,0,0,0,0,685284.0697,5334646.2065,11.490587871,48.138068417,1,#66c2a5,bicycle
172420,"9,17E+18",9,1,84,136,2017,4,16,2,3,3,6,1,0,0,0,0,0,0,0,699316.5829,5326800.0938,11.675342889,48.063313617,1,#66c2a5,bicycle
172421,"9,17E+18",9,1,62,0,2017,4,18,2,3,5,2,1,1,0,0,0,0,0,0,695596.5322,5340004.5294,11.631524013,48.183139984,1,#66c2a5,bicycle
172422,"9,17E+18",9,1,62,0,2017,4,9,2,3,5,7,0,1,0,0,0,1,0,0,693617.8521,5334661.2272,11.60250009,48.135722404,2,#fc8d62,car
172423,"9,17E+18",9,1,62,0,2017,4,18,2,3,6,6,1,0,1,0,0,0,0,0,689598005.0,5330026.4914,11.546463004,48.095275257,1,#66c2a5,bicycle