OBJECTID,UIDENTSTLA,ULAND,UREGBEZ,UKREIS,UGEMEINDE,UJAHR,UMONAT,USTUNDE,UWOCHENTAG,UKATEGORIE,UART,UTYP1,IstRad,IstPKW,IstFuss,IstKrad,IstGkfz,IstSonstig,ULICHTVERH,STRZUSTAND,LINREFX,LINREFY,XGCSWGS84,YGCSWGS84,Teilnehmer,color,symbol
172429,"9,17E+18",9,7,72,184,2017,4,17,2,3,2,5,0,1,0,1,0,0,0,0,633911.3967,5360380.6201,10.808607071,48.382368425,2,#fc8d62,car
172430,"9,17E+18",9,7,61,0,2017,4,8,2,3,2,6,0,1,0,0,0,0,0,0,637593.51,5360766.0728,10.858437058,48.385042014,2,#fc8d62,car
172431,"9,17E+18",9,7,61,0,2017,4,7,2,3,3,6,0,1,0,0,0,1,0,0,639303.9944,5357190.1462,10.880342713,48.352512743,2,#fc8d62,car
172432,"9,17E+18",9,7,61,0,2017,4,16,2,2,0,1,1,0,0,0,0,0,0,0,640517.0423,5358045.7682,10.896992988,48.359937485,1,#66c2a5,bicycle
172433,"9,17E+18",9,7,61,0,2017,4,13,2,3,2,6,0,1,0,1,0,0,0,0,639742972.0,5359809257.0,10.887134841,48.375966097,2,#fc8d62,car
172434,"9,17E+18",9,7,71,158,2017,4,16,2,2,9,1,0,0,0,1,0,0,0,0,641703.2907,5371916.4417,10.917685578,48.484390386,4,#e78ac3,marker
172435,"9,17E+18",9,7,71,113,2017,4,10,2,3,1,7,1,1,0,0,0,0,0,0,657824132.0,5369066036.0,11.134625393,48.454924314,1,#66c2a5,bicycle
172466,"9,17E+18",9,1,73,147,2017,4,10,2,3,0,7,1,0,0,0,0,0,0,0,682140.3114,5308750.8423,11.437365267,47.906203545,1,#66c2a5,bicycle
172467,"9,17E+18",9,1,73,126,2017,4,15,2,3,4,2,0,1,0,0,0,0,0,0,685423.5822,5304115.7657,11.479268881,47.863598564,2,#fc8d62,car
172471,"9,17E+18",9,1,63,0,2017,4,16,2,3,5,7,1,0,0,0,0,1,0,0,733662.3348,5304778.4235,12.123730571,47.85382393,1,#66c2a5,bicycle
172472,"9,17E+18",9,1,87,150,2017,4,16,2,3,5,3,0,1,0,1,0,0,0,0,729834.0808,5304122.4986,12.072280587,47.849311081,2,#fc8d62,car
172474,"9,17E+18",9,1,88,139,2017,4,17,2,3,0,7,1,0,0,0,0,0,0,0,673709.5379,5320357.8788,11.329333276,48.012887197,1,#66c2a5,bicycle
172475,"9,17E+18",9,1,81,130,2017,4,13,2,3,5,2,0,1,1,0,0,0,0,0,638905.6588,5322584.5043,10.863645202,48.041423674,2,#fc8d62,car
172476,"9,17E+18",9,1,88,144,2017,4,8,2,3,0,7,1,0,0,0,0,0,0,0,668112.6203,5327478844.0,11.257140178,48.078402434,1,#66c2a5,bicycle
172477,"9,17E+18",9,1,81,114,2017,4,20,2,3,0,3,0,1,0,1,0,0,1,0,657066.1573,5312602.7379,11.103484802,47.947467126,2,#fc8d62,car
172478,"9,17E+18",9,1,75,139,2017,4,10,2,2,5,3,1,1,0,0,0,0,0,0,710513.9767,5329827.6728,11.826947449,48.086923791,1,#66c2a5,bicycle
172479,"9,17E+18",9,1,62,0,2017,4,17,1,3,0,7,1,0,0,0,0,0,0,0,692094.6541,5334486.5705,11.581969027,48.134614216,1,#66c2a5,bicycle
172480,"9,17E+18",9,1,62,0,2017,4,4,1,2,4,1,0,1,0,0,0,1,2,1,693458.4898,5339596.4131,11.602604299,48.180126612,2,#fc8d62,car
172481,"9,17E+18",9,1,62,0,2017,4,15,1,3,2,6,0,1,0,0,0,0,0,0,692266.6101,5338373.2209,11.586033643,48.169494648,2,#fc8d62,car
172482,"9,17E+18",9,1,62,0,2017,4,19,1,3,0,7,1,0,0,0,0,0,0,0,690547186.0,5343138.6174,11.565069163,48.212843157,1,#66c2a5,bicycle
172483,"9,17E+18",9,1,62,0,2017,4,19,1,2,5,2,1,1,0,0,0,0,0,0,696950.3555,5334175.7418,11.647020102,48.130336594,1,#66c2a5,bicycle
172487,"9,17E+18",9,7,72,168,2017,4,16,1,3,1,1,0,1,0,1,0,0,0,0,618954.6802,5346457363.0,10.602760885,48.260152328,2,#fc8d62,car
172488,"9,17E+18",9,7,72,125,2017,4,17,1,3,5,2,1,0,0,0,0,0,0,0,635778.9203,5349054.1268,10.830167071,48.28012071,1,#66c2a5,bicycle
172500,"9,17E+18",9,2,61,0,2017,4,10,1,3,1,7,0,1,0,0,0,0,0,0,734803.2047,5382399.1188,12.181894949,48.550688001,2,#fc8d62,car
172501,"9,17E+18",9,1,83,119,2017,4,12,1,3,9,7,0,1,0,0,0,0,0,0,735105.0032,5338707.1228,12.161577955,48.158097931,2,#fc8d62,car
172502,"9,17E+18",9,1,78,116,2017,4,22,1,3,8,1,0,1,0,0,0,0,2,0,704159.4447,5379784.2722,11.765891993,48.537915091,2,#fc8d62,car
172503,"9,17E+18",9,1,62,0,2017,4,17,7,3,1,6,0,1,0,0,0,0,0,0,686153.9081,5338572.7849,11.503986465,48.173107998,2,#fc8d62,car
172504,"9,17E+18",9,1,62,0,2017,4,17,7,3,6,4,0,1,1,0,0,0,0,0,694525.0641,5343025.5833,11.61850846,48.210620588,2,#fc8d62,car
172505,"9,17E+18",9,1,62,0,2017,4,8,7,2,9,7,0,1,0,0,0,0,0,0,689205.7324,5329038.52,11.540762076,48.086511769,2,#fc8d62,car
172506,"9,17E+18",9,1,84,135,2017,4,13,7,3,0,3,1,1,0,0,0,0,0,0,689845.1561,5348163.4075,11.557880086,48.258215588,1,#66c2a5,bicycle
172507,"9,17E+18",9,1,62,0,2017,4,3,7,3,1,5,0,1,0,0,0,0,2,1,682451992.0,5336458087.0,11.453332083,48.15517321,2,#fc8d62,car
172508,"9,17E+18",9,1,62,0,2017,4,12,7,3,6,4,0,0,1,0,0,1,0,0,682964.8014,5335795.3729,11.459936063,48.149068978,3,#8da0cb,toilet
172509,"9,17E+18",9,1,62,0,2017,4,16,7,3,5,3,1,1,0,0,0,0,0,0,689124.5534,5336884.4418,11.543153792,48.157056059,1,#66c2a5,bicycle
172510,"9,17E+18",9,1,62,0,2017,4,19,7,3,2,6,0,1,0,1,0,0,1,1,688372.4717,5336601.3472,11.532925515,48.154734793,2,#fc8d62,car
172511,"9,17E+18",9,1,62,0,2017,4,14,7,3,2,6,0,1,0,0,0,0,0,0,686390.8867,5337573.6828,11.50673299,48.164058314,2,#fc8d62,car
172512,"9,17E+18",9,1,62,0,2017,4,13,7,3,5,3,0,0,0,0,0,1,0,0,685238.6985,5333551.4075,11.489502578,48.128241055,6,#ffd92f,circle
172513,"9,17E+18",9,1,62,0,2017,4,18,7,3,5,2,0,1,0,0,0,0,1,1,693933.9058,5331208.0717,11.605173018,48.104590308,2,#fc8d62,car
172514,"9,17E+18",9,1,62,0,2017,4,18,7,3,4,1,1,1,0,0,0,0,0,1,690382.0828,5330114.1153,11.557022063,48.095829078,1,#66c2a5,bicycle
172515,"9,17E+18",9,1,62,0,2017,4,13,7,3,2,6,0,1,0,0,0,0,0,0,688770.4088,5332406.2412,11.536411857,48.116910597,2,#fc8d62,car
172518,"9,17E+18",9,7,77,140,2017,4,11,7,2,5,3,1,1,0,0,0,0,0,0,628638464.0,5317672.2811,10.724487012,47.999399214,1,#66c2a5,bicycle
172521,"9,17E+18",9,7,72,177,2017,4,13,7,3,5,7,0,1,0,0,0,0,0,0,636513.6861,5378516.0262,10.849652408,48.544880255,2,#fc8d62,car
172522,"9,17E+18",9,7,72,125,2017,4,4,7,2,5,3,0,1,0,0,0,0,2,0,636073.8839,5348199.0842,10.833865508,48.272368721,2,#fc8d62,car
172523,"9,17E+18",9,7,61,0,2017,4,16,7,3,6,4,0,0,1,0,0,1,0,1,638587.4609,5358333.8251,10.871052894,48.362954153,3,#8da0cb,toilet
172524,"9,17E+18",9,7,61,0,2017,4,23,7,3,1,5,1,1,0,0,0,1,2,1,644377.8648,5360394.3334,10.949889825,48.380183281,1,#66c2a5,bicycle
172525,"9,17E+18",9,7,71,113,2017,4,11,7,3,9,1,0,1,0,0,0,0,0,0,654312068.0,5366095.2204,11.086062249,48.429086178,2,#fc8d62,car
172529,"9,17E+18",9,2,74,126,2017,5,17,3,3,5,2,0,1,0,1,0,0,0,0,732528.69,5384407.9291,12.152243188,48.569579712,2,#fc8d62,car
172533,"9,17E+18",9,1,79,118,2017,5,17,3,3,2,2,1,1,0,0,0,0,0,0,672420.6696,5337619.7686,11.319035217,48.168415228,1,#66c2a5,bicycle
172534,"9,17E+18",9,1,79,126,2017,5,13,3,2,0,7,1,0,0,0,0,0,0,0,676350.4512,5341115585.0,11.373294797,48.198761638,1,#66c2a5,bicycle
172535,"9,17E+18",9,1,62,0,2017,5,5,2,3,0,1,1,0,0,0,0,0,1,0,690746.6183,5334164.7316,11.563724691,48.132127001,1,#66c2a5,bicycle
172536,"9,17E+18",9,1,62,0,2017,5,13,2,3,5,3,1,1,0,0,0,0,0,0,694514.9463,5342549.6746,11.61815424,48.20634648,1,#66c2a5,bicycle
172537,"9,17E+18",9,1,62,0,2017,5,21,2,2,6,3,0,1,1,0,0,0,2,1,689715231.0,5331909.9082,11.548873167,48.112168736,2,#fc8d62,car
172538,"9,17E+18",9,1,62,0,2017,5,10,2,3,2,7,0,1,0,0,0,0,0,0,689205.1907,5334937.4425,11.54337164,48.139532294,2,#fc8d62,car
172539,"9,17E+18",9,1,62,0,2017,5,1,2,3,0,7,1,0,0,0,0,0,2,0,692564.8383,5334156.9233,11.588133161,48.131509326,1,#66c2a5,bicycle
172540,"9,17E+18",9,1,62,0,2017,5,12,2,3,1,7,1,1,0,0,0,0,0,0,697775.2142,5334216.8128,11.658112949,48.130449956,1,#66c2a5,bicycle
172541,"9,17E+18",9,1,62,0,2017,5,20,2,2,6,4,0,1,1,0,0,0,2,1,690705.5244,5334750.5827,11.563435203,48.137404922,2,#fc8d62,car
172542,"9,17E+18",9,1,62,0,2017,5,2,2,2,1,5,0,1,0,0,0,1,2,0,690743.2025,5334161.9395,11.563677578,48.132102929,2,#fc8d62,car
172543,"9,17E+18",9,1,62,0,2017,5,16,2,3,5,3,0,1,0,0,0,0,0,1,687447.8343,5336156.0414,11.520308876,48.151005486,2,#fc8d62,car
172544,"9,17E+18",9,1,84,112,2017,5,16,2,2,0,1,1,0,0,0,0,0,0,1,701583.3671,5338860.2065,11.711434988,48.170984959,1,#66c2a5,bicycle
172545,"9,17E+18",9,1,62,0,2017,5,1,2,2,0,7,1,0,0,0,0,0,2,1,693186.0162,5329169.7521,11.594214733,48.086497521,1,#66c2a5,bicycle
172550,"9,17E+18",9,2,74,194,2017,5,18,3,3,4,6,0,1,0,0,0,0,0,0,725950.8563,5379795.0427,12.060703771,48.530545414,2,#fc8d62,car
172551,"9,17E+18",9,1,62,0,2017,5,12,2,3,0,7,0,0,0,0,0,1,0,0,691522867.0,5335660.8094,11.574819681,48.145340456,6,#ffd92f,circle
172552,"9,17E+18",9,1,62,0,2017,5,14,2,3,5,3,1,1,0,0,0,0,0,0,690665307.0,5335201.6042,11.563097079,48.141470734,1,#66c2a5,bicycle
172554,"9,17E+18",9,7,72,115,2017,5,7,2,2,0,7,0,0,0,0,0,1,0,0,618738002.0,5371074483.0,10.606794251,48.481576635,6,#ffd92f,circle
172555,"9,17E+18",9,7,72,200,2017,5,20,2,3,4,1,0,1,0,0,0,0,2,1,630219.0567,5338463.3762,10.752007537,48.186050334,2,#fc8d62,car
172556,"9,17E+18",9,7,72,185,2017,5,4,2,3,8,1,0,1,0,0,0,0,2,0,635416946.0,5384933498.0,10.836890238,48.602821711,2,#fc8d62,car
172557,"9,17E+18",9,7,71,142,2017,5,11,2,3,5,2,0,1,0,0,0,0,0,0,645858.7137,5352141.6714,10.967018958,48.305640242,2,#fc8d62,car
172558,"9,17E+18",9,7,61,0,2017,5,21,2,3,6,2,0,1,1,0,0,0,2,1,638929.9322,5360857.4905,10.876507946,48.385571095,2,#fc8d62,car
172559,"9,17E+18",9,7,61,0,2017,5,9,2,2,5,3,1,1,0,0,0,0,0,0,641725.8511,5359991.6967,10.913958369,48.377164269,1,#66c2a5,bicycle
172590,"9,17E+18",9,2,61,0,2017,5,13,2,3,0,1,1,0,0,0,0,0,0,0,731829.8168,5379728.3177,12.140179372,48.527802585,1,#66c2a5,bicycle
172597,"9,17E+18",9,1,63,0,2017,5,11,2,3,1,1,0,1,0,1,0,0,0,0,734021.7919,5305938.7066,12.129156401,47.864117119,2,#fc8d62,car
172598,"9,17E+18",9,1,63,0,2017,5,12,2,2,0,1,0,0,0,1,0,0,0,0,731121471.0,5304353.2484,12.089587082,47.85092267,4,#e78ac3,marker
172600,"9,17E+18",9,1,79,142,2017,5,1,2,3,8,1,1,0,0,0,0,0,2,0,672849.2139,5343075.8337,11.32701505,48.217345928,1,#66c2a5,bicycle
172601,"9,17E+18",9,1,78,140,2017,5,18,2,3,8,1,0,1,0,0,0,0,0,1,705974.5256,5365721.0103,11.783525471,48.410952503,2,#fc8d62,car
172602,"9,17E+18",9,1,77,114,2017,5,10,2,3,0,7,1,0,0,0,0,0,0,0,722646342.0,5343792671.0,11.996948851,48.208273406,1,#66c2a5,bicycle
172603,"9,17E+18",9,1,77,118,2017,5,19,2,3,5,3,0,1,0,0,0,0,1,1,706193.6951,5348275.8659,11.777948797,48.254117985,2,#fc8d62,car
172604,"9,17E+18",9,1,62,0,2017,4,12,1,3,0,1,1,0,0,0,0,0,0,0,696753.9766,5335238.2321,11.644874398,48.139946329,1,#66c2a5,bicycle
172605,"9,17E+18",9,1,62,0,2017,4,16,1,3,0,6,0,1,0,1,0,0,0,0,686293.5225,5329837.3364,11.502042707,48.094549602,2,#fc8d62,car
172606,"9,17E+18",9,1,62,0,2017,4,18,1,3,1,5,1,1,0,0,0,0,0,0,690370.1933,5334622.8385,11.558875307,48.136357163,1,#66c2a5,bicycle
172607,"9,17E+18",9,1,62,0,2017,4,5,1,3,1,5,1,1,0,0,0,0,1,0,690746454.0,5337368.6626,11.565157974,48.160923772,1,#66c2a5,bicycle
172608,"9,17E+18",9,1,62,0,2017,4,16,1,3,4,6,1,1,0,0,0,0,0,0,692998.5146,5339328.4958,11.596301167,48.177858541,1,#66c2a5,bicycle
172609,"9,17E+18",9,1,62,0,2017,4,13,1,3,1,5,1,1,0,0,0,0,0,0,693801137.0,5339353.3125,11.607098139,48.177837312,1,#66c2a5,bicycle
172610,"9,17E+18",9,1,62,0,2017,4,16,1,3,3,2,1,1,0,0,0,0,0,0,691089.5899,5334217186.0,11.568353117,48.132495579,1,#66c2a5,bicycle
172615,"9,17E+18",9,7,61,0,2017,4,9,1,3,8,1,1,0,0,0,0,0,0,0,638449.1921,5357204.3391,10.868815554,48.352828345,1,#66c2a5,bicycle
172616,"9,17E+18",9,7,61,0,2017,4,15,1,3,5,2,1,1,0,0,0,0,0,0,641332.0451,5352283.6199,10.906056495,48.307944216,1,#66c2a5,bicycle
172644,"9,17E+18",9,1,87,169,2017,4,2,1,3,6,7,0,1,1,0,0,0,2,0,735934439.0,5301332689.0,12.152180536,47.822038174,2,#fc8d62,car
172645,"9,17E+18",9,1,63,0,2017,4,3,1,3,0,1,1,0,0,0,0,0,2,0,732680.6967,5305844.0461,12.111200801,47.863753722,1,#66c2a5,bicycle
172647,"9,17E+18",9,1,82,133,2017,4,13,1,3,0,7,1,0,0,0,0,0,0,0,707015.3738,5307767253.0,11.769388401,47.889820382,1,#66c2a5,bicycle
172648,"9,17E+18",9,1,87,150,2017,4,23,1,3,0,1,0,0,0,1,0,0,2,0,729047.6763,5304337008.0,12.06189751,47.851519024,4,#e78ac3,marker
172650,"9,17E+18",9,1,79,149,2017,4,13,1,3,5,3,0,1,0,1,0,0,0,0,655232228.0,5330505619.0,11.085427621,48.10888249,2,#fc8d62,car
172651,"9,17E+18",9,1,81,144,2017,4,16,1,2,6,3,0,1,1,0,0,0,0,0,655714998.0,5320709.5452,11.088341395,48.02068725,2,#fc8d62,car
172652,"9,17E+18",9,1,74,122,2017,4,15,1,3,8,1,0,0,0,1,0,0,0,0,682013.8009,5351932.8347,11.454089945,48.294394993,4,#e78ac3,marker
172653,"9,17E+18",9,1,78,130,2017,4,12,1,3,3,7,1,0,0,0,0,0,0,0,703271.4539,5354558.9262,11.741648134,48.311524305,1,#66c2a5,bicycle
172654,"9,17E+18",9,1,78,145,2017,4,11,1,3,0,7,1,0,0,0,0,0,0,0,697149.0098,5353968.6664,11.658889,48.308157619,1,#66c2a5,bicycle
172655,"9,17E+18",9,1,78,143,2017,4,18,1,3,3,7,1,1,0,0,0,0,0,0,717263.3855,5372216.8208,11.939246952,48.465525608,1,#66c2a5,bicycle
172656,"9,17E+18",9,1,62,0,2017,4,17,7,2,6,7,0,1,1,0,0,0,0,0,692688.4787,5334194.6529,11.58981023,48.131811013,2,#fc8d62,car
172657,"9,17E+18",9,1,62,0,2017,4,14,7,3,2,6,0,1,0,0,0,0,0,0,690900.6791,5335108.5262,11.566216152,48.14056358,2,#fc8d62,car
172658,"9,17E+18",9,1,62,0,2017,4,10,7,3,1,5,1,1,0,0,0,0,0,0,692000.8968,5333459.9776,11.580247587,48.125415648,1,#66c2a5,bicycle
172659,"9,17E+18",9,1,62,0,2017,4,17,7,3,5,2,0,1,0,0,0,1,0,0,691919.8901,5332204.1764,11.57859482,48.11415309,2,#fc8d62,car
172660,"9,17E+18",9,1,62,0,2017,4,15,7,3,6,6,1,0,1,0,0,0,2,0,690140.6597,5335090.2281,11.556001853,48.140626686,1,#66c2a5,bicycle
172661,"9,17E+18",9,1,62,0,2017,4,15,7,3,0,7,0,1,0,0,0,0,0,0,680872.2682,5337629.2635,11.432608317,48.166151962,2,#fc8d62,car
172662,"9,17E+18",9,1,62,0,2017,4,22,7,3,6,4,0,1,1,0,0,0,2,0,691088.0907,5335142.6547,11.568748154,48.140814069,2,#fc8d62,car
172663,"9,17E+18",9,1,62,0,2017,4,13,7,3,4,3,0,1,0,0,0,0,0,0,700047691.0,5335223069.0,11.689093018,48.138783113,2,#fc8d62,car
172664,"9,17E+18",9,1,62,0,2017,4,13,7,3,2,6,0,1,0,0,0,0,0,0,691487.1645,5332352.59,11.572853534,48.115617273,2,#fc8d62,car
172665,"9,17E+18",9,1,62,0,2017,4,21,7,3,6,7,0,1,1,0,0,0,2,0,692040.9677,5333298.69,11.580712856,48.123953933,2,#fc8d62,car
172666,"9,17E+18",9,1,62,0,2017,4,23,7,2,6,4,0,1,1,0,0,0,2,0,688702.1385,5333442.5175,11.535954172,48.126245063,2,#fc8d62,car
172668,"9,17E+18",9,7,78,116,2017,4,11,7,3,5,3,1,1,0,0,0,0,0,0,619215824.0,5318587177.0,10.598477232,48.00945405,1,#66c2a5,bicycle
172669,"9,17E+18",9,7,78,116,2017,4,15,7,3,5,3,0,1,0,0,0,0,0,0,619411.1444,5320175.8941,10.601537627,48.02370594,2,#fc8d62,car
172674,"9,17E+18",9,7,71,130,2017,4,7,7,3,2,6,0,1,0,0,0,0,0,0,645454.8728,5360955.1104,10.964620557,48.384978009,2,#fc8d62,car
172675,"9,17E+18",9,7,71,130,2017,4,14,7,3,5,3,0,1,0,0,0,0,0,0,647363.4114,5360513.7882,10.990227853,48.380567051,2,#fc8d62,car
172676,"9,17E+18",9,7,61,0,2017,4,13,7,3,2,4,0,1,1,0,0,0,0,0,641467.6033,5358198.5617,10.909869635,48.361099069,2,#fc8d62,car
172692,"9,17E+18",9,1,73,147,2017,4,19,7,3,4,2,1,1,0,0,0,0,0,0,681050.9966,5309381.9643,11.423066761,47.912185242,1,#66c2a5,bicycle
172694,"9,17E+18",9,1,87,117,2017,4,13,7,3,5,3,1,1,0,0,0,0,0,0,724306952.0,5306722.5064,11.999851975,47.874624658,1,#66c2a5,bicycle
172697,"9,17E+18",9,1,79,142,2017,4,16,7,2,0,1,1,0,0,0,0,0,0,0,674498.89,5343198736.0,11.349255408,48.217999227,1,#66c2a5,bicycle
172698,"9,17E+18",9,1,79,145,2017,4,14,7,3,2,6,0,1,0,0,0,0,0,0,674442.7453,5335640.2098,11.345396643,48.150068496,2,#fc8d62,car
172699,"9,17E+18",9,1,74,115,2017,4,15,7,3,3,2,0,1,0,1,0,0,0,0,683344.4294,5348260.1554,11.470420479,48.260999495,2,#fc8d62,car
172700,"9,17E+18",9,1,77,133,2017,4,5,7,3,9,6,0,1,0,0,0,0,0,0,706515.2817,5359092.8707,11.787567785,48.351215665,2,#fc8d62,car
172701,"9,17E+18",9,1,77,133,2017,4,5,7,3,5,3,0,1,0,0,0,0,2,0,706449.8459,5359482.5751,11.786876721,48.35473893,2,#fc8d62,car
172702,"9,17E+18",9,1,77,133,2017,4,5,7,3,3,6,0,1,0,0,0,0,2,0,706346855.0,5359258.9671,11.785378544,48.352763249,2,#fc8d62,car
172703,"9,17E+18",9,1,78,124,2017,4,17,7,2,0,1,1,0,0,0,0,0,0,0,703474.1034,5364917.2843,11.749386033,48.404542188,1,#66c2a5,bicycle
172704,"9,17E+18",9,1,84,123,2017,4,11,6,3,5,3,1,1,0,0,0,0,0,1,702460.6416,5331930.3641,11.719926983,48.108428989,1,#66c2a5,bicycle
172705,"9,17E+18",9,1,62,0,2017,4,9,6,3,5,3,1,1,0,0,0,0,0,1,684769.6921,5334589.5723,11.483655788,48.137708926,1,#66c2a5,bicycle
172706,"9,17E+18",9,1,62,0,2017,4,7,6,2,5,3,1,1,0,0,0,0,0,1,683986.1448,5339879.7071,11.475421752,48.185486514,1,#66c2a5,bicycle
172707,"9,17E+18",9,1,62,0,2017,4,17,6,3,5,2,0,1,0,1,0,0,0,1,691340.5686,5338419.7233,11.57361215,48.170192033,2,#fc8d62,car
172708,"9,17E+18",9,1,62,0,2017,4,13,6,3,0,7,1,0,0,0,0,0,0,1,691739.7935,5335029.0848,11.577448517,48.139597268,1,#66c2a5,bicycle
172709,"9,17E+18",9,1,88,127,2017,4,16,6,3,4,6,0,1,0,0,0,0,0,1,678146.2496,5330620.52,11.393047644,48.103919395,2,#fc8d62,car
172710,"9,17E+18",9,1,84,140,2017,4,7,6,2,6,4,0,1,1,0,0,0,0,1,702264.2939,5328354433.0,11.715598415,48.076354762,2,#fc8d62,car
172711,"9,17E+18",9,1,62,0,2017,4,20,6,3,1,1,0,1,0,0,0,0,2,1,693228.8127,5334506.89,11.597206418,48.134453506,2,#fc8d62,car
172722,"9,17E+18",9,7,72,200,2017,4,7,6,3,1,1,0,1,0,0,0,0,0,1,631230.8469,5338020.1042,10.765476858,48.181855924,2,#fc8d62,car
172723,"9,17E+18",9,7,61,0,2017,4,7,6,3,4,2,1,1,0,0,0,0,0,1,639148.2358,5359224.2176,10.878914205,48.370836998,1,#66c2a5,bicycle
172724,"9,17E+18",9,7,61,0,2017,4,14,6,3,5,3,1,1,0,0,0,0,0,1,638988.7712,5356437.0773,10.875841544,48.345810747,1,#66c2a5,bicycle
172725,"9,17E+18",9,7,61,0,2017,4,18,6,3,5,3,1,1,0,0,0,0,0,1,640312.8473,5359160.7799,10.894609845,48.370008738,1,#66c2a5,bicycle
172749,"9,17E+18",9,1,73,147,2017,4,13,6,3,4,6,0,1,0,0,0,0,0,1,682420057.0,5307959848.0,11.440770786,47.899013676,2,#fc8d62,car
172750,"9,17E+18",9,1,73,126,2017,4,15,6,3,5,3,1,1,0,0,0,0,0,1,684249458.0,5306708242.0,11.464690494,47.887240272,1,#66c2a5,bicycle
172759,"9,17E+18",9,1,81,130,2017,4,16,6,3,0,7,1,0,0,0,0,0,0,0,639842217.0,5323656.1,10.876553812,48.050855302,1,#66c2a5,bicycle
172760,"9,17E+18",9,1,81,127,2017,4,7,6,3,9,1,0,1,0,0,0,0,0,2,633982.0958,5323226.1959,10.797822774,48.048246522,2,#fc8d62,car
172761,"9,17E+18",9,1,88,121,2017,4,12,6,3,5,3,1,1,0,0,0,0,0,1,671030759.0,5330351833.0,11.297438533,48.10345401,1,#66c2a5,bicycle
172762,"9,17E+18",9,1,75,127,2017,4,10,6,2,5,3,1,1,0,0,0,0,0,1,711911.5158,5341692.3521,11.851593908,48.193074839,1,#66c2a5,bicycle
172763,"9,17E+18",9,1,77,117,2017,4,5,6,3,6,7,1,0,1,0,0,0,1,1,716015.4731,5354274.0227,11.913164713,48.304741002,1,#66c2a5,bicycle
172764,"9,17E+18",9,1,75,122,2017,4,7,6,3,3,6,0,1,0,1,0,0,0,1,720451.6006,5325483.3735,11.957977979,48.044531275,2,#fc8d62,car
172765,"9,17E+18",9,1,62,0,2017,4,2,5,3,6,4,0,1,1,0,0,0,2,1,691144.1384,5335172567.0,11.569514229,48.141066084,2,#fc8d62,car
172766,"9,17E+18",9,1,62,0,2017,4,18,5,3,5,3,0,1,0,1,0,0,1,1,686962436.0,5327956.3527,11.510194396,48.077446676,2,#fc8d62,car
172767,"9,17E+18",9,1,62,0,2017,4,23,5,2,6,4,0,1,1,0,0,0,2,1,692249.9133,5334295.2314,11.583967343,48.132847614,2,#fc8d62,car
172768,"9,17E+18",9,1,62,0,2017,4,18,5,3,1,5,1,1,0,0,0,0,0,1,691449.0059,5337588.3222,11.574694873,48.16268689,1,#66c2a5,bicycle
172769,"9,17E+18",9,1,62,0,2017,4,22,5,3,6,4,0,1,1,0,0,0,2,1,694453.5649,5333069.2759,11.612994775,48.121159755,2,#fc8d62,car
172770,"9,17E+18",9,1,62,0,2017,4,16,5,3,4,2,1,1,0,0,0,0,0,1,689077555.0,5334929.7656,11.541654253,48.139501233,1,#66c2a5,bicycle
172771,"9,17E+18",9,1,62,0,2017,4,16,5,3,3,7,1,1,0,0,0,0,0,1,694477461.0,5340873521.0,11.616882388,48.191293573,1,#66c2a5,bicycle
172772,"9,17E+18",9,1,62,0,2017,4,7,5,3,2,6,0,1,0,0,0,0,0,1,696457.6215,5332682.6505,11.639716913,48.117069808,2,#fc8d62,car
172773,"9,17E+18",9,1,62,0,2017,4,8,5,3,5,3,1,1,0,0,0,0,0,1,687515.2757,5332252.1999,11.519496501,48.115896855,1,#66c2a5,bicycle
172774,"9,17E+18",9,1,62,0,2017,4,8,5,3,2,6,0,1,0,0,0,0,0,1,692039.4725,5337049.1126,11.58238398,48.157662518,2,#fc8d62,car
172779,"9,17E+18",9,7,72,163,2017,4,18,5,3,8,1,0,1,0,0,0,0,1,1,640934.5401,5350110.5922,10.899973234,48.288493563,2,#fc8d62,car
172780,"9,17E+18",9,7,61,0,2017,4,15,5,3,4,1,0,1,0,0,0,1,0,1,641029.0811,5361241.6994,10.904973663,48.388559924,2,#fc8d62,car
172813,"9,17E+18",9,2,61,0,2017,5,0,7,3,6,4,0,1,1,0,0,0,2,0,732510.1369,5380408.2015,12.149759089,48.533658231,2,#fc8d62,car
172816,"9,17E+18",9,1,63,0,2017,5,14,7,2,7,1,1,0,0,0,0,0,0,0,730407.1288,5303867979.0,12.079793803,47.846819245,1,#66c2a5,bicycle
172819,"9,17E+18",9,1,87,117,2017,5,10,7,3,5,2,0,1,0,0,0,0,0,0,724415873.0,5305869567.0,12.00086374,47.866922921,2,#fc8d62,car
172826,"9,17E+18",9,1,88,121,2017,5,9,7,3,1,7,1,1,0,0,0,0,0,0,670349.5968,5329431.13,11.287928653,48.095359533,1,#66c2a5,bicycle
172827,"9,17E+18",9,1,74,115,2017,5,19,7,3,0,1,1,0,0,0,0,0,0,0,682103.5397,5348950.6287,11.454013711,48.26756368,1,#66c2a5,bicycle
172828,"9,17E+18",9,1,78,140,2017,5,15,7,3,0,1,0,0,0,1,0,0,0,0,707188731.0,5365489.1757,11.799799385,48.40847136,4,#e78ac3,marker