OBJECTID,UIDENTSTLA,ULAND,UREGBEZ,UKREIS,UGEMEINDE,UJAHR,UMONAT,USTUNDE,UWOCHENTAG,UKATEGORIE,UART,UTYP1,IstRad,IstPKW,IstFuss,IstKrad,IstGkfz,IstSonstig,ULICHTVERH,STRZUSTAND,LINREFX,LINREFY,XGCSWGS84,YGCSWGS84,Teilnehmer,color,symbol
172829,"9,17E+18",9,1,77,117,2017,5,11,7,3,6,7,0,1,1,0,0,0,0,0,715504.3928,5352927.0617,11.9055941,48.292812663,2,#fc8d62,car
172830,"9,17E+18",9,1,62,0,2017,5,23,6,3,6,4,0,1,1,0,0,0,2,0,690379.3313,5335167.6434,11.559241532,48.141251127,2,#fc8d62,car
172831,"9,17E+18",9,1,62,0,2017,5,12,6,3,0,3,1,0,0,0,0,1,0,0,679662741.0,5337445.0202,11.416278228,48.164838805,1,#66c2a5,bicycle
172832,"9,17E+18",9,1,62,0,2017,5,8,6,3,1,5,1,1,0,0,0,0,0,0,696020.5851,5333075.1303,11.634031518,48.120731888,1,#66c2a5,bicycle
172833,"9,17E+18",9,1,84,138,2017,5,17,6,3,1,5,0,1,0,0,0,0,0,0,682391.0853,5331330883.0,11.450318979,48.109103604,2,#fc8d62,car
172834,"9,17E+18",9,1,62,0,2017,5,11,6,2,6,4,0,1,1,0,0,0,0,0,686761.6033,5336660.8234,11.511312968,48.155744482,2,#fc8d62,car
172835,"9,17E+18",9,1,62,0,2017,5,13,6,3,6,4,0,1,1,0,0,0,0,0,692003.2887,5341266.3202,11.583802966,48.195576682,2,#fc8d62,car
172836,"9,17E+18",9,1,62,0,2017,5,15,6,3,0,5,1,1,0,0,0,0,0,0,689493019.0,5333028722.0,11.546387937,48.122290906,1,#66c2a5,bicycle
172837,"9,17E+18",9,1,62,0,2017,5,14,6,3,0,3,1,1,0,0,0,0,0,1,691409.0073,5334010201.0,11.572548802,48.130539239,1,#66c2a5,bicycle
172838,"9,17E+18",9,1,62,0,2017,5,16,6,3,5,3,1,1,0,0,0,0,0,0,697509.5911,5332824896.0,11.653901982,48.118022821,1,#66c2a5,bicycle
172839,"9,17E+18",9,1,62,0,2017,5,12,6,3,6,3,0,1,1,0,0,0,0,0,693935.3659,5333013442.0,11.60601349,48.120815983,2,#fc8d62,car
172840,"9,17E+18",9,1,62,0,2017,5,13,6,3,5,3,1,1,0,0,0,0,0,0,689905.4667,5334438.3056,11.552552822,48.134837426,1,#66c2a5,bicycle
172848,"9,17E+18",9,7,72,162,2017,5,7,6,2,5,3,1,1,0,0,0,0,0,1,635905.9612,5335250.8219,10.827454304,48.155970666,1,#66c2a5,bicycle
172849,"9,17E+18",9,7,72,202,2017,5,7,6,3,4,2,0,1,0,1,0,0,0,0,636052.1441,5359888007.0,10.837345195,48.37748082,2,#fc8d62,car
172850,"9,17E+18",9,7,61,0,2017,5,14,6,3,1,5,0,1,0,0,0,0,0,0,643990.6614,5356295.0462,10.943260588,48.343413301,2,#fc8d62,car
172851,"9,17E+18",9,7,61,0,2017,5,12,6,3,2,6,0,1,0,0,0,0,0,0,641071884.0,5357899972.0,10.904430226,48.358502805,2,#fc8d62,car
172852,"9,17E+18",9,7,61,0,2017,5,19,6,3,0,2,0,1,0,0,0,1,0,0,641019147.0,5358705.8181,10.903988822,48.365760468,2,#fc8d62,car
172853,"9,17E+18",9,7,71,113,2017,5,7,6,3,5,3,1,0,0,0,0,0,0,1,658027.4886,5369782.4462,11.137644381,48.46131395,1,#66c2a5,bicycle
172872,"9,17E+18",9,1,90,157,2017,5,17,6,3,3,2,0,0,0,1,0,0,0,0,660715.2338,5301732.2037,11.148270398,47.848824927,4,#e78ac3,marker
172873,"9,17E+18",9,1,90,157,2017,5,18,6,3,3,7,1,1,0,0,0,0,0,0,659827.8269,5299900.7977,11.135740768,47.832579714,1,#66c2a5,bicycle
172880,"9,17E+18",9,1,79,121,2017,5,7,6,3,2,4,0,1,1,0,0,0,0,0,667804.1536,5338770722.0,11.25744874,48.179997739,2,#fc8d62,car
172881,"9,17E+18",9,1,77,133,2017,5,8,6,3,5,3,0,1,0,0,0,0,0,1,709928.6636,5359270.3031,11.833672383,48.35168484,2,#fc8d62,car
172882,"9,17E+18",9,1,78,145,2017,5,11,6,3,5,5,1,1,0,0,0,0,0,0,697452.7592,5354658.9589,11.663304016,48.314266519,1,#66c2a5,bicycle
172883,"9,17E+18",9,1,62,0,2017,5,7,5,3,0,7,0,0,0,0,0,1,0,0,696022.4054,5334987.2421,11.634935511,48.137916359,6,#ffd92f,circle
172884,"9,17E+18",9,1,62,0,2017,5,17,5,3,1,6,0,1,0,0,0,0,0,0,692315.4641,5334231.0633,11.584818495,48.13225108,2,#fc8d62,car
172885,"9,17E+18",9,1,62,0,2017,5,17,5,3,2,7,0,1,0,0,0,1,0,0,689874.7331,5335936.2467,11.552808044,48.14831013,2,#fc8d62,car
172886,"9,17E+18",9,1,62,0,2017,5,10,5,3,0,6,0,1,0,0,0,1,0,0,691751.2865,5335408.7423,11.577773798,48.143006109,2,#fc8d62,car
172887,"9,17E+18",9,1,62,0,2017,5,14,5,3,5,3,0,1,0,0,0,0,0,0,695033.2264,5340838.4976,11.624336536,48.190808395,2,#fc8d62,car
172888,"9,17E+18",9,1,84,147,2017,5,17,5,3,5,3,0,1,0,0,0,0,0,0,697404.6351,5340899.1334,11.656238648,48.190620786,2,#fc8d62,car
172889,"9,17E+18",9,1,62,0,2017,5,9,5,3,0,7,1,0,0,0,0,0,0,0,690361.7956,5333856.4158,11.558420104,48.12947107,1,#66c2a5,bicycle
172890,"9,17E+18",9,1,84,136,2017,5,17,5,2,6,4,0,0,1,1,0,0,0,1,700645.6265,5327075.1357,11.693290768,48.065368886,3,#8da0cb,toilet
172891,"9,17E+18",9,1,62,0,2017,5,7,5,3,5,7,1,1,0,0,0,0,0,0,682460.2854,5335316028.0,11.452953928,48.144905211,1,#66c2a5,bicycle
172892,"9,17E+18",9,1,62,0,2017,5,16,5,3,0,6,0,1,0,0,0,1,0,1,686214212.0,5334065.8763,11.502824816,48.132580677,2,#fc8d62,car
172893,"9,17E+18",9,1,62,0,2017,5,18,5,2,5,3,0,1,0,0,0,0,0,1,683140.7975,5336363.4059,11.462544467,48.154124169,2,#fc8d62,car
172894,"9,17E+18",9,1,62,0,2017,5,13,5,3,0,1,1,0,0,0,0,0,0,1,697211.9835,5332198.6135,11.649617907,48.112486422,1,#66c2a5,bicycle
172895,"9,17E+18",9,1,62,0,2017,5,16,5,3,5,7,1,0,0,1,0,0,0,0,691048.6121,5330091.5268,11.56595482,48.095426586,1,#66c2a5,bicycle
172896,"9,17E+18",9,1,62,0,2017,5,17,5,3,5,3,0,1,0,1,0,0,0,0,694397.3937,5334965.6187,11.613105877,48.138220512,2,#fc8d62,car
172897,"9,17E+18",9,1,62,0,2017,5,20,5,3,5,3,0,1,0,0,0,0,2,1,687525.2475,5332000.4092,11.519519634,48.113630749,2,#fc8d62,car
172898,"9,17E+18",9,1,62,0,2017,5,17,5,3,5,2,1,1,0,0,0,0,0,0,688927.6537,5333938.0309,11.539201447,48.13063192,1,#66c2a5,bicycle
172903,"9,17E+18",9,7,62,0,2017,5,10,5,3,0,1,0,0,0,1,0,0,0,0,621694807.0,5304774.65,10.627795972,47.88476211,4,#e78ac3,marker
172904,"9,17E+18",9,7,73,182,2017,5,18,5,3,0,1,0,0,0,1,0,0,0,0,624130.32,5380060.9243,10.682407355,48.561345532,4,#e78ac3,marker
172905,"9,17E+18",9,7,61,0,2017,5,11,5,2,1,5,1,1,0,0,0,0,0,0,638633.3941,5357863.0317,10.871517558,48.358710781,1,#66c2a5,bicycle
172906,"9,17E+18",9,7,61,0,2017,5,18,5,2,6,4,0,1,1,0,0,0,0,1,640317.1418,5362358.1625,10.895735534,48.398757544,2,#fc8d62,car
172907,"9,17E+18",9,7,61,0,2017,5,19,5,3,4,2,1,1,0,0,0,0,0,1,640243.0151,5358923.1027,10.893588193,48.36788714,1,#66c2a5,bicycle
172908,"9,17E+18",9,7,61,0,2017,5,20,5,3,3,5,0,1,0,1,0,0,2,1,640149.7546,5358319.6604,10.892128624,48.362481882,2,#fc8d62,car
172909,"9,17E+18",9,7,61,0,2017,5,19,5,2,0,1,1,0,0,0,0,0,1,1,640586.2505,5358860.4071,10.898199024,48.367247044,1,#66c2a5,bicycle
172910,"9,17E+18",9,7,71,113,2017,5,10,5,3,5,3,0,1,0,0,0,0,0,0,657145.1266,5369619.0628,11.125655852,48.460066102,2,#fc8d62,car
172948,"9,17E+18",9,1,79,142,2017,5,7,5,2,5,7,1,1,0,0,0,0,0,0,673968923.0,5342762.0784,11.341947611,48.214219491,1,#66c2a5,bicycle
172949,"9,17E+18",9,1,74,115,2017,5,17,5,3,5,3,0,1,0,0,0,0,0,1,680432.9982,5346840.1353,11.430622805,48.249071187,2,#fc8d62,car
172950,"9,17E+18",9,1,77,117,2017,5,13,5,3,0,7,1,0,0,0,0,0,0,0,714981.3991,5350937.1258,11.897539756,48.275110498,1,#66c2a5,bicycle
172951,"9,17E+18",9,1,62,0,2017,5,14,4,3,1,5,0,1,0,0,0,0,0,0,690802.7278,5334769.4718,11.5647489,48.137545558,2,#fc8d62,car
172952,"9,17E+18",9,1,62,0,2017,5,16,4,2,2,6,0,1,0,1,0,0,0,0,680659.1372,5338488.7964,11.430109746,48.173938753,2,#fc8d62,car
172953,"9,17E+18",9,1,62,0,2017,5,7,4,3,5,3,0,1,0,0,0,0,0,0,680037.2383,5335267.1865,11.420388742,48.145156523,2,#fc8d62,car
172954,"9,17E+18",9,1,62,0,2017,5,16,4,3,1,6,0,1,0,0,0,0,0,0,687152.9926,5338715.0167,11.517474506,48.174092995,2,#fc8d62,car
172955,"9,17E+18",9,1,62,0,2017,5,18,4,3,5,3,1,1,0,0,0,0,0,0,692212.9051,5338850.7143,11.585527936,48.17380248,1,#66c2a5,bicycle
172959,"9,17E+18",9,7,62,0,2017,5,14,4,3,0,7,1,1,0,0,0,0,0,0,622038588.0,5307814.2022,10.633252245,47.912033627,1,#66c2a5,bicycle
172960,"9,17E+18",9,7,62,0,2017,5,16,4,3,5,3,0,1,0,0,0,0,0,0,621176.2453,5305418.9553,10.621043398,47.890654942,2,#fc8d62,car
172962,"9,17E+18",9,7,72,200,2017,5,9,4,3,8,1,1,0,0,0,0,0,0,0,631199.4339,5338062.4004,10.765067522,48.182242766,1,#66c2a5,bicycle
172963,"9,17E+18",9,7,72,177,2017,5,14,4,2,0,7,1,0,0,0,0,0,0,0,636380303.0,5378114.7622,10.847714776,48.541301243,1,#66c2a5,bicycle
172964,"9,17E+18",9,7,72,163,2017,5,10,4,2,4,1,1,0,0,0,0,0,0,0,640295.2265,5348747.5123,10.890906791,48.276379005,1,#66c2a5,bicycle
172965,"9,17E+18",9,7,61,0,2017,5,15,4,3,1,5,1,1,0,0,0,0,0,0,636990.0785,5362895.1153,10.850985621,48.40431742,1,#66c2a5,bicycle
172966,"9,17E+18",9,7,61,0,2017,5,5,4,3,0,7,0,0,0,1,0,0,0,1,639063.3811,5360258276.0,10.878111118,48.380153705,4,#e78ac3,marker
172967,"9,17E+18",9,7,61,0,2017,5,7,4,3,4,2,1,0,0,1,0,0,0,1,644367.0393,5357437.4955,10.948728784,48.353599653,1,#66c2a5,bicycle
172988,"9,17E+18",9,2,74,126,2017,5,4,4,3,0,1,0,0,0,1,0,0,2,0,733981766.0,5384139975.0,12.171759579,48.566632183,4,#e78ac3,marker
172989,"9,17E+18",9,2,61,0,2017,5,7,4,3,5,3,1,1,0,0,0,0,0,0,734047.8139,5381671.8145,12.171266132,48.544437247,1,#66c2a5,bicycle
172996,"9,17E+18",9,1,86,130,2017,5,7,4,3,2,6,0,1,0,0,0,0,0,0,685018.2129,5373891.2305,11.504230686,48.49088588,2,#fc8d62,car
172997,"9,17E+18",9,1,86,162,2017,5,17,4,3,8,1,0,1,0,0,0,0,0,0,690260.2031,5384312.7351,11.579865281,48.582981515,2,#fc8d62,car
172998,"9,17E+18",9,1,79,145,2017,5,17,4,3,6,4,0,1,1,0,0,0,0,0,675896606.0,5338633611.0,11.366164639,48.176576543,2,#fc8d62,car
172999,"9,17E+18",9,1,88,121,2017,5,13,4,3,5,3,0,1,0,0,0,0,0,0,670881.3416,5330117.1482,11.295339119,48.101384337,2,#fc8d62,car
173000,"9,17E+18",9,1,88,121,2017,5,12,4,3,0,7,0,1,1,0,0,0,0,0,670754.5063,5330928.6985,11.29396162,48.10871402,2,#fc8d62,car
173001,"9,17E+18",9,1,81,114,2017,5,7,4,3,6,6,0,1,1,0,0,0,0,1,656585.1322,5312148593.0,11.096881985,47.943501574,2,#fc8d62,car
173002,"9,17E+18",9,1,78,124,2017,5,17,4,3,4,1,0,1,0,1,0,0,0,0,703976.3203,5365014.7958,11.756211319,48.405256159,2,#fc8d62,car
173003,"9,17E+18",9,1,75,112,2017,5,18,4,3,3,6,1,1,0,0,0,0,1,0,720504.6049,5320756.9883,11.956256833,48.002045686,1,#66c2a5,bicycle
173004,"9,17E+18",9,1,77,115,2017,5,9,4,3,1,5,1,1,0,0,0,0,0,0,734863.9912,5350987.6633,12.165140514,48.268504776,1,#66c2a5,bicycle
173005,"9,17E+18",9,1,62,0,2017,5,9,3,3,6,4,0,1,1,0,0,0,0,0,686209478.0,5334362.8773,11.502891068,48.135251621,2,#fc8d62,car
173006,"9,17E+18",9,1,62,0,2017,5,19,3,3,3,2,0,1,0,0,0,1,0,0,694593598.0,5336061.2258,11.616241098,48.148007393,2,#fc8d62,car
173007,"9,17E+18",9,1,62,0,2017,5,20,3,3,5,3,1,1,0,0,0,0,0,0,688562.8429,5332406.6262,11.5336259,48.116975552,1,#66c2a5,bicycle
173008,"9,17E+18",9,1,62,0,2017,5,20,3,3,5,2,0,1,0,1,0,0,0,0,693004.0234,5333845.6744,11.593888708,48.128578876,2,#fc8d62,car
173009,"9,17E+18",9,1,62,0,2017,5,18,3,3,1,7,0,1,0,0,0,1,0,0,685528.0176,5333650.2499,11.493430078,48.129045237,2,#fc8d62,car
173010,"9,17E+18",9,1,62,0,2017,5,21,3,3,0,3,1,1,0,0,0,0,1,0,682926.8767,5342567.5412,11.462341782,48.209952175,1,#66c2a5,bicycle
173011,"9,17E+18",9,1,62,0,2017,5,15,3,3,5,2,0,1,0,1,0,0,0,0,688448.2436,5339645.2237,11.535292301,48.182071039,2,#fc8d62,car
173012,"9,17E+18",9,1,62,0,2017,5,18,3,3,6,4,0,1,1,0,0,0,0,0,686111021.0,5334380.7741,11.501576809,48.135441285,2,#fc8d62,car
173013,"9,17E+18",9,1,62,0,2017,5,12,3,3,6,4,0,1,1,0,0,0,0,0,684464603.0,5332848807.0,11.478805216,48.122150483,2,#fc8d62,car
173014,"9,17E+18",9,1,62,0,2017,5,9,3,3,0,7,0,0,0,1,0,0,0,1,686209.5198,5334405.8987,11.502910435,48.135638301,4,#e78ac3,marker
173015,"9,17E+18",9,1,62,0,2017,5,9,3,3,1,7,0,1,0,1,0,0,0,1,693773.4431,5336492.2958,11.605422498,48.152132054,2,#fc8d62,car
173016,"9,17E+18",9,1,62,0,2017,5,15,3,3,4,2,1,1,0,0,0,0,0,0,690164.6128,5333904.7209,11.555794304,48.129964176,1,#66c2a5,bicycle
173017,"9,17E+18",9,1,62,0,2017,5,16,3,3,0,1,1,0,0,0,0,0,0,0,692164.9098,5337936.5513,11.584469868,48.16560072,1,#66c2a5,bicycle
173018,"9,17E+18",9,1,62,0,2017,5,18,3,3,0,3,1,1,0,0,0,0,0,0,691888.6893,5337068.5556,11.580367278,48.157882785,1,#66c2a5,bicycle
173019,"9,17E+18",9,1,62,0,2017,5,8,3,3,5,2,1,1,0,0,0,0,0,1,692079.8132,5336596.1089,11.582721393,48.153578831,1,#66c2a5,bicycle
173021,"9,17E+18",9,7,78,116,2017,5,17,3,2,0,1,1,0,0,0,0,0,0,0,619113.5235,5318160.1592,10.596987519,48.005632665,1,#66c2a5,bicycle
173025,"9,17E+18",9,7,61,0,2017,5,22,3,3,5,3,0,1,0,0,0,0,2,0,639265.9919,5362255.4118,10.881508031,48.3980667,2,#fc8d62,car
173067,"9,17E+18",9,1,73,126,2017,5,11,5,3,5,3,1,1,0,0,0,0,0,0,686980.6517,5302623.9762,11.499422856,47.849737827,1,#66c2a5,bicycle
173068,"9,17E+18",9,1,73,126,2017,5,18,5,3,6,4,0,1,1,0,0,0,0,0,684899.4149,5306259.9271,11.473184592,47.883023496,2,#fc8d62,car
173076,"9,17E+18",9,1,85,158,2017,5,18,5,3,5,3,1,1,0,0,0,0,0,0,665777.1982,5382429.9838,11.24741908,48.573014319,1,#66c2a5,bicycle
173080,"9,17E+18",9,1,88,141,2017,5,11,5,3,0,7,1,0,0,0,0,1,0,0,670223.1041,5308635.0178,11.27798083,47.908435477,1,#66c2a5,bicycle
173081,"9,17E+18",9,1,79,145,2017,5,14,5,3,1,5,0,1,0,0,0,1,0,0,674933.7952,5338181.2417,11.353038083,48.172775832,2,#fc8d62,car
173082,"9,17E+18",9,1,74,115,2017,5,16,5,3,3,6,0,1,0,0,0,0,0,0,682684.9444,5347749973.0,11.461322703,48.256604227,2,#fc8d62,car
173083,"9,17E+18",9,1,74,126,2017,5,19,5,3,8,1,1,0,0,0,0,0,1,0,682076.3185,5344781.9369,11.451854364,48.230101042,1,#66c2a5,bicycle
173084,"9,17E+18",9,1,62,0,2017,5,14,4,3,3,1,0,1,0,1,0,0,0,0,690647.5898,5334748.6507,11.562656398,48.137404916,2,#fc8d62,car
173085,"9,17E+18",9,1,62,0,2017,5,8,4,3,1,7,1,1,0,0,0,0,0,0,688408.0287,5337732.3571,11.533904034,48.164889923,1,#66c2a5,bicycle
173086,"9,17E+18",9,1,62,0,2017,5,13,4,3,4,7,1,0,0,0,0,0,0,0,696995.3926,5331690.5261,11.646476515,48.107987062,1,#66c2a5,bicycle
173087,"9,17E+18",9,1,62,0,2017,5,14,4,3,3,7,1,1,0,0,0,0,0,0,690964.2861,5336647722.0,11.567760754,48.15437865,1,#66c2a5,bicycle
173088,"9,17E+18",9,1,62,0,2017,5,18,4,2,0,7,1,0,0,0,0,0,0,0,694616.4672,5341620.6242,11.619093239,48.197965566,1,#66c2a5,bicycle
173089,"9,17E+18",9,1,62,0,2017,5,7,4,2,5,2,1,1,0,0,0,0,0,0,692318.8065,5340032.3539,11.58748568,48.184390692,1,#66c2a5,bicycle
173090,"9,17E+18",9,1,62,0,2017,5,17,4,3,5,2,1,1,0,0,0,0,0,0,692651.2525,5330697.9781,11.587730759,48.100394826,1,#66c2a5,bicycle
173091,"9,17E+18",9,1,62,0,2017,5,18,4,2,6,6,0,1,1,0,0,0,0,0,694767.6272,5340327.4681,11.620532235,48.18629703,2,#fc8d62,car
173092,"9,17E+18",9,1,84,119,2017,5,20,4,3,5,3,1,1,0,0,0,0,1,0,697837141.0,5349430.8086,11.666034222,48.267161167,1,#66c2a5,bicycle
173093,"9,17E+18",9,1,62,0,2017,5,18,4,2,3,6,0,1,0,1,0,0,0,0,689764.0689,5340143.2956,11.553199071,48.186156056,2,#fc8d62,car
173094,"9,17E+18",9,1,62,0,2017,5,10,4,3,5,3,0,1,0,0,0,0,0,0,686222.6112,5333289.7678,11.502598432,48.125602254,2,#fc8d62,car
173095,"9,17E+18",9,1,62,0,2017,5,11,4,3,2,6,1,0,0,0,0,0,0,0,692046818.0,5333731032.0,11.580986199,48.127837993,1,#66c2a5,bicycle
173096,"9,17E+18",9,1,62,0,2017,5,14,4,3,5,7,0,1,0,0,0,0,0,0,693808.8654,5333909.7794,11.604723014,48.128910497,2,#fc8d62,car
173097,"9,17E+18",9,1,62,0,2017,5,18,4,3,3,6,0,1,0,1,0,0,0,0,693665.4283,5332448.0248,11.602133267,48.115816336,2,#fc8d62,car
173098,"9,17E+18",9,1,62,0,2017,5,16,4,3,0,1,1,0,0,0,0,0,0,0,686683.7145,5331510.4868,11.508009944,48.109474368,1,#66c2a5,bicycle
173100,"9,17E+18",9,7,74,198,2017,5,17,4,3,0,7,1,0,0,0,0,0,0,0,613914.6888,5349814.4867,10.535784188,48.291270995,1,#66c2a5,bicycle
173105,"9,17E+18",9,7,72,130,2017,5,8,4,3,6,4,0,1,1,0,0,0,0,0,631153.7233,5357472747.0,10.770473708,48.356799307,2,#fc8d62,car
173133,"9,17E+18",9,2,74,128,2017,5,16,4,3,5,3,1,1,0,0,0,0,0,0,735480.8782,5386153.5117,12.193188103,48.584157149,1,#66c2a5,bicycle
173137,"9,17E+18",9,1,73,126,2017,5,9,4,3,5,3,1,1,0,0,0,0,0,0,684884.2745,5305301.7315,11.472572164,47.874414647,1,#66c2a5,bicycle
173138,"9,17E+18",9,1,73,126,2017,5,10,4,2,7,7,1,0,0,0,0,1,0,0,685415.6806,5303525982.0,11.478910424,47.858299294,1,#66c2a5,bicycle
173141,"9,17E+18",9,1,63,0,2017,5,17,4,3,6,7,0,0,1,0,0,1,0,0,733120.1872,5304728.2092,12.116466875,47.853569653,3,#8da0cb,toilet
173142,"9,17E+18",9,1,63,0,2017,5,16,4,3,2,6,0,1,0,0,0,0,0,0,734047.9841,5304869.1676,12.1289273,47.854498867,2,#fc8d62,car
173144,"9,17E+18",9,1,87,122,2017,5,16,4,3,0,5,0,1,0,1,0,0,0,0,717914008.0,5307385.8431,11.914804255,47.88278612,2,#fc8d62,car
173145,"9,17E+18",9,1,87,117,2017,5,18,4,3,0,1,0,0,0,1,0,0,0,0,723238.4367,5307455.4271,11.98596061,47.881582332,4,#e78ac3,marker
173148,"9,17E+18",9,1,79,132,2017,5,7,4,3,3,5,0,0,0,1,0,1,0,0,661285608.0,5336696.5031,11.169035149,48.163037757,4,#e78ac3,marker
173149,"9,17E+18",9,1,74,115,2017,5,18,4,3,3,2,0,1,0,1,0,0,0,0,680787118.0,5346423097.0,11.435210628,48.24522167,2,#fc8d62,car
173150,"9,17E+18",9,1,74,131,2017,5,17,4,2,5,3,1,1,0,0,0,0,0,0,675393.6279,5355916.0838,11.366566887,48.332069909,1,#66c2a5,bicycle
173151,"9,17E+18",9,1,78,145,2017,5,8,4,3,5,3,1,1,0,0,0,0,0,0,697851.9886,5354336.6866,11.668531751,48.311245517,1,#66c2a5,bicycle
173152,"9,17E+18",9,1,62,0,2017,5,15,3,3,3,2,1,1,0,0,0,0,0,0,689359.3062,5333645984.0,11.544867184,48.127878705,1,#66c2a5,bicycle
173153,"9,17E+18",9,1,62,0,2017,5,7,3,3,5,3,1,1,0,0,0,0,0,0,690431.6114,5337033.7513,11.56077845,48.158007982,1,#66c2a5,bicycle
173154,"9,17E+18",9,1,62,0,2017,5,13,3,3,3,6,1,0,0,0,0,0,0,0,686702.7094,5333357.9865,11.509073825,48.126074808,1,#66c2a5,bicycle
173155,"9,17E+18",9,1,62,0,2017,5,15,3,3,2,6,0,1,0,0,0,0,0,0,691077971.0,5334360192.0,11.568261252,48.133784395,2,#fc8d62,car
173156,"9,17E+18",9,1,62,0,2017,5,14,3,3,0,7,1,0,0,0,0,1,0,0,687634.4827,5334365.3761,11.522026862,48.134855535,1,#66c2a5,bicycle
173157,"9,17E+18",9,1,62,0,2017,5,18,3,3,5,3,1,1,0,0,0,0,0,0,688358.3664,5330491.4926,11.530035667,48.099822402,1,#66c2a5,bicycle
173158,"9,17E+18",9,1,62,0,2017,5,16,3,3,6,4,0,0,1,1,0,0,0,0,691508.2092,5332452.3382,11.573180794,48.116507474,3,#8da0cb,toilet
173159,"9,17E+18",9,1,62,0,2017,5,15,3,3,0,7,0,0,0,1,0,0,0,0,691499.4406,5337028.6861,11.575120515,48.157641783,4,#e78ac3,marker
173164,"9,17E+18",9,7,62,0,2017,5,22,3,3,4,6,1,1,0,0,0,0,2,0,622272.7655,5304237.3254,10.635371378,47.879819736,1,#66c2a5,bicycle
173166,"9,17E+18",9,7,72,202,2017,5,7,3,3,5,3,0,1,0,0,0,0,0,1,636998.2498,5356811.5394,10.849113261,48.349612747,2,#fc8d62,car
173167,"9,17E+18",9,7,61,0,2017,5,7,3,3,5,2,0,1,0,0,0,1,0,0,640797093.0,5356507997.0,10.900257142,48.346047952,2,#fc8d62,car
173168,"9,17E+18",9,7,61,0,2017,5,15,3,3,5,3,1,1,0,0,0,0,0,0,639628267.0,5359554.2977,10.885502021,48.373698967,1,#66c2a5,bicycle
173192,"9,17E+18",9,1,63,0,2017,5,17,3,3,5,3,0,1,0,1,0,0,0,0,730982.1401,5304050.5191,12.087565737,47.848252925,2,#fc8d62,car
173193,"9,17E+18",9,1,63,0,2017,5,12,3,3,6,6,0,0,1,0,0,1,0,1,732943.8657,5303030141.0,12.113199402,47.838377912,3,#8da0cb,toilet
173194,"9,17E+18",9,1,63,0,2017,5,16,3,3,5,3,0,1,0,0,0,0,0,0,732643307.0,5306866786.0,12.111252029,47.872955675,2,#fc8d62,car
173196,"9,17E+18",9,1,85,158,2017,5,8,3,2,1,6,0,0,0,1,0,0,0,0,667726.9577,5381373.7614,11.273404297,48.563000943,4,#e78ac3,marker
173197,"9,17E+18",9,1,86,143,2017,5,7,3,3,0,1,0,0,0,1,0,0,0,0,684074.9293,5377806.3004,11.493202523,48.526350962,4,#e78ac3,marker
173198,"9,17E+18",9,1,74,115,2017,5,18,3,3,1,3,1,0,0,0,0,1,0,0,682812.6465,5347755.0295,11.463043773,48.25661285,1,#66c2a5,bicycle
173199,"9,17E+18",9,1,74,115,2017,5,17,3,3,2,2,0,1,0,0,0,1,0,0,681392.1138,5347839.3554,11.443959167,48.257779032,2,#fc8d62,car
173200,"9,17E+18",9,1,78,130,2017,5,7,3,3,0,1,1,0,0,0,0,1,0,0,703828.0003,5354141.9204,11.748944231,48.307597855,1,#66c2a5,bicycle
173201,"9,17E+18",9,1,78,145,2017,5,8,3,2,0,7,1,0,0,0,0,0,0,0,697507.5625,5354466.9444,11.663952497,48.312523781,1,#66c2a5,bicycle
173202,"9,17E+18",9,1,78,129,2017,5,17,3,3,5,3,1,1,0,0,0,0,0,0,710352.0026,5372369.5105,11.845945142,48.469246369,1,#66c2a5,bicycle
173203,"9,17E+18",9,1,78,124,2017,5,8,3,3,0,1,1,0,0,0,0,0,0,1,704001.3093,5364138.8925,11.756123003,48.39737709,1,#66c2a5,bicycle
173204,"9,17E+18",9,1,84,112,2017,5,7,2,3,2,6,0,1,0,0,0,0,0,1,700092.6569,5336883.0116,11.690476897,48.153686929,2,#fc8d62,car
173205,"9,17E+18",9,1,62,0,2017,5,14,2,3,2,6,0,1,0,0,0,1,0,1,695667555.0,5330897729.0,11.628294067,48.101271007,2,#fc8d62,car
173206,"9,17E+18",9,1,62,0,2017,5,14,2,3,5,3,0,1,0,0,0,0,0,1,688349.6858,5337173.5237,11.532872726,48.159884344,2,#fc8d62,car
173207,"9,17E+18",9,1,62,0,2017,5,13,2,3,5,2,0,1,0,0,0,0,0,1,686771.4285,5336949.7732,11.511571789,48.15833876,2,#fc8d62,car
173208,"9,17E+18",9,1,62,0,2017,5,18,2,3,1,5,0,1,0,0,0,0,1,1,694208.7909,5336422248.0,11.611237799,48.151369713,2,#fc8d62,car
173209,"9,17E+18",9,1,62,0,2017,5,6,2,3,3,5,0,1,0,1,0,0,0,1,691235.0145,5339974.7017,11.572893533,48.184199679,2,#fc8d62,car
173210,"9,17E+18",9,1,62,0,2017,5,11,2,3,5,3,0,1,0,0,0,0,0,1,679725.9852,5339086.1677,11.417821823,48.179573037,2,#fc8d62,car