OBJECTID,UIDENTSTLA,ULAND,UREGBEZ,UKREIS,UGEMEINDE,UJAHR,UMONAT,USTUNDE,UWOCHENTAG,UKATEGORIE,UART,UTYP1,IstRad,IstPKW,IstFuss,IstKrad,IstGkfz,IstSonstig,ULICHTVERH,STRZUSTAND,LINREFX,LINREFY,XGCSWGS84,YGCSWGS84,Teilnehmer,color,symbol
173211,"9,17E+18",9,1,62,0,2017,5,19,2,3,4,6,1,0,0,0,0,0,1,1,692343.4749,5333887.4423,11.585039467,48.129154214,1,#66c2a5,bicycle
173212,"9,17E+18",9,1,62,0,2017,5,13,2,3,5,3,0,1,0,0,0,0,0,1,690479.4528,5336639.9658,11.56124484,48.154454333,2,#fc8d62,car
173213,"9,17E+18",9,1,62,0,2017,5,18,2,3,2,6,0,1,0,0,0,0,0,1,691981.6432,5340006943.0,11.582942741,48.184264279,2,#fc8d62,car
173214,"9,17E+18",9,1,84,119,2017,5,17,2,3,6,2,0,1,1,0,0,0,0,1,695766.3154,5347511.3879,11.637270832,48.25055421,2,#fc8d62,car
173215,"9,17E+18",9,1,62,0,2017,5,8,2,3,0,3,1,0,0,0,0,1,0,1,687337247.0,5333848.4025,11.517808356,48.130296396,1,#66c2a5,bicycle
173216,"9,17E+18",9,1,62,0,2017,5,5,2,3,6,3,0,1,1,0,0,0,0,1,690517839.0,5339754.0639,11.563155692,48.182432081,2,#fc8d62,car
173217,"9,17E+18",9,1,62,0,2017,5,16,2,3,3,6,0,0,0,0,0,1,0,1,688364.5736,5336622.9236,11.532828973,48.154931064,6,#ffd92f,circle
173218,"9,17E+18",9,1,62,0,2017,5,22,2,3,1,1,0,1,0,1,0,0,2,1,691498.5176,5330810.8057,11.572313842,48.101756401,2,#fc8d62,car
173219,"9,17E+18",9,1,62,0,2017,5,14,2,3,4,2,0,1,0,1,0,0,0,1,690656.5992,5337649.2714,11.564076634,48.163472809,2,#fc8d62,car
173220,"9,17E+18",9,1,62,0,2017,5,16,2,3,1,6,0,1,0,0,0,0,0,1,692250.3287,5338556.3004,11.585897666,48.171145044,2,#fc8d62,car
173221,"9,17E+18",9,1,62,0,2017,5,20,2,3,5,7,0,1,0,0,0,0,1,0,691877.2656,5334635.0595,11.579117034,48.136014391,2,#fc8d62,car
173224,"9,17E+18",9,7,62,0,2017,5,12,2,3,5,3,0,1,0,0,0,0,0,1,620317.0567,5305115.3896,10.609469638,47.888086391,2,#fc8d62,car
173225,"9,17E+18",9,7,61,0,2017,5,8,2,3,1,6,0,1,0,0,0,0,0,0,639302.2328,5360185.2865,10.881310914,48.37944471,2,#fc8d62,car
173250,"9,17E+18",9,2,74,132,2017,5,15,2,3,5,3,0,1,0,0,0,0,0,1,722680083.0,5385781383.0,12.019664814,48.585494352,2,#fc8d62,car
173253,"9,17E+18",9,1,83,119,2017,5,10,2,3,5,3,0,1,0,0,0,0,0,1,735413.4548,5338067.4765,12.165365491,48.152237764,2,#fc8d62,car
173258,"9,17E+18",9,1,63,0,2017,5,7,2,3,5,3,0,1,0,0,0,0,0,1,732174.7036,5304599.0191,12.103777064,47.852751193,2,#fc8d62,car
173259,"9,17E+18",9,1,87,150,2017,5,14,2,3,4,7,1,1,0,0,0,0,0,1,729273947.0,5303491.0251,12.064469623,47.843837592,1,#66c2a5,bicycle
173262,"9,17E+18",9,1,79,145,2017,5,20,2,3,0,7,1,0,0,0,0,0,2,1,675176.2318,5337967.0986,11.356208005,48.170784059,1,#66c2a5,bicycle
173263,"9,17E+18",9,1,88,121,2017,5,13,2,3,5,3,1,1,0,0,0,0,0,1,670595.1686,5330604.9028,11.291693333,48.105845852,1,#66c2a5,bicycle
173264,"9,17E+18",9,1,79,121,2017,5,17,2,3,2,6,0,1,0,0,0,0,0,1,666586.2342,5337764.4972,11.240682891,48.171272248,2,#fc8d62,car
173265,"9,17E+18",9,1,79,147,2017,5,11,2,3,8,1,0,1,0,0,0,0,0,1,664733.7361,5333664.2076,11.214197874,48.134892624,2,#fc8d62,car
173266,"9,17E+18",9,1,74,115,2017,5,19,2,3,5,3,0,1,0,0,0,0,0,0,680861.6877,5346924.2425,11.436428222,48.249705024,2,#fc8d62,car
173267,"9,17E+18",9,1,84,131,2017,5,18,1,3,5,3,1,1,0,0,0,0,0,0,705781.8775,5339584.5756,11.768190783,48.176149108,1,#66c2a5,bicycle
173268,"9,17E+18",9,1,62,0,2017,5,8,1,3,0,1,0,0,0,1,0,0,0,1,688051.1355,5339008.7849,11.529673584,48.176468305,4,#e78ac3,marker
173269,"9,17E+18",9,1,62,0,2017,5,13,1,3,1,5,0,1,0,0,0,0,0,1,686249.5458,5338968.8461,11.505445165,48.176639896,2,#fc8d62,car
173270,"9,17E+18",9,1,62,0,2017,5,10,1,3,0,7,0,0,0,0,0,1,0,1,693783.8629,5333873922.0,11.604371044,48.128595834,6,#ffd92f,circle
173271,"9,17E+18",9,1,62,0,2017,5,18,1,3,5,2,1,0,0,0,0,1,0,1,690153.2542,5335243.8317,11.55623957,48.142003512,1,#66c2a5,bicycle
173272,"9,17E+18",9,1,62,0,2017,5,11,1,3,6,4,0,1,1,0,0,0,0,1,692544.5994,5337511.4044,11.589378538,48.161664732,2,#fc8d62,car
173274,"9,17E+18",9,7,72,131,2017,5,16,1,3,2,6,0,1,0,0,0,0,0,1,618118305.0,5355809792.0,10.59411376,48.344417373,2,#fc8d62,car
173289,"9,17E+18",9,1,79,121,2017,5,3,1,3,9,1,0,1,0,0,0,0,2,1,667909.5024,5337908.0977,11.258524053,48.172214991,2,#fc8d62,car
173290,"9,17E+18",9,1,74,115,2017,5,15,1,3,2,6,0,1,0,0,0,0,0,1,681114885.0,5347238428.0,11.439970317,48.252456823,2,#fc8d62,car
173291,"9,17E+18",9,1,62,0,2017,5,14,7,3,1,7,1,1,0,0,0,0,0,0,690519.6775,5339726111.0,11.563167867,48.182180292,1,#66c2a5,bicycle
173292,"9,17E+18",9,1,62,0,2017,5,0,7,3,5,3,0,1,0,0,0,1,2,0,690154.7496,5335243.8216,11.556259647,48.142002974,2,#fc8d62,car
173293,"9,17E+18",9,1,62,0,2017,5,11,7,3,5,2,0,1,0,1,0,0,0,0,691530.9315,5334284.6795,11.574309139,48.132969545,2,#fc8d62,car
173294,"9,17E+18",9,1,62,0,2017,5,11,7,3,5,3,1,1,0,0,0,0,0,0,688410634.0,5330967987.0,11.530947382,48.104089794,1,#66c2a5,bicycle
173295,"9,17E+18",9,1,62,0,2017,5,23,7,2,0,7,1,0,0,0,0,0,2,1,688177.1403,5339901.7812,11.531762333,48.184457356,1,#66c2a5,bicycle
173296,"9,17E+18",9,1,62,0,2017,5,18,7,3,5,2,1,1,0,0,0,0,0,0,689381222.0,5337136.7735,11.546713992,48.159247642,1,#66c2a5,bicycle
173297,"9,17E+18",9,1,84,140,2017,5,11,7,3,0,7,1,0,0,0,0,0,0,0,702190.9473,5328789971.0,11.714820882,48.08029218,1,#66c2a5,bicycle
173298,"9,17E+18",9,1,62,0,2017,5,11,7,3,5,3,1,1,0,0,0,0,0,0,693151.8108,5332722.5193,11.595363871,48.118439413,1,#66c2a5,bicycle
173306,"9,17E+18",9,7,72,170,2017,5,8,7,3,8,6,0,1,0,0,0,0,0,0,633144.8948,5330361.5164,10.788818407,48.112587344,2,#fc8d62,car
173307,"9,17E+18",9,7,61,0,2017,5,17,7,3,4,2,0,1,0,0,0,0,0,0,639272.7163,5361201.9086,10.881249468,48.388592416,2,#fc8d62,car
173308,"9,17E+18",9,7,61,0,2017,5,14,7,3,1,1,1,1,0,0,0,0,0,0,640577.0204,5359109.0602,10.898157587,48.369484905,1,#66c2a5,bicycle
173309,"9,17E+18",9,7,61,0,2017,5,19,7,3,0,7,1,0,0,0,0,0,0,0,640594.8814,5359403494.0,10.898497064,48.372128375,1,#66c2a5,bicycle
173310,"9,17E+18",9,7,71,112,2017,5,14,7,2,5,3,1,1,0,0,0,0,0,0,645132.6996,5366000.5764,10.962016616,48.430417361,1,#66c2a5,bicycle
173315,"9,17E+18",9,1,78,145,2017,5,7,3,3,5,3,0,1,0,1,0,0,0,0,697679715.0,5353898.3218,11.666005469,48.307359818,2,#fc8d62,car
173316,"9,17E+18",9,1,75,124,2017,5,12,3,3,7,1,0,1,0,0,0,0,0,0,714299.6473,5329079039.0,11.877343042,48.078935537,2,#fc8d62,car
173317,"9,17E+18",9,1,84,148,2017,5,12,2,3,6,7,1,0,1,0,0,0,0,0,694835471.0,5326522.7945,11.615134156,48.062205525,1,#66c2a5,bicycle
173318,"9,17E+18",9,1,62,0,2017,5,14,2,3,0,3,0,1,0,0,0,1,0,0,685729.8861,5333795.1701,11.496203615,48.130288973,2,#fc8d62,car
173319,"9,17E+18",9,1,62,0,2017,5,18,2,3,1,5,0,1,0,1,0,0,0,1,695324.2016,5336705.2679,11.626348663,48.153571803,2,#fc8d62,car
173320,"9,17E+18",9,1,62,0,2017,5,11,2,3,6,2,0,0,1,0,0,1,0,0,690611.9561,5337237.4261,11.563292323,48.159784563,3,#8da0cb,toilet
173321,"9,17E+18",9,1,88,139,2017,5,16,3,3,5,3,1,1,0,0,0,0,0,0,674809.4976,5319649.1482,11.343781424,48.006216049,1,#66c2a5,bicycle
173322,"9,17E+18",9,1,88,127,2017,5,16,3,3,0,7,1,0,0,0,0,0,0,0,674582.3359,5328288.4607,11.344261767,48.083941987,1,#66c2a5,bicycle
173323,"9,17E+18",9,1,79,121,2017,5,7,3,2,5,3,1,1,0,0,0,0,0,0,667765.3114,5338099.5432,11.25666168,48.173974151,1,#66c2a5,bicycle
173324,"9,17E+18",9,1,79,121,2017,5,18,3,3,3,6,1,0,0,0,0,0,0,0,667229.2216,5338465.4093,11.249600302,48.177404571,1,#66c2a5,bicycle
173325,"9,17E+18",9,1,79,119,2017,5,23,3,2,6,7,0,1,1,0,0,0,2,0,668758.5626,5339437.3452,11.270542642,48.185737788,2,#fc8d62,car
173326,"9,17E+18",9,1,74,113,2017,5,17,3,3,0,7,1,0,0,0,0,1,0,0,676937.5663,5350020715.0,11.384908824,48.278646708,1,#66c2a5,bicycle
173327,"9,17E+18",9,1,62,0,2017,5,17,2,3,2,6,0,1,0,0,0,0,0,0,686372.0466,5338410.2426,11.506846512,48.17158309,2,#fc8d62,car
173328,"9,17E+18",9,1,84,149,2017,5,19,2,3,1,7,0,1,0,1,0,0,0,0,690491.8427,5350232.6194,11.56751613,48.276619028,2,#fc8d62,car
173329,"9,17E+18",9,1,62,0,2017,5,17,2,3,6,4,0,1,1,0,0,0,0,1,695891.8379,5333350.1524,11.632429742,48.123243267,2,#fc8d62,car
173330,"9,17E+18",9,1,62,0,2017,5,10,2,3,1,7,1,1,0,0,0,0,0,0,692215.9802,5337602.0296,11.585004822,48.16257868,1,#66c2a5,bicycle
173331,"9,17E+18",9,1,62,0,2017,5,11,2,3,6,7,0,1,1,0,0,0,0,0,691652.9302,5336375.3007,11.576888083,48.151723024,2,#fc8d62,car
173332,"9,17E+18",9,1,62,0,2017,5,21,2,3,0,7,1,0,0,0,0,0,2,1,691361402.0,5336225131.0,11.5729049,48.150461095,1,#66c2a5,bicycle
173339,"9,17E+18",9,7,71,130,2017,5,15,2,2,5,3,1,1,0,0,0,0,0,0,645948.6645,5358182.1659,10.970323455,48.359931654,1,#66c2a5,bicycle
173340,"9,17E+18",9,7,72,163,2017,5,13,2,3,0,1,1,0,0,0,0,0,0,0,640218.8945,5349292.0385,10.890059232,48.28129221,1,#66c2a5,bicycle
173341,"9,17E+18",9,7,61,0,2017,5,16,2,3,0,7,1,0,0,0,0,0,0,0,641000.7358,5358618.1287,10.903710988,48.364976109,1,#66c2a5,bicycle
173342,"9,17E+18",9,7,61,0,2017,5,14,2,3,4,2,1,1,0,0,0,0,0,0,640541.6316,5359316023.0,10.897749189,48.371353727,1,#66c2a5,bicycle
173369,"9,17E+18",9,2,74,113,2017,5,6,2,2,5,3,0,1,0,1,0,0,0,0,729399427.0,5381935.15,12.108524674,48.548519504,2,#fc8d62,car
173370,"9,17E+18",9,2,74,126,2017,5,15,2,3,0,7,1,0,0,0,0,1,0,1,733027.8373,5383098.0271,12.158265702,48.55762803,1,#66c2a5,bicycle
173373,"9,17E+18",9,1,73,126,2017,5,17,2,3,5,3,0,1,0,0,0,0,0,0,686144.6523,5303283.3606,11.48854248,47.855907632,2,#fc8d62,car
173379,"9,17E+18",9,1,79,142,2017,5,7,2,3,0,7,1,1,0,0,0,0,0,0,673866.3184,5342052.3428,11.340276672,48.207867555,1,#66c2a5,bicycle
173380,"9,17E+18",9,1,79,126,2017,5,11,2,3,1,5,1,1,0,0,0,0,0,1,676314.9096,5340647.0999,11.372622351,48.194560223,1,#66c2a5,bicycle
173381,"9,17E+18",9,1,79,123,2017,5,13,2,3,5,2,1,1,0,0,0,0,0,0,676009386.0,5333403133.0,11.365517144,48.129527176,1,#66c2a5,bicycle
173382,"9,17E+18",9,1,62,0,2017,5,15,1,3,0,7,1,0,0,0,0,0,0,1,687496.2842,5327028.8694,11.516947943,48.068953362,1,#66c2a5,bicycle
173383,"9,17E+18",9,1,62,0,2017,5,13,1,3,2,6,0,1,0,1,0,0,0,0,694673.8181,5336153.6732,11.617360738,48.148813725,2,#fc8d62,car
173384,"9,17E+18",9,1,62,0,2017,5,12,1,3,2,6,0,1,0,0,0,0,0,0,680347.4006,5334894.4064,11.424396747,48.141717788,2,#fc8d62,car
173385,"9,17E+18",9,1,62,0,2017,5,13,1,3,0,1,1,0,0,0,0,0,0,0,692800.6361,5333522.0913,11.591011789,48.125732218,1,#66c2a5,bicycle
173386,"9,17E+18",9,1,62,0,2017,5,18,1,2,4,7,1,0,0,0,0,0,0,1,690788.1394,5334637.3556,11.564493833,48.136362479,1,#66c2a5,bicycle
173387,"9,17E+18",9,1,62,0,2017,5,15,1,3,6,2,0,1,1,0,0,0,0,1,691064.7726,5342358.5649,11.571678151,48.205676612,2,#fc8d62,car
173388,"9,17E+18",9,1,62,0,2017,5,21,1,2,5,3,0,1,0,0,0,1,2,1,690395.1167,5336841.9637,11.560202386,48.156295133,2,#fc8d62,car
173393,"9,17E+18",9,7,73,182,2017,5,13,1,3,5,7,1,1,0,0,0,0,0,0,624250.6392,5379691.7869,10.683927163,48.558002259,1,#66c2a5,bicycle
173394,"9,17E+18",9,7,61,0,2017,5,11,1,3,5,3,1,1,0,0,0,0,0,0,638275.4162,5357824.8556,10.866675067,48.358446009,1,#66c2a5,bicycle
173395,"9,17E+18",9,7,61,0,2017,5,17,1,3,6,4,0,1,1,0,0,0,0,0,642647.0619,5357993.2788,10.925713891,48.358987868,2,#fc8d62,car
173407,"9,17E+18",9,1,90,157,2017,5,12,1,1,5,3,1,0,0,0,0,1,0,0,661181.8,5302575688.0,11.154816709,47.856291904,1,#66c2a5,bicycle
173408,"9,17E+18",9,1,90,157,2017,5,9,1,3,5,3,0,1,0,0,0,0,0,0,659912.6659,5301018.5667,11.137286532,47.842608682,2,#fc8d62,car
173409,"9,17E+18",9,1,90,115,2017,5,16,1,3,0,7,1,0,0,0,0,0,0,1,671532.1647,5303804.4128,11.293565555,47.864658913,1,#66c2a5,bicycle
173411,"9,17E+18",9,1,87,179,2017,5,17,1,2,0,1,1,0,0,0,0,0,0,0,720019.3314,5317562.1271,11.948123073,47.973506136,1,#66c2a5,bicycle
173413,"9,17E+18",9,1,74,115,2017,5,3,1,3,5,3,0,1,0,0,0,0,2,0,682125.4362,5348741.3926,11.454218406,48.265676666,2,#fc8d62,car
173414,"9,17E+18",9,1,74,115,2017,5,0,1,3,5,3,0,1,0,0,0,0,2,0,681577.9608,5348752.8208,11.446852844,48.265936547,2,#fc8d62,car
173415,"9,17E+18",9,1,74,115,2017,5,20,1,2,4,1,0,1,0,0,0,0,0,0,679527.4088,5349421.2618,11.419530154,48.272529421,2,#fc8d62,car
173416,"9,17E+18",9,1,77,134,2017,5,13,1,3,0,1,1,0,0,0,0,0,0,0,712380.7968,5344034.0151,11.859072358,48.213959483,1,#66c2a5,bicycle
173417,"9,17E+18",9,1,62,0,2017,5,22,7,2,9,7,0,0,0,1,0,0,2,0,680172.8849,5338702282.0,11.423665566,48.175995783,4,#e78ac3,marker
173418,"9,17E+18",9,1,62,0,2017,5,14,7,3,1,5,1,1,0,0,0,0,0,0,690780.1137,5334385.8447,11.56427343,48.134104317,1,#66c2a5,bicycle
173419,"9,17E+18",9,1,62,0,2017,5,11,7,3,5,3,0,1,0,0,0,0,0,0,686562.3754,5329817.7992,11.505641461,48.094295347,2,#fc8d62,car
173420,"9,17E+18",9,1,62,0,2017,5,19,7,3,2,6,0,1,0,0,0,0,0,0,685386221.0,5337745.6493,11.493309715,48.165897771,2,#fc8d62,car
173421,"9,17E+18",9,1,62,0,2017,5,22,7,3,2,6,0,1,0,0,0,0,2,0,689531.2301,5340118.1758,11.550058334,48.185999788,2,#fc8d62,car
173422,"9,17E+18",9,1,62,0,2017,5,18,7,3,2,6,0,1,0,0,0,0,0,0,687424.7354,5340474.0107,11.521902043,48.189823066,2,#fc8d62,car
173423,"9,17E+18",9,1,62,0,2017,5,19,7,2,4,2,0,1,0,0,0,0,0,0,686204.0516,5334851.0938,11.503031631,48.139641482,2,#fc8d62,car
173424,"9,17E+18",9,1,84,134,2017,5,13,7,3,3,2,1,0,0,0,0,0,0,0,691986.5648,5323504.2769,11.575581717,48.035938694,1,#66c2a5,bicycle
173425,"9,17E+18",9,1,62,0,2017,5,14,7,3,6,4,1,0,1,0,0,0,0,0,686209.1301,5334428.7364,11.502915185,48.135843689,1,#66c2a5,bicycle
173426,"9,17E+18",9,1,62,0,2017,5,12,7,3,0,1,1,0,0,0,0,0,0,0,697747.4372,5333837.7084,11.657564127,48.127051463,1,#66c2a5,bicycle
173435,"9,17E+18",9,7,72,209,2017,5,12,7,3,8,1,1,0,0,0,0,0,0,0,636703.8472,5337239.4698,10.838816618,48.173682128,1,#66c2a5,bicycle
173436,"9,17E+18",9,7,71,146,2017,5,6,7,3,0,1,1,0,0,0,0,0,0,0,647325.8103,5347137.8178,10.985046892,48.260308944,1,#66c2a5,bicycle
173437,"9,17E+18",9,7,61,0,2017,5,18,7,3,6,7,1,1,1,0,0,0,0,0,640145.0398,5352758.5079,10.890214941,48.312478437,1,#66c2a5,bicycle
173438,"9,17E+18",9,7,61,0,2017,5,17,7,3,1,5,1,1,0,0,0,0,0,0,639673.1169,5360042.7253,10.886269602,48.378080844,1,#66c2a5,bicycle
173467,"9,17E+18",9,1,73,120,2017,5,14,7,3,4,6,1,1,0,0,0,0,0,0,684961.5828,5315869.1217,11.478140413,47.969381599,1,#66c2a5,bicycle
173474,"9,17E+18",9,1,85,158,2017,5,13,7,2,7,7,1,0,1,0,0,0,0,0,666673946.0,5382169.62,11.259462007,48.570435986,1,#66c2a5,bicycle
173476,"9,17E+18",9,1,81,130,2017,5,17,7,3,0,1,1,0,0,0,0,0,0,1,636008323.0,5319369597.0,10.823772801,48.013137214,1,#66c2a5,bicycle
173477,"9,17E+18",9,1,81,130,2017,5,11,7,3,2,6,0,1,0,0,0,0,0,0,639148107.0,5324596.7592,10.867550598,48.059465724,2,#fc8d62,car
173478,"9,17E+18",9,1,79,119,2017,5,15,7,3,0,7,1,0,0,0,0,1,0,0,670951.3773,5339037.3071,11.299860138,48.181555273,1,#66c2a5,bicycle
173479,"9,17E+18",9,1,74,126,2017,5,8,7,3,9,1,0,1,0,0,0,0,0,0,682653.7314,5342704.2861,11.458727419,48.211259975,2,#fc8d62,car
173480,"9,17E+18",9,1,74,113,2017,5,16,7,3,5,3,0,1,0,1,0,0,0,1,678192807.0,5347101969.0,11.400582966,48.252058513,2,#fc8d62,car
173481,"9,17E+18",9,1,77,117,2017,5,12,7,3,5,3,1,1,0,0,0,0,0,0,715240975.0,5352868619.0,11.902017456,48.292377175,1,#66c2a5,bicycle
173482,"9,17E+18",9,1,62,0,2017,5,7,6,3,5,3,1,1,0,0,0,0,0,1,691057.3216,5334383.5005,11.567994448,48.13400009,1,#66c2a5,bicycle
173483,"9,17E+18",9,1,62,0,2017,5,19,6,3,3,7,0,1,0,1,0,0,0,0,693293.5638,5335092.6562,11.598341628,48.139698541,2,#fc8d62,car
173484,"9,17E+18",9,1,62,0,2017,5,11,6,3,0,7,1,1,0,0,0,0,0,0,687838.8234,5339708.1492,11.527129562,48.182817083,1,#66c2a5,bicycle
173485,"9,17E+18",9,1,62,0,2017,5,21,6,3,5,3,0,1,0,0,0,0,2,1,684503334.0,5333048098.0,11.479411431,48.1239306,2,#fc8d62,car
173486,"9,17E+18",9,1,62,0,2017,5,17,6,3,3,7,0,1,0,0,0,0,0,0,680085.4494,5335522.1842,11.421144149,48.14743503,2,#fc8d62,car
173487,"9,17E+18",9,1,62,0,2017,5,15,6,3,5,3,1,0,0,0,0,0,0,0,691739.8965,5336722944.0,11.578212796,48.154821371,1,#66c2a5,bicycle
173488,"9,17E+18",9,1,62,0,2017,5,17,6,3,6,7,0,0,1,0,0,1,0,0,691477.0442,5334573.5858,11.573715464,48.135582417,3,#8da0cb,toilet
173489,"9,17E+18",9,1,84,119,2017,5,9,6,3,4,6,0,1,0,0,0,1,0,0,694894.9836,5347411.6411,11.62549957,48.249926263,2,#fc8d62,car
173490,"9,17E+18",9,1,62,0,2017,5,7,6,3,2,6,0,1,0,0,0,0,0,1,693696.7102,5340317.0037,11.606134151,48.186530406,2,#fc8d62,car
173491,"9,17E+18",9,1,62,0,2017,5,11,6,2,0,2,0,0,0,0,0,1,0,0,688090.7264,5339746.1615,11.530531992,48.183084218,6,#ffd92f,circle
173492,"9,17E+18",9,1,62,0,2017,5,18,6,3,0,6,1,0,1,0,0,0,0,0,688978.8818,5336203.3779,11.540894508,48.150977905,1,#66c2a5,bicycle
173493,"9,17E+18",9,1,62,0,2017,5,16,6,3,5,7,1,1,0,0,0,0,0,0,697859379.0,5334396.5723,11.659326338,48.132039348,1,#66c2a5,bicycle
173494,"9,17E+18",9,1,62,0,2017,5,14,6,3,5,2,1,1,0,0,0,0,0,0,692912.5043,5333623.8392,11.592559623,48.126612815,1,#66c2a5,bicycle
173495,"9,17E+18",9,1,62,0,2017,5,9,6,3,5,2,1,0,0,0,0,1,0,0,692531.1036,5334148.3332,11.587676354,48.131442325,1,#66c2a5,bicycle
173496,"9,17E+18",9,1,62,0,2017,5,22,6,3,6,4,0,1,1,0,0,0,2,1,693312.3443,5334650.1313,11.598392977,48.135715551,2,#fc8d62,car
173497,"9,17E+18",9,1,62,0,2017,5,9,6,3,5,3,1,1,0,0,0,0,0,0,691493.8985,5333548.2044,11.573480952,48.126361327,1,#66c2a5,bicycle
173498,"9,17E+18",9,1,62,0,2017,5,16,6,3,5,2,1,1,0,0,0,0,0,0,691441.4732,5337672.2741,11.57463146,48.163443704,1,#66c2a5,bicycle
173499,"9,17E+18",9,1,62,0,2017,5,14,6,3,3,2,1,1,0,0,0,0,0,0,692617.5807,5334800.3097,11.589132182,48.137275983,1,#66c2a5,bicycle
173507,"9,17E+18",9,7,73,125,2017,5,19,6,3,1,3,1,1,0,0,0,0,0,0,617579.6828,5380395.2333,10.593754188,48.565614786,1,#66c2a5,bicycle
173508,"9,17E+18",9,7,72,147,2017,5,13,6,3,5,3,0,1,0,1,0,0,0,0,638802.4309,5364299.5195,10.875924828,48.416548965,2,#fc8d62,car
173531,"9,17E+18",9,2,61,0,2017,5,12,6,2,1,3,1,1,0,0,0,0,0,0,731653.0759,5382268.6277,12.139201158,48.550686991,1,#66c2a5,bicycle
173532,"9,17E+18",9,1,90,157,2017,5,12,6,3,6,3,0,1,1,0,0,0,0,0,660319.0341,5300970.4805,11.142696045,47.842075122,2,#fc8d62,car
173538,"9,17E+18",9,1,63,0,2017,5,4,6,3,1,6,0,1,0,0,0,1,2,0,734001.8495,5305722.3062,12.128773051,47.862180246,2,#fc8d62,car
173539,"9,17E+18",9,1,87,177,2017,5,16,6,3,1,5,0,1,0,1,0,0,0,0,737736.7499,5305880.6805,12.178719581,47.862232121,2,#fc8d62,car
173540,"9,17E+18",9,1,63,0,2017,5,17,6,3,1,5,1,1,0,0,0,0,0,0,734107.6059,5305476.7476,12.130051978,47.859935636,1,#66c2a5,bicycle
173544,"9,17E+18",9,1,81,133,2017,5,16,6,3,5,3,1,1,0,0,0,0,0,0,645943.2943,5313374.7374,10.95487859,47.95704002,1,#66c2a5,bicycle
173545,"9,17E+18",9,1,74,115,2017,5,19,6,3,0,1,1,0,0,0,0,0,0,0,683221.9789,5347717.1035,11.468536998,48.256153737,1,#66c2a5,bicycle
173546,"9,17E+18",9,1,78,124,2017,5,17,6,3,2,6,0,1,0,0,0,0,0,0,704007.9837,5364136.9378,11.756212119,48.397357365,2,#fc8d62,car
173547,"9,17E+18",9,1,78,124,2017,5,13,6,3,0,2,1,1,0,0,0,0,0,0,704334.1564,5363320.8566,11.760216514,48.389918366,1,#66c2a5,bicycle
173548,"9,17E+18",9,1,77,117,2017,5,15,6,3,5,3,1,1,0,0,0,0,0,0,713925.59,5354439.71,11.885102028,48.306939826,1,#66c2a5,bicycle
173549,"9,17E+18",9,1,62,0,2017,5,3,5,3,0,7,0,0,0,1,0,1,2,0,689800.5051,5332730.4506,11.550382873,48.119518433,4,#e78ac3,marker
173550,"9,17E+18",9,1,62,0,2017,5,15,5,3,5,3,1,1,0,0,0,0,0,0,690997.2797,5334220.9368,11.567115389,48.132556999,1,#66c2a5,bicycle
173551,"9,17E+18",9,1,62,0,2017,5,8,5,3,0,7,1,0,0,0,0,0,0,0,691855.3337,5337060685.0,11.579915661,48.15782211,1,#66c2a5,bicycle
173552,"9,17E+18",9,1,62,0,2017,5,14,5,3,4,6,1,0,0,0,0,0,0,0,691480.9011,5331912.3426,11.572571813,48.111662245,1,#66c2a5,bicycle
173553,"9,17E+18",9,1,84,136,2017,5,14,5,3,3,5,1,1,0,0,0,0,0,0,698742.5344,5325810.4552,11.667186566,48.054598479,1,#66c2a5,bicycle
173554,"9,17E+18",9,1,62,0,2017,5,13,5,3,4,7,1,1,0,0,0,0,0,0,691801.7974,5332668.3629,11.577218596,48.118360724,1,#66c2a5,bicycle
173555,"9,17E+18",9,1,62,0,2017,5,21,5,3,3,6,0,1,0,0,0,0,2,0,691855.8637,5335794.0004,11.579351782,48.146437218,2,#fc8d62,car
173556,"9,17E+18",9,1,84,139,2017,5,16,5,3,5,3,1,1,0,0,0,0,0,0,687997.4785,5325850.3281,11.523151133,48.058212702,1,#66c2a5,bicycle
173557,"9,17E+18",9,1,84,139,2017,5,8,5,2,3,6,1,1,0,0,0,0,0,0,687665731.0,5326769504.0,11.519106476,48.066572259,1,#66c2a5,bicycle
173558,"9,17E+18",9,1,62,0,2017,5,17,5,3,1,5,1,1,0,0,0,0,0,0,683246.0281,5338069.2958,11.46469294,48.169427421,1,#66c2a5,bicycle
173559,"9,17E+18",9,1,84,149,2017,5,12,5,3,5,3,0,1,0,0,0,0,0,0,690184.0649,5351040.8796,11.56373582,48.283975959,2,#fc8d62,car
173560,"9,17E+18",9,1,62,0,2017,5,17,5,3,5,2,1,0,0,1,0,0,0,0,692180.3359,5331123918.0,11.581603787,48.104365331,1,#66c2a5,bicycle
173561,"9,17E+18",9,1,62,0,2017,5,11,5,3,4,2,1,1,0,0,0,0,0,0,691460.3047,5334595.6437,11.573500612,48.135785707,1,#66c2a5,bicycle
173562,"9,17E+18",9,1,62,0,2017,5,8,5,3,0,6,1,0,0,0,0,0,0,0,688872891.0,5334947.7978,11.53891388,48.139724091,1,#66c2a5,bicycle
173563,"9,17E+18",9,1,62,0,2017,5,7,5,3,0,3,1,1,0,0,0,0,0,0,694097.1291,5334730.9356,11.6089671,48.136202923,1,#66c2a5,bicycle