OBJECTID,UIDENTSTLA,ULAND,UREGBEZ,UKREIS,UGEMEINDE,UJAHR,UMONAT,USTUNDE,UWOCHENTAG,UKATEGORIE,UART,UTYP1,IstRad,IstPKW,IstFuss,IstKrad,IstGkfz,IstSonstig,ULICHTVERH,STRZUSTAND,LINREFX,LINREFY,XGCSWGS84,YGCSWGS84,Teilnehmer,color,symbol
173564,"9,17E+18",9,1,84,136,2017,5,7,5,3,5,3,0,1,1,0,0,0,0,0,700666.2216,5327089.4149,11.693573602,48.065490738,2,#fc8d62,car
173565,"9,17E+18",9,1,62,0,2017,5,9,5,3,5,2,1,0,0,0,0,1,0,0,691861.4257,5335837.8934,11.579446261,48.146830044,1,#66c2a5,bicycle
173566,"9,17E+18",9,1,62,0,2017,5,7,5,3,0,7,1,1,0,0,0,0,0,0,685174.7134,5335246.3071,11.489380282,48.143494233,1,#66c2a5,bicycle
173567,"9,17E+18",9,1,62,0,2017,5,15,5,3,0,5,1,1,0,0,0,0,0,0,686041188.0,5334851422.0,11.500844659,48.139692071,1,#66c2a5,bicycle
173568,"9,17E+18",9,1,62,0,2017,5,12,5,3,3,2,1,1,0,0,0,0,0,0,695267.8904,5332982.7217,11.623885861,48.120132634,1,#66c2a5,bicycle
173569,"9,17E+18",9,1,62,0,2017,5,8,5,3,5,2,0,1,0,0,0,0,0,0,693130.4575,5331885.3251,11.59469813,48.110921381,2,#fc8d62,car
173570,"9,17E+18",9,1,62,0,2017,5,18,5,3,3,5,1,1,0,0,0,0,0,0,689052.0413,5332345.6208,11.540165281,48.116282185,1,#66c2a5,bicycle
173571,"9,17E+18",9,1,62,0,2017,5,8,5,3,3,6,1,1,0,0,0,0,0,0,692010.6003,5337582.9255,11.582237072,48.162469033,1,#66c2a5,bicycle
173573,"9,17E+18",9,7,78,116,2017,5,16,5,3,5,3,1,1,0,0,0,0,0,1,619133.0122,5318160.2415,10.597248727,48.005629774,1,#66c2a5,bicycle
173577,"9,17E+18",9,7,72,202,2017,5,10,5,2,5,3,0,1,0,0,0,0,0,0,637539374.0,5358583339.0,10.856992138,48.365426974,2,#fc8d62,car
173578,"9,17E+18",9,7,61,0,2017,5,17,5,3,5,3,1,1,0,0,0,0,0,0,639187382.0,5356160088.0,10.878429015,48.34327638,1,#66c2a5,bicycle
173579,"9,17E+18",9,7,61,0,2017,5,13,5,3,3,6,0,1,0,0,0,1,0,0,641384.7928,5357507.9754,10.908520272,48.354908125,2,#fc8d62,car
173580,"9,17E+18",9,7,61,0,2017,5,7,5,3,1,5,1,1,0,0,0,0,0,0,639683.5193,5357551.6374,10.885582679,48.35567935,1,#66c2a5,bicycle
173621,"9,17E+18",9,2,61,0,2017,5,5,5,3,8,1,1,0,0,0,0,0,0,0,734036.5557,5380430.9257,12.170417006,48.5332951,1,#66c2a5,bicycle
173629,"9,17E+18",9,1,63,0,2017,5,6,5,3,4,3,1,1,0,0,0,0,0,0,731872.3455,5304576.9608,12.099729353,47.852662155,1,#66c2a5,bicycle
173630,"9,17E+18",9,1,63,0,2017,5,16,5,3,5,3,1,1,0,0,0,0,0,0,731303.1317,5303729.7636,12.09167859,47.84525575,1,#66c2a5,bicycle
173631,"9,17E+18",9,1,63,0,2017,5,14,5,3,0,1,1,0,0,0,0,0,0,0,730399.0885,5300856.0309,12.078084224,47.819761446,1,#66c2a5,bicycle
173635,"9,17E+18",9,1,85,158,2017,5,15,5,2,5,3,1,1,0,0,0,0,0,0,668403.9142,5381432.2497,11.282595997,48.563345228,1,#66c2a5,bicycle
173636,"9,17E+18",9,1,86,143,2017,5,17,5,3,0,6,1,1,0,0,0,0,0,0,685381586.0,5378008.8932,11.510972963,48.527787309,1,#66c2a5,bicycle
173637,"9,17E+18",9,1,86,143,2017,5,16,5,3,1,6,0,1,0,1,0,0,0,0,684832.1988,5378075.9358,11.503568706,48.528551876,2,#fc8d62,car
173638,"9,17E+18",9,1,86,143,2017,5,10,5,2,5,3,1,1,0,0,0,0,0,0,684897.3137,5377731.1078,11.504296908,48.52543347,1,#66c2a5,bicycle
173639,"9,17E+18",9,1,86,162,2017,5,7,5,3,4,2,0,1,0,0,0,0,0,0,694060.6864,5385162.4985,11.631739232,48.589452551,2,#fc8d62,car
173641,"9,17E+18",9,1,81,130,2017,5,7,5,3,5,7,1,1,0,0,0,0,0,0,639555.3312,5324321.9541,10.8729234,48.056905654,1,#66c2a5,bicycle
173642,"9,17E+18",9,1,79,113,2017,5,14,5,3,4,7,1,0,0,0,0,0,0,0,670962003.0,5335838466.0,11.298716893,48.152795885,1,#66c2a5,bicycle
173643,"9,17E+18",9,1,74,118,2017,5,15,5,3,9,7,0,1,0,0,0,0,0,0,666053.7663,5357248.5505,11.241173434,48.346571522,2,#fc8d62,car
173644,"9,17E+18",9,1,74,115,2017,5,17,5,3,0,1,1,0,0,0,0,0,0,0,681345.0634,5348915.2366,11.443787043,48.267463146,1,#66c2a5,bicycle
173645,"9,17E+18",9,1,62,0,2017,5,10,4,3,5,2,1,1,0,0,0,0,0,0,696984.5209,5331210.6163,11.646109069,48.103677276,1,#66c2a5,bicycle
173646,"9,17E+18",9,1,62,0,2017,5,6,4,3,2,6,0,1,0,0,0,0,0,0,690946472.0,5342807.6841,11.570289629,48.209748798,2,#fc8d62,car
173647,"9,17E+18",9,1,62,0,2017,5,18,4,2,5,3,0,1,0,1,0,0,0,0,685074.0145,5340927.4553,11.490500633,48.194588082,2,#fc8d62,car
173648,"9,17E+18",9,1,62,0,2017,5,16,4,3,4,2,0,1,0,0,0,0,0,0,685942.4538,5340773.7936,11.502108206,48.192953254,2,#fc8d62,car
173649,"9,17E+18",9,1,62,0,2017,5,16,4,3,2,6,0,1,0,0,0,0,0,0,692603.5757,5334812922.0,11.588949831,48.137393578,2,#fc8d62,car
173650,"9,17E+18",9,1,62,0,2017,5,17,4,3,5,3,1,0,0,0,0,0,0,0,689780.2326,5330880.7506,11.549287788,48.102899199,1,#66c2a5,bicycle
173651,"9,17E+18",9,1,62,0,2017,5,16,4,2,2,6,0,1,0,1,0,0,0,0,688030.0395,5331708.6456,11.526166384,48.110859471,2,#fc8d62,car
173652,"9,17E+18",9,1,62,0,2017,5,17,4,3,5,3,1,1,0,0,0,0,0,0,683160.6148,5337548.9163,11.463321082,48.164774556,1,#66c2a5,bicycle
173653,"9,17E+18",9,1,62,0,2017,5,19,4,3,2,6,0,1,0,0,0,0,1,0,687369.8458,5330320.7838,11.516696204,48.098579462,2,#fc8d62,car
173654,"9,17E+18",9,1,84,131,2017,5,18,4,3,5,3,0,1,0,0,0,0,0,0,704766.4071,5338050.8988,11.753808484,48.162694695,2,#fc8d62,car
173655,"9,17E+18",9,1,62,0,2017,5,18,4,3,2,6,0,1,0,0,0,0,0,0,692671.0281,5340430.8936,11.592400245,48.187865918,2,#fc8d62,car
173656,"9,17E+18",9,1,62,0,2017,5,19,4,2,4,7,0,1,0,1,0,0,0,0,692847.8929,5333291.5899,11.591541904,48.123646209,2,#fc8d62,car
173657,"9,17E+18",9,1,62,0,2017,5,7,4,2,1,3,0,1,0,1,0,0,0,0,691853.9412,5338092.6038,11.580362383,48.167097208,2,#fc8d62,car
173658,"9,17E+18",9,1,62,0,2017,5,17,4,3,2,6,0,1,0,0,0,0,0,0,690829982.0,5342771.1766,11.568706798,48.209455707,2,#fc8d62,car
173659,"9,17E+18",9,1,62,0,2017,5,18,4,3,1,6,1,1,0,0,0,0,0,0,689071.4353,5336476.1228,11.54225882,48.153401853,1,#66c2a5,bicycle
173660,"9,17E+18",9,1,62,0,2017,5,17,4,3,6,2,0,1,1,0,0,0,0,0,684490.6046,5333245.0698,11.479325793,48.125704781,2,#fc8d62,car
173661,"9,17E+18",9,1,84,113,2017,5,9,4,3,4,6,1,0,0,0,0,0,0,0,686516354.0,5323096.6053,11.502092544,48.033895452,1,#66c2a5,bicycle
173662,"9,17E+18",9,1,62,0,2017,5,9,4,3,5,3,1,1,0,0,0,0,0,0,687538.1269,5330365.0219,11.518973679,48.098927584,1,#66c2a5,bicycle
173663,"9,17E+18",9,1,62,0,2017,5,11,4,3,3,2,1,0,0,0,0,1,0,0,691624.6667,5331261.9139,11.574209146,48.105773004,1,#66c2a5,bicycle
173664,"9,17E+18",9,1,62,0,2017,5,1,4,3,0,7,1,0,0,0,0,1,2,0,691346.4039,5331919.1056,11.570769746,48.11176345,1,#66c2a5,bicycle
173665,"9,17E+18",9,1,62,0,2017,5,8,4,3,3,2,1,0,0,0,0,1,0,0,690356.9039,5333496.7695,11.558193785,48.126240029,1,#66c2a5,bicycle
173666,"9,17E+18",9,1,62,0,2017,5,14,4,3,3,6,1,0,0,0,0,0,0,0,691875.7194,5335865.4965,11.579650669,48.147073825,1,#66c2a5,bicycle
173667,"9,17E+18",9,1,62,0,2017,5,12,4,3,0,7,0,1,0,1,0,0,0,0,691938.6625,5335638.9206,11.580393864,48.145018412,2,#fc8d62,car
173676,"9,17E+18",9,7,78,111,2017,5,16,4,3,5,3,0,1,0,0,0,0,0,0,625210.8668,5325166642.0,10.68074943,48.06747846,2,#fc8d62,car
173677,"9,17E+18",9,7,77,121,2017,5,13,4,3,5,3,1,1,0,0,0,0,0,0,629381.5734,5321636.6866,10.73564071,48.034901279,1,#66c2a5,bicycle
173680,"9,17E+18",9,7,73,182,2017,5,13,4,3,5,3,1,1,0,0,0,0,0,0,623534.8984,5380400.7536,10.67444177,48.564519046,1,#66c2a5,bicycle
173681,"9,17E+18",9,7,73,182,2017,5,17,4,3,2,6,0,1,0,0,0,0,0,0,622464.5467,5379986.8849,10.659818352,48.561007352,2,#fc8d62,car
173682,"9,17E+18",9,7,72,130,2017,5,14,4,3,2,7,0,1,0,0,0,0,0,0,632323.1946,5357877.0113,10.786379854,48.360190551,2,#fc8d62,car
173683,"9,17E+18",9,7,72,200,2017,5,20,4,3,5,3,0,1,0,0,0,0,0,0,630618059.0,5338464.3517,10.757373521,48.185977182,2,#fc8d62,car
173684,"9,17E+18",9,7,71,130,2017,5,15,4,3,1,6,0,1,0,1,0,0,0,0,645510.4357,5356489.0472,10.963825642,48.3448094,2,#fc8d62,car
173685,"9,17E+18",9,7,71,130,2017,5,9,4,3,0,1,0,0,0,1,0,0,0,0,646523.2103,5357651.7889,10.977890418,48.355029822,4,#e78ac3,marker
173686,"9,17E+18",9,7,72,163,2017,5,18,4,3,0,1,1,0,0,0,0,0,0,0,641091.4692,5347929.7834,10.901359564,48.268849231,1,#66c2a5,bicycle
173687,"9,17E+18",9,7,61,0,2017,5,14,4,3,2,6,0,1,0,0,0,0,0,0,638395.8578,5359357155.0,10.868804259,48.372197784,2,#fc8d62,car
173688,"9,17E+18",9,7,61,0,2017,5,15,4,3,2,6,0,1,0,0,0,0,0,0,639295.0816,5358803.6356,10.88075664,48.367022835,2,#fc8d62,car
173689,"9,17E+18",9,7,61,0,2017,5,19,4,3,5,3,0,1,0,0,0,0,0,0,641711919.0,5360760158.0,10.914029447,48.384077067,2,#fc8d62,car
173690,"9,17E+18",9,7,61,0,2017,5,11,4,3,1,3,0,0,0,1,0,1,0,0,639803843.0,5356423346.0,10.886831298,48.345507407,4,#e78ac3,marker
173691,"9,17E+18",9,7,61,0,2017,5,7,4,3,0,1,1,0,0,0,0,0,0,0,639111.2564,5357960.1555,10.877997098,48.359478991,1,#66c2a5,bicycle
173738,"9,17E+18",9,2,61,0,2017,5,12,4,3,5,3,0,1,0,0,0,0,0,0,730719752.0,5380363064.0,12.125517932,48.533913399,2,#fc8d62,car
173744,"9,17E+18",9,1,87,182,2017,5,19,4,3,0,6,1,0,0,0,0,0,0,0,738597.27,5327008.4459,12.201924242,48.051709019,1,#66c2a5,bicycle
173745,"9,17E+18",9,1,87,179,2017,5,23,4,2,2,6,1,1,0,0,0,0,2,0,719315.3412,5317480.7714,11.938661393,47.973016729,1,#66c2a5,bicycle
173746,"9,17E+18",9,1,87,122,2017,5,15,4,3,4,3,0,1,0,1,0,0,0,0,719234.3244,5307954.6235,11.932729605,47.887447493,2,#fc8d62,car
173749,"9,17E+18",9,1,85,166,2017,5,11,4,2,0,7,1,0,0,0,0,0,0,0,671365.6102,5381123.5996,11.322578521,48.559768253,1,#66c2a5,bicycle
173750,"9,17E+18",9,1,86,143,2017,5,14,4,3,5,3,1,1,0,0,0,0,0,0,683756.5502,5378110.4083,11.489028506,48.529177517,1,#66c2a5,bicycle
173754,"9,17E+18",9,1,62,0,2017,5,14,4,3,2,6,0,1,0,1,0,0,0,0,694698206.0,5341547.3707,11.62015847,48.197282147,2,#fc8d62,car
173755,"9,17E+18",9,1,81,146,2017,5,8,4,3,8,1,1,0,0,0,0,0,0,0,651662.62,5325897.9363,11.035867975,48.068313173,1,#66c2a5,bicycle
173756,"9,17E+18",9,1,79,126,2017,5,8,4,3,5,3,1,1,0,0,0,0,0,0,676801.7732,5340793.2895,11.379228963,48.195738983,1,#66c2a5,bicycle
173757,"9,17E+18",9,1,79,123,2017,5,17,4,3,6,4,0,1,1,0,0,0,0,0,676802.5594,5334101.5251,11.376457511,48.13558536,2,#fc8d62,car
173758,"9,17E+18",9,1,88,127,2017,5,13,4,3,0,3,0,1,0,1,0,0,0,0,676589.8729,5329476.6512,11.371686155,48.094070113,2,#fc8d62,car
173759,"9,17E+18",9,1,79,125,2017,5,3,4,3,0,7,1,0,0,0,0,0,2,0,660380443.0,5332489.9136,11.155286461,48.125447064,1,#66c2a5,bicycle
173760,"9,17E+18",9,1,79,121,2017,5,18,4,3,0,7,1,0,0,0,0,0,0,0,666073.5983,5338012.7105,11.233890052,48.173637863,1,#66c2a5,bicycle
173761,"9,17E+18",9,1,74,141,2017,5,18,4,3,5,3,1,1,0,0,0,0,0,0,681022.1355,5356125.3135,11.442530976,48.332363584,1,#66c2a5,bicycle
173762,"9,17E+18",9,1,74,115,2017,5,17,4,3,5,3,0,1,0,1,0,0,0,0,679384.5673,5346538.5923,11.416384653,48.246658258,2,#fc8d62,car
173763,"9,17E+18",9,1,78,124,2017,5,12,4,3,0,1,1,0,0,0,0,0,0,0,703032.3194,5364188.4491,11.743071242,48.398135127,1,#66c2a5,bicycle
173764,"9,17E+18",9,1,62,0,2017,5,13,3,3,5,3,1,1,0,0,0,0,0,0,683000.2739,5334587.8872,11.459893568,48.138205098,1,#66c2a5,bicycle
173765,"9,17E+18",9,1,62,0,2017,5,8,3,3,6,4,1,1,1,0,0,0,0,0,689606.2355,5335465.78,11.548992359,48.144161643,1,#66c2a5,bicycle
173766,"9,17E+18",9,1,62,0,2017,5,19,3,3,4,2,1,1,0,0,0,0,0,0,687058004.0,5329852603.0,11.512306666,48.094462897,1,#66c2a5,bicycle
173767,"9,17E+18",9,1,62,0,2017,5,18,3,3,0,7,1,0,1,0,0,0,0,0,683623.8237,5338942.5997,11.470146688,48.177168126,1,#66c2a5,bicycle
173768,"9,17E+18",9,1,62,0,2017,5,18,3,2,5,7,1,0,0,0,0,0,0,0,690823.2291,5335427531.0,11.565319049,48.143454007,1,#66c2a5,bicycle
173769,"9,17E+18",9,1,62,0,2017,5,20,3,3,3,6,1,1,0,0,0,0,1,0,688829.3019,5335343.3678,11.538503935,48.14329246,1,#66c2a5,bicycle
173770,"9,17E+18",9,1,62,0,2017,5,17,3,3,5,3,1,1,0,0,0,0,0,0,691175.0465,5330671.3896,11.567910878,48.10060047,1,#66c2a5,bicycle
173771,"9,17E+18",9,1,62,0,2017,5,22,3,2,5,3,0,1,0,0,0,1,2,0,691290.3561,5338803.7807,11.57311028,48.17365899,2,#fc8d62,car
173772,"9,17E+18",9,1,62,0,2017,5,16,3,3,3,6,1,0,0,1,0,0,0,0,691308.3259,5336049.1992,11.572112954,48.148895808,1,#66c2a5,bicycle
173773,"9,17E+18",9,1,62,0,2017,5,19,3,3,4,6,1,0,0,0,0,0,0,0,694694079.0,5344593.4885,11.621500903,48.22466019,1,#66c2a5,bicycle
173774,"9,17E+18",9,1,62,0,2017,5,6,3,3,6,2,0,1,1,0,0,0,0,0,681671.7941,5337389.8883,11.443249019,48.163772296,2,#fc8d62,car
173775,"9,17E+18",9,1,62,0,2017,5,18,3,3,3,2,1,1,0,0,0,0,0,0,689267.6602,5336256.6206,11.544796952,48.151370589,1,#66c2a5,bicycle
173776,"9,17E+18",9,1,62,0,2017,5,18,3,3,6,4,1,0,1,0,0,0,0,0,686242.0114,5333524.7434,11.502961571,48.127708631,1,#66c2a5,bicycle
173777,"9,17E+18",9,1,84,123,2017,5,10,3,3,1,5,0,1,0,0,0,1,0,0,703016.2501,5332105.3047,11.727465714,48.109824322,2,#fc8d62,car
173778,"9,17E+18",9,1,62,0,2017,5,7,3,3,0,6,0,1,0,1,0,0,0,1,698742.6761,5329535.4393,11.668920222,48.088076018,2,#fc8d62,car
173779,"9,17E+18",9,1,62,0,2017,5,7,3,3,2,6,0,1,0,0,0,0,0,0,692010.6965,5331520.9709,11.579506057,48.107985149,2,#fc8d62,car
173780,"9,17E+18",9,1,62,0,2017,5,14,3,3,0,2,0,0,1,1,0,0,0,0,694124.5529,5334742.8551,11.609340754,48.136301687,3,#8da0cb,toilet
173781,"9,17E+18",9,1,62,0,2017,5,16,3,3,5,3,1,1,0,0,0,0,0,0,688741.8115,5334287.3625,11.536861005,48.133826899,1,#66c2a5,bicycle
173787,"9,17E+18",9,7,62,0,2017,5,11,3,3,6,7,0,1,1,0,0,0,0,0,621304.8394,5304311.8033,10.622451888,47.880673194,2,#fc8d62,car
173789,"9,17E+18",9,7,77,121,2017,5,16,3,3,8,1,0,1,0,0,0,1,0,0,627308.7697,5320985.4559,10.707653597,48.029461309,2,#fc8d62,car
173791,"9,17E+18",9,7,72,184,2017,5,19,3,3,6,7,0,1,1,0,0,0,0,0,635846.1594,5361511.0648,10.835089666,48.392119678,2,#fc8d62,car
173792,"9,17E+18",9,7,71,149,2017,5,13,3,3,0,7,1,0,0,0,0,0,0,0,650495.7735,5365961539.0,11.034458084,48.428807715,1,#66c2a5,bicycle
173833,"9,17E+18",9,2,61,0,2017,5,18,3,3,5,3,0,1,0,0,0,0,0,0,731558.8554,5382625.7111,12.138124889,48.553929389,2,#fc8d62,car
173836,"9,17E+18",9,1,73,147,2017,5,10,3,3,7,7,0,1,0,0,0,0,0,0,681638721.0,5310045.3116,11.431204643,47.917982033,2,#fc8d62,car
173837,"9,17E+18",9,1,73,126,2017,5,14,3,3,2,2,0,1,0,1,0,0,0,0,685608.4095,5303855071.0,11.481625867,47.86120182,2,#fc8d62,car
173842,"9,17E+18",9,1,87,130,2017,5,13,3,3,0,1,1,0,0,0,0,0,0,0,712335.0918,5309687.7623,11.841409498,47.905341033,1,#66c2a5,bicycle
173843,"9,17E+18",9,1,86,146,2017,5,19,3,2,0,1,0,0,0,1,0,0,0,0,683221.1267,5370095.6999,11.478267866,48.457298038,4,#e78ac3,marker
173844,"9,17E+18",9,1,86,130,2017,5,7,3,3,5,1,1,1,0,0,0,0,0,0,684943642.0,5373718.98,11.503146122,48.489359669,1,#66c2a5,bicycle
173845,"9,17E+18",9,7,72,147,2017,5,5,2,3,5,3,1,0,0,0,0,1,0,0,638804.0447,5363760.4705,10.875768267,48.411701638,1,#66c2a5,bicycle
173846,"9,17E+18",9,7,71,130,2017,5,16,2,3,0,7,1,0,0,0,0,0,0,0,647359.9686,5360250.2132,10.990088976,48.378198011,1,#66c2a5,bicycle
173847,"9,17E+18",9,7,61,0,2017,5,17,2,3,5,3,0,1,0,0,0,0,0,0,639041.1496,5361777.0056,10.878313665,48.393814626,2,#fc8d62,car
173848,"9,17E+18",9,7,61,0,2017,5,16,2,2,0,1,1,0,0,0,0,0,0,0,634805.6152,5353423.9566,10.818450257,48.319623008,1,#66c2a5,bicycle
173849,"9,17E+18",9,7,61,0,2017,5,17,2,3,6,4,0,1,1,0,0,0,0,0,641422.0354,5359225106.0,10.909599956,48.370339564,2,#fc8d62,car
173888,"9,17E+18",9,2,61,0,2017,5,16,2,2,0,1,1,0,0,0,0,0,0,0,735273.1942,5380980092.0,12.18745237,48.53776566,1,#66c2a5,bicycle
173889,"9,17E+18",9,2,74,126,2017,5,11,2,3,5,3,1,1,0,0,0,0,0,0,733204.8216,5383889.6431,12.161104095,48.564673017,1,#66c2a5,bicycle
173890,"9,17E+18",9,1,90,157,2017,5,16,2,2,5,3,1,0,0,0,0,0,0,0,660867.2458,5300295.7901,11.14976695,47.835871971,1,#66c2a5,bicycle
173894,"9,17E+18",9,1,82,120,2017,5,16,2,3,6,2,0,0,1,0,0,1,0,0,701627.1859,5306931.2717,11.697000226,47.884022234,3,#8da0cb,toilet
173896,"9,17E+18",9,1,87,122,2017,5,15,2,2,2,6,0,0,0,1,0,1,0,0,720481.2402,5305417.1828,11.948092232,47.864220419,4,#e78ac3,marker
173899,"9,17E+18",9,1,81,130,2017,5,18,2,3,5,2,1,1,0,0,0,0,0,0,638660.3108,5325025.4461,10.861146313,48.063426823,1,#66c2a5,bicycle
173900,"9,17E+18",9,1,81,130,2017,5,10,2,2,5,3,1,1,0,0,0,0,0,0,638775.4546,5325017.0316,10.862688236,48.063326119,1,#66c2a5,bicycle
173901,"9,17E+18",9,1,81,130,2017,5,16,2,3,0,7,1,0,0,0,0,0,0,0,639673835.0,5323783.3667,10.874337078,48.052036595,1,#66c2a5,bicycle
173902,"9,17E+18",9,1,79,121,2017,5,17,2,3,2,6,0,1,0,0,0,0,0,0,667164.0494,5340206.9721,11.249409606,48.193078293,2,#fc8d62,car
173903,"9,17E+18",9,1,78,157,2017,5,19,2,2,8,1,0,0,0,1,0,0,0,0,700807.1038,5372173.8393,11.716868787,48.470607485,4,#e78ac3,marker
173904,"9,17E+18",9,1,62,0,2017,5,1,1,3,6,4,1,0,1,0,0,0,2,0,690838712.0,5334720.8348,11.565210302,48.137097621,1,#66c2a5,bicycle
173905,"9,17E+18",9,1,84,148,2017,5,17,1,3,2,7,0,1,0,1,0,0,0,0,693864782.0,5327783.46,11.602690879,48.073831799,2,#fc8d62,car
173906,"9,17E+18",9,1,62,0,2017,5,15,1,3,5,3,0,1,0,0,0,0,0,0,692661.9484,5330936689.0,11.587982037,48.102537087,2,#fc8d62,car
173907,"9,17E+18",9,1,62,0,2017,5,3,1,3,0,7,1,0,0,0,0,0,2,0,690859.2891,5336913.0239,11.566469399,48.156794677,1,#66c2a5,bicycle
173908,"9,17E+18",9,1,62,0,2017,5,14,1,3,0,7,0,1,0,1,0,0,0,0,695548.0728,5339274.9045,11.630537027,48.176597462,2,#fc8d62,car
173911,"9,17E+18",9,7,61,0,2017,5,16,1,3,0,3,1,1,0,0,0,0,0,0,641376.1924,5361076473.0,10.909604018,48.386996569,1,#66c2a5,bicycle
173912,"9,17E+18",9,7,61,0,2017,5,10,1,3,6,7,1,0,1,0,0,0,0,0,640745.4378,5358025.4285,10.900067783,48.359703723,1,#66c2a5,bicycle
173934,"9,17E+18",9,2,61,0,2017,5,13,1,3,5,3,0,1,0,0,0,0,0,0,730720.0632,5380362.0468,12.125521578,48.533904147,2,#fc8d62,car
173939,"9,17E+18",9,1,87,150,2017,5,16,1,3,5,7,1,1,0,0,0,0,0,0,729164552.0,5304099.9455,12.063332039,47.849347469,1,#66c2a5,bicycle
173940,"9,17E+18",9,1,87,122,2017,5,16,1,3,0,7,1,0,0,0,0,0,0,0,719730.1172,5306374.8099,11.938549311,47.873082537,1,#66c2a5,bicycle
173942,"9,17E+18",9,1,79,142,2017,5,15,1,3,3,3,1,1,0,0,0,0,0,0,674311.5966,5343877.1517,11.347015012,48.224149176,1,#66c2a5,bicycle
173943,"9,17E+18",9,1,74,126,2017,5,18,1,3,0,5,1,1,0,0,0,0,0,0,683264.6709,5344912.0277,11.467897708,48.230928125,1,#66c2a5,bicycle
173944,"9,17E+18",9,1,75,132,2017,5,17,1,3,1,5,1,1,0,0,0,0,0,0,705929.2232,5331687.5237,11.766352074,48.105134895,1,#66c2a5,bicycle
173945,"9,17E+18",9,1,62,0,2017,5,15,7,3,6,4,0,1,1,0,0,0,0,0,691354.3108,5337687.1248,11.573467151,48.163603419,2,#fc8d62,car
173946,"9,17E+18",9,1,62,0,2017,5,22,7,3,5,2,0,1,0,0,0,0,2,0,690426.6141,5342681.0393,11.563242371,48.208766705,2,#fc8d62,car
173947,"9,17E+18",9,1,62,0,2017,5,17,7,3,3,6,0,1,0,1,0,0,0,0,689067.3735,5332622.6044,11.540493893,48.118767203,2,#fc8d62,car
173948,"9,17E+18",9,1,62,0,2017,5,7,7,3,0,7,1,0,0,0,0,1,0,0,685061.6757,5340069.5617,11.489960934,48.186880603,1,#66c2a5,bicycle
173949,"9,17E+18",9,1,62,0,2017,5,17,7,3,5,3,0,1,0,0,0,0,0,0,688921.6388,5343308.6258,11.543284899,48.214857138,2,#fc8d62,car
173950,"9,17E+18",9,1,62,0,2017,5,14,7,3,1,5,1,1,0,0,0,0,0,0,691537.6077,5335960.8591,11.575152639,48.148032822,1,#66c2a5,bicycle
173951,"9,17E+18",9,1,84,139,2017,5,23,7,3,0,7,1,0,0,0,0,0,2,0,687729.1828,5326601.3459,11.519883534,48.065042123,1,#66c2a5,bicycle
173952,"9,17E+18",9,1,62,0,2017,5,18,7,2,6,4,0,1,1,0,0,0,0,0,693606.1909,5341866.3551,11.605623925,48.200482906,2,#fc8d62,car
173953,"9,17E+18",9,1,62,0,2017,5,15,7,3,6,4,0,0,1,0,0,1,0,0,695406.9027,5332509.2437,11.625534807,48.115834585,3,#8da0cb,toilet
173954,"9,17E+18",9,1,62,0,2017,5,14,7,3,6,7,1,0,1,0,0,0,0,0,691016.9176,5336915.4998,11.568587919,48.156769602,1,#66c2a5,bicycle
173955,"9,17E+18",9,1,62,0,2017,5,17,7,3,5,3,0,1,0,0,0,0,0,0,691976.8979,5332319.2005,11.579411737,48.115169731,2,#fc8d62,car
173956,"9,17E+18",9,1,62,0,2017,5,12,7,3,3,6,1,0,0,0,0,0,0,0,690183.9854,5333323.1828,11.555794888,48.12473151,1,#66c2a5,bicycle
173958,"9,17E+18",9,7,62,0,2017,5,13,7,3,2,6,0,1,0,0,0,1,0,0,621602.2127,5304960.3407,10.626610243,47.886449711,2,#fc8d62,car
173961,"9,17E+18",9,7,71,130,2017,5,12,7,3,4,2,0,1,0,0,0,0,0,0,644879.7605,5363542.0575,10.957749958,48.408370397,2,#fc8d62,car
173962,"9,17E+18",9,7,61,0,2017,5,12,7,3,0,1,1,0,0,0,0,0,0,0,644670.3852,5360282.2564,10.953799484,48.379108549,1,#66c2a5,bicycle
173963,"9,17E+18",9,7,61,0,2017,5,14,7,3,6,1,1,0,1,0,0,0,0,0,639527.0115,5357689.4799,10.883516876,48.356953399,1,#66c2a5,bicycle
173984,"9,17E+18",9,1,87,124,2017,5,19,7,3,3,2,1,1,0,0,0,0,0,0,735586.0504,5328062.9895,12.162159109,48.062300785,1,#66c2a5,bicycle
173990,"9,17E+18",9,1,88,120,2017,5,16,7,3,0,7,1,0,0,0,0,1,0,0,677498.2079,5326893.6259,11.382801412,48.070598276,1,#66c2a5,bicycle
173991,"9,17E+18",9,1,79,121,2017,5,12,7,3,1,6,0,1,0,0,0,0,0,0,665225.1347,5336720.2042,11.221983887,48.162239198,2,#fc8d62,car
173992,"9,17E+18",9,1,78,124,2017,5,14,7,3,3,7,0,1,0,0,0,0,0,0,704123.2268,5359089.4513,11.755316929,48.35196248,2,#fc8d62,car
173993,"9,17E+18",9,1,75,135,2017,5,20,7,3,0,1,1,0,0,0,0,0,1,0,708346.6657,5340181.8731,11.802942699,48.180680875,1,#66c2a5,bicycle