OBJECTID,UIDENTSTLA,ULAND,UREGBEZ,UKREIS,UGEMEINDE,UJAHR,UMONAT,USTUNDE,UWOCHENTAG,UKATEGORIE,UART,UTYP1,IstRad,IstPKW,IstFuss,IstKrad,IstGkfz,IstSonstig,ULICHTVERH,STRZUSTAND,LINREFX,LINREFY,XGCSWGS84,YGCSWGS84,Teilnehmer,color,symbol
173994,"9,17E+18",9,1,78,124,2017,5,11,7,3,2,1,0,1,0,0,0,0,0,0,703379.7529,5364781.6041,11.748046943,48.403353382,2,#fc8d62,car
173995,"9,17E+18",9,1,77,117,2017,5,18,7,2,0,7,1,0,0,0,0,0,0,0,715160.8788,5354493.1989,11.901766849,48.30700153,1,#66c2a5,bicycle
173996,"9,17E+18",9,1,62,0,2017,5,16,6,2,0,7,0,0,1,0,0,1,0,0,689916.1953,5332732.8384,11.551936887,48.1195054,3,#8da0cb,toilet
173997,"9,17E+18",9,1,62,0,2017,5,9,6,3,5,3,1,1,0,0,0,0,0,0,688949.2682,5333354.9743,11.53923314,48.12538491,1,#66c2a5,bicycle
173998,"9,17E+18",9,1,62,0,2017,5,8,6,3,3,6,1,1,0,0,0,1,0,0,691233.0058,5334416.2797,11.570368063,48.134241942,1,#66c2a5,bicycle
173999,"9,17E+18",9,1,84,132,2017,5,16,6,3,1,6,0,1,0,0,0,0,0,0,684035.2826,5329303.6925,11.471512509,48.090408986,2,#fc8d62,car
174000,"9,17E+18",9,1,62,0,2017,5,17,6,3,0,6,1,0,0,0,0,0,0,1,691868.2361,5335839.2477,11.579538337,48.146840162,1,#66c2a5,bicycle
174001,"9,17E+18",9,1,62,0,2017,5,8,6,2,4,2,1,0,0,0,0,1,0,0,684662.7078,5329160.5848,11.479868502,48.088941181,1,#66c2a5,bicycle
174002,"9,17E+18",9,1,62,0,2017,5,14,6,3,2,6,0,1,0,0,0,0,0,0,696142.3328,5336903.4948,11.637428635,48.155101568,2,#fc8d62,car
174003,"9,17E+18",9,1,62,0,2017,5,11,6,3,5,2,1,1,0,0,0,0,0,0,686770581.0,5329835.9943,11.508442967,48.094397909,1,#66c2a5,bicycle
174004,"9,17E+18",9,1,62,0,2017,5,7,6,3,5,3,1,1,0,0,0,0,0,0,686252.6169,5339832.3218,11.5058649,48.184400165,1,#66c2a5,bicycle
174005,"9,17E+18",9,1,62,0,2017,5,8,6,3,0,7,0,1,0,1,0,0,0,0,700434608.0,5334617962.0,11.694003389,48.133223255,2,#fc8d62,car
174006,"9,17E+18",9,1,62,0,2017,5,7,6,3,0,6,1,0,0,0,0,0,0,0,686136.0,5332253.53,11.500983206,48.116313449,1,#66c2a5,bicycle
174007,"9,17E+18",9,1,62,0,2017,5,15,6,3,5,2,1,1,0,0,0,0,0,1,693616.0984,5334672.1229,11.602481495,48.135820865,1,#66c2a5,bicycle
174008,"9,17E+18",9,1,62,0,2017,5,8,6,3,3,6,0,1,0,0,0,1,0,0,692993.1583,5335299.2157,11.594401342,48.141646226,2,#fc8d62,car
174009,"9,17E+18",9,1,62,0,2017,5,8,6,3,1,7,0,1,0,0,0,0,0,0,688526.9052,5336342426.0,11.534885276,48.152361815,2,#fc8d62,car
174010,"9,17E+18",9,1,84,149,2017,5,22,6,3,6,4,1,0,1,0,0,0,2,0,690546.2962,5350685.8815,11.568453642,48.280676429,1,#66c2a5,bicycle
174011,"9,17E+18",9,1,62,0,2017,5,11,6,3,0,1,1,0,0,0,0,0,0,0,682374.2969,5341892.4353,11.454620553,48.204042932,1,#66c2a5,bicycle
174012,"9,17E+18",9,1,62,0,2017,5,7,6,3,5,3,1,1,0,0,0,0,0,0,701290.4093,5334642.0857,11.705504177,48.133169975,1,#66c2a5,bicycle
174013,"9,17E+18",9,1,62,0,2017,5,10,6,3,1,1,1,0,0,0,0,1,0,0,690589.9829,5332844.1678,11.561031093,48.120304712,1,#66c2a5,bicycle
174014,"9,17E+18",9,1,62,0,2017,5,17,6,3,5,3,1,1,0,0,0,0,0,0,690557.6107,5337019.6086,11.562464701,48.157843124,1,#66c2a5,bicycle
174017,"9,17E+18",9,7,78,203,2017,5,17,6,3,5,3,1,1,0,0,0,0,0,0,622203.5971,5324525.3806,10.640215865,48.062294635,1,#66c2a5,bicycle
174020,"9,17E+18",9,7,72,125,2017,5,13,6,3,5,3,1,1,0,0,0,0,0,0,635947.1698,5347682.7936,10.83199269,48.26775337,1,#66c2a5,bicycle
174021,"9,17E+18",9,7,61,0,2017,5,10,6,3,6,4,1,0,1,0,0,0,0,0,640527.1563,5358044.5383,10.897129039,48.359924175,1,#66c2a5,bicycle
174022,"9,17E+18",9,7,61,0,2017,5,7,6,3,0,7,1,0,0,0,0,0,0,0,640130.7001,5358272.6921,10.891855875,48.362063787,1,#66c2a5,bicycle
174023,"9,17E+18",9,7,71,113,2017,5,9,6,3,5,2,1,1,0,0,0,0,0,0,655958872.0,5366863317.0,11.108594736,48.435586067,1,#66c2a5,bicycle
174051,"9,17E+18",9,2,74,185,2017,5,11,6,3,5,3,0,1,0,0,0,0,0,0,730478.1123,5369404.4218,12.116207103,48.435559821,2,#fc8d62,car
174052,"9,17E+18",9,2,61,0,2017,5,18,6,3,0,1,1,0,0,0,0,0,0,1,733335.9523,5381841.1188,12.161730802,48.546223164,1,#66c2a5,bicycle
174054,"9,17E+18",9,1,90,157,2017,5,9,6,2,0,1,1,0,0,0,0,0,0,0,660597322.0,5301776.8954,11.146712012,47.849256228,1,#66c2a5,bicycle
174056,"9,17E+18",9,1,73,126,2017,5,13,6,3,3,2,0,1,0,1,0,0,0,0,686146.5111,5303282.2408,11.488566824,47.855897028,2,#fc8d62,car
174059,"9,17E+18",9,1,83,139,2017,5,18,6,3,5,3,1,1,0,0,0,0,0,1,735362.9978,5334957.7944,12.162970005,48.12432142,1,#66c2a5,bicycle
174061,"9,17E+18",9,1,87,182,2017,5,15,6,3,6,7,0,0,1,1,0,0,0,0,739051.4919,5328237.1343,12.208696354,48.062576368,3,#8da0cb,toilet
174062,"9,17E+18",9,1,87,150,2017,5,13,6,3,5,3,1,1,0,0,0,0,0,0,729467.1243,5303699.9022,12.067158539,47.845645342,1,#66c2a5,bicycle
174065,"9,17E+18",9,1,88,141,2017,5,7,6,2,0,7,1,0,0,0,0,1,0,0,669999.6192,5309055.1304,11.275158147,47.912271655,1,#66c2a5,bicycle
174066,"9,17E+18",9,1,79,145,2017,5,14,6,3,6,7,1,0,1,0,0,0,0,0,675653.2176,5338544.8171,11.362856769,48.175845677,1,#66c2a5,bicycle
174067,"9,17E+18",9,1,74,115,2017,5,15,6,3,5,3,1,0,0,0,0,0,0,0,682280.7057,5347671421.0,11.455847743,48.256014567,1,#66c2a5,bicycle
174068,"9,17E+18",9,1,78,124,2017,5,10,6,3,4,1,1,1,0,0,0,0,0,0,703079.3138,5363904.9497,11.743568317,48.395572403,1,#66c2a5,bicycle
174069,"9,17E+18",9,1,62,0,2017,5,10,5,3,5,3,1,1,0,0,0,0,0,0,691237.1798,5339267.1756,11.572604221,48.177839908,1,#66c2a5,bicycle
174070,"9,17E+18",9,1,62,0,2017,5,16,5,3,2,2,0,0,0,1,0,1,0,0,690157.0363,5333232.1653,11.5553925,48.123921491,4,#e78ac3,marker
174071,"9,17E+18",9,1,62,0,2017,5,14,5,3,0,1,1,0,0,0,0,0,0,0,700967721.0,5331513646.0,11.699697459,48.105156673,1,#66c2a5,bicycle
174072,"9,17E+18",9,1,62,0,2017,5,19,5,3,5,3,0,1,0,1,0,0,0,0,688832.1917,5336236.6146,11.538938958,48.151320206,2,#fc8d62,car
174073,"9,17E+18",9,1,62,0,2017,5,19,5,2,0,1,1,0,0,0,0,0,0,0,693310.2041,5336123362.0,11.59903302,48.148957155,1,#66c2a5,bicycle
174074,"9,17E+18",9,1,62,0,2017,5,7,5,3,5,3,1,1,0,0,0,0,0,0,686193.5508,5335069.6079,11.502986151,48.141608641,1,#66c2a5,bicycle
174075,"9,17E+18",9,1,84,136,2017,5,14,5,3,5,3,0,1,0,0,0,1,0,0,698301743.0,5326348791.0,11.661527155,48.059573819,2,#fc8d62,car
174076,"9,17E+18",9,1,62,0,2017,5,7,5,3,4,6,1,1,0,0,0,0,0,0,690721.0614,5333739.6772,11.563191303,48.128314284,1,#66c2a5,bicycle
174077,"9,17E+18",9,1,62,0,2017,5,15,5,3,4,2,0,1,0,0,0,0,0,0,690596.8593,5337238.1266,11.56308983,48.159795384,2,#fc8d62,car
174078,"9,17E+18",9,1,62,0,2017,5,9,5,3,1,5,0,1,0,0,0,0,0,0,690935.8647,5337334951.0,11.567687385,48.160563926,2,#fc8d62,car
174079,"9,17E+18",9,1,62,0,2017,5,15,5,3,0,7,1,0,0,0,0,0,0,0,689098459.0,5332917676.0,11.541042036,48.121410117,1,#66c2a5,bicycle
174080,"9,17E+18",9,1,62,0,2017,5,16,5,3,1,7,1,1,0,0,0,0,0,0,691588.4048,5340512.7876,11.577885765,48.188929405,1,#66c2a5,bicycle
174081,"9,17E+18",9,1,62,0,2017,5,8,5,3,3,6,0,1,0,0,0,0,0,0,694053.5766,5331245.9351,11.606796087,48.104894174,2,#fc8d62,car
174082,"9,17E+18",9,1,62,0,2017,5,11,5,3,2,6,1,1,0,0,0,0,0,0,691469.0756,5341876.9189,11.576896962,48.201225887,1,#66c2a5,bicycle
174083,"9,17E+18",9,1,62,0,2017,5,23,5,3,2,6,0,0,0,1,0,0,2,0,688519.8681,5339005.4957,11.535971139,48.176299863,4,#e78ac3,marker
174084,"9,17E+18",9,1,62,0,2017,5,18,5,3,0,7,1,0,0,0,0,0,0,0,689706.6874,5338513.1452,11.551700147,48.171521449,1,#66c2a5,bicycle
174085,"9,17E+18",9,1,62,0,2017,5,17,5,2,6,4,1,0,1,0,0,0,0,0,688483.8513,5336436.8431,11.534348787,48.153223209,1,#66c2a5,bicycle
174086,"9,17E+18",9,1,62,0,2017,5,8,5,3,5,3,1,1,0,0,0,0,0,0,697820.3151,5333801.0871,11.658525455,48.126699694,1,#66c2a5,bicycle
174087,"9,17E+18",9,1,62,0,2017,5,17,5,3,5,3,1,1,0,0,0,0,0,0,694776.9852,5336692.9717,11.618993095,48.153629111,1,#66c2a5,bicycle
174088,"9,17E+18",9,1,62,0,2017,5,7,5,3,4,2,1,1,0,0,0,0,0,0,695494.8928,5336041.6238,11.628336486,48.147554877,1,#66c2a5,bicycle
174089,"9,17E+18",9,1,62,0,2017,5,13,5,3,2,6,0,1,0,0,0,0,0,0,692313.5561,5337757.4964,11.58638597,48.16394647,2,#fc8d62,car
174090,"9,17E+18",9,1,62,0,2017,5,8,5,3,5,7,1,0,1,0,0,0,0,0,690252356.0,5335574.3299,11.557718092,48.1449444,1,#66c2a5,bicycle
174091,"9,17E+18",9,1,62,0,2017,5,7,5,3,5,3,1,1,0,0,0,0,0,0,690560.0671,5337077.9333,11.562523821,48.158366606,1,#66c2a5,bicycle
174095,"9,17E+18",9,7,61,0,2017,5,15,5,3,2,6,0,1,0,0,0,0,0,0,641790.4863,5362068.4247,10.915531601,48.395822746,2,#fc8d62,car
174096,"9,17E+18",9,7,61,0,2017,5,6,5,3,6,2,0,1,1,0,0,0,0,0,641786.4887,5353595.3552,10.91262267,48.319637207,2,#fc8d62,car
174112,"9,17E+18",9,7,62,0,2017,5,16,2,3,5,3,1,1,0,0,0,0,0,0,621213.9025,5304649.6866,10.621330956,47.883729214,1,#66c2a5,bicycle
174113,"9,17E+18",9,1,62,0,2017,5,10,2,3,5,2,1,1,0,0,0,0,0,0,693890.5591,5331320.0014,11.604642213,48.105609494,1,#66c2a5,bicycle
174114,"9,17E+18",9,1,62,0,2017,5,14,2,2,2,6,1,1,0,0,0,0,0,0,691399.4807,5334026.2633,11.572428112,48.13068647,1,#66c2a5,bicycle
174115,"9,17E+18",9,1,62,0,2017,5,19,2,3,0,7,1,0,0,0,0,0,0,0,692076149.0,5336237.1706,11.582510189,48.150353873,1,#66c2a5,bicycle
174116,"9,17E+18",9,1,62,0,2017,5,19,2,3,5,3,0,1,0,0,0,0,0,0,690439.4122,5335580169.0,11.56023285,48.144940915,2,#fc8d62,car
174117,"9,17E+18",9,1,62,0,2017,5,17,2,3,0,7,1,0,1,0,0,0,0,0,690970.1649,5341870.7686,11.5701866,48.201320861,1,#66c2a5,bicycle
174118,"9,17E+18",9,7,62,0,2017,5,19,2,2,6,4,0,1,1,0,0,0,0,0,622371.5167,5305572.2579,10.637069968,47.89180689,2,#fc8d62,car
174120,"9,17E+18",9,1,62,0,2017,5,10,2,3,6,4,0,1,1,0,0,0,0,0,692961.2318,5335176309.0,11.593916922,48.140551256,2,#fc8d62,car
174121,"9,17E+18",9,1,62,0,2017,5,12,2,3,3,5,1,1,0,0,0,0,0,0,692579874.0,5335197663.0,11.588805539,48.140858717,1,#66c2a5,bicycle
174122,"9,17E+18",9,1,62,0,2017,5,18,2,3,5,3,0,1,0,0,0,0,0,0,686607.2871,5332360.9791,11.507356313,48.117141315,2,#fc8d62,car
174123,"9,17E+18",9,1,62,0,2017,5,13,2,3,2,2,0,1,0,0,0,0,0,0,693004.2113,5333846.1634,11.593891452,48.128583214,2,#fc8d62,car
174130,"9,17E+18",9,7,72,130,2017,5,10,5,2,0,7,1,0,0,0,0,0,0,0,631377.0497,5355322.2127,10.772815904,48.337414569,1,#66c2a5,bicycle
174131,"9,17E+18",9,7,71,145,2017,5,20,5,2,0,1,1,0,0,0,0,0,0,0,646063.7078,5345434.8334,10.967464227,48.245288829,1,#66c2a5,bicycle
174132,"9,17E+18",9,7,72,163,2017,5,10,5,3,5,3,0,1,0,0,0,0,0,0,641075.9533,5348424.0668,10.90131552,48.273297186,2,#fc8d62,car
174133,"9,17E+18",9,7,72,202,2017,5,19,5,3,5,3,1,1,0,0,0,0,1,0,636907.8471,5358741.9579,10.848521814,48.366990553,1,#66c2a5,bicycle
174134,"9,17E+18",9,7,61,0,2017,5,17,5,2,0,7,1,0,0,0,0,0,0,0,641582.3397,5355856315.0,10.910629965,48.340012743,1,#66c2a5,bicycle
174135,"9,17E+18",9,7,61,0,2017,5,19,5,3,0,1,1,0,0,0,0,0,0,0,641906.1564,5357470.3234,10.91554126,48.354452625,1,#66c2a5,bicycle
174136,"9,17E+18",9,7,61,0,2017,5,11,5,3,5,2,1,1,0,0,0,0,0,0,640841.6087,5350743.0019,10.898932019,48.294200739,1,#66c2a5,bicycle
174137,"9,17E+18",9,7,71,113,2017,5,16,5,3,8,1,1,0,0,0,0,0,0,0,661660.5522,5366321.1233,11.185416108,48.429273879,1,#66c2a5,bicycle
174175,"9,17E+18",9,2,61,0,2017,5,19,5,3,0,1,0,0,0,1,0,0,0,0,724286.9629,5378247.4668,12.037365795,48.517239139,4,#e78ac3,marker
174178,"9,17E+18",9,1,63,0,2017,5,18,5,3,9,1,1,0,0,0,0,0,0,0,733228.9918,5302854.2558,12.116909435,47.836694402,1,#66c2a5,bicycle
174179,"9,17E+18",9,1,63,0,2017,5,11,5,3,0,1,1,0,0,0,0,0,0,0,733341.7242,5305277323.0,12.11972016,47.858422543,1,#66c2a5,bicycle
174180,"9,17E+18",9,1,87,117,2017,5,8,5,3,0,5,1,1,0,0,0,0,0,0,725208.4659,5306646.4382,12.011851869,47.873625724,1,#66c2a5,bicycle
174181,"9,17E+18",9,1,86,143,2017,5,18,5,3,5,3,0,1,0,1,0,0,0,0,685166681.0,5378777294.0,11.508406316,48.534756911,2,#fc8d62,car
174182,"9,17E+18",9,1,88,113,2017,5,15,5,3,8,1,1,0,0,0,0,0,0,0,674983.8188,5313998.1974,11.34381475,47.955368155,1,#66c2a5,bicycle
174183,"9,17E+18",9,1,79,118,2017,5,16,5,2,0,1,1,0,0,0,0,0,0,0,672427.8811,5335924.6334,11.318445007,48.153174756,1,#66c2a5,bicycle
174184,"9,17E+18",9,1,79,132,2017,5,13,5,3,0,1,1,0,0,0,0,0,0,0,661179.0081,5336381.0764,11.167483089,48.160228953,1,#66c2a5,bicycle
174185,"9,17E+18",9,1,74,115,2017,5,18,5,3,0,1,1,0,0,0,0,0,0,0,681273142.0,5348699894.0,11.442726458,48.265548106,1,#66c2a5,bicycle
174186,"9,17E+18",9,1,74,111,2017,5,19,5,3,5,3,1,1,0,0,0,0,0,0,666865599.0,5362050084.0,11.254026654,48.389521671,1,#66c2a5,bicycle
174187,"9,17E+18",9,1,75,111,2017,5,17,5,3,0,1,0,0,0,1,0,0,0,0,711871.4037,5338592.5032,11.849509522,48.165233721,4,#e78ac3,marker
174188,"9,17E+18",9,1,77,131,2017,5,16,5,2,0,1,1,0,0,0,0,0,0,0,711135.9698,5348281.4278,11.844452249,48.252540899,1,#66c2a5,bicycle
174189,"9,17E+18",9,1,62,0,2017,5,8,4,3,6,4,0,1,1,0,0,0,0,0,689776.3421,5334942.5388,11.551043674,48.139408014,2,#fc8d62,car
174190,"9,17E+18",9,1,62,0,2017,5,22,4,3,2,6,0,1,0,1,0,0,2,1,692317905.0,5337453.9838,11.586307171,48.161217258,2,#fc8d62,car
174191,"9,17E+18",9,1,84,120,2017,5,20,4,3,5,3,1,1,0,0,0,0,0,0,680883.4854,5331968.0786,11.430354445,48.115261204,1,#66c2a5,bicycle
174192,"9,17E+18",9,1,62,0,2017,5,11,4,3,6,7,0,1,1,0,0,0,0,0,690837.5825,5334700.2549,11.565185915,48.136912989,2,#fc8d62,car
174193,"9,17E+18",9,1,62,0,2017,5,23,4,3,0,7,1,1,0,0,0,0,2,0,691410.5155,5333581.5617,11.572376523,48.126686216,1,#66c2a5,bicycle
174194,"9,17E+18",9,1,62,0,2017,5,17,4,3,5,3,1,1,0,0,0,0,0,0,687770.6367,5329630.8749,11.521770667,48.09226037,1,#66c2a5,bicycle
174195,"9,17E+18",9,1,84,136,2017,5,17,4,3,5,3,1,1,0,0,0,0,0,0,698301.7292,5326340.7601,11.661523247,48.059501647,1,#66c2a5,bicycle
174196,"9,17E+18",9,1,62,0,2017,5,16,4,3,5,2,1,1,0,0,0,0,0,0,695825306.0,5330750616.0,11.630343238,48.09990036,1,#66c2a5,bicycle
174197,"9,17E+18",9,1,62,0,2017,5,11,4,3,5,7,1,1,0,0,0,0,0,0,693233238.0,5331542.8395,11.595922379,48.107812027,1,#66c2a5,bicycle
174198,"9,17E+18",9,1,62,0,2017,5,7,4,3,0,1,1,0,0,0,0,0,0,0,691621.8732,5331262.7682,11.574172042,48.105781523,1,#66c2a5,bicycle
174199,"9,17E+18",9,1,62,0,2017,5,19,4,3,1,5,1,1,0,0,0,0,0,0,690596.4195,5335982.5794,11.562521595,48.148510741,1,#66c2a5,bicycle
174209,"9,17E+18",9,7,61,0,2017,5,22,4,3,5,3,0,1,0,0,0,0,2,1,640780.4803,5350592.8305,10.898058246,48.292864033,2,#fc8d62,car
174210,"9,17E+18",9,7,61,0,2017,5,18,4,3,1,5,1,1,0,0,0,0,0,0,640803.5981,5359816.2665,10.901452059,48.375793344,1,#66c2a5,bicycle
174211,"9,17E+18",9,7,72,207,2017,5,9,4,3,5,3,0,1,0,0,0,0,0,0,639937019.0,5381084.94,10.896873323,48.567223993,2,#fc8d62,car
174212,"9,17E+18",9,7,61,0,2017,5,21,4,3,0,1,1,0,0,0,0,0,2,1,639169.0616,5360207.7083,10.879520836,48.37967571,1,#66c2a5,bicycle
174213,"9,17E+18",9,7,61,0,2017,5,17,4,3,5,3,1,1,0,0,0,0,0,0,641090.2097,5355852.3282,10.903991237,48.340086988,1,#66c2a5,bicycle
174214,"9,17E+18",9,7,61,0,2017,5,18,4,3,6,4,0,1,1,0,0,0,0,0,640231.1239,5353390.8184,10.891585577,48.318144953,2,#fc8d62,car
174215,"9,17E+18",9,7,61,0,2017,5,17,4,3,5,2,1,1,0,0,0,0,0,0,639813.8392,5357792.5901,10.887420925,48.357817092,1,#66c2a5,bicycle
174216,"9,17E+18",9,7,61,0,2017,5,8,4,3,0,1,0,0,0,1,0,0,0,0,640563.0002,5353391.2436,10.896059873,48.318075083,4,#e78ac3,marker
174217,"9,17E+18",9,7,61,0,2017,5,11,4,3,5,3,0,1,0,0,0,0,0,0,640815.2712,5359137.2837,10.901382206,48.369685569,2,#fc8d62,car
174218,"9,17E+18",9,7,61,0,2017,5,17,4,3,0,7,0,0,1,0,0,1,0,0,640322.1267,5358688.0564,10.894577347,48.365756094,3,#8da0cb,toilet
174239,"9,17E+18",9,2,61,0,2017,5,13,4,3,4,2,0,1,0,0,0,0,0,0,731660.6646,5382220.7752,12.139277218,48.550254339,2,#fc8d62,car
174242,"9,17E+18",9,1,90,159,2017,5,7,4,3,4,3,1,1,0,0,0,0,0,0,661325.8424,5304220.8501,11.157354927,47.871047438,1,#66c2a5,bicycle
174245,"9,17E+18",9,1,87,182,2017,5,20,4,3,0,1,1,0,0,0,0,0,0,0,738694.1956,5328446.8877,12.204025331,48.064594331,1,#66c2a5,bicycle
174248,"9,17E+18",9,1,87,150,2017,5,23,4,3,9,1,0,1,0,0,0,0,2,0,729355.2023,5303608.5809,12.065616363,47.844864798,2,#fc8d62,car
174249,"9,17E+18",9,1,87,117,2017,5,11,4,3,1,6,1,1,0,0,0,0,0,0,724411.5258,5305852.0812,12.000796615,47.866767329,1,#66c2a5,bicycle
174253,"9,17E+18",9,1,79,121,2017,5,15,4,3,0,7,1,0,0,0,0,0,0,0,665951.9885,5337411.3387,11.232020797,48.168263249,1,#66c2a5,bicycle
174254,"9,17E+18",9,1,74,115,2017,5,11,4,3,0,7,0,1,0,0,0,0,0,0,680593.8624,5347665.6511,11.433140011,48.256445664,2,#fc8d62,car
174255,"9,17E+18",9,1,78,124,2017,5,15,4,3,5,3,0,1,0,0,0,1,0,0,701467764.0,5364996704.0,11.72234605,48.405900205,2,#fc8d62,car
174256,"9,17E+18",9,1,77,112,2017,5,18,4,3,8,6,0,1,0,1,0,0,0,0,715456.41,5362715.95,11.909953289,48.380782761,2,#fc8d62,car
174257,"9,17E+18",9,1,75,115,2017,5,16,4,2,5,3,0,1,0,1,0,0,0,0,720065.6419,5328920.5721,11.954574588,48.075548075,2,#fc8d62,car
174258,"9,17E+18",9,1,62,0,2017,5,14,3,3,5,2,1,1,0,0,0,0,0,0,688675.2513,5336973.2743,11.537157582,48.157987961,1,#66c2a5,bicycle
174259,"9,17E+18",9,1,84,134,2017,5,17,3,3,5,3,1,1,0,0,0,0,0,1,692345.3264,5322020.0882,11.579723329,48.022490839,1,#66c2a5,bicycle
174260,"9,17E+18",9,1,62,0,2017,5,0,3,3,3,7,0,1,0,1,0,0,2,0,690208.3179,5334740.6922,11.556754321,48.137464836,2,#fc8d62,car
174261,"9,17E+18",9,1,62,0,2017,5,15,3,2,5,3,0,1,0,1,0,0,0,0,683610.31,5336305.1398,11.468826406,48.153465061,2,#fc8d62,car
174262,"9,17E+18",9,1,62,0,2017,5,17,3,3,0,7,1,0,0,0,0,0,0,0,692548067.0,5334561375.0,11.588090777,48.135149526,1,#66c2a5,bicycle
174263,"9,17E+18",9,1,62,0,2017,5,6,3,3,5,2,1,1,0,0,0,0,0,0,692247.2641,5337236.0508,11.585259705,48.15927989,1,#66c2a5,bicycle
174264,"9,17E+18",9,1,62,0,2017,5,16,3,3,2,7,0,0,0,1,0,1,0,0,687908.5504,5329956.7642,11.523764421,48.095148916,4,#e78ac3,marker
174265,"9,17E+18",9,1,62,0,2017,5,8,3,3,1,7,0,1,0,0,0,0,0,0,687927314.0,5336804.1494,11.527035374,48.156689315,2,#fc8d62,car
174266,"9,17E+18",9,1,62,0,2017,5,18,3,2,5,3,1,1,0,0,0,0,0,0,687701.6171,5334301.8051,11.52290031,48.134264346,1,#66c2a5,bicycle
174267,"9,17E+18",9,1,62,0,2017,5,15,3,3,0,7,1,0,0,0,0,0,0,0,684507.1658,5333123.9763,11.479495719,48.124611526,1,#66c2a5,bicycle
174268,"9,17E+18",9,1,62,0,2017,5,15,3,3,4,7,0,1,0,0,0,1,0,0,683778.2395,5339573749.0,11.472494869,48.182796584,2,#fc8d62,car
174269,"9,17E+18",9,1,62,0,2017,5,18,3,2,6,7,0,1,1,0,0,0,0,0,691870.3031,5341733.1371,11.582226227,48.199812498,2,#fc8d62,car
174270,"9,17E+18",9,1,62,0,2017,5,21,3,2,5,3,1,1,0,0,0,0,2,0,689380.2227,5333040.7388,11.544879081,48.122432475,1,#66c2a5,bicycle
174271,"9,17E+18",9,1,62,0,2017,5,17,3,3,5,3,1,0,0,0,0,0,0,0,689519467.0,5334180803.0,11.547255306,48.132638038,1,#66c2a5,bicycle
174272,"9,17E+18",9,1,84,119,2017,5,8,3,3,0,7,1,0,0,0,0,0,0,0,695741.7779,5347467.0194,11.636920123,48.250163037,1,#66c2a5,bicycle
174273,"9,17E+18",9,1,62,0,2017,5,11,3,3,0,7,1,0,0,0,0,0,0,0,694584564.0,5341640624.0,11.618673527,48.19815509,1,#66c2a5,bicycle
174274,"9,17E+18",9,1,62,0,2017,5,17,3,3,1,5,1,1,0,0,0,0,0,0,696974.2253,5333289649.0,11.64693105,48.122365559,1,#66c2a5,bicycle
174275,"9,17E+18",9,1,62,0,2017,5,9,3,3,0,1,0,0,0,1,0,1,0,1,690382.8536,5330114.8159,11.557032718,48.095835145,4,#e78ac3,marker
174276,"9,17E+18",9,1,62,0,2017,5,20,3,3,5,3,0,1,0,1,0,0,2,0,694127534.0,5336100535.0,11.609999713,48.148503088,2,#fc8d62,car
174277,"9,17E+18",9,1,62,0,2017,5,21,3,3,5,2,0,1,0,1,0,0,2,0,692708.8382,5334119.7681,11.590049711,48.131131802,2,#fc8d62,car
174278,"9,17E+18",9,1,62,0,2017,5,18,3,3,5,3,1,1,0,0,0,0,0,0,688561.9696,5332388.2001,11.533606029,48.116810194,1,#66c2a5,bicycle
174279,"9,17E+18",9,1,62,0,2017,5,11,3,3,5,2,1,0,0,0,0,1,0,0,689703.6008,5331917.0428,11.548720246,48.112236326,1,#66c2a5,bicycle
174280,"9,17E+18",9,1,62,0,2017,5,16,3,3,1,7,1,1,0,0,0,0,0,0,692146.8075,5334218.9413,11.582548587,48.132193067,1,#66c2a5,bicycle
174281,"9,17E+18",9,1,62,0,2017,5,15,3,3,2,6,1,1,0,0,0,0,0,0,691807.2136,5336419.8218,11.578980401,48.152076664,1,#66c2a5,bicycle
174286,"9,17E+18",9,7,73,182,2017,5,14,3,2,0,1,1,0,0,0,0,0,0,0,624206478.0,5379938607.0,10.683402594,48.560230519,1,#66c2a5,bicycle
174287,"9,17E+18",9,7,61,0,2017,5,11,3,3,2,6,0,1,0,0,0,0,0,0,637375.4621,5361492.8281,10.855731212,48.391624415,2,#fc8d62,car
174288,"9,17E+18",9,7,61,0,2017,5,17,3,2,5,2,1,0,0,1,0,0,0,0,641914.9685,5358315.8094,10.91594529,48.362052907,1,#66c2a5,bicycle
174289,"9,17E+18",9,7,61,0,2017,5,14,3,3,0,6,1,1,0,0,0,0,0,0,639691.1257,5357496.8835,10.885667126,48.355185334,1,#66c2a5,bicycle
174290,"9,17E+18",9,7,61,0,2017,5,15,3,3,1,1,1,1,0,0,0,0,0,0,638444.7158,5353061.4916,10.867393897,48.315577364,1,#66c2a5,bicycle
174291,"9,17E+18",9,7,61,0,2017,5,7,3,3,0,1,1,0,0,0,0,0,0,0,642412.4599,5358338.4585,10.922665492,48.362144528,1,#66c2a5,bicycle
174292,"9,17E+18",9,7,61,0,2017,5,6,3,3,0,7,1,0,0,0,0,0,0,0,640672.5775,5360164.0318,10.899800113,48.378949548,1,#66c2a5,bicycle
174330,"9,17E+18",9,2,74,113,2017,5,18,3,3,0,6,1,1,0,0,0,0,0,0,728190.4503,5383538.2275,12.093045684,48.563361163,1,#66c2a5,bicycle