OBJECTID,UIDENTSTLA,ULAND,UREGBEZ,UKREIS,UGEMEINDE,UJAHR,UMONAT,USTUNDE,UWOCHENTAG,UKATEGORIE,UART,UTYP1,IstRad,IstPKW,IstFuss,IstKrad,IstGkfz,IstSonstig,ULICHTVERH,STRZUSTAND,LINREFX,LINREFY,XGCSWGS84,YGCSWGS84,Teilnehmer,color,symbol
174337,"9,17E+18",9,1,63,0,2017,5,11,3,3,1,3,1,1,0,0,0,0,0,0,731994.4149,5304587.4259,12.101364349,47.852712131,1,#66c2a5,bicycle
174338,"9,17E+18",9,1,63,0,2017,5,14,3,2,5,4,0,1,1,0,0,0,0,0,734090.0098,5304857.4137,12.129481905,47.854377966,2,#fc8d62,car
174339,"9,17E+18",9,1,87,150,2017,5,16,3,3,5,3,1,1,0,0,0,0,0,0,728563.0735,5303635085.0,12.055058163,47.845385004,1,#66c2a5,bicycle
174341,"9,17E+18",9,1,79,142,2017,5,15,3,3,2,6,0,1,0,0,0,0,0,0,674236.8871,5342917.2534,11.345615521,48.215540893,2,#fc8d62,car
174342,"9,17E+18",9,1,88,124,2017,5,10,3,3,0,7,1,0,0,0,0,0,0,0,662186.1639,5318138.8856,11.174092684,47.995965345,1,#66c2a5,bicycle
174343,"9,17E+18",9,1,79,123,2017,5,12,3,3,1,3,1,1,0,0,0,0,0,0,676731.7464,5334326.8375,11.375600025,48.137630415,1,#66c2a5,bicycle
174344,"9,17E+18",9,1,88,127,2017,5,8,3,3,5,3,0,1,0,1,0,0,0,0,674581.3216,5328297.9425,11.344252034,48.084027502,2,#fc8d62,car
174345,"9,17E+18",9,1,78,144,2017,5,21,3,3,8,7,0,1,0,0,0,0,2,0,708097.7964,5382675.1146,11.820625395,48.562596937,2,#fc8d62,car
174346,"9,17E+18",9,1,77,118,2017,5,7,3,3,4,6,0,1,0,0,0,0,0,0,706471724.0,5347251.4723,11.781190389,48.244822087,2,#fc8d62,car
174347,"9,17E+18",9,1,62,0,2017,5,17,2,3,5,3,1,1,0,0,0,0,0,0,695211.1176,5334316.9981,11.623734927,48.132141913,1,#66c2a5,bicycle
174348,"9,17E+18",9,1,62,0,2017,5,21,2,3,0,1,1,0,0,0,0,0,0,0,685994.0044,5334851.7661,11.500211173,48.139708958,1,#66c2a5,bicycle
174349,"9,17E+18",9,1,62,0,2017,5,17,2,3,3,7,1,1,0,0,0,0,0,0,689529.0616,5334992.9919,11.547745502,48.139935191,1,#66c2a5,bicycle
174350,"9,17E+18",9,1,62,0,2017,5,17,2,3,2,6,0,1,0,0,0,1,0,0,693963.7065,5336325.59,11.607902008,48.150575772,2,#fc8d62,car
174351,"9,17E+18",9,1,62,0,2017,5,23,2,3,3,6,1,1,0,0,0,1,2,0,691178917.0,5334060052.0,11.569481968,48.131056446,1,#66c2a5,bicycle
174352,"9,17E+18",9,1,84,130,2017,5,8,2,3,5,3,1,1,0,0,0,0,0,0,700136.1127,5348009.8354,11.696307377,48.25366905,1,#66c2a5,bicycle
174353,"9,17E+18",9,1,62,0,2017,5,5,2,3,0,7,0,0,0,1,0,0,1,0,686332.6986,5343378073.0,11.508497714,48.216246762,4,#e78ac3,marker
174354,"9,17E+18",9,1,62,0,2017,5,12,2,2,3,2,1,1,0,0,0,0,0,0,692302.3305,5335021.6366,11.584999047,48.139360568,1,#66c2a5,bicycle
174355,"9,17E+18",9,1,84,146,2017,5,14,2,3,0,7,1,1,0,0,0,0,0,0,699529.1101,5328041.7748,11.678771789,48.07440647,1,#66c2a5,bicycle
174356,"9,17E+18",9,1,62,0,2017,5,12,2,3,5,2,1,1,0,0,0,0,0,0,691827.7582,5333987.3241,11.578160638,48.130207562,1,#66c2a5,bicycle
174357,"9,17E+18",9,1,62,0,2017,5,8,2,3,0,1,1,0,0,0,0,0,0,0,688818.5921,5334014.3165,11.537770948,48.131349948,1,#66c2a5,bicycle
174358,"9,17E+18",9,1,62,0,2017,5,14,2,3,0,7,0,0,1,0,0,1,0,0,688981.9356,5342670.7671,11.543811635,48.209106127,3,#8da0cb,toilet
174359,"9,17E+18",9,1,62,0,2017,5,8,2,3,5,3,1,1,0,0,0,0,0,0,690501.8867,5335807.9593,11.561173801,48.146969581,1,#66c2a5,bicycle
174363,"9,17E+18",9,7,77,139,2017,5,14,1,2,0,1,1,0,0,0,0,0,0,0,617092.9227,5307682.2441,10.567054324,47.91176895,1,#66c2a5,bicycle
174364,"9,17E+18",9,7,73,125,2017,5,6,1,2,6,7,0,0,1,0,0,1,1,0,614943.5889,5379543.1953,10.557801351,48.558441389,3,#8da0cb,toilet
174365,"9,17E+18",9,7,73,182,2017,5,21,1,3,0,1,1,0,0,0,0,0,0,0,630767.9665,5380723.8531,10.772535702,48.565957192,1,#66c2a5,bicycle
174373,"9,17E+18",9,1,62,0,2017,5,5,1,3,1,1,1,0,0,0,0,1,1,0,691834.3464,5334315.5559,11.57839687,48.133155678,1,#66c2a5,bicycle
174395,"9,17E+18",9,2,61,0,2017,5,12,1,3,3,6,1,0,0,0,0,0,0,0,731512.0453,5382474.2833,12.137407317,48.55258642,1,#66c2a5,bicycle
174403,"9,17E+18",9,1,87,150,2017,5,4,1,3,0,1,1,0,0,0,0,0,2,0,728929.8481,5304212.1051,12.060258628,47.850438798,1,#66c2a5,bicycle
174411,"9,17E+18",9,1,79,134,2017,5,12,1,3,0,7,1,1,0,0,0,0,0,0,672518.6142,5344195.0302,11.323023522,48.22749684,1,#66c2a5,bicycle
174412,"9,17E+18",9,1,79,113,2017,5,14,1,2,2,6,1,0,0,0,0,0,0,0,670960446.0,5335839192.0,11.298696267,48.15280283,1,#66c2a5,bicycle
174413,"9,17E+18",9,1,75,139,2017,5,11,1,3,2,2,0,1,0,0,0,0,0,0,709940.2294,5329393.4773,11.819039016,48.083211243,2,#fc8d62,car
174414,"9,17E+18",9,1,78,143,2017,5,18,1,3,4,6,0,1,0,0,0,0,0,0,717372.8873,5373400.4764,11.941341415,48.476122436,2,#fc8d62,car
174415,"9,17E+18",9,1,62,0,2017,5,11,7,3,5,3,1,0,0,0,0,0,0,0,686026.8987,5331954.3466,11.499388226,48.113656138,1,#66c2a5,bicycle
174416,"9,17E+18",9,1,62,0,2017,5,12,7,3,5,3,0,1,0,1,0,0,0,0,701960.6346,5335171.9021,11.714753245,48.137719047,2,#fc8d62,car
174417,"9,17E+18",9,1,62,0,2017,5,16,7,3,0,7,1,0,0,0,0,0,0,0,685142.5201,5334464.5407,11.488608061,48.136476719,1,#66c2a5,bicycle
174418,"9,17E+18",9,1,62,0,2017,5,15,7,3,5,3,1,1,0,0,0,0,0,0,700876.4292,5334653.9478,11.69995196,48.13340737,1,#66c2a5,bicycle
174419,"9,17E+18",9,1,62,0,2017,5,13,7,3,5,2,0,1,0,0,0,0,0,0,691693.5486,5333721.4836,11.576239171,48.127858653,2,#fc8d62,car
174420,"9,17E+18",9,1,62,0,2017,5,9,7,3,5,3,1,1,0,0,0,0,0,0,700181.9991,5332875.4751,11.689793648,48.117642919,1,#66c2a5,bicycle
174421,"9,17E+18",9,1,62,0,2017,5,15,7,3,3,7,1,1,1,0,0,0,0,0,690310.6811,5332745.2114,11.557237715,48.119498829,1,#66c2a5,bicycle
174422,"9,17E+18",9,1,62,0,2017,5,13,7,2,5,3,1,1,0,0,0,0,0,0,693444.3275,5332082.1225,11.598999713,48.1125949,1,#66c2a5,bicycle
174423,"9,17E+18",9,1,62,0,2017,5,14,7,3,5,2,0,1,0,0,0,0,0,0,684603.5584,5335013.7226,11.48160866,48.141569627,2,#fc8d62,car
174424,"9,17E+18",9,1,62,0,2017,5,15,7,3,1,2,0,1,0,0,0,0,0,0,682622989.0,5337422313.0,11.456043112,48.16379123,2,#fc8d62,car
174425,"9,17E+18",9,1,62,0,2017,5,11,7,3,5,2,1,1,0,0,0,0,0,0,688651.0967,5336496.9907,11.536621941,48.153714236,1,#66c2a5,bicycle
174426,"9,17E+18",9,1,62,0,2017,5,12,7,3,6,4,1,0,1,0,0,0,0,0,684370.0745,5330734.7923,11.476622357,48.103175848,1,#66c2a5,bicycle
174427,"9,17E+18",9,1,62,0,2017,5,13,7,3,0,7,1,0,0,0,0,0,0,0,698799.4917,5333324.1805,11.671447481,48.122108619,1,#66c2a5,bicycle
174430,"9,17E+18",9,7,78,116,2017,5,14,7,3,5,3,1,0,0,0,0,0,0,0,619349.2155,5319214055.0,10.600439547,48.015067077,1,#66c2a5,bicycle
174437,"9,17E+18",9,7,72,223,2017,5,10,7,3,8,7,0,0,0,0,0,1,0,0,618752.6447,5361352.4339,10.604236506,48.394143853,6,#ffd92f,circle
174438,"9,17E+18",9,7,71,130,2017,5,17,7,3,2,6,1,1,0,0,0,0,0,0,644719.6536,5357748.62,10.953592635,48.356316386,1,#66c2a5,bicycle
174439,"9,17E+18",9,7,61,0,2017,5,12,7,3,0,1,1,0,0,0,0,0,0,0,637692.3165,5361439.7145,10.859991672,48.391077727,1,#66c2a5,bicycle
174471,"9,17E+18",9,1,73,120,2017,5,15,7,3,0,1,1,0,0,0,0,0,0,0,687017.7564,5312115.35,11.504030568,47.935042789,1,#66c2a5,bicycle
174472,"9,17E+18",9,1,73,126,2017,5,9,7,3,5,3,0,1,0,1,0,0,0,0,684720.5901,5305595.3628,11.470510759,47.877101203,2,#fc8d62,car
174480,"9,17E+18",9,1,63,0,2017,5,14,7,3,0,7,0,0,0,0,0,1,0,0,733703.0905,5304864.6167,12.124321141,47.854583475,6,#ffd92f,circle
174484,"9,17E+18",9,1,85,158,2017,5,9,7,2,4,6,0,1,0,1,0,0,0,0,668121.7278,5383072.4015,11.279437246,48.578164559,2,#fc8d62,car
174488,"9,17E+18",9,1,81,138,2017,5,10,7,3,0,7,0,0,0,1,0,0,0,0,640255.7773,5336325.8036,10.886266028,48.164692384,4,#e78ac3,marker
174489,"9,17E+18",9,1,79,121,2017,5,11,7,3,0,5,0,0,0,1,0,0,0,0,667626.4455,5338110.6839,11.254799648,48.174110949,4,#e78ac3,marker
174490,"9,17E+18",9,1,74,137,2017,5,2,7,3,0,1,1,0,0,0,0,0,2,0,660319567.0,5353431459.0,11.162387161,48.313736319,1,#66c2a5,bicycle
174491,"9,17E+18",9,1,74,115,2017,5,17,7,3,5,7,0,1,0,0,0,0,0,0,683590.5719,5348321.9116,11.473760644,48.26148331,2,#fc8d62,car
174492,"9,17E+18",9,1,74,115,2017,5,16,7,3,6,2,0,1,1,0,0,0,0,0,682141.3471,5348718.8588,11.454422904,48.265469546,2,#fc8d62,car
174493,"9,17E+18",9,1,74,115,2017,5,13,7,3,0,1,1,0,0,0,0,0,0,0,681466834.0,5349871367.0,11.445836806,48.276022504,1,#66c2a5,bicycle
174494,"9,17E+18",9,1,74,115,2017,5,10,7,3,5,2,1,1,0,0,0,0,0,0,682127.0213,5348731.9626,11.454235685,48.265591448,1,#66c2a5,bicycle
174495,"9,17E+18",9,1,74,115,2017,5,10,7,2,5,3,1,1,0,0,0,0,0,0,681780.2097,5346160387.0,11.448462197,48.242576299,1,#66c2a5,bicycle
174496,"9,17E+18",9,1,78,143,2017,5,12,7,2,5,3,1,1,0,0,0,0,0,0,721107.7193,5371313.7512,11.990704807,48.456073032,1,#66c2a5,bicycle
174497,"9,17E+18",9,1,77,117,2017,5,22,7,3,0,1,1,0,0,0,0,0,2,0,715081749.0,5353962311.0,11.90043058,48.30225832,1,#66c2a5,bicycle
174498,"9,17E+18",9,1,62,0,2017,5,16,6,3,4,7,1,1,0,0,0,0,0,0,691878.8757,5334635.9294,11.579139046,48.136021724,1,#66c2a5,bicycle
174499,"9,17E+18",9,1,62,0,2017,5,10,6,3,2,6,0,1,0,0,0,0,0,0,688171.9239,5330471.9307,11.527525269,48.099701661,2,#fc8d62,car
174500,"9,17E+18",9,1,62,0,2017,5,19,6,3,1,6,0,1,0,0,0,0,0,0,692203.5101,5334913.1947,11.583623131,48.13841577,2,#fc8d62,car
174501,"9,17E+18",9,1,62,0,2017,5,10,6,2,5,3,1,0,0,0,0,0,0,0,690944.2606,5334817.4734,11.566670908,48.137934541,1,#66c2a5,bicycle
174502,"9,17E+18",9,1,84,149,2017,5,14,6,3,6,4,0,1,1,0,0,0,0,0,691494.3527,5350626.2435,11.581192434,48.279854417,2,#fc8d62,car
174503,"9,17E+18",9,1,62,0,2017,5,18,6,2,6,4,0,1,1,0,0,0,0,0,693432.8892,5334638.4324,11.60000623,48.135573777,2,#fc8d62,car
174504,"9,17E+18",9,1,62,0,2017,5,11,6,3,5,2,0,1,0,1,0,0,0,0,690055.3829,5333627.8137,11.554204281,48.127507948,2,#fc8d62,car
174505,"9,17E+18",9,1,62,0,2017,5,14,6,3,0,7,1,0,0,0,0,0,0,0,692963.1295,5340884.3504,11.596532314,48.191852763,1,#66c2a5,bicycle
174506,"9,17E+18",9,1,62,0,2017,5,16,6,3,5,3,1,0,0,0,0,1,0,0,689737.2414,5340919.6457,11.553185301,48.193141862,1,#66c2a5,bicycle
174507,"9,17E+18",9,1,62,0,2017,5,18,6,3,6,4,1,0,1,0,0,0,0,0,689082783.0,5336176.1593,11.542277982,48.150702383,1,#66c2a5,bicycle
174508,"9,17E+18",9,1,62,0,2017,5,17,6,3,5,7,0,0,0,1,0,1,0,0,687294138.0,5327425637.0,11.514410878,48.072579056,4,#e78ac3,marker
174509,"9,17E+18",9,1,62,0,2017,5,8,6,3,2,6,0,1,0,1,0,0,0,0,692655088.0,5333419254.0,11.589011385,48.124852,2,#fc8d62,car
174510,"9,17E+18",9,1,62,0,2017,5,23,6,2,0,7,1,0,0,0,0,0,2,0,693465.0072,5334641.6515,11.600438941,48.135592946,1,#66c2a5,bicycle
174511,"9,17E+18",9,1,62,0,2017,5,8,6,3,5,7,1,1,0,0,0,0,0,0,692944.0963,5333673.4278,11.593006187,48.127048932,1,#66c2a5,bicycle
174512,"9,17E+18",9,1,62,0,2017,5,8,6,3,0,3,1,0,0,0,0,1,0,0,685239.8744,5334456.4047,11.489911837,48.136375257,1,#66c2a5,bicycle
174513,"9,17E+18",9,1,62,0,2017,5,14,6,3,2,6,0,1,0,0,0,0,0,0,689102.8232,5332843.58,11.541067754,48.120742836,2,#fc8d62,car
174514,"9,17E+18",9,1,62,0,2017,5,20,6,3,6,4,0,1,1,0,0,0,1,0,690338.5989,5334951.5788,11.558597972,48.139321328,2,#fc8d62,car
174515,"9,17E+18",9,1,62,0,2017,5,7,6,3,0,7,1,0,0,0,0,0,0,0,690528009.0,5336870208.0,11.562000154,48.156509191,1,#66c2a5,bicycle
174516,"9,17E+18",9,1,62,0,2017,5,7,6,3,5,3,0,1,0,0,0,0,0,0,691009.93,5335895563.0,11.568036311,48.147604613,2,#fc8d62,car
174517,"9,17E+18",9,1,62,0,2017,5,15,6,3,6,7,0,0,1,0,0,1,0,0,691883619.0,5334528.7271,11.579154448,48.135056776,3,#8da0cb,toilet
174518,"9,17E+18",9,1,62,0,2017,5,20,6,3,5,3,0,1,0,0,0,0,0,0,692281.4732,5334894.0842,11.584661387,48.138220455,2,#fc8d62,car
174523,"9,17E+18",9,7,77,121,2017,5,16,6,3,4,2,0,1,0,0,0,0,0,0,628171.7381,5321650.2566,10.719422561,48.03526731,2,#fc8d62,car
174525,"9,17E+18",9,7,72,147,2017,5,13,6,3,6,4,0,0,1,1,0,0,0,0,639011.5993,5365157.8099,10.879034685,48.424220329,3,#8da0cb,toilet
174526,"9,17E+18",9,7,71,146,2017,5,16,6,3,8,1,0,0,0,1,0,0,0,0,647655.4837,5346997.4328,10.98943709,48.258969947,4,#e78ac3,marker
174527,"9,17E+18",9,7,61,0,2017,5,10,6,2,4,2,0,1,0,1,0,0,0,0,638436.3933,5360478.3957,10.869720585,48.382270864,2,#fc8d62,car
174528,"9,17E+18",9,7,61,0,2017,5,13,6,3,6,7,0,1,1,0,0,0,0,0,638677.8127,5360559.6478,10.873006197,48.382948441,2,#fc8d62,car
174529,"9,17E+18",9,7,61,0,2017,5,14,6,3,5,3,0,1,0,0,0,0,0,0,640503.9877,5355012.2648,10.895804603,48.33266401,2,#fc8d62,car
174530,"9,17E+18",9,7,61,0,2017,5,17,6,2,1,5,1,1,0,0,0,0,0,0,639901.4682,5360291726.0,10.889434599,48.38026919,1,#66c2a5,bicycle
174531,"9,17E+18",9,7,61,0,2017,5,19,6,3,3,6,1,0,0,0,0,0,0,0,641575.1916,5359574352.0,10.911784396,48.373445502,1,#66c2a5,bicycle
174577,"9,17E+18",9,2,61,0,2017,5,17,6,3,5,3,0,1,0,1,0,0,0,0,732709.1988,5382363078.0,12.153543238,48.551144531,2,#fc8d62,car
174578,"9,17E+18",9,2,74,126,2017,5,11,6,3,1,1,0,1,0,1,0,0,0,0,733507.3637,5384046.0654,12.16528632,48.565965495,2,#fc8d62,car
174579,"9,17E+18",9,2,74,126,2017,5,16,6,3,0,1,1,0,0,0,0,0,0,0,733675.2986,5383690.8049,12.167359654,48.562711789,1,#66c2a5,bicycle
174585,"9,17E+18",9,1,87,122,2017,5,7,6,3,1,1,1,1,0,0,0,0,0,0,720824.2765,5306581.0262,11.953267319,47.874560246,1,#66c2a5,bicycle
174586,"9,17E+18",9,1,87,150,2017,5,20,6,3,0,4,1,0,1,0,0,0,0,0,729599.7422,5303473.0995,12.068808232,47.843560287,1,#66c2a5,bicycle
174588,"9,17E+18",9,1,86,162,2017,5,17,6,1,2,2,0,0,0,1,0,1,0,0,695507.6815,5385728.9738,11.651607268,48.594093295,4,#e78ac3,marker
174590,"9,17E+18",9,1,81,130,2017,5,17,6,3,5,3,0,1,0,0,0,0,0,0,638474.9602,5324551344.0,10.858506317,48.059203793,2,#fc8d62,car
174591,"9,17E+18",9,1,79,145,2017,5,16,6,3,1,6,0,1,0,0,0,1,0,0,675810.7684,5338945.7334,11.365140092,48.179406039,2,#fc8d62,car
174592,"9,17E+18",9,1,79,126,2017,5,15,6,3,3,7,1,1,0,0,0,0,0,0,676607128.0,5340907.4061,11.376659424,48.196818953,1,#66c2a5,bicycle
174593,"9,17E+18",9,1,79,123,2017,5,20,6,3,1,7,1,1,0,0,0,0,0,0,676865.7101,5334404.3777,11.377431336,48.13829022,1,#66c2a5,bicycle
174594,"9,17E+18",9,1,79,121,2017,5,17,6,3,0,7,1,0,0,0,0,0,0,0,666502.9267,5337752.4324,11.23955852,48.171185615,1,#66c2a5,bicycle
174595,"9,17E+18",9,1,81,114,2017,5,12,6,3,0,1,1,0,0,0,0,0,0,0,655746.4461,5312858.7075,11.085915592,47.950090879,1,#66c2a5,bicycle
174596,"9,17E+18",9,1,78,124,2017,5,16,6,3,8,1,0,0,0,1,0,0,0,0,704440.6763,5359457.7267,11.759775644,48.355169203,4,#e78ac3,marker
174597,"9,17E+18",9,1,75,127,2017,5,16,6,3,5,3,1,1,0,0,0,0,0,0,712496.2425,5341764.6797,11.859488335,48.1935294,1,#66c2a5,bicycle
174598,"9,17E+18",9,1,77,117,2017,5,8,6,3,1,6,0,1,0,1,0,0,0,0,714527.3407,5355019.3603,11.893501454,48.311944349,2,#fc8d62,car
174599,"9,17E+18",9,1,77,120,2017,5,9,6,3,0,1,1,0,0,0,0,0,0,0,719615.6959,5358904.6439,11.964061893,48.345106068,1,#66c2a5,bicycle
174600,"9,17E+18",9,1,62,0,2017,5,15,5,2,3,6,1,0,0,0,0,0,0,0,691567.3925,5330100.5407,11.572919279,48.095351871,1,#66c2a5,bicycle
174601,"9,17E+18",9,1,62,0,2017,5,21,5,3,0,1,1,0,0,0,0,0,2,0,691476.3938,5337328.2187,11.574945734,48.160340875,1,#66c2a5,bicycle
174602,"9,17E+18",9,1,88,120,2017,5,12,5,3,0,7,1,0,1,0,0,0,0,0,679678445.0,5328972215.0,11.412917079,48.08867242,1,#66c2a5,bicycle
174603,"9,17E+18",9,1,62,0,2017,5,13,5,3,2,6,0,1,0,0,0,0,0,0,678940.0615,5338841.4077,11.407155577,48.177594717,2,#fc8d62,car
174611,"9,17E+18",9,7,62,0,2017,5,19,5,3,2,6,1,0,0,0,0,0,0,0,621262.4196,5306780.1239,10.622578262,47.902880658,1,#66c2a5,bicycle
174612,"9,17E+18",9,7,77,112,2017,5,16,5,2,0,1,1,0,0,0,0,0,0,0,622555.0067,5299162.3544,10.637706351,47.834123004,1,#66c2a5,bicycle
174616,"9,17E+18",9,7,62,0,2017,5,7,4,3,2,6,1,1,0,0,0,0,0,0,620866.4751,5305824.7974,10.617014794,47.894363409,1,#66c2a5,bicycle
174618,"9,17E+18",9,7,77,121,2017,5,13,4,3,0,1,1,0,0,0,0,0,0,0,627659.6848,5322431.9984,10.712789636,48.042400172,1,#66c2a5,bicycle
174621,"9,17E+18",9,7,72,184,2017,5,7,4,2,5,3,1,1,0,0,0,0,0,0,635745.9741,5362150.9343,10.833943865,48.397894927,1,#66c2a5,bicycle
174622,"9,17E+18",9,7,72,125,2017,5,7,4,3,4,6,1,0,0,0,0,0,0,0,638111.1877,5347976898.0,10.861234699,48.269929788,1,#66c2a5,bicycle
174623,"9,17E+18",9,7,61,0,2017,5,13,4,3,5,3,1,1,0,0,0,0,0,0,639114.3115,5359145.0815,10.878430202,48.370132904,1,#66c2a5,bicycle
174624,"9,17E+18",9,7,61,0,2017,5,20,4,3,6,4,0,1,1,0,0,0,0,0,640977.1001,5360652.7139,10.904074297,48.383275619,2,#fc8d62,car
174627,"9,17E+18",9,7,61,0,2017,5,19,4,3,3,2,1,0,0,0,0,0,0,0,639130.0884,5355964.1742,10.877591509,48.341527381,1,#66c2a5,bicycle
174629,"9,17E+18",9,7,61,0,2017,5,17,4,3,2,6,0,1,0,1,0,0,0,0,640284.5754,5359153871.0,10.894226009,48.3699529,2,#fc8d62,car
174630,"9,17E+18",9,7,61,0,2017,5,12,4,3,0,1,0,0,0,1,0,0,0,0,640541.3002,5359317.2846,10.897745138,48.371365144,4,#e78ac3,marker
174631,"9,17E+18",9,7,61,0,2017,5,19,4,3,0,1,1,0,0,0,0,0,0,0,639678.0009,5358898.3123,10.885955336,48.367789521,1,#66c2a5,bicycle
174632,"9,17E+18",9,7,71,113,2017,5,17,4,3,5,3,1,1,0,0,0,0,0,0,657244.2107,5368866.3631,11.126712389,48.453274377,1,#66c2a5,bicycle
174662,"9,17E+18",9,2,61,0,2017,5,17,4,3,3,2,1,1,0,0,0,0,0,0,737013692.0,5384914933.0,12.213233643,48.572454191,1,#66c2a5,bicycle
174664,"9,17E+18",9,1,73,126,2017,5,7,4,2,0,7,1,0,0,0,0,0,0,1,684557.2187,5305985.3982,11.468494518,47.880654213,1,#66c2a5,bicycle
174670,"9,17E+18",9,1,81,130,2017,5,13,4,3,0,6,1,1,0,0,0,0,0,0,639600787.0,5323198.3709,10.873166523,48.046792123,1,#66c2a5,bicycle
174671,"9,17E+18",9,1,81,128,2017,5,8,4,2,0,7,1,0,0,0,0,0,0,1,640494105.0,5327778.9678,10.886651684,48.087785771,1,#66c2a5,bicycle
174672,"9,17E+18",9,1,88,132,2017,5,14,4,2,8,1,0,0,0,1,0,0,0,0,667150214.0,5322529.6208,11.242295109,48.034160972,4,#e78ac3,marker
174673,"9,17E+18",9,1,79,121,2017,5,19,4,3,2,7,0,1,0,0,0,0,0,0,666801.0151,5338223.2207,11.243749524,48.175339844,2,#fc8d62,car
174674,"9,17E+18",9,1,74,115,2017,5,10,4,3,0,1,1,0,0,0,0,0,0,0,680129.1941,5346726.0726,11.426485527,48.248132317,1,#66c2a5,bicycle
174675,"9,17E+18",9,1,75,135,2017,5,20,4,3,6,4,0,1,1,0,0,0,0,0,708524.5405,5340007.7891,11.805247304,48.179058191,2,#fc8d62,car
174676,"9,17E+18",9,1,77,130,2017,5,17,4,3,0,1,1,0,0,0,0,0,0,0,706895.1797,5350742.0418,11.788594162,48.276050708,1,#66c2a5,bicycle
174677,"9,17E+18",9,1,62,0,2017,5,19,3,3,0,7,1,0,0,0,0,0,0,0,691284.7222,5334154.5717,11.570944959,48.131874192,1,#66c2a5,bicycle
174678,"9,17E+18",9,1,62,0,2017,5,19,3,3,4,2,1,1,0,0,0,0,0,0,695552.6081,5336691.1057,11.629409979,48.153374334,1,#66c2a5,bicycle
174679,"9,17E+18",9,1,84,145,2017,5,7,3,3,5,2,1,1,0,0,0,0,0,0,694912.0886,5324636.5687,11.615302232,48.045229263,1,#66c2a5,bicycle
174680,"9,17E+18",9,1,62,0,2017,5,14,3,3,5,3,0,1,0,0,0,0,0,0,693319.1696,5330982.2511,11.596821587,48.102747516,2,#fc8d62,car
174681,"9,17E+18",9,1,62,0,2017,5,21,3,3,1,7,0,1,0,0,0,0,2,1,690485.6817,5333956.0095,11.560127903,48.130329156,2,#fc8d62,car
174682,"9,17E+18",9,1,62,0,2017,5,18,3,3,6,3,1,0,1,0,0,0,0,0,692536488.0,5334566237.0,11.587937503,48.135196728,1,#66c2a5,bicycle
174683,"9,17E+18",9,1,62,0,2017,5,9,3,2,7,7,1,0,0,0,0,1,0,0,685036.7904,5329336.41,11.484963414,48.090413117,1,#66c2a5,bicycle
174684,"9,17E+18",9,1,62,0,2017,5,19,3,3,5,3,1,1,0,0,0,0,0,0,681061.1148,5335714.9789,11.434331159,48.148891069,1,#66c2a5,bicycle
174685,"9,17E+18",9,1,62,0,2017,5,20,3,3,0,7,1,0,0,0,0,0,2,1,689657.5699,5337347.6889,11.550520407,48.161060987,1,#66c2a5,bicycle
174686,"9,17E+18",9,1,62,0,2017,5,14,3,3,2,6,0,1,0,0,0,0,0,0,686427.6014,5337533.6119,11.507208705,48.163687379,2,#fc8d62,car
174687,"9,17E+18",9,1,62,0,2017,5,19,3,3,1,6,0,1,0,0,0,0,0,0,687340.4987,5334900.5945,11.518314736,48.139752831,2,#fc8d62,car
174688,"9,17E+18",9,1,62,0,2017,5,20,3,3,5,3,0,1,0,0,0,0,1,0,684808.1639,5330872.4642,11.482561066,48.104286394,2,#fc8d62,car
174689,"9,17E+18",9,1,84,130,2017,5,16,3,3,0,1,1,0,0,0,0,0,0,0,699037958.0,5345103392.0,11.68016372,48.227894808,1,#66c2a5,bicycle
174690,"9,17E+18",9,1,62,0,2017,5,19,3,3,5,3,0,1,0,1,0,0,0,0,692879.6996,5331093.0492,11.59097461,48.103876542,2,#fc8d62,car
174691,"9,17E+18",9,1,62,0,2017,5,18,3,3,2,6,0,1,0,0,0,0,0,0,692022.0735,5331592.1148,11.579690759,48.108621153,2,#fc8d62,car
174692,"9,17E+18",9,1,62,0,2017,5,13,3,3,1,5,1,1,0,0,0,0,0,0,697589.5186,5335958.3779,11.656427874,48.146159579,1,#66c2a5,bicycle
174693,"9,17E+18",9,1,62,0,2017,5,12,3,3,3,2,1,1,0,0,0,0,0,0,692338.6151,5337784.3864,11.586734787,48.16418057,1,#66c2a5,bicycle
174694,"9,17E+18",9,1,62,0,2017,5,20,3,3,0,1,1,0,0,0,0,0,0,0,691270.7011,5339014.5781,11.572941021,48.175559517,1,#66c2a5,bicycle
174695,"9,17E+18",9,1,62,0,2017,5,23,3,3,6,7,1,0,1,0,0,0,2,0,691797894.0,5334776.94,11.578115166,48.137313519,1,#66c2a5,bicycle
174706,"9,17E+18",9,7,78,111,2017,5,12,3,2,8,1,1,0,0,0,0,0,0,0,625261.84,5324705.0635,10.681298124,48.063317381,1,#66c2a5,bicycle
174709,"9,17E+18",9,7,73,182,2017,5,7,3,3,2,6,1,1,0,0,0,0,0,0,623753.5931,5379867.2661,10.677246058,48.559678552,1,#66c2a5,bicycle