OBJECTID,UIDENTSTLA,ULAND,UREGBEZ,UKREIS,UGEMEINDE,UJAHR,UMONAT,USTUNDE,UWOCHENTAG,UKATEGORIE,UART,UTYP1,IstRad,IstPKW,IstFuss,IstKrad,IstGkfz,IstSonstig,ULICHTVERH,STRZUSTAND,LINREFX,LINREFY,XGCSWGS84,YGCSWGS84,Teilnehmer,color,symbol
174710,"9,17E+18",9,7,61,0,2017,5,7,3,3,1,6,1,1,0,0,0,0,0,0,638003.2483,5355652.3346,10.862290764,48.338970511,1,#66c2a5,bicycle
174744,"9,17E+18",9,1,83,119,2017,5,7,3,3,5,3,0,1,0,0,0,0,0,0,736181.6147,5339401.8228,12.176418313,48.163939596,2,#fc8d62,car
174747,"9,17E+18",9,1,63,0,2017,5,17,3,2,6,6,1,0,1,0,0,0,0,0,733763.1297,5305695.3057,12.125571513,47.86202456,1,#66c2a5,bicycle
174748,"9,17E+18",9,1,63,0,2017,5,13,3,3,0,1,1,0,0,0,0,0,0,0,732653.3857,5304770481.0,12.110258688,47.854118557,1,#66c2a5,bicycle
174751,"9,17E+18",9,1,86,162,2017,5,14,3,2,3,3,0,1,0,0,0,1,0,0,691474.1884,5384266078.0,11.596287469,48.582192382,2,#fc8d62,car
174755,"9,17E+18",9,1,79,142,2017,5,11,3,2,0,2,1,1,0,0,0,0,0,0,673703.1877,5342599.5871,11.338306868,48.21283159,1,#66c2a5,bicycle
174756,"9,17E+18",9,1,79,118,2017,5,16,3,2,0,1,1,0,0,0,0,0,0,0,673437208.0,5338024.3719,11.332860848,48.171775837,1,#66c2a5,bicycle
174757,"9,17E+18",9,1,81,130,2017,5,20,3,3,0,7,1,0,0,0,0,0,1,1,638886.0899,5322579.0833,10.863381038,48.041379184,1,#66c2a5,bicycle
174758,"9,17E+18",9,1,81,127,2017,5,9,3,3,4,6,1,1,0,0,0,0,0,0,634859.1226,5326246.3,10.810537391,48.075220386,1,#66c2a5,bicycle
174759,"9,17E+18",9,1,74,115,2017,5,7,3,3,3,6,1,0,0,0,0,0,0,0,681329.7379,5348915.9516,11.44358102,48.26747396,1,#66c2a5,bicycle
174760,"9,17E+18",9,1,78,124,2017,5,8,3,2,5,2,1,1,0,0,0,0,0,0,703373.8183,5364781.2621,11.747966686,48.403352223,1,#66c2a5,bicycle
174761,"9,17E+18",9,1,77,117,2017,5,18,3,3,8,1,0,1,0,0,0,0,0,0,715245.5852,5355107.1539,11.903220875,48.312489187,2,#fc8d62,car
174762,"9,17E+18",9,1,77,117,2017,5,12,3,2,5,3,1,1,0,0,0,0,0,0,715125044.0,5353129.8259,11.900589522,48.294763578,1,#66c2a5,bicycle
174763,"9,17E+18",9,1,75,115,2017,5,7,3,3,0,2,0,0,0,1,0,0,0,0,719258.7115,5328366.2614,11.943471373,48.070845406,4,#e78ac3,marker
174764,"9,17E+18",9,1,62,0,2017,5,13,2,2,3,6,1,0,0,0,0,0,0,0,689461.3753,5340133.0023,11.549126046,48.186153886,1,#66c2a5,bicycle
174765,"9,17E+18",9,1,62,0,2017,5,17,2,3,3,6,1,1,0,0,0,0,0,0,691498.9996,5337249.8591,11.575214142,48.159629783,1,#66c2a5,bicycle
174766,"9,17E+18",9,1,62,0,2017,5,11,2,3,2,6,0,1,0,0,0,0,0,0,692919.4319,5335344.2266,11.593431685,48.14207313,2,#fc8d62,car
174767,"9,17E+18",9,1,84,140,2017,5,16,2,3,5,3,1,1,0,0,0,0,0,0,702184.6433,5328762604.0,11.714723387,48.080048233,1,#66c2a5,bicycle
174768,"9,17E+18",9,1,62,0,2017,5,15,2,2,0,6,1,1,0,0,0,0,0,0,689126.0081,5343469.8988,11.546105237,48.216245782,1,#66c2a5,bicycle
174769,"9,17E+18",9,1,62,0,2017,5,8,2,3,5,2,0,1,0,0,0,1,0,0,694957.7496,5336695.7435,11.621422305,48.153598638,2,#fc8d62,car
174770,"9,17E+18",9,1,62,0,2017,5,17,2,3,5,7,1,1,0,0,0,0,0,0,692824.4183,5335368.5997,11.592166802,48.142320991,1,#66c2a5,bicycle
174771,"9,17E+18",9,1,84,149,2017,5,17,2,3,4,6,1,0,0,0,0,0,0,0,691111.7758,5351397.9216,11.57639002,48.286905563,1,#66c2a5,bicycle
174772,"9,17E+18",9,1,84,138,2017,5,19,2,3,5,3,1,1,0,0,0,0,0,0,681346692.0,5330718913.0,11.436041231,48.103900879,1,#66c2a5,bicycle
174773,"9,17E+18",9,1,88,127,2017,5,10,2,3,0,1,1,0,0,0,0,0,0,0,679581.1985,5329725.6525,11.411929227,48.095472521,1,#66c2a5,bicycle
174774,"9,17E+18",9,1,62,0,2017,5,8,2,3,5,3,0,1,0,0,0,1,0,0,685354.4655,5337737.5145,11.492879501,48.165833912,2,#fc8d62,car
174775,"9,17E+18",9,1,62,0,2017,5,14,2,3,5,3,1,1,0,0,0,0,0,0,690065.0759,5340175.6715,11.557259301,48.186357062,1,#66c2a5,bicycle
174776,"9,17E+18",9,1,62,0,2017,5,18,2,3,0,5,1,1,0,0,0,0,0,0,687413.7879,5336535.4124,11.52001863,48.154425395,1,#66c2a5,bicycle
174777,"9,17E+18",9,1,62,0,2017,5,17,2,3,5,2,1,1,0,0,0,0,0,0,689826.7346,5336706.5763,11.552506957,48.155248186,1,#66c2a5,bicycle
174778,"9,17E+18",9,1,62,0,2017,5,19,2,3,5,3,1,1,0,0,0,0,0,0,690087616.0,5335906.9973,11.555654177,48.147983657,1,#66c2a5,bicycle
174779,"9,17E+18",9,1,62,0,2017,5,13,2,3,0,1,1,0,0,0,0,0,0,0,687065289.0,5328267.1026,11.511709986,48.080209659,1,#66c2a5,bicycle
174780,"9,17E+18",9,1,62,0,2017,5,16,2,3,5,3,0,0,0,1,0,1,0,0,693203.9753,5334486.2864,11.596863588,48.134275867,4,#e78ac3,marker
174781,"9,17E+18",9,1,62,0,2017,5,7,2,3,2,6,0,1,0,0,0,0,0,0,692836.74,5334012.7445,11.591718483,48.130131162,2,#fc8d62,car
174782,"9,17E+18",9,1,62,0,2017,5,20,2,3,5,3,1,1,0,0,0,0,0,0,692392.9693,5332979.9134,11.585294317,48.12098255,1,#66c2a5,bicycle
174783,"9,17E+18",9,1,62,0,2017,5,21,2,3,6,4,0,1,1,0,0,0,1,0,693030.0082,5336297.0708,11.595348605,48.150603488,2,#fc8d62,car
174793,"9,17E+18",9,7,77,141,2017,5,21,2,2,0,7,1,0,0,0,0,0,2,0,631644.6385,5309660.2163,10.762314073,47.926734957,1,#66c2a5,bicycle
174795,"9,17E+18",9,7,72,202,2017,5,17,2,3,0,3,0,1,1,0,0,0,0,0,636053.5293,5359782344.0,10.837329692,48.376530403,2,#fc8d62,car
174796,"9,17E+18",9,7,61,0,2017,5,19,2,3,0,7,1,0,0,0,0,0,0,0,640125396.0,5363200813.0,10.893427741,48.406376995,1,#66c2a5,bicycle
174797,"9,17E+18",9,7,61,0,2017,5,16,2,3,5,3,1,1,0,0,0,0,0,0,641068.4203,5361167.2748,10.905479746,48.38788193,1,#66c2a5,bicycle
174798,"9,17E+18",9,7,61,0,2017,5,19,2,3,1,6,0,1,0,1,0,0,0,0,639361.7452,5358674.4333,10.881613414,48.365846364,2,#fc8d62,car
174835,"9,17E+18",9,2,61,0,2017,5,20,2,3,5,3,0,1,0,0,0,0,1,0,732599.3513,5381057.5092,12.151328089,48.53945773,2,#fc8d62,car
174836,"9,17E+18",9,2,61,0,2017,5,11,2,2,5,3,1,0,0,0,0,0,0,0,732842.0131,5380924.3668,12.154536173,48.538171769,1,#66c2a5,bicycle
174837,"9,17E+18",9,2,74,113,2017,5,7,2,3,7,7,1,0,0,0,0,0,0,0,728277.5261,5382057343.0,12.093412233,48.550026412,1,#66c2a5,bicycle
174841,"9,17E+18",9,1,87,122,2017,5,16,2,3,0,3,0,1,0,1,0,0,0,0,719353.3866,5307097.2471,11.933884722,47.879702817,2,#fc8d62,car
174844,"9,17E+18",9,1,87,179,2017,5,21,2,3,0,1,1,0,0,0,0,0,0,0,725416.2331,5313568.1762,12.018243061,47.935743652,1,#66c2a5,bicycle
174845,"9,17E+18",9,1,87,117,2017,5,11,2,2,6,7,0,1,1,0,0,0,0,0,722404.3869,5303193.4044,11.972628069,47.843576321,2,#fc8d62,car
174848,"9,17E+18",9,1,85,158,2017,5,16,2,3,6,7,1,0,1,0,0,0,0,0,666984.7511,5381091.6801,11.263239292,48.560663365,1,#66c2a5,bicycle
174849,"9,17E+18",9,1,86,152,2017,5,12,2,3,5,3,0,1,0,0,0,0,0,0,692064.1577,5375069.5246,11.600039324,48.499361938,2,#fc8d62,car
174850,"9,17E+18",9,1,86,126,2017,5,18,2,2,0,1,1,0,0,0,0,0,0,0,684862.6133,5376385231.0,11.503230939,48.513347254,1,#66c2a5,bicycle
174851,"9,17E+18",9,1,88,139,2017,5,14,2,3,5,7,1,0,0,0,0,0,0,0,674781.1239,5319466.7425,11.343327015,48.004584045,1,#66c2a5,bicycle
174852,"9,17E+18",9,1,79,142,2017,5,8,2,3,2,6,0,1,0,0,0,0,0,0,674202.9611,5343885.7233,11.345557087,48.224256068,2,#fc8d62,car
174853,"9,17E+18",9,1,81,130,2017,5,19,2,3,7,7,1,0,0,0,0,0,1,0,639208.9078,5322498.2698,10.867683503,48.040582171,1,#66c2a5,bicycle
174854,"9,17E+18",9,1,81,121,2017,5,16,2,2,0,7,1,0,0,0,0,0,0,0,634246.7088,5309655.4342,10.797128686,47.92615224,1,#66c2a5,bicycle
174855,"9,17E+18",9,1,81,128,2017,5,17,2,3,6,4,0,1,1,0,0,0,0,0,638141.74,5328258352.0,10.855234913,48.092610736,2,#fc8d62,car
174856,"9,17E+18",9,1,79,126,2017,5,17,2,3,0,7,0,0,0,1,0,0,0,0,676404.2555,5339951.3727,11.37353459,48.188281411,4,#e78ac3,marker
174857,"9,17E+18",9,1,79,126,2017,5,11,2,2,5,3,1,1,0,0,0,0,0,0,677274.5107,5339870.7548,11.385199799,48.187314454,1,#66c2a5,bicycle
174858,"9,17E+18",9,1,79,121,2017,5,16,2,3,5,3,0,1,0,0,0,0,0,0,667203.7469,5338910.6792,11.249433087,48.181414235,2,#fc8d62,car
174859,"9,17E+18",9,1,81,114,2017,5,19,2,3,0,1,1,0,0,0,0,0,0,0,657137.7163,5312385.4757,11.104363146,47.945496128,1,#66c2a5,bicycle
174860,"9,17E+18",9,1,74,126,2017,5,20,2,3,4,7,1,1,0,0,0,0,0,0,684170.6125,5346228.3362,11.480657796,48.242497193,1,#66c2a5,bicycle
174861,"9,17E+18",9,1,78,124,2017,5,18,2,2,9,1,0,0,0,1,0,0,0,0,704549.5189,5358930.5478,11.760987009,48.350396639,4,#e78ac3,marker
174862,"9,17E+18",9,1,77,139,2017,5,15,2,2,5,3,1,1,0,0,0,0,0,0,732937.4615,5359136.9981,12.143715416,48.342422892,1,#66c2a5,bicycle
174863,"9,17E+18",9,1,84,136,2017,5,11,1,3,5,3,1,0,0,0,0,0,0,0,697665.1889,5326603.7826,11.653110923,48.062063043,1,#66c2a5,bicycle
174864,"9,17E+18",9,1,62,0,2017,5,16,1,3,3,1,0,1,0,1,0,0,0,0,690793.0687,5339725.4199,11.566841814,48.182092043,2,#fc8d62,car
174865,"9,17E+18",9,1,62,0,2017,5,17,1,3,0,6,1,0,0,0,0,0,0,0,679602255.0,5337694.6794,11.415570942,48.167100063,1,#66c2a5,bicycle
174866,"9,17E+18",9,1,62,0,2017,5,16,1,2,5,7,0,1,0,1,0,0,0,0,688357.9858,5341107.1018,11.534727519,48.195237278,2,#fc8d62,car
174867,"9,17E+18",9,1,62,0,2017,5,11,1,2,1,1,1,1,0,0,0,0,0,0,694917.7818,5331137016.0,11.618342993,48.103651434,1,#66c2a5,bicycle
174868,"9,17E+18",9,1,62,0,2017,5,13,1,2,5,3,1,1,0,0,0,0,0,0,694194.6947,5331320.3501,11.608723611,48.105519993,1,#66c2a5,bicycle
174869,"9,17E+18",9,1,62,0,2017,5,23,1,3,0,1,1,0,0,0,0,0,2,0,693955134.0,5335086.1282,11.607222254,48.139438561,1,#66c2a5,bicycle
174899,"9,17E+18",9,1,73,126,2017,6,18,7,3,5,3,1,1,0,0,0,0,0,0,684944.8338,5303367.1206,11.472553581,47.857006977,1,#66c2a5,bicycle
174901,"9,17E+18",9,1,83,119,2017,6,20,7,3,5,3,0,1,0,0,0,0,0,0,736181.6147,5339401.8228,12.176418313,48.163939596,2,#fc8d62,car
174902,"9,17E+18",9,1,83,123,2017,6,18,7,3,8,7,0,1,0,0,0,0,0,0,737747.9351,5340716.5159,12.198184883,48.175165644,2,#fc8d62,car
174908,"9,17E+18",9,1,63,0,2017,6,6,7,3,9,1,0,1,0,0,0,0,0,0,733939.3538,5305411.4704,12.127770582,47.859410457,2,#fc8d62,car
174910,"9,17E+18",9,1,87,130,2017,6,12,7,3,3,6,1,0,0,0,0,0,0,0,713383.0435,5308639.5321,11.854896569,47.895573786,1,#66c2a5,bicycle
174913,"9,17E+18",9,1,88,126,2017,6,15,7,3,0,7,1,0,0,0,0,0,0,0,658865.1833,5324058.9529,11.131801927,48.050025906,1,#66c2a5,bicycle
174914,"9,17E+18",9,1,74,115,2017,6,15,7,3,0,2,1,1,0,0,0,0,0,0,683817.7042,5348379.9541,11.476843351,48.261939162,1,#66c2a5,bicycle
174915,"9,17E+18",9,1,74,147,2017,6,10,7,2,0,1,1,0,0,0,0,0,0,0,671892.0079,5367110.7205,11.323939501,48.433662686,1,#66c2a5,bicycle
174916,"9,17E+18",9,1,74,135,2017,6,9,7,2,8,1,0,0,0,1,0,0,0,1,665437.84,5350059644.0,11.23004758,48.28210586,4,#e78ac3,marker
174917,"9,17E+18",9,1,77,117,2017,6,10,7,3,2,6,0,1,0,0,0,0,0,0,714268.4729,5354278.2815,11.889638253,48.305373316,2,#fc8d62,car
174918,"9,17E+18",9,1,62,0,2017,6,13,6,3,5,3,0,1,0,1,0,0,0,0,687479.42,5334080.1229,11.519819201,48.132337302,2,#fc8d62,car
174919,"9,17E+18",9,1,62,0,2017,6,18,6,3,5,2,0,1,0,1,0,0,0,0,690526.1675,5335800.4762,11.561496553,48.146895051,2,#fc8d62,car
174920,"9,17E+18",9,1,62,0,2017,6,9,6,3,3,2,1,1,0,0,0,0,0,0,692195633.0,5337012088.0,11.584464954,48.157282571,1,#66c2a5,bicycle
174921,"9,17E+18",9,1,62,0,2017,6,20,6,3,4,2,0,1,0,0,0,0,0,0,689697.4603,5331907.1243,11.54863342,48.112149007,2,#fc8d62,car
174922,"9,17E+18",9,1,62,0,2017,6,16,6,3,5,3,1,0,0,0,0,1,0,0,690163.5595,5335250.7602,11.556381055,48.142062705,1,#66c2a5,bicycle
174923,"9,17E+18",9,1,62,0,2017,6,14,6,3,0,7,1,0,0,0,0,0,0,0,688334.7325,5340953.9787,11.534347002,48.193867893,1,#66c2a5,bicycle
174924,"9,17E+18",9,1,62,0,2017,6,11,6,3,6,2,0,0,1,0,0,1,0,0,690959.4794,5340799361.0,11.569561058,48.191694458,3,#8da0cb,toilet
174925,"9,17E+18",9,1,62,0,2017,6,9,6,2,4,7,0,1,0,1,0,0,0,0,695234.1262,5336095.7191,11.62485923,48.148121142,2,#fc8d62,car
174926,"9,17E+18",9,1,62,0,2017,6,8,6,3,3,6,1,0,0,0,0,1,0,0,693193.1594,5334482.9625,11.596716859,48.134249276,1,#66c2a5,bicycle
174927,"9,17E+18",9,1,84,119,2017,6,10,6,3,8,7,1,0,0,0,0,0,0,0,697161.71,5347704268.0,11.656137857,48.251855151,1,#66c2a5,bicycle
174928,"9,17E+18",9,1,62,0,2017,6,14,6,3,2,6,0,1,0,0,0,0,0,0,690749.0371,5342745.5603,11.567606842,48.209249802,2,#fc8d62,car
174929,"9,17E+18",9,1,62,0,2017,6,16,6,3,5,3,1,1,0,0,0,0,0,0,688413.4861,5336217.3874,11.533306464,48.151271559,1,#66c2a5,bicycle
174930,"9,17E+18",9,1,84,148,2017,6,16,6,2,0,1,1,0,0,0,0,0,0,0,694605.03,5326145.3147,11.611872709,48.058883165,1,#66c2a5,bicycle
174931,"9,17E+18",9,1,62,0,2017,6,16,6,3,5,3,1,1,0,0,0,0,0,0,689881.7717,5334460.1223,11.552244386,48.135040585,1,#66c2a5,bicycle
174932,"9,17E+18",9,1,62,0,2017,6,8,6,3,3,7,0,1,0,1,0,0,0,0,691983237.0,5336249.8049,11.581267978,48.150495478,2,#fc8d62,car
174934,"9,17E+18",9,7,78,203,2017,6,12,6,3,5,3,1,1,0,0,0,0,0,1,622402.2998,5324323.0795,10.642823812,48.060437167,1,#66c2a5,bicycle
174935,"9,17E+18",9,7,78,116,2017,6,14,6,3,5,3,1,1,0,0,0,0,0,0,618810.8642,5317851.2058,10.592845739,48.002910362,1,#66c2a5,bicycle
174942,"9,17E+18",9,7,71,130,2017,6,22,6,2,4,2,0,1,0,0,0,0,2,0,645645.2578,5357476.6801,10.965985776,48.353658468,2,#fc8d62,car
174943,"9,17E+18",9,7,61,0,2017,6,14,6,3,5,2,0,1,0,1,0,0,0,0,638483257.0,5359332539.0,10.869975677,48.371957269,2,#fc8d62,car
174944,"9,17E+18",9,7,61,0,2017,6,12,6,3,0,7,0,1,0,0,0,1,0,0,641777.0644,5360190.1848,10.914716535,48.378937482,2,#fc8d62,car
174945,"9,17E+18",9,7,61,0,2017,6,14,6,3,0,1,1,0,0,0,0,0,0,0,641542.9142,5354580.0552,10.909669492,48.328545886,1,#66c2a5,bicycle
174946,"9,17E+18",9,7,61,0,2017,6,10,6,3,6,7,0,1,1,0,0,0,0,0,641023.2172,5351451.8103,10.901615962,48.300533727,2,#fc8d62,car
174947,"9,17E+18",9,7,61,0,2017,6,7,6,3,0,7,1,0,0,0,0,0,0,0,639719.1349,5356296.2122,10.885646515,48.344382992,1,#66c2a5,bicycle
174948,"9,17E+18",9,7,61,0,2017,6,16,6,3,3,2,0,1,0,0,0,1,0,0,640022.0472,5359234.3739,10.890709974,48.370735057,2,#fc8d62,car
174949,"9,17E+18",9,7,61,0,2017,6,9,6,3,3,2,1,1,0,0,0,0,0,0,639968.2703,5359182.7042,10.88996704,48.370282387,1,#66c2a5,bicycle
174988,"9,17E+18",9,2,61,0,2017,6,7,6,3,5,3,1,1,0,0,0,0,0,0,732934.2703,5381930.8496,12.156346746,48.547178439,1,#66c2a5,bicycle
174995,"9,17E+18",9,1,87,177,2017,6,12,6,3,0,1,1,0,0,0,0,0,0,0,735477.5855,5305426.2947,12.148312822,47.858981854,1,#66c2a5,bicycle
174997,"9,17E+18",9,1,87,122,2017,6,15,6,3,0,1,1,0,0,0,0,0,0,0,718314.9525,5307334.0645,11.920133895,47.882184657,1,#66c2a5,bicycle
174998,"9,17E+18",9,1,81,130,2017,6,12,6,3,0,7,0,0,0,0,0,1,0,0,640804.0495,5324048.9061,10.889582738,48.054176014,6,#ffd92f,circle
174999,"9,17E+18",9,1,79,126,2017,6,8,6,3,8,3,0,1,0,0,0,0,0,0,677393.2739,5339152.1323,11.386496243,48.180821542,2,#fc8d62,car
175000,"9,17E+18",9,1,74,137,2017,6,14,6,3,0,1,0,0,0,1,0,0,0,0,657688.4502,5352219.3497,11.126471342,48.303500404,4,#e78ac3,marker
175001,"9,17E+18",9,1,75,132,2017,6,13,6,3,5,3,1,1,0,0,0,0,0,0,707016.4844,5331608.9611,11.780901904,48.104076544,1,#66c2a5,bicycle
175002,"9,17E+18",9,1,78,124,2017,6,9,6,2,5,3,1,1,0,0,0,0,0,0,702598796.0,5365209095.0,11.737713608,48.407446358,1,#66c2a5,bicycle
175003,"9,17E+18",9,1,62,0,2017,6,19,5,3,5,2,1,1,0,0,0,0,0,0,686787.27,5339120046.0,11.51273792,48.177841092,1,#66c2a5,bicycle
175004,"9,17E+18",9,1,84,130,2017,6,8,5,3,4,3,0,1,0,0,0,0,0,0,699279.3891,5345137.3103,11.68342698,48.228123834,2,#fc8d62,car
175005,"9,17E+18",9,1,62,0,2017,6,1,5,3,0,7,1,0,0,0,0,0,2,0,690874.0533,5334355.6612,11.565521235,48.133804862,1,#66c2a5,bicycle
175006,"9,17E+18",9,1,62,0,2017,6,17,5,3,5,2,1,1,0,0,0,0,0,0,692309.7831,5338134.0557,11.586505555,48.167332032,1,#66c2a5,bicycle
175007,"9,17E+18",9,1,62,0,2017,6,10,5,3,1,6,0,1,0,0,0,0,0,0,693866.2457,5333110.2774,11.605129715,48.121707357,2,#fc8d62,car
175008,"9,17E+18",9,1,62,0,2017,6,14,5,2,5,3,1,1,0,0,0,0,0,0,688287.5845,5330494.7096,11.529087302,48.099872237,1,#66c2a5,bicycle
175009,"9,17E+18",9,1,62,0,2017,6,8,5,3,0,5,1,1,0,0,0,0,0,0,690849.1122,5334852.4076,11.565408907,48.138277071,1,#66c2a5,bicycle
175010,"9,17E+18",9,1,62,0,2017,6,18,5,3,0,7,1,0,0,0,0,0,0,0,689969.2784,5338860.9447,11.555383973,48.174569027,1,#66c2a5,bicycle
175011,"9,17E+18",9,1,62,0,2017,6,7,5,2,5,6,0,1,0,1,0,0,0,0,689794.9976,5343178.4866,11.554971817,48.213426876,2,#fc8d62,car
175012,"9,17E+18",9,1,62,0,2017,6,8,5,3,0,7,0,0,0,0,0,1,0,0,690046.8233,5332927.4902,11.553777119,48.121215966,6,#ffd92f,circle
175013,"9,17E+18",9,1,62,0,2017,6,18,5,3,0,1,0,0,0,1,0,1,0,1,687309459.0,5334823289.0,11.517863906,48.139067127,4,#e78ac3,marker
175014,"9,17E+18",9,1,62,0,2017,6,19,5,3,5,2,1,1,0,0,0,0,0,0,697482.8729,5331829.7797,11.653082614,48.109087648,1,#66c2a5,bicycle
175015,"9,17E+18",9,1,62,0,2017,6,21,5,2,5,3,1,1,0,0,0,0,2,0,690479.4528,5336639.9658,11.56124484,48.154454333,1,#66c2a5,bicycle
175016,"9,17E+18",9,1,62,0,2017,6,15,5,3,4,6,1,0,0,0,0,0,0,0,692106133.0,5340857504.0,11.585000542,48.191871257,1,#66c2a5,bicycle
175017,"9,17E+18",9,1,62,0,2017,6,16,5,3,3,6,0,1,0,1,0,0,0,0,690861.9335,5339202.0097,11.567532248,48.177367023,2,#fc8d62,car
175018,"9,17E+18",9,1,62,0,2017,6,8,5,3,1,6,0,1,0,0,0,0,0,0,690699.4749,5338120.3417,11.564863881,48.167693884,2,#fc8d62,car
175019,"9,17E+18",9,1,62,0,2017,6,8,5,3,5,2,0,1,0,0,0,0,0,0,688286.8435,5335734.8955,11.531392001,48.146972346,2,#fc8d62,car
175020,"9,17E+18",9,1,62,0,2017,6,18,5,3,0,3,1,1,0,0,0,0,0,0,687067.5697,5329291.4507,11.512189171,48.089416237,1,#66c2a5,bicycle
175021,"9,17E+18",9,1,62,0,2017,6,15,5,3,5,3,1,1,0,0,0,0,0,0,697484.5867,5330574.1516,11.652524545,48.097802323,1,#66c2a5,bicycle
175022,"9,17E+18",9,1,62,0,2017,6,20,5,3,5,2,1,1,0,0,0,0,0,0,692968.8325,5332323.1215,11.592727084,48.114905188,1,#66c2a5,bicycle
175023,"9,17E+18",9,1,62,0,2017,6,15,5,3,1,5,1,1,0,0,0,0,0,0,690145093.0,5334707.8001,11.555890655,48.137188096,1,#66c2a5,bicycle
175024,"9,17E+18",9,1,62,0,2017,6,16,5,3,5,3,0,1,0,0,0,0,0,0,690357364.0,5333508.7876,11.558205329,48.126347911,2,#fc8d62,car
175025,"9,17E+18",9,1,62,0,2017,6,11,5,3,3,2,0,1,0,0,0,1,0,0,690664354.0,5337647919.0,11.564180211,48.163458328,2,#fc8d62,car
175026,"9,17E+18",9,1,62,0,2017,6,12,5,3,0,7,1,0,0,0,0,0,0,0,691747.4255,5336151.9417,11.578056674,48.14968703,1,#66c2a5,bicycle
175027,"9,17E+18",9,1,62,0,2017,6,9,5,3,3,6,0,1,0,1,0,0,0,0,691140644.0,5335597584.0,11.569658084,48.144887145,2,#fc8d62,car
175031,"9,17E+18",9,7,62,0,2017,6,14,5,3,6,4,0,1,1,0,0,0,0,0,620591.1079,5304789.6122,10.613043094,47.885104981,2,#fc8d62,car
175032,"9,17E+18",9,7,62,0,2017,6,22,5,3,9,1,0,1,0,0,0,0,2,0,623249.0304,5308202.5175,10.649555801,47.915294477,2,#fc8d62,car
175035,"9,17E+18",9,7,73,182,2017,6,15,5,3,8,1,1,0,0,0,0,0,0,0,623595.2207,5380332.4222,10.675238739,48.563892688,1,#66c2a5,bicycle
175037,"9,17E+18",9,7,71,122,2017,6,17,5,3,6,7,0,1,1,0,0,0,0,0,651921.5202,5360978.6181,11.051915337,48.383665154,2,#fc8d62,car
175038,"9,17E+18",9,7,61,0,2017,6,16,5,3,5,2,1,1,0,0,0,0,0,0,640948.6397,5357198.6743,10.902532545,48.352224498,1,#66c2a5,bicycle
175039,"9,17E+18",9,7,61,0,2017,6,14,5,3,1,7,0,1,0,0,0,0,0,0,638422.6025,5358256.7059,10.868803017,48.362296881,2,#fc8d62,car
175040,"9,17E+18",9,7,61,0,2017,6,7,5,3,6,4,0,0,1,1,0,0,0,0,641332.22,5362034637.0,10.90933282,48.395621823,3,#8da0cb,toilet
175041,"9,17E+18",9,7,61,0,2017,6,16,5,3,5,3,0,1,0,0,0,0,0,0,640643.2162,5357859174.0,10.898633005,48.358231596,2,#fc8d62,car
175079,"9,17E+18",9,2,61,0,2017,6,7,5,2,2,6,1,0,0,0,0,0,0,0,731907.5395,5379622.1849,12.141171473,48.526820508,1,#66c2a5,bicycle
175085,"9,17E+18",9,1,63,0,2017,6,21,5,3,0,1,1,0,0,0,0,0,1,0,734220.4895,5304912.9929,12.131253649,47.854829755,1,#66c2a5,bicycle
175086,"9,17E+18",9,1,63,0,2017,6,15,5,2,4,2,0,1,0,1,0,0,0,0,732234.8151,5304601.8062,12.104580928,47.852754518,2,#fc8d62,car
175087,"9,17E+18",9,1,63,0,2017,6,8,5,3,1,7,1,1,0,0,0,0,0,0,733031.7458,5305563.0094,12.115736099,47.861101647,1,#66c2a5,bicycle
175088,"9,17E+18",9,1,87,177,2017,6,9,5,3,0,1,1,0,0,0,0,0,0,0,735465.32,5305403202.0,12.148136517,47.858778887,1,#66c2a5,bicycle
175094,"9,17E+18",9,1,85,158,2017,6,16,5,3,5,3,1,1,0,0,0,0,0,0,667965.0872,5381377.4859,11.276630802,48.56297067,1,#66c2a5,bicycle
175095,"9,17E+18",9,1,85,166,2017,6,18,5,3,4,6,1,0,0,0,0,0,0,0,672804409.0,5383332947.0,11.342979941,48.579232677,1,#66c2a5,bicycle
175098,"9,17E+18",9,1,79,145,2017,6,18,5,3,0,7,1,0,0,0,0,0,0,0,674837.3692,5338085.4047,11.351702774,48.171940856,1,#66c2a5,bicycle
175099,"9,17E+18",9,1,79,145,2017,6,7,5,3,4,6,0,1,0,1,0,0,0,0,675860.8049,5338946941.0,11.365813125,48.179403047,2,#fc8d62,car
175100,"9,17E+18",9,1,88,121,2017,6,4,5,3,1,5,0,1,0,0,0,0,1,0,670361.6594,5331754.3328,11.289018174,48.116241518,2,#fc8d62,car
175101,"9,17E+18",9,1,79,121,2017,6,15,5,2,6,7,0,1,1,0,0,0,0,0,665697.2238,5336981.13,11.228429323,48.164462088,2,#fc8d62,car
175102,"9,17E+18",9,1,75,132,2017,6,18,5,3,5,3,0,1,0,0,0,0,0,0,705643.4929,5335889.3937,11.764545403,48.142987354,2,#fc8d62,car
175103,"9,17E+18",9,1,78,124,2017,6,13,5,3,2,6,0,1,0,0,0,0,0,0,702637.6936,5364391.7613,11.737844092,48.400089076,2,#fc8d62,car