OBJECTID,UIDENTSTLA,ULAND,UREGBEZ,UKREIS,UGEMEINDE,UJAHR,UMONAT,USTUNDE,UWOCHENTAG,UKATEGORIE,UART,UTYP1,IstRad,IstPKW,IstFuss,IstKrad,IstGkfz,IstSonstig,ULICHTVERH,STRZUSTAND,LINREFX,LINREFY,XGCSWGS84,YGCSWGS84,Teilnehmer,color,symbol
175104,"9,17E+18",9,1,78,140,2017,6,18,5,3,0,1,1,0,0,0,0,0,0,0,706812.0072,5367104.2973,11.795511084,48.423108248,1,#66c2a5,bicycle
175105,"9,17E+18",9,1,62,0,2017,5,18,4,3,6,4,0,1,1,0,0,0,0,0,684806.8005,5329245.7191,11.481838508,48.089664658,2,#fc8d62,car
175106,"9,17E+18",9,1,62,0,2017,5,19,4,3,5,2,1,1,0,0,0,0,0,0,691027.5562,5335094.5022,11.567913653,48.140399455,1,#66c2a5,bicycle
175107,"9,17E+18",9,1,62,0,2017,5,11,4,3,0,7,1,0,0,0,0,0,0,0,689645.7738,5334732856.0,11.549196966,48.137562301,1,#66c2a5,bicycle
175108,"9,17E+18",9,1,62,0,2017,5,23,4,3,0,1,0,1,0,1,0,0,2,0,690328.1103,5343201.4359,11.562151303,48.213473494,2,#fc8d62,car
175109,"9,17E+18",9,1,62,0,2017,5,5,4,3,0,7,0,0,0,1,0,0,0,1,691690.0802,5333721.5287,11.576192627,48.127860103,4,#e78ac3,marker
175110,"9,17E+18",9,1,84,149,2017,5,13,4,3,5,3,0,1,0,0,0,0,0,0,691540.8224,5351241.4679,11.582097002,48.285369751,2,#fc8d62,car
175111,"9,17E+18",9,1,62,0,2017,5,14,4,3,0,7,0,1,0,0,0,1,0,0,692500.1473,5340889.5577,11.590311352,48.192040052,2,#fc8d62,car
175112,"9,17E+18",9,1,62,0,2017,5,19,4,3,6,4,0,1,1,0,0,0,0,0,687984.6155,5337767.5603,11.528230859,48.165331676,2,#fc8d62,car
175113,"9,17E+18",9,1,62,0,2017,5,15,4,3,0,7,1,1,0,0,0,0,0,0,685272.1726,5332702577.0,11.489583053,48.120601611,1,#66c2a5,bicycle
175114,"9,17E+18",9,1,62,0,2017,5,21,4,2,0,1,1,0,0,0,0,0,1,0,686717.6752,5330276.0842,11.507925605,48.098369119,1,#66c2a5,bicycle
175115,"9,17E+18",9,1,62,0,2017,5,18,4,3,0,5,1,1,0,0,0,0,0,0,686315.1098,5328159.8906,11.501600615,48.079465633,1,#66c2a5,bicycle
175116,"9,17E+18",9,1,62,0,2017,5,18,4,3,5,7,1,1,0,0,0,0,0,0,696092.8266,5330090.0797,11.63362925,48.093881508,1,#66c2a5,bicycle
175117,"9,17E+18",9,1,62,0,2017,5,22,4,3,5,2,1,1,0,0,0,0,2,0,693365.8242,5331005323.0,11.597458076,48.102940723,1,#66c2a5,bicycle
175118,"9,17E+18",9,1,62,0,2017,5,17,4,3,3,6,0,1,0,0,0,1,0,0,695588.2074,5336706.9294,11.629895398,48.153505603,2,#fc8d62,car
175119,"9,17E+18",9,1,62,0,2017,5,12,4,3,3,2,0,1,0,1,0,0,0,0,693371.6296,5335052.7934,11.599371806,48.139316547,2,#fc8d62,car
175120,"9,17E+18",9,1,62,0,2017,5,8,4,3,5,2,1,1,0,0,0,0,0,0,693474.9151,5333542.3875,11.600072852,48.125710074,1,#66c2a5,bicycle
175121,"9,17E+18",9,1,62,0,2017,5,7,4,2,0,1,1,0,0,0,0,0,0,1,692524.3675,5334130.2182,11.587577729,48.131281549,1,#66c2a5,bicycle
175122,"9,17E+18",9,1,62,0,2017,5,12,4,3,5,2,1,1,0,0,0,0,0,0,692197.8911,5337006.5216,11.584492773,48.157231859,1,#66c2a5,bicycle
175123,"9,17E+18",9,1,62,0,2017,5,23,4,3,0,1,1,0,0,0,0,0,2,0,692241.6227,5338555.3183,11.585780244,48.171138851,1,#66c2a5,bicycle
175124,"9,17E+18",9,1,62,0,2017,5,12,4,3,5,2,0,1,0,1,0,0,0,0,690596.8593,5337238.1266,11.56308983,48.159795384,2,#fc8d62,car
175125,"9,17E+18",9,1,62,0,2017,5,16,4,3,2,6,0,1,0,0,0,1,0,0,692698.5966,5335402.3944,11.590492449,48.142662849,2,#fc8d62,car
175126,"9,17E+18",9,1,62,0,2017,5,15,4,3,0,1,1,0,0,0,0,0,0,0,691344.1717,5334084.6663,11.571711757,48.13122802,1,#66c2a5,bicycle
175152,"9,17E+18",9,1,88,139,2017,6,18,5,3,5,7,1,0,0,1,0,0,0,0,672926.2675,5319832.8934,11.318627372,48.008380105,1,#66c2a5,bicycle
175153,"9,17E+18",9,1,79,118,2017,6,22,5,3,2,6,0,0,0,1,0,0,2,0,672196.9683,5336490.6803,11.315571889,48.158325848,4,#e78ac3,marker
175154,"9,17E+18",9,1,81,130,2017,6,17,5,3,5,2,0,1,0,0,0,0,0,0,639001.1065,5324962.9317,10.865697758,48.062790506,2,#fc8d62,car
175155,"9,17E+18",9,1,88,126,2017,6,16,5,3,5,2,1,0,0,0,0,0,0,0,661220307.0,5325603004.0,11.163963908,48.063317417,1,#66c2a5,bicycle
175156,"9,17E+18",9,1,79,121,2017,6,6,5,3,6,4,0,1,1,0,0,0,0,0,667655997.0,5338520625.0,11.255358541,48.177788496,2,#fc8d62,car
175157,"9,17E+18",9,1,74,115,2017,6,16,5,3,5,3,1,1,0,0,0,0,0,0,682688.7633,5347749.8087,11.461374035,48.256601649,1,#66c2a5,bicycle
175158,"9,17E+18",9,1,78,145,2017,6,21,5,3,2,6,0,1,0,0,0,0,0,0,697776.8895,5358831.9966,11.669629437,48.35166789,2,#fc8d62,car
175159,"9,17E+18",9,1,62,0,2017,6,15,4,3,5,3,1,1,0,0,0,0,0,0,698588126.0,5332608.6753,11.668277122,48.115744168,1,#66c2a5,bicycle
175160,"9,17E+18",9,1,62,0,2017,6,8,4,2,5,2,0,1,0,1,0,0,0,0,687107.5462,5338001.9221,11.51654998,48.167696919,2,#fc8d62,car
175161,"9,17E+18",9,1,62,0,2017,6,20,4,3,5,3,1,0,1,0,0,0,0,0,690558.5951,5343064.1959,11.565189157,48.212170844,1,#66c2a5,bicycle
175162,"9,17E+18",9,1,62,0,2017,6,17,4,3,2,6,0,1,0,1,0,0,0,0,691412.3984,5340887.4443,11.575688878,48.1923498,2,#fc8d62,car
175163,"9,17E+18",9,1,62,0,2017,6,14,4,3,0,6,1,0,0,0,0,1,0,0,692262.2574,5337250.4647,11.58546763,48.159404906,1,#66c2a5,bicycle
175164,"9,17E+18",9,1,62,0,2017,6,9,4,3,4,6,1,0,0,0,0,0,0,0,690351.5995,5335861.7632,11.559179436,48.147498156,1,#66c2a5,bicycle
175165,"9,17E+18",9,1,62,0,2017,6,20,4,2,3,2,1,0,0,0,0,0,0,0,688016.6788,5331923.4656,11.526081758,48.112794272,1,#66c2a5,bicycle
175166,"9,17E+18",9,1,62,0,2017,6,8,4,3,5,5,1,1,0,0,0,0,0,0,686097.8427,5337932676.0,11.502952896,48.167370911,1,#66c2a5,bicycle
175167,"9,17E+18",9,1,62,0,2017,6,16,4,3,2,6,1,0,0,0,0,0,0,0,689991.0596,5335938.4327,11.554371382,48.148295045,1,#66c2a5,bicycle
175168,"9,17E+18",9,1,62,0,2017,6,8,4,3,6,7,1,0,1,0,0,0,0,0,687410.8171,5335661.4641,11.519593921,48.146571013,1,#66c2a5,bicycle
175169,"9,17E+18",9,1,62,0,2017,6,11,4,3,3,6,0,1,0,1,0,0,0,0,698794.4873,5333252.0574,11.671346677,48.121461997,2,#fc8d62,car
175170,"9,17E+18",9,1,62,0,2017,6,11,4,3,5,7,1,0,0,0,0,0,0,0,696984.8739,5330905.5536,11.645972997,48.10093544,1,#66c2a5,bicycle
175171,"9,17E+18",9,1,62,0,2017,6,22,4,3,5,3,1,1,0,0,0,0,2,0,696565.2249,5332642.5371,11.641142651,48.116676087,1,#66c2a5,bicycle
175172,"9,17E+18",9,1,62,0,2017,6,6,4,3,0,1,1,0,0,0,0,0,0,0,695681.8987,5329841.5245,11.62800239,48.091773902,1,#66c2a5,bicycle
175173,"9,17E+18",9,1,62,0,2017,6,11,4,2,2,6,0,0,0,1,0,1,0,0,692500.7058,5332644.7836,11.586589196,48.117937901,4,#e78ac3,marker
175174,"9,17E+18",9,1,62,0,2017,6,18,4,3,4,2,1,1,0,0,0,0,0,0,696696.3766,5337770.0324,11.645270978,48.162718321,1,#66c2a5,bicycle
175175,"9,17E+18",9,1,62,0,2017,6,10,4,3,2,6,0,1,0,0,0,0,0,0,691017.2313,5337410.2157,11.568814251,48.161215958,2,#fc8d62,car
175178,"9,17E+18",9,7,61,0,2017,6,12,4,3,0,7,0,1,0,0,0,1,0,0,638197.4066,5357775.4567,10.865606318,48.358018901,2,#fc8d62,car
175179,"9,17E+18",9,7,61,0,2017,6,19,4,2,3,2,0,0,0,1,0,1,0,0,638465614.0,5360370.6546,10.870079522,48.381295666,4,#e78ac3,marker
175180,"9,17E+18",9,7,61,0,2017,6,18,4,3,0,7,1,0,0,0,0,0,0,0,640453.0735,5353666.2328,10.894669502,48.320572148,1,#66c2a5,bicycle
175181,"9,17E+18",9,7,61,0,2017,6,7,4,3,5,3,1,1,0,0,0,0,0,1,642225.2338,5358960.0532,10.920349463,48.367775838,1,#66c2a5,bicycle
175182,"9,17E+18",9,7,72,163,2017,6,14,4,3,0,1,0,0,0,1,0,0,0,1,639711.2627,5346547.9583,10.882313861,48.256729943,4,#e78ac3,marker
175183,"9,17E+18",9,7,61,0,2017,6,16,4,3,3,5,1,1,0,0,0,0,0,1,640799.4938,5357723.6587,10.900696147,48.356978256,1,#66c2a5,bicycle
175212,"9,17E+18",9,2,61,0,2017,6,10,4,3,5,3,1,1,0,0,0,0,0,0,731827.17,5379722.29,12.140140226,48.527749416,1,#66c2a5,bicycle
175213,"9,17E+18",9,2,61,0,2017,6,21,4,3,0,1,1,0,0,0,0,0,0,0,731750.5819,5381705.1478,12.140206929,48.545589351,1,#66c2a5,bicycle
175215,"9,17E+18",9,1,90,157,2017,6,20,4,2,4,1,0,1,0,0,0,0,0,0,659669.4028,5298989.0153,11.133289175,47.824421038,2,#fc8d62,car
175216,"9,17E+18",9,1,83,119,2017,6,13,4,3,0,3,1,1,0,0,0,0,0,0,736152.3403,5339405.3595,12.176027191,48.163982239,1,#66c2a5,bicycle
175217,"9,17E+18",9,1,63,0,2017,6,15,4,3,6,4,1,0,1,0,0,0,0,0,733571.6198,5304742306.0,12.122500205,47.853532419,1,#66c2a5,bicycle
175218,"9,17E+18",9,1,87,122,2017,6,18,4,3,5,3,0,1,0,1,0,0,0,0,720555.81,5307917823.0,11.950364346,47.886664194,2,#fc8d62,car
175219,"9,17E+18",9,1,79,134,2017,6,7,4,3,1,6,0,1,0,0,0,1,0,0,667726.5885,5342419.6187,11.257847671,48.212821394,2,#fc8d62,car
175220,"9,17E+18",9,1,81,130,2017,6,10,4,2,0,5,1,1,0,0,0,0,0,0,639917903.0,5323889.7517,10.877645289,48.052939772,1,#66c2a5,bicycle
175221,"9,17E+18",9,1,79,145,2017,6,15,4,2,0,7,0,0,0,1,0,0,0,1,674884.5317,5335139.1579,11.351125468,48.145443037,4,#e78ac3,marker
175222,"9,17E+18",9,1,79,119,2017,6,15,4,3,5,3,0,1,0,0,0,0,0,0,669380431.0,5338872.8659,11.278677601,48.180497738,2,#fc8d62,car
175223,"9,17E+18",9,1,74,126,2017,6,16,4,3,5,3,1,1,0,0,0,0,0,0,684420698.0,5344388.7496,11.483222293,48.225889639,1,#66c2a5,bicycle
175224,"9,17E+18",9,1,62,0,2017,6,7,3,3,1,5,1,1,0,0,0,0,0,0,689031.7405,5334785.9078,11.540975177,48.138221835,1,#66c2a5,bicycle
175225,"9,17E+18",9,1,62,0,2017,6,10,3,3,3,6,0,1,0,1,0,0,0,1,689647.7216,5334732.8351,11.549223112,48.137561533,2,#fc8d62,car
175226,"9,17E+18",9,1,62,0,2017,6,16,3,3,3,7,0,1,0,1,0,0,0,1,691784.8404,5332430.0896,11.57688382,48.116224257,2,#fc8d62,car
175227,"9,17E+18",9,1,62,0,2017,6,8,3,3,5,7,0,1,0,0,0,1,0,0,687485.9324,5334077.0302,11.519905282,48.132307586,2,#fc8d62,car
175228,"9,17E+18",9,1,62,0,2017,6,9,3,2,3,2,1,0,0,0,0,1,0,1,698776.4379,5333278.9342,11.671116939,48.121709179,1,#66c2a5,bicycle
175229,"9,17E+18",9,1,62,0,2017,6,15,3,3,2,6,0,1,0,0,0,0,0,1,694194015.0,5332736.3855,11.609359172,48.118247062,2,#fc8d62,car
175230,"9,17E+18",9,1,62,0,2017,6,11,3,3,2,6,0,1,0,0,0,0,0,1,682716.0478,5335495.5612,11.456466113,48.146445572,2,#fc8d62,car
175231,"9,17E+18",9,1,62,0,2017,6,14,3,3,2,6,0,1,0,0,0,1,0,1,683488.2247,5338979.7377,11.468340373,48.177541111,2,#fc8d62,car
175232,"9,17E+18",9,1,84,122,2017,6,17,3,3,2,7,1,1,0,0,0,0,0,1,688132.32,5324005.2944,11.524147999,48.041589126,1,#66c2a5,bicycle
175233,"9,17E+18",9,1,62,0,2017,6,9,3,3,5,3,0,1,0,0,0,0,0,1,699868.4256,5335486.9093,11.686809852,48.141210593,2,#fc8d62,car
175234,"9,17E+18",9,1,62,0,2017,6,14,3,3,0,1,1,0,0,0,0,0,0,1,697608.2578,5333869.8259,11.655710645,48.127383331,1,#66c2a5,bicycle
175235,"9,17E+18",9,1,62,0,2017,6,9,3,3,4,2,0,1,0,1,0,0,0,1,695478.7952,5335857188.0,11.628035613,48.14590221,2,#fc8d62,car
175236,"9,17E+18",9,1,62,0,2017,6,9,3,3,0,1,1,0,0,0,0,0,0,1,690866.4355,5334308149.0,11.565397665,48.13338011,1,#66c2a5,bicycle
175238,"9,17E+18",9,7,78,216,2017,6,13,3,3,0,1,0,0,0,1,0,0,0,1,625054.6475,5322070644.0,10.677748402,48.03966606,4,#e78ac3,marker
175239,"9,17E+18",9,7,78,203,2017,6,20,3,3,5,3,0,1,0,0,0,0,0,1,622609.6366,5324011.9919,10.645516215,48.057599624,2,#fc8d62,car
175241,"9,17E+18",9,7,62,0,2017,6,9,3,3,2,6,0,1,0,0,0,0,0,1,621670466.0,5305053707.0,10.627549165,47.887276488,2,#fc8d62,car
175242,"9,17E+18",9,7,77,121,2017,6,13,3,3,4,1,0,1,0,0,0,0,0,1,628120.1369,5321729.0838,10.718754238,48.035986565,2,#fc8d62,car
175244,"9,17E+18",9,7,73,182,2017,6,16,3,3,2,5,0,1,0,0,0,0,0,1,622319.2477,5379943.1402,10.657837049,48.560642344,2,#fc8d62,car
175245,"9,17E+18",9,7,61,0,2017,6,16,3,3,5,3,1,1,0,0,0,0,0,0,641306.0516,5351382.1475,10.905404311,48.29984423,1,#66c2a5,bicycle
175246,"9,17E+18",9,7,61,0,2017,6,15,3,3,2,6,0,1,0,0,0,0,0,1,639638.2434,5359535.4441,10.885630402,48.373527233,2,#fc8d62,car
175247,"9,17E+18",9,7,61,0,2017,6,7,3,3,3,2,1,1,0,0,0,0,0,0,640094.5115,5359065.8266,10.89163175,48.369203449,1,#66c2a5,bicycle
175273,"9,17E+18",9,1,87,117,2017,6,17,3,3,2,6,0,1,0,0,0,0,0,1,725610.1496,5304640.7386,12.016169554,47.855463719,2,#fc8d62,car
175277,"9,17E+18",9,1,79,142,2017,6,10,3,3,2,6,0,1,0,1,0,0,0,1,672985.5243,5342913.5689,11.328782394,48.215850119,2,#fc8d62,car
175278,"9,17E+18",9,1,77,117,2017,6,8,3,3,0,1,1,0,0,0,0,0,0,0,715381.4804,5354758.3634,11.904873346,48.309309004,1,#66c2a5,bicycle
175279,"9,17E+18",9,1,62,0,2017,6,21,2,3,0,6,1,0,0,0,0,0,2,1,693272.1388,5334600.5819,11.597830654,48.135282427,1,#66c2a5,bicycle
175280,"9,17E+18",9,1,62,0,2017,6,13,2,3,0,1,1,0,0,0,0,0,0,0,685074.0145,5340927.4553,11.490500633,48.194588082,1,#66c2a5,bicycle
175281,"9,17E+18",9,1,62,0,2017,6,15,2,3,5,2,1,1,0,0,0,0,0,0,686257192.0,5331778.8131,11.502402647,48.112011061,1,#66c2a5,bicycle
175282,"9,17E+18",9,1,62,0,2017,6,17,2,2,6,3,0,1,1,0,0,0,0,1,690974917.0,5338120986.0,11.568564944,48.167616986,2,#fc8d62,car
175283,"9,17E+18",9,1,84,149,2017,6,11,2,3,5,2,0,1,0,1,0,0,0,0,691823.6898,5349587.0598,11.585155427,48.270414982,2,#fc8d62,car
175284,"9,17E+18",9,1,62,0,2017,6,14,2,2,3,6,1,0,0,0,0,0,0,0,689505.4894,5338681.0101,11.549071487,48.173090239,1,#66c2a5,bicycle
175285,"9,17E+18",9,1,62,0,2017,6,20,2,2,5,2,1,1,0,0,0,0,0,1,686788.4214,5336830.7255,11.511747806,48.157263734,1,#66c2a5,bicycle
175286,"9,17E+18",9,1,84,123,2017,6,14,2,3,3,2,1,1,0,0,0,0,0,0,703521.34,5332487591.0,11.734425845,48.113098659,1,#66c2a5,bicycle
175287,"9,17E+18",9,1,62,0,2017,6,15,2,3,2,6,0,1,0,0,0,0,0,0,698236.7135,5333639.9791,11.664040274,48.125122249,2,#fc8d62,car
175288,"9,17E+18",9,1,62,0,2017,6,18,2,3,2,6,0,1,0,1,0,0,0,1,691389.0546,5332940.2768,11.571800478,48.120928852,2,#fc8d62,car
175291,"9,17E+18",9,7,72,200,2017,6,18,2,3,5,3,0,1,0,0,0,0,0,0,630620.9857,5338453.4681,10.757409531,48.185878707,2,#fc8d62,car
175292,"9,17E+18",9,7,61,0,2017,6,16,2,3,0,1,1,0,0,0,0,0,0,1,642774.8563,5353909.6161,10.926053822,48.32224049,1,#66c2a5,bicycle
175311,"9,17E+18",9,1,63,0,2017,6,16,2,3,5,2,0,1,0,0,0,0,0,0,733455.1876,5306107.8534,12.121683183,47.865842852,2,#fc8d62,car
175312,"9,17E+18",9,1,88,139,2017,6,15,2,3,5,2,1,1,0,0,0,0,0,0,674675.3604,5318513.5896,11.341522259,47.996044429,1,#66c2a5,bicycle
175313,"9,17E+18",9,1,81,116,2017,6,17,2,2,0,1,1,0,0,0,0,0,0,1,646066.6485,5338572.3686,10.965140329,48.183583988,1,#66c2a5,bicycle
175314,"9,17E+18",9,1,79,126,2017,6,12,2,2,1,7,1,1,0,0,0,0,0,0,676654.6963,5339941.3282,11.376897108,48.18812152,1,#66c2a5,bicycle
175315,"9,17E+18",9,1,79,121,2017,6,15,2,3,5,2,0,1,0,1,0,0,0,0,667655997.0,5338520625.0,11.255358541,48.177788496,2,#fc8d62,car
175316,"9,17E+18",9,1,74,115,2017,6,13,2,3,3,5,1,1,0,0,0,0,0,0,681324.8215,5347575.2727,11.442940215,48.255424558,1,#66c2a5,bicycle
175317,"9,17E+18",9,1,75,111,2017,6,12,2,2,0,7,1,0,0,0,0,1,0,0,710764575.0,5337204146.0,11.833954711,48.153125942,1,#66c2a5,bicycle
175318,"9,17E+18",9,1,62,0,2017,6,14,1,2,5,3,1,1,0,0,0,0,0,0,695353.4889,5333143.0852,11.625108308,48.121547652,1,#66c2a5,bicycle
175319,"9,17E+18",9,1,62,0,2017,6,23,1,3,3,7,1,1,0,0,0,0,2,0,690202815.0,5335433657.0,11.55698992,48.143694847,1,#66c2a5,bicycle
175320,"9,17E+18",9,1,84,119,2017,6,0,1,2,6,4,0,0,1,1,0,0,2,1,698233827.0,5349211614.0,11.671271168,48.265067263,3,#8da0cb,toilet
175321,"9,17E+18",9,1,62,0,2017,6,16,1,3,5,3,1,1,0,0,0,0,0,0,682839.8929,5334727985.0,11.457799925,48.139510496,1,#66c2a5,bicycle
175322,"9,17E+18",9,1,62,0,2017,6,0,1,3,6,4,1,0,1,0,0,0,2,1,688844.4445,5337470.5599,11.53965119,48.162407384,1,#66c2a5,bicycle
175323,"9,17E+18",9,1,84,145,2017,6,18,1,3,0,7,1,0,0,0,0,0,0,0,694615.3183,5324723.9464,11.611364223,48.046105129,1,#66c2a5,bicycle
175324,"9,17E+18",9,1,84,127,2017,6,17,1,2,0,7,0,0,0,1,0,0,0,1,702425.5789,5321726.1281,11.714626952,48.016735062,4,#e78ac3,marker
175325,"9,17E+18",9,1,62,0,2017,6,21,1,3,6,4,0,1,1,0,0,0,2,0,693461.4452,5336107.2073,11.601056925,48.148765982,2,#fc8d62,car
175326,"9,17E+18",9,1,62,0,2017,6,1,1,3,0,1,1,0,0,0,0,0,2,0,693653509.0,5333732.5155,11.602556764,48.127364585,1,#66c2a5,bicycle
175327,"9,17E+18",9,1,62,0,2017,6,20,1,3,3,5,1,1,0,0,0,0,0,0,691415.0281,5334009.8747,11.57262949,48.130534496,1,#66c2a5,bicycle
175329,"9,17E+18",9,7,78,116,2017,6,18,1,3,8,1,0,1,0,0,0,0,0,0,618651083.0,5319910481.0,10.591274313,48.021460533,2,#fc8d62,car
175333,"9,17E+18",9,7,61,0,2017,6,14,1,3,0,1,1,0,0,0,0,0,0,1,640578.9003,5359093.0445,10.898177602,48.369340479,1,#66c2a5,bicycle
175334,"9,17E+18",9,7,61,0,2017,6,19,1,3,3,2,0,1,0,0,0,1,0,0,640018.9473,5359237.2677,10.890669104,48.370761765,2,#fc8d62,car
175348,"9,17E+18",9,2,74,113,2017,6,1,1,3,5,2,1,0,0,0,0,1,2,0,729414.5433,5382839.0624,12.109227149,48.556633877,1,#66c2a5,bicycle
175353,"9,17E+18",9,1,62,0,2017,6,18,7,3,0,7,0,1,0,1,0,0,0,0,693005623.0,5333849.8418,11.59391207,48.128615847,2,#fc8d62,car
175354,"9,17E+18",9,1,62,0,2017,6,12,7,3,5,2,1,1,0,0,0,0,0,0,689309.3374,5333003.7122,11.543911061,48.122120756,1,#66c2a5,bicycle
175355,"9,17E+18",9,1,62,0,2017,6,16,7,3,3,5,1,1,0,0,0,0,0,0,688951.6494,5342674.2404,11.543405928,48.209146362,1,#66c2a5,bicycle
175356,"9,17E+18",9,1,62,0,2017,6,16,7,3,0,7,1,0,0,0,0,0,0,0,692748584.0,5336894.7811,11.591839496,48.156060889,1,#66c2a5,bicycle
175357,"9,17E+18",9,1,62,0,2017,6,11,7,2,0,5,1,1,0,0,0,0,0,0,687698352.0,5327992907.0,11.520081118,48.077559052,1,#66c2a5,bicycle
175358,"9,17E+18",9,1,88,127,2017,6,13,7,2,8,1,0,0,0,1,0,0,0,0,678133801.0,5330605996.0,11.392874509,48.103792317,4,#e78ac3,marker
175359,"9,17E+18",9,1,62,0,2017,6,21,7,3,0,1,0,0,0,1,0,0,2,0,691249.0106,5335304.8757,11.570981954,48.142223747,4,#e78ac3,marker
175360,"9,17E+18",9,1,62,0,2017,6,17,7,3,0,7,1,0,0,0,0,0,0,0,683088013.0,5335739398.0,11.461566965,48.148530387,1,#66c2a5,bicycle
175361,"9,17E+18",9,1,62,0,2017,6,13,7,3,0,2,1,1,0,0,0,0,0,0,690438.4665,5340230.5601,11.562302539,48.186738572,1,#66c2a5,bicycle
175362,"9,17E+18",9,1,62,0,2017,6,11,7,3,3,2,1,1,0,0,0,0,0,0,689803.2912,5340154.1041,11.553731077,48.186241484,1,#66c2a5,bicycle
175363,"9,17E+18",9,1,62,0,2017,6,10,7,3,2,6,1,0,0,0,0,0,0,0,689480.2993,5336072.7801,11.54757122,48.149654912,1,#66c2a5,bicycle
175364,"9,17E+18",9,1,62,0,2017,6,14,7,3,0,1,0,0,0,1,0,1,0,0,686217.8793,5334517.4079,11.503071434,48.136638142,4,#e78ac3,marker
175365,"9,17E+18",9,1,84,148,2017,6,19,7,3,5,7,1,1,0,0,0,0,1,0,694700.4532,5326765091.0,11.613434172,48.064424433,1,#66c2a5,bicycle
175366,"9,17E+18",9,1,84,123,2017,6,18,7,3,2,6,1,0,0,0,0,0,0,0,702556.7651,5334391.0014,11.722385785,48.130511776,1,#66c2a5,bicycle
175367,"9,17E+18",9,1,62,0,2017,6,8,7,3,1,7,0,1,0,1,0,0,0,0,697998.9929,5330659.8487,11.659465862,48.09841289,2,#fc8d62,car
175368,"9,17E+18",9,1,62,0,2017,6,18,7,3,1,7,1,1,0,0,0,0,0,0,697761241.0,5338259.7702,11.659803552,48.166789385,1,#66c2a5,bicycle
175369,"9,17E+18",9,1,62,0,2017,6,18,7,3,0,1,0,0,0,1,0,0,0,0,690670856.0,5332930935.0,11.562155494,48.121060362,4,#e78ac3,marker
175370,"9,17E+18",9,1,62,0,2017,6,20,7,3,5,7,1,1,0,0,0,0,1,0,691325.8175,5333813.6858,11.571343661,48.128797988,1,#66c2a5,bicycle
175371,"9,17E+18",9,1,62,0,2017,6,13,7,3,2,6,0,1,0,0,0,0,0,0,692812.0746,5338373.6742,11.593362695,48.169333501,2,#fc8d62,car
175372,"9,17E+18",9,1,62,0,2017,6,18,7,2,3,6,1,0,0,0,0,0,0,0,690813.1371,5334899.2806,11.564946829,48.138709151,1,#66c2a5,bicycle
175373,"9,17E+18",9,1,62,0,2017,6,12,7,3,3,5,1,1,0,0,0,0,0,0,692068.0809,5334771.4194,11.581740662,48.13718241,1,#66c2a5,bicycle
175376,"9,17E+18",9,7,78,203,2017,6,15,7,2,0,1,1,0,0,0,0,0,0,0,622065.3608,5322948.7142,10.637911351,48.04814148,1,#66c2a5,bicycle
175380,"9,17E+18",9,7,77,121,2017,6,13,7,3,0,1,1,0,0,0,0,0,0,0,626487.0119,5318477.9157,10.695896049,48.007073752,1,#66c2a5,bicycle
175383,"9,17E+18",9,7,72,200,2017,6,8,7,3,5,3,1,1,0,0,0,0,0,0,631067.5006,5339802.9903,10.763830672,48.197922466,1,#66c2a5,bicycle
175384,"9,17E+18",9,7,72,160,2017,6,11,7,2,5,3,1,1,0,0,0,0,0,0,636838.3528,5342331.8837,10.842266388,48.219445313,1,#66c2a5,bicycle
175385,"9,17E+18",9,7,72,163,2017,6,10,7,3,0,2,1,0,0,0,0,1,0,0,639819.9274,5346956.6833,10.883912141,48.260381193,1,#66c2a5,bicycle
175386,"9,17E+18",9,7,61,0,2017,6,22,7,2,6,4,0,1,1,0,0,0,2,1,637110147.0,5360168.3447,10.851716938,48.379772564,2,#fc8d62,car
175412,"9,17E+18",9,1,83,126,2017,6,16,2,3,4,2,0,1,0,0,0,1,0,0,729944.9621,5337992.2268,12.091907957,48.153562055,2,#fc8d62,car
175417,"9,17E+18",9,1,63,0,2017,6,5,2,3,5,3,0,1,0,0,0,0,1,0,733269732.0,5306222.26,12.119268865,47.866938045,2,#fc8d62,car
175422,"9,17E+18",9,1,79,145,2017,6,14,2,3,3,7,0,1,0,1,0,0,0,0,675064.1431,5338229.9267,11.354809909,48.173177585,2,#fc8d62,car
175423,"9,17E+18",9,1,79,121,2017,6,19,2,3,5,3,1,1,0,0,0,0,0,0,668031363.0,5339866743.0,11.26093641,48.189790794,1,#66c2a5,bicycle
175424,"9,17E+18",9,1,79,121,2017,6,13,2,1,5,3,0,1,0,0,0,1,0,0,667443.7565,5338646.6005,11.252555346,48.178976974,2,#fc8d62,car
175425,"9,17E+18",9,1,79,121,2017,6,9,2,3,0,7,1,0,0,0,0,0,0,0,665285.6914,5336846.1879,11.222846589,48.16335607,1,#66c2a5,bicycle
175426,"9,17E+18",9,1,77,117,2017,6,18,2,3,0,7,1,0,1,0,0,0,0,0,715240975.0,5352868619.0,11.902017456,48.292377175,1,#66c2a5,bicycle
175427,"9,17E+18",9,1,75,122,2017,6,14,2,3,0,7,1,0,0,0,0,1,0,1,720561.2476,5325486.0853,11.959448566,48.044517773,1,#66c2a5,bicycle