OBJECTID,UIDENTSTLA,ULAND,UREGBEZ,UKREIS,UGEMEINDE,UJAHR,UMONAT,USTUNDE,UWOCHENTAG,UKATEGORIE,UART,UTYP1,IstRad,IstPKW,IstFuss,IstKrad,IstGkfz,IstSonstig,ULICHTVERH,STRZUSTAND,LINREFX,LINREFY,XGCSWGS84,YGCSWGS84,Teilnehmer,color,symbol
175428,"9,17E+18",9,1,62,0,2017,6,19,1,3,3,7,1,0,0,1,0,0,0,0,691024.3163,5334073.0055,11.567412076,48.131219288,1,#66c2a5,bicycle
175429,"9,17E+18",9,1,62,0,2017,6,13,1,3,3,2,1,1,0,0,0,0,0,0,689879.6413,5334909056.0,11.552415904,48.139076253,1,#66c2a5,bicycle
175430,"9,17E+18",9,1,62,0,2017,6,4,1,2,6,1,1,0,1,0,0,0,2,0,691109.9347,5335222.7065,11.569077415,48.141527007,1,#66c2a5,bicycle
175431,"9,17E+18",9,1,62,0,2017,6,11,1,3,1,5,1,1,0,0,0,0,0,0,688228.5453,5341598.5231,11.533205286,48.199692586,1,#66c2a5,bicycle
175432,"9,17E+18",9,1,62,0,2017,6,12,1,3,0,1,1,0,0,0,0,0,0,0,691291.4588,5334169.7913,11.57104224,48.13200896,1,#66c2a5,bicycle
175435,"9,17E+18",9,7,78,173,2017,6,16,1,3,8,1,0,0,0,1,0,0,0,0,616142521.0,5321190434.0,10.557991053,48.033433197,4,#e78ac3,marker
175440,"9,17E+18",9,7,62,0,2017,6,19,1,2,9,1,1,0,0,0,0,0,0,0,619987147.0,5302360.4349,10.604293029,47.863370505,1,#66c2a5,bicycle
175441,"9,17E+18",9,7,72,125,2017,6,19,1,3,5,1,1,1,0,0,0,0,0,0,636705.8553,5348904399.0,10.842606124,48.278574872,1,#66c2a5,bicycle
175442,"9,17E+18",9,7,61,0,2017,6,19,1,2,0,1,1,0,0,0,0,0,0,0,639146.0608,5359180.7901,10.878870482,48.370446988,1,#66c2a5,bicycle
175443,"9,17E+18",9,7,61,0,2017,6,9,1,3,4,2,1,1,0,0,0,0,0,0,639536.5257,5358140.2683,10.88379473,48.361004675,1,#66c2a5,bicycle
175444,"9,17E+18",9,7,61,0,2017,6,10,1,3,1,7,1,1,0,0,0,0,0,0,639937.2906,5357378.2032,10.888948728,48.354063688,1,#66c2a5,bicycle
175471,"9,17E+18",9,1,90,157,2017,6,10,1,3,0,7,1,0,0,0,0,0,0,0,660968.5611,5303252.7924,11.152220095,47.862433239,1,#66c2a5,bicycle
175479,"9,17E+18",9,1,88,139,2017,6,16,1,3,2,7,1,1,0,0,0,0,0,0,674528.5259,5318196.5428,11.339426735,47.993234369,1,#66c2a5,bicycle
175480,"9,17E+18",9,1,79,121,2017,6,15,1,2,6,2,0,0,1,0,0,1,0,0,667869513.0,5337962.4465,11.258008057,48.172714147,3,#8da0cb,toilet
175481,"9,17E+18",9,1,74,126,2017,6,19,1,3,0,1,1,0,0,0,0,0,0,0,681512.4572,5344878.5073,11.44430991,48.231130687,1,#66c2a5,bicycle
175482,"9,17E+18",9,1,74,115,2017,6,14,1,2,5,3,0,1,0,1,0,0,0,0,682403075.0,5347941.8698,11.457611412,48.258410286,2,#fc8d62,car
175483,"9,17E+18",9,1,74,113,2017,6,13,1,3,8,1,0,0,0,1,0,0,0,0,673594.1164,5346733.6856,11.338533464,48.250024192,4,#e78ac3,marker
175484,"9,17E+18",9,1,78,143,2017,6,11,1,2,0,7,1,0,0,0,0,0,0,0,721700.7859,5369829.7888,11.997929642,48.442532265,1,#66c2a5,bicycle
175485,"9,17E+18",9,1,62,0,2017,6,18,7,3,5,2,1,1,0,0,0,0,0,0,687928.1072,5330747.7148,11.524375057,48.102252443,1,#66c2a5,bicycle
175486,"9,17E+18",9,1,62,0,2017,6,9,7,2,8,2,1,1,0,0,0,0,0,0,694807.4637,5334965.1464,11.618611891,48.138090864,1,#66c2a5,bicycle
175487,"9,17E+18",9,1,62,0,2017,6,20,7,3,0,1,1,0,0,0,0,0,0,0,688790.9356,5330548555.0,11.535865298,48.100207273,1,#66c2a5,bicycle
175488,"9,17E+18",9,1,62,0,2017,6,18,7,2,0,7,1,0,0,0,0,0,0,0,686765.7118,5339414.61,11.512577653,48.180495042,1,#66c2a5,bicycle
175489,"9,17E+18",9,1,62,0,2017,6,15,7,3,0,7,1,0,0,1,0,0,0,0,689588.0134,5328302.0258,11.545563469,48.079778462,1,#66c2a5,bicycle
175490,"9,17E+18",9,1,62,0,2017,6,18,7,3,1,5,0,1,0,0,0,0,0,0,683228.5003,5340618.7451,11.465556731,48.192348368,2,#fc8d62,car
175491,"9,17E+18",9,1,62,0,2017,6,17,7,3,0,7,0,1,0,1,0,0,0,0,689351.8589,5336105.9419,11.545860854,48.14999122,2,#fc8d62,car
175492,"9,17E+18",9,1,84,122,2017,6,11,7,3,0,7,1,0,0,0,0,1,0,0,689434745.0,5324252484.0,11.541714089,48.043425839,1,#66c2a5,bicycle
175493,"9,17E+18",9,1,62,0,2017,6,17,7,3,4,2,1,0,0,0,0,0,0,0,692805.6303,5338664.3892,11.59340794,48.171948312,1,#66c2a5,bicycle
175494,"9,17E+18",9,1,62,0,2017,6,3,7,3,6,4,0,1,1,0,0,0,2,1,690802.4427,5334766.2545,11.564743631,48.137516727,2,#fc8d62,car
175500,"9,17E+18",9,7,72,130,2017,6,10,7,3,6,7,0,0,1,0,0,1,0,0,632457.1393,5357556.5838,10.788086339,48.357281103,3,#8da0cb,toilet
175501,"9,17E+18",9,7,72,202,2017,6,9,7,3,5,3,0,1,0,0,0,0,0,0,634515.4376,5358508.0634,10.816161862,48.365401749,2,#fc8d62,car
175502,"9,17E+18",9,7,61,0,2017,6,11,7,3,5,3,1,0,0,1,0,0,0,0,643169391.0,5359655.6333,10.93332694,48.373816677,1,#66c2a5,bicycle
175503,"9,17E+18",9,7,61,0,2017,6,20,7,3,5,3,1,1,0,0,0,0,0,0,641625.1473,5358218.5889,10.912002054,48.361243823,1,#66c2a5,bicycle
175533,"9,17E+18",9,1,90,157,2017,6,15,7,3,5,2,1,0,0,0,0,0,0,0,657254.3599,5304333.6158,11.102987853,47.87307119,1,#66c2a5,bicycle
175540,"9,17E+18",9,1,87,177,2017,6,11,7,3,0,1,1,0,0,0,0,0,0,0,735276766.0,5305562.4705,12.14570615,47.860278785,1,#66c2a5,bicycle
175542,"9,17E+18",9,1,85,113,2017,6,19,7,3,0,1,1,0,0,0,0,0,0,0,666224.7233,5377405.1845,11.251475424,48.52772604,1,#66c2a5,bicycle
175545,"9,17E+18",9,1,79,142,2017,6,20,7,3,0,1,1,0,0,0,0,0,0,0,672542.4547,5341975.8271,11.322441331,48.207540957,1,#66c2a5,bicycle
175546,"9,17E+18",9,1,81,133,2017,6,20,7,3,5,3,1,1,0,0,0,0,0,0,640196.2861,5313211.6527,10.877889188,47.956857662,1,#66c2a5,bicycle
175547,"9,17E+18",9,1,79,126,2017,6,6,7,3,5,3,1,1,0,0,0,0,0,0,676294.1016,5341322.2038,11.37262294,48.200634613,1,#66c2a5,bicycle
175548,"9,17E+18",9,1,79,121,2017,6,17,7,3,0,7,0,1,0,0,0,1,0,0,665777.8078,5338225.5104,11.229997438,48.175628181,2,#fc8d62,car
175549,"9,17E+18",9,1,75,115,2017,6,13,7,3,0,1,0,0,0,1,0,0,0,0,720738672.0,5328871.9676,11.963572999,48.074878786,4,#e78ac3,marker
175550,"9,17E+18",9,1,62,0,2017,6,10,6,3,5,3,1,1,0,0,0,0,0,0,690653357.0,5334064656.0,11.562427735,48.131255467,1,#66c2a5,bicycle
175551,"9,17E+18",9,1,62,0,2017,6,21,6,3,5,3,0,1,0,0,0,0,2,1,683819.2987,5340314.3362,11.473367193,48.189441476,2,#fc8d62,car
175552,"9,17E+18",9,1,84,119,2017,6,17,6,3,6,4,1,0,1,0,0,0,0,0,696739977.0,5347717682.0,11.650468877,48.252106749,1,#66c2a5,bicycle
175553,"9,17E+18",9,1,62,0,2017,6,14,6,3,0,7,1,0,0,0,0,0,0,0,683951.7083,5333719.9672,11.472295685,48.13012939,1,#66c2a5,bicycle
175554,"9,17E+18",9,1,62,0,2017,6,2,6,3,1,7,0,1,0,0,0,1,2,0,699553.9732,5335576.2638,11.682629383,48.142112326,2,#fc8d62,car
175555,"9,17E+18",9,1,62,0,2017,6,16,6,3,0,7,1,1,0,0,0,0,0,0,686019.7188,5335083.44,11.500657693,48.141783816,1,#66c2a5,bicycle
175556,"9,17E+18",9,1,62,0,2017,6,6,6,2,5,3,1,1,0,0,0,0,0,0,693219.0162,5330203.6509,11.595125221,48.095780001,1,#66c2a5,bicycle
175557,"9,17E+18",9,1,62,0,2017,6,15,6,3,6,7,1,0,1,0,0,0,0,0,681061.1754,5335687.4035,11.434320243,48.148643181,1,#66c2a5,bicycle
175558,"9,17E+18",9,1,62,0,2017,6,14,6,3,1,3,0,1,0,0,0,1,0,0,679664.9791,5336542.0916,11.415926946,48.156721815,2,#fc8d62,car
175559,"9,17E+18",9,1,62,0,2017,6,15,6,3,5,3,1,0,0,1,0,0,0,0,684876.1764,5338456.1138,11.486765606,48.172432271,1,#66c2a5,bicycle
175560,"9,17E+18",9,1,62,0,2017,6,11,6,3,0,1,0,0,0,1,0,0,0,0,696033.2048,5333786.8357,11.634528211,48.127124434,4,#e78ac3,marker
175561,"9,17E+18",9,1,62,0,2017,6,10,6,3,3,2,1,0,0,0,0,1,0,0,693410.7381,5335211.9142,11.599969217,48.14073479,1,#66c2a5,bicycle
175562,"9,17E+18",9,1,62,0,2017,6,8,6,3,3,6,0,0,0,1,0,1,0,0,693473.5263,5333540.8698,11.600053519,48.125696855,4,#e78ac3,marker
175563,"9,17E+18",9,1,62,0,2017,6,17,6,3,5,2,1,1,0,0,0,0,0,0,689309.3276,5333003818.0,11.543910976,48.12212171,1,#66c2a5,bicycle
175568,"9,17E+18",9,7,77,121,2017,6,11,6,2,0,1,1,0,0,0,0,0,0,0,628117.5995,5319772.9303,10.71813526,48.018395204,1,#66c2a5,bicycle
175573,"9,17E+18",9,7,72,177,2017,6,19,6,3,1,3,0,1,0,0,0,0,0,0,636599.6479,5379598.7352,10.851171674,48.554596852,2,#fc8d62,car
175574,"9,17E+18",9,7,61,0,2017,6,13,6,3,3,3,1,1,0,0,0,0,0,0,639239.8962,5357077.4254,10.879440704,48.351513318,1,#66c2a5,bicycle
175575,"9,17E+18",9,7,61,0,2017,6,18,6,3,3,3,1,0,0,0,0,1,0,1,639240.1558,5358618.8169,10.879954265,48.365373108,1,#66c2a5,bicycle
175576,"9,17E+18",9,7,71,113,2017,6,3,6,2,9,1,0,1,0,0,0,0,2,0,661366.9709,5367038681.0,11.181726592,48.43579999,2,#fc8d62,car
175601,"9,17E+18",9,2,61,0,2017,6,10,6,2,5,3,1,0,0,1,0,0,0,0,731409.0687,5382947.2635,12.136276829,48.556873115,1,#66c2a5,bicycle
175608,"9,17E+18",9,1,87,150,2017,6,6,6,3,0,6,1,0,0,0,0,0,0,0,729238.4725,5304172248.0,12.064357005,47.849970719,1,#66c2a5,bicycle
175609,"9,17E+18",9,1,85,158,2017,6,17,6,3,5,3,0,1,0,1,0,0,0,0,667608.9635,5382856.2521,11.272403635,48.576358919,2,#fc8d62,car
175610,"9,17E+18",9,1,79,121,2017,6,23,6,3,8,7,0,0,0,1,0,0,2,0,664871.2247,5339516971.0,11.218312969,48.187474468,4,#e78ac3,marker
175611,"9,17E+18",9,1,74,121,2017,6,11,6,3,0,1,1,0,0,0,0,0,0,0,688397.32,5353467349.0,11.540757214,48.306318967,1,#66c2a5,bicycle
175612,"9,17E+18",9,1,78,124,2017,6,8,6,3,0,2,1,1,0,0,0,0,0,0,702676.8443,5364283.0552,11.738319961,48.399099631,1,#66c2a5,bicycle
175613,"9,17E+18",9,1,62,0,2017,6,22,5,3,6,4,1,0,1,0,0,0,2,0,693064.2343,5335727.5922,11.595550027,48.145474791,1,#66c2a5,bicycle
175614,"9,17E+18",9,1,62,0,2017,6,20,5,3,4,6,0,1,0,0,0,0,0,0,692200.4372,5337005.8944,11.584526691,48.157225452,2,#fc8d62,car
175615,"9,17E+18",9,1,84,112,2017,6,8,5,3,5,3,1,1,0,0,0,0,0,0,701584.3427,5338717.2724,11.711380331,48.169700125,1,#66c2a5,bicycle
175616,"9,17E+18",9,1,62,0,2017,6,9,5,3,6,7,0,1,1,0,0,0,0,0,691364.6343,5334987.9916,11.57239228,48.139340863,2,#fc8d62,car
175617,"9,17E+18",9,1,62,0,2017,6,22,5,2,4,2,0,1,0,1,0,0,2,0,696731.0884,5333458.9667,11.643745536,48.123962458,2,#fc8d62,car
175618,"9,17E+18",9,1,62,0,2017,6,13,5,3,6,7,0,0,1,0,0,1,0,0,695178.4303,5334131.3322,11.623211025,48.130483258,3,#8da0cb,toilet
175619,"9,17E+18",9,1,84,119,2017,6,17,5,3,8,6,1,1,0,0,0,0,0,0,696840.9488,5347916.1611,11.65191995,48.25385916,1,#66c2a5,bicycle
175620,"9,17E+18",9,1,62,0,2017,6,17,5,3,1,6,0,1,0,0,0,0,0,0,691675864.0,5340374.6361,11.578998981,48.187661347,2,#fc8d62,car
175621,"9,17E+18",9,1,62,0,2017,6,18,5,3,0,2,0,0,0,1,0,0,0,1,680002.8254,5338531.8249,11.42130788,48.174511759,4,#e78ac3,marker
175622,"9,17E+18",9,1,62,0,2017,6,16,5,3,2,6,0,1,0,0,0,0,0,0,690700.3449,5340389.0415,11.565893532,48.188084421,2,#fc8d62,car
175623,"9,17E+18",9,1,62,0,2017,6,17,5,3,1,6,0,1,0,0,0,0,0,0,689703.5848,5340121.9025,11.552376567,48.18598184,2,#fc8d62,car
175624,"9,17E+18",9,1,62,0,2017,6,9,5,3,1,6,1,1,0,0,0,0,0,0,688031.1271,5335591.2963,11.527894114,48.145757286,1,#66c2a5,bicycle
175625,"9,17E+18",9,1,62,0,2017,6,9,5,3,4,2,1,1,0,0,0,0,0,0,685885.2414,5333950.9204,11.498357475,48.131643571,1,#66c2a5,bicycle
175626,"9,17E+18",9,1,62,0,2017,6,13,5,2,2,6,0,1,0,0,0,0,0,0,700026.7269,5334860.5366,11.688641296,48.135531605,2,#fc8d62,car
175627,"9,17E+18",9,1,62,0,2017,6,0,5,3,5,3,1,1,0,0,0,0,2,0,693478.9475,5333557.2795,11.600133745,48.125842693,1,#66c2a5,bicycle
175628,"9,17E+18",9,1,62,0,2017,6,11,5,3,5,3,0,1,0,1,0,0,0,0,694522297.0,5335088459.0,11.614839127,48.139286381,2,#fc8d62,car
175629,"9,17E+18",9,1,62,0,2017,6,8,5,3,4,2,0,1,0,0,0,0,0,0,694456.9541,5333026.4891,11.613020753,48.120774168,2,#fc8d62,car
175630,"9,17E+18",9,1,62,0,2017,6,7,5,3,3,2,1,1,0,0,0,0,0,0,692950356.0,5332321415.0,11.592478325,48.114895449,1,#66c2a5,bicycle
175631,"9,17E+18",9,1,62,0,2017,6,18,5,3,5,3,0,1,0,1,0,0,0,0,692537.3893,5334152.7129,11.587762725,48.131479788,2,#fc8d62,car
175632,"9,17E+18",9,1,62,0,2017,6,18,5,3,0,7,1,0,0,0,0,0,0,0,689696147.0,5331884495.0,11.548605729,48.111946004,1,#66c2a5,bicycle
175633,"9,17E+18",9,1,62,0,2017,6,18,5,3,2,6,0,1,0,0,0,0,0,0,692175.4833,5335330.8128,11.583435235,48.142177707,2,#fc8d62,car
175641,"9,17E+18",9,7,61,0,2017,6,18,5,3,5,3,0,1,0,0,0,0,0,0,641116.8949,5352736.6642,10.903308099,48.312065907,2,#fc8d62,car
175642,"9,17E+18",9,7,72,121,2017,6,7,5,3,5,2,0,1,0,1,0,0,0,0,633898.0399,5375614.8583,10.813299134,48.519357217,2,#fc8d62,car
175643,"9,17E+18",9,7,72,147,2017,6,16,5,3,6,4,1,0,1,0,0,0,0,0,639031.3098,5364976.0837,10.879240707,48.422581956,1,#66c2a5,bicycle
175644,"9,17E+18",9,7,72,125,2017,6,11,5,3,5,2,1,1,0,0,0,0,0,0,633939147.0,5348396863.0,10.80517331,48.274602308,1,#66c2a5,bicycle
175645,"9,17E+18",9,7,72,163,2017,6,12,5,3,0,7,1,0,0,0,0,0,0,0,640052.4098,5348662.0495,10.887607623,48.275664289,1,#66c2a5,bicycle
175646,"9,17E+18",9,7,61,0,2017,6,15,5,3,3,2,0,1,0,0,0,1,0,0,638474.4517,5360371.4816,10.870199088,48.381301163,2,#fc8d62,car
175647,"9,17E+18",9,7,61,0,2017,6,12,5,3,1,6,1,1,0,0,0,0,0,0,639503.3176,5356699.8334,10.88286921,48.348059962,1,#66c2a5,bicycle
175648,"9,17E+18",9,7,61,0,2017,6,16,5,3,1,5,1,1,0,0,0,0,0,0,640223.5406,5358490.2638,10.893181094,48.363999512,1,#66c2a5,bicycle
175657,"9,17E+18",9,1,63,0,2017,6,23,6,3,0,1,1,0,0,0,0,0,2,0,732669.6284,5304941.1416,12.110567288,47.855645917,1,#66c2a5,bicycle
175659,"9,17E+18",9,1,82,127,2017,6,11,6,3,5,3,0,1,0,0,0,0,0,0,700091.5555,5309757.7117,11.677793107,47.909905337,2,#fc8d62,car
175663,"9,17E+18",9,1,79,142,2017,6,16,6,2,0,1,0,1,0,1,0,0,0,0,673426.3311,5344180.8103,11.335229916,48.227121492,2,#fc8d62,car
175664,"9,17E+18",9,1,78,143,2017,6,15,6,3,0,7,1,0,0,0,0,0,0,0,716774.2482,5373318.0924,11.9332094,48.475588864,1,#66c2a5,bicycle
175665,"9,17E+18",9,1,62,0,2017,6,17,5,3,4,2,1,1,0,0,0,0,0,0,686774593.0,5336347.4151,11.511349906,48.152923662,1,#66c2a5,bicycle
175666,"9,17E+18",9,1,62,0,2017,6,0,5,2,6,4,0,1,1,0,0,0,2,0,697840.3703,5334339.8726,11.65904481,48.131535681,2,#fc8d62,car
175667,"9,17E+18",9,1,62,0,2017,6,6,5,3,0,1,1,0,0,0,0,0,0,0,692064.3732,5336477.7789,11.582460603,48.152519968,1,#66c2a5,bicycle
175668,"9,17E+18",9,1,62,0,2017,6,20,5,3,3,6,1,1,0,0,0,0,0,0,691632.7227,5335722.2925,11.576322698,48.145859975,1,#66c2a5,bicycle
175669,"9,17E+18",9,1,62,0,2017,6,18,5,3,4,6,1,0,0,0,0,0,0,0,687445.2747,5336147.3013,11.520270647,48.150927682,1,#66c2a5,bicycle
175670,"9,17E+18",9,1,62,0,2017,6,13,5,3,3,6,1,0,0,0,0,0,0,0,692745.8022,5330738.9768,11.589017941,48.100734721,1,#66c2a5,bicycle
175671,"9,17E+18",9,1,62,0,2017,6,19,5,3,5,3,1,0,0,0,0,0,1,0,695539.3632,5338062.1874,11.629862254,48.165700935,1,#66c2a5,bicycle
175672,"9,17E+18",9,1,62,0,2017,6,19,5,3,1,3,0,1,0,0,0,0,0,0,690144.8299,5334733.7021,11.555898685,48.137420982,2,#fc8d62,car
175673,"9,17E+18",9,1,62,0,2017,6,10,5,3,1,2,1,1,0,0,0,0,0,0,690348.6917,5334736.5448,11.558637403,48.137385586,1,#66c2a5,bicycle
175674,"9,17E+18",9,1,62,0,2017,6,20,5,3,0,1,1,0,0,0,0,0,0,0,692090.4518,5334942.7816,11.582118332,48.138715831,1,#66c2a5,bicycle
175680,"9,17E+18",9,7,72,184,2017,6,19,5,2,0,7,1,0,0,0,0,0,0,0,632904.3578,5360881.0762,10.795171274,48.38708157,1,#66c2a5,bicycle
175681,"9,17E+18",9,7,72,125,2017,6,19,5,2,0,1,1,0,0,0,0,0,0,0,636589.3262,5347932.7341,10.84072235,48.269862708,1,#66c2a5,bicycle
175682,"9,17E+18",9,7,72,125,2017,6,14,5,2,5,3,0,1,0,1,0,0,0,0,637426.8119,5348216.2387,10.852094626,48.272230825,2,#fc8d62,car
175683,"9,17E+18",9,7,72,125,2017,6,11,5,3,6,4,0,1,1,0,0,0,0,0,635935.7065,5348911.4997,10.832233395,48.278804543,2,#fc8d62,car
175684,"9,17E+18",9,7,61,0,2017,6,16,5,3,2,2,0,1,0,0,0,0,0,0,640574.9735,5358037.4957,10.897771854,48.359850205,2,#fc8d62,car
175685,"9,17E+18",9,7,61,0,2017,6,2,5,3,0,1,1,0,0,0,0,0,2,0,640954.8016,5357914.0727,10.902855277,48.358655743,1,#66c2a5,bicycle
175717,"9,17E+18",9,2,61,0,2017,6,17,5,3,0,7,1,0,0,0,0,0,0,0,733868.0734,5379720.0511,12.167739551,48.5269724,1,#66c2a5,bicycle
175718,"9,17E+18",9,2,61,0,2017,6,17,5,3,9,1,1,0,0,0,0,0,0,0,736238.6843,5384457.9475,12.202484385,48.568641993,1,#66c2a5,bicycle
175719,"9,17E+18",9,2,61,0,2017,6,11,5,3,0,7,1,0,0,0,0,0,0,0,732641.6703,5380995.7337,12.151866052,48.538887132,1,#66c2a5,bicycle
175722,"9,17E+18",9,1,73,134,2017,6,15,5,2,0,1,1,0,0,0,0,0,0,0,686151.6404,5301718.5932,11.487962594,47.841840023,1,#66c2a5,bicycle
175725,"9,17E+18",9,1,82,123,2017,6,11,5,3,0,7,1,0,0,0,0,0,0,0,718269.5704,5302492.7854,11.917084152,47.838697694,1,#66c2a5,bicycle
175728,"9,17E+18",9,1,87,130,2017,6,13,5,2,0,1,1,0,0,0,0,0,0,0,712551.7027,5308586.18,11.843761812,47.895370217,1,#66c2a5,bicycle
175730,"9,17E+18",9,1,85,158,2017,6,14,5,3,5,3,0,1,0,0,0,0,0,0,668462.4767,5381098.4703,11.283253996,48.560329101,2,#fc8d62,car
175732,"9,17E+18",9,1,81,128,2017,6,19,5,3,8,7,1,0,0,0,0,0,0,0,638483.9888,5328273.4351,10.859833678,48.092672086,1,#66c2a5,bicycle
175733,"9,17E+18",9,1,88,144,2017,6,17,5,2,2,2,0,1,0,1,0,0,0,0,669705.0551,5328676.7891,11.278979246,48.088750044,2,#fc8d62,car
175734,"9,17E+18",9,1,74,115,2017,6,17,5,3,0,1,1,0,0,0,0,0,0,0,681877.1926,5348407.8792,11.450732997,48.262750189,1,#66c2a5,bicycle
175735,"9,17E+18",9,1,74,115,2017,6,14,5,3,2,6,0,1,0,0,0,0,0,0,679947.5576,5347458.6793,11.424352454,48.254769109,2,#fc8d62,car
175736,"9,17E+18",9,1,78,143,2017,6,15,5,3,5,3,0,1,0,0,0,0,0,0,717190.2878,5372256326.0,11.938279911,48.465905784,2,#fc8d62,car
175737,"9,17E+18",9,1,77,115,2017,6,8,5,3,5,3,1,1,0,0,0,0,0,0,734619876.0,5352194.4792,12.162525512,48.2794361,1,#66c2a5,bicycle
175738,"9,17E+18",9,1,62,0,2017,6,20,4,3,1,6,0,0,0,1,0,1,0,0,692445.5403,5334030.1772,11.586474208,48.130406238,4,#e78ac3,marker
175739,"9,17E+18",9,1,62,0,2017,6,17,4,3,0,7,1,0,0,0,0,0,0,0,685341598.0,5340816.3387,11.494049408,48.193511292,1,#66c2a5,bicycle
175740,"9,17E+18",9,1,84,131,2017,6,13,4,3,0,7,0,1,0,0,0,0,0,0,705077.0696,5337987.8139,11.757951009,48.162027659,2,#fc8d62,car
175741,"9,17E+18",9,1,62,0,2017,6,15,4,3,3,6,0,1,0,1,0,0,0,0,690903809.0,5335029.1197,11.566222588,48.139848941,2,#fc8d62,car
175742,"9,17E+18",9,1,62,0,2017,6,1,4,3,0,7,1,1,0,0,0,0,2,0,690236.2733,5335524.6662,11.557479913,48.144502833,1,#66c2a5,bicycle
175743,"9,17E+18",9,1,62,0,2017,6,8,4,3,5,7,1,1,0,0,0,0,0,0,699004.0531,5333736.0925,11.674385554,48.125746645,1,#66c2a5,bicycle
175744,"9,17E+18",9,1,62,0,2017,6,0,4,3,0,1,0,0,0,1,0,0,2,0,692274.7128,5341898.4297,11.587737964,48.201175768,4,#e78ac3,marker
175745,"9,17E+18",9,1,62,0,2017,6,12,4,3,5,3,1,1,0,0,0,0,0,0,686046183.0,5340289.0097,11.503290276,48.188565499,1,#66c2a5,bicycle
175746,"9,17E+18",9,1,62,0,2017,6,17,4,3,4,6,1,1,0,0,0,0,0,0,688875.9455,5337657.3734,11.540157351,48.164077122,1,#66c2a5,bicycle
175747,"9,17E+18",9,1,62,0,2017,6,17,4,3,3,2,1,1,0,0,0,0,0,0,686225.0958,5332685.6002,11.50236785,48.120171025,1,#66c2a5,bicycle
175748,"9,17E+18",9,1,62,0,2017,6,14,4,3,3,2,0,0,0,0,0,1,0,0,700037.7063,5335225015.0,11.688959869,48.138803741,6,#ffd92f,circle
175749,"9,17E+18",9,1,62,0,2017,6,16,4,3,5,2,1,1,0,0,0,0,0,0,692501.3306,5330600.4743,11.585675129,48.099563786,1,#66c2a5,bicycle
175750,"9,17E+18",9,1,62,0,2017,6,14,4,3,0,7,1,0,0,0,0,0,0,0,689655.9876,5333162743.0,11.548635274,48.123446975,1,#66c2a5,bicycle
175751,"9,17E+18",9,1,62,0,2017,6,22,4,3,5,3,0,1,0,0,0,1,2,0,691816.0236,5335012.3624,11.578464628,48.139423995,2,#fc8d62,car
175754,"9,17E+18",9,7,78,116,2017,6,19,4,3,9,7,0,0,0,1,0,0,0,0,619168.1204,5317452.3119,10.597522598,47.999256336,4,#e78ac3,marker
175755,"9,17E+18",9,7,78,137,2017,6,13,4,3,8,1,0,1,0,0,0,0,0,0,625318.16,5335471194.0,10.685217348,48.160127447,2,#fc8d62,car
175759,"9,17E+18",9,7,73,182,2017,6,12,4,3,2,5,0,1,0,0,0,0,0,0,624072322.0,5380134.9075,10.681643688,48.562022301,2,#fc8d62,car
175760,"9,17E+18",9,7,61,0,2017,6,17,4,3,0,7,1,1,0,0,0,0,0,0,639148.8338,5360217.3154,10.879250987,48.379766556,1,#66c2a5,bicycle
175800,"9,17E+18",9,1,63,0,2017,6,16,4,3,2,6,0,1,0,0,0,0,0,0,734042004.0,5305063.9424,12.128952855,47.856250898,2,#fc8d62,car
175804,"9,17E+18",9,1,87,130,2017,6,16,4,3,0,3,1,1,0,0,0,0,0,0,711659.0413,5309754.6743,11.832407062,47.906165716,1,#66c2a5,bicycle
175809,"9,17E+18",9,1,79,126,2017,6,12,4,3,0,7,1,0,0,0,0,0,0,0,675669.4947,5340255.5065,11.363782864,48.191218966,1,#66c2a5,bicycle
175810,"9,17E+18",9,1,79,123,2017,6,13,4,3,0,7,1,0,0,0,0,0,0,0,677491.7926,5334529.2013,11.385891611,48.13923795,1,#66c2a5,bicycle
175811,"9,17E+18",9,1,88,127,2017,6,12,4,2,4,3,0,1,0,0,0,0,0,0,676757.4386,5329855.8147,11.374091634,48.097432076,2,#fc8d62,car
175812,"9,17E+18",9,1,77,117,2017,6,16,4,3,5,7,1,1,0,0,0,0,0,0,715601.41,5354606202.0,11.907757857,48.307866901,1,#66c2a5,bicycle
175813,"9,17E+18",9,1,62,0,2017,6,18,3,3,3,2,1,1,0,0,0,0,0,0,692531.7694,5334808.7517,11.587983758,48.137377826,1,#66c2a5,bicycle
175814,"9,17E+18",9,1,84,149,2017,6,12,3,3,0,1,1,0,0,0,0,0,0,0,690392.5276,5350321.5676,11.566218984,48.277448335,1,#66c2a5,bicycle
175815,"9,17E+18",9,1,62,0,2017,6,22,3,3,5,3,0,1,0,0,0,0,2,0,689187.0614,5336938.4814,11.544017505,48.157523178,2,#fc8d62,car
175816,"9,17E+18",9,1,62,0,2017,6,21,3,3,4,6,1,0,0,0,0,0,1,0,691324.55,5338550.7063,11.57345586,48.171374108,1,#66c2a5,bicycle
175817,"9,17E+18",9,1,84,131,2017,6,13,3,3,4,6,0,0,0,1,0,1,0,0,705072.0647,5337683.7642,11.757737219,48.159296931,4,#e78ac3,marker