OBJECTID,UIDENTSTLA,ULAND,UREGBEZ,UKREIS,UGEMEINDE,UJAHR,UMONAT,USTUNDE,UWOCHENTAG,UKATEGORIE,UART,UTYP1,IstRad,IstPKW,IstFuss,IstKrad,IstGkfz,IstSonstig,ULICHTVERH,STRZUSTAND,LINREFX,LINREFY,XGCSWGS84,YGCSWGS84,Teilnehmer,color,symbol
175818,"9,17E+18",9,1,62,0,2017,6,15,3,3,1,7,0,1,1,1,0,0,0,0,687763668.0,5339792.0326,11.526156532,48.183593255,2,#fc8d62,car
175819,"9,17E+18",9,1,62,0,2017,6,14,3,2,5,3,0,1,0,1,0,0,0,0,690421.8913,5342510.7386,11.563102439,48.207237485,2,#fc8d62,car
175820,"9,17E+18",9,1,62,0,2017,6,15,3,2,5,3,1,0,0,0,0,1,0,0,692314783.0,5331511269.0,11.583582533,48.107806218,1,#66c2a5,bicycle
175821,"9,17E+18",9,1,62,0,2017,6,17,3,3,3,6,1,0,0,0,0,1,0,0,690871.4308,5334283.2045,11.565453561,48.133154412,1,#66c2a5,bicycle
175822,"9,17E+18",9,1,62,0,2017,6,11,3,3,5,3,1,1,0,0,0,0,0,0,683617.4333,5335432.3361,11.468545588,48.145617729,1,#66c2a5,bicycle
175823,"9,17E+18",9,1,62,0,2017,6,9,3,3,5,2,1,1,0,0,0,0,0,0,688939.9328,5336213.5621,11.540375878,48.151081012,1,#66c2a5,bicycle
175824,"9,17E+18",9,1,62,0,2017,6,17,3,3,0,1,0,0,0,1,0,0,0,0,701724.9576,5334868.8093,11.711445429,48.135069938,4,#e78ac3,marker
175825,"9,17E+18",9,1,62,0,2017,6,6,3,3,5,2,1,1,0,0,0,0,0,0,695138.6351,5333003.2594,11.622160297,48.120356842,1,#66c2a5,bicycle
175826,"9,17E+18",9,1,62,0,2017,6,18,3,3,5,3,1,1,0,0,0,0,0,0,694021.3769,5334115.8458,11.607669853,48.130697813,1,#66c2a5,bicycle
175827,"9,17E+18",9,7,78,216,2017,6,21,3,3,4,6,1,0,0,0,0,1,0,0,624365.9331,5321801.2615,10.668434352,48.037377955,1,#66c2a5,bicycle
175833,"9,17E+18",9,7,61,0,2017,6,12,3,3,1,6,0,1,0,0,0,0,0,0,639297.0283,5361561.1822,10.881696824,48.391817534,2,#fc8d62,car
175834,"9,17E+18",9,7,61,0,2017,6,7,3,3,4,2,1,0,0,0,0,1,0,0,638696.8282,5360399.1656,10.873209914,48.381501241,1,#66c2a5,bicycle
175835,"9,17E+18",9,7,61,0,2017,6,20,3,3,5,3,1,1,0,0,0,0,0,0,641233.0169,5358012.6239,10.906642034,48.359479707,1,#66c2a5,bicycle
175836,"9,17E+18",9,7,61,0,2017,6,14,3,3,0,7,1,0,0,0,0,0,0,0,639625098.0,5359534.2264,10.885452586,48.373519193,1,#66c2a5,bicycle
175837,"9,17E+18",9,7,71,113,2017,6,15,3,3,2,6,0,1,0,0,0,0,0,0,657189.3971,5370845.1309,11.126714945,48.471077704,2,#fc8d62,car
175860,"9,17E+18",9,2,74,126,2017,6,12,3,3,1,5,0,1,0,0,0,0,0,0,733597.8478,5384842.8223,12.166958251,48.573088689,2,#fc8d62,car
175861,"9,17E+18",9,2,61,0,2017,6,16,3,3,4,6,1,0,0,0,0,0,0,0,732019.7305,5380645737.0,12.143258307,48.535973425,1,#66c2a5,bicycle
175868,"9,17E+18",9,1,63,0,2017,6,16,3,3,6,6,1,0,1,0,0,0,0,0,733074.53,5304965.9452,12.115985524,47.855722053,1,#66c2a5,bicycle
175872,"9,17E+18",9,1,87,117,2017,6,14,3,3,0,3,1,1,0,0,0,0,0,0,724465.8,5306097016.0,12.001648515,47.868949116,1,#66c2a5,bicycle
175875,"9,17E+18",9,1,79,142,2017,6,19,3,3,0,6,1,1,0,0,0,0,0,0,675064.6528,5343793.4889,11.357111084,48.223189755,1,#66c2a5,bicycle
175876,"9,17E+18",9,1,81,124,2017,6,16,3,3,4,6,0,1,0,0,0,1,0,0,647544.4233,5318206.5679,10.977971712,48.000120207,2,#fc8d62,car
175877,"9,17E+18",9,1,79,123,2017,6,14,3,2,6,4,0,1,1,0,0,0,0,0,675999.6744,5333370.7591,11.365373367,48.129238842,2,#fc8d62,car
175878,"9,17E+18",9,1,79,123,2017,6,9,3,3,6,4,0,1,1,0,0,0,0,0,676035.1831,5333249009.0,11.365799874,48.128134574,2,#fc8d62,car
175879,"9,17E+18",9,1,62,0,2017,6,8,2,3,4,2,1,1,0,0,0,0,0,0,691431.6153,5335343.1898,11.573451386,48.142513195,1,#66c2a5,bicycle
175880,"9,17E+18",9,1,62,0,2017,6,13,2,3,5,3,1,1,0,0,0,0,0,0,690593.1706,5333305.5918,11.561280181,48.124451034,1,#66c2a5,bicycle
175881,"9,17E+18",9,1,62,0,2017,6,9,2,3,1,5,1,1,0,0,0,0,0,0,693236.77,5333321629.0,11.596775796,48.123798283,1,#66c2a5,bicycle
175882,"9,17E+18",9,1,62,0,2017,6,19,2,3,0,1,1,0,1,0,0,0,0,0,692240.3441,5338645.8001,11.585803977,48.171952465,1,#66c2a5,bicycle
175883,"9,17E+18",9,1,62,0,2017,6,15,2,3,0,7,0,1,0,1,0,0,0,1,691366.4663,5335759.1946,11.572763463,48.146271795,2,#fc8d62,car
175884,"9,17E+18",9,1,62,0,2017,6,15,2,2,6,4,0,1,1,0,0,0,0,0,688050.3093,5339631.4173,11.529937996,48.182064848,2,#fc8d62,car
175885,"9,17E+18",9,1,62,0,2017,6,8,2,2,0,7,1,0,0,0,0,0,0,0,688440.8174,5336422.0356,11.533764184,48.153102869,1,#66c2a5,bicycle
175886,"9,17E+18",9,1,62,0,2017,6,18,2,3,3,3,1,1,0,0,0,0,0,0,697926.92,5330924455.0,11.658621581,48.100813385,1,#66c2a5,bicycle
175887,"9,17E+18",9,1,84,149,2017,6,9,2,2,5,3,1,1,0,0,0,0,0,0,690879284.0,5349683.5822,11.572484858,48.271567796,1,#66c2a5,bicycle
175888,"9,17E+18",9,1,62,0,2017,6,7,2,3,0,7,1,0,0,0,0,0,0,0,695027.5569,5340821489.0,11.62425252,48.190657272,1,#66c2a5,bicycle
175889,"9,17E+18",9,1,62,0,2017,6,15,2,3,6,2,0,1,1,0,0,0,0,0,686472.2446,5328454.7015,11.503837,48.082069596,2,#fc8d62,car
175890,"9,17E+18",9,1,62,0,2017,6,9,2,3,5,2,1,1,0,0,0,0,0,0,691696.4763,5337043.9892,11.577774197,48.157719959,1,#66c2a5,bicycle
175900,"9,17E+18",9,7,72,177,2017,6,21,2,3,8,5,0,1,0,1,0,0,1,0,636756277.0,5379896.9303,10.853391093,48.557243964,2,#fc8d62,car
175901,"9,17E+18",9,7,72,147,2017,6,16,2,3,5,3,1,1,0,0,0,0,0,0,639153.3784,5364297.5108,10.880664587,48.416453497,1,#66c2a5,bicycle
175902,"9,17E+18",9,7,72,217,2017,6,8,2,2,3,6,1,1,0,0,0,0,0,0,635467.9489,5381661.0356,10.836514817,48.573385895,1,#66c2a5,bicycle
175903,"9,17E+18",9,7,71,130,2017,6,15,2,3,6,4,0,1,1,0,0,0,0,0,646544.3952,5357654.7097,10.978177229,48.355051168,2,#fc8d62,car
175904,"9,17E+18",9,7,72,202,2017,6,16,2,3,1,6,0,1,0,0,0,0,0,0,636432.7672,5358887.9543,10.842158128,48.368406214,2,#fc8d62,car
175905,"9,17E+18",9,7,61,0,2017,6,16,2,3,6,4,1,0,1,0,0,0,0,0,640087.6978,5359073.6737,10.891542414,48.36927552,1,#66c2a5,bicycle
175906,"9,17E+18",9,7,61,0,2017,6,16,2,3,0,7,1,0,0,0,0,0,0,0,640183.1607,5358771.4967,10.892729954,48.366537241,1,#66c2a5,bicycle
175930,"9,17E+18",9,7,72,200,2017,6,16,2,3,5,3,0,1,0,1,0,0,0,0,630402.8443,5338419.4669,10.75446559,48.185617767,2,#fc8d62,car
175931,"9,17E+18",9,7,72,207,2017,6,17,2,3,2,6,1,0,0,0,0,0,0,0,640650.8096,5381181.7749,10.906576065,48.5679349,1,#66c2a5,bicycle
175932,"9,17E+18",9,7,72,184,2017,6,18,2,3,5,7,1,1,0,0,0,0,0,0,635241.2456,5359826.9751,10.82638041,48.377106352,1,#66c2a5,bicycle
175933,"9,17E+18",9,7,72,171,2017,6,13,2,3,5,3,1,1,0,0,0,0,0,0,637986232.0,5369684371.0,10.866673775,48.4651473,1,#66c2a5,bicycle
175934,"9,17E+18",9,7,71,130,2017,6,20,2,3,9,1,0,1,0,0,0,0,0,0,644959.2664,5358937.1004,10.957234741,48.366947484,2,#fc8d62,car
175935,"9,17E+18",9,7,61,0,2017,6,8,2,3,5,3,0,1,0,1,0,0,0,0,638067.6797,5358231.9514,10.864005824,48.362152016,2,#fc8d62,car
175936,"9,17E+18",9,7,61,0,2017,6,8,2,2,4,2,1,1,0,0,0,0,0,0,642938.4306,5362072288.0,10.93103205,48.395598309,1,#66c2a5,bicycle
175937,"9,17E+18",9,7,61,0,2017,6,13,2,3,6,4,0,1,1,0,0,0,0,0,639090.2786,5355537.1476,10.876913557,48.337696401,2,#fc8d62,car
175938,"9,17E+18",9,7,61,0,2017,6,8,2,3,5,3,1,1,0,0,0,0,0,0,640743.5473,5355697.9828,10.899264183,48.338776481,1,#66c2a5,bicycle
175939,"9,17E+18",9,7,61,0,2017,6,17,2,3,1,6,0,1,0,0,0,0,0,0,640730.7854,5355575.0653,10.899051002,48.337674085,2,#fc8d62,car
175940,"9,17E+18",9,7,61,0,2017,6,9,2,3,1,5,1,1,0,0,0,0,0,0,641822.2393,5361463.7511,10.915756135,48.390378662,1,#66c2a5,bicycle
175980,"9,17E+18",9,1,83,119,2017,6,13,2,3,0,7,0,0,0,0,0,1,0,0,738043.2215,5338835.6031,12.201097982,48.158159144,6,#ffd92f,circle
175983,"9,17E+18",9,1,63,0,2017,6,14,2,3,1,6,1,1,0,0,0,0,0,0,733563.9204,5304739.4825,12.122395909,47.85350985,1,#66c2a5,bicycle
175984,"9,17E+18",9,1,87,142,2017,6,18,2,3,0,1,1,0,0,0,0,0,0,0,733148.4623,5311531868.0,12.120516904,47.914683648,1,#66c2a5,bicycle
175985,"9,17E+18",9,1,87,122,2017,6,16,2,3,0,2,1,0,0,1,0,0,0,0,719405.2627,5306823.5225,11.93443862,47.877225524,1,#66c2a5,bicycle
175986,"9,17E+18",9,1,87,150,2017,6,7,2,3,2,6,0,1,0,0,0,1,0,0,729587.4076,5304163.5584,12.06900989,47.849768125,2,#fc8d62,car
175990,"9,17E+18",9,1,88,141,2017,6,6,2,2,5,2,0,1,0,1,0,0,0,0,669770.7433,5308372.5794,11.271828814,47.90619598,2,#fc8d62,car
175991,"9,17E+18",9,1,79,142,2017,6,17,2,3,0,1,1,0,0,0,0,0,0,0,674213.4586,5342893.3276,11.345290568,48.215332249,1,#66c2a5,bicycle
175992,"9,17E+18",9,1,79,118,2017,6,17,2,2,5,3,0,1,0,0,0,0,0,0,673042.7452,5338491.3651,11.327749681,48.176081384,2,#fc8d62,car
175993,"9,17E+18",9,1,79,136,2017,6,7,2,3,0,7,1,0,0,0,0,0,0,0,660281361.0,5341608692.0,11.157392998,48.207454852,1,#66c2a5,bicycle
175994,"9,17E+18",9,1,81,144,2017,6,10,2,2,0,1,1,0,0,0,0,0,0,0,655613.8799,5321131.9337,11.08713957,48.024509657,1,#66c2a5,bicycle
175995,"9,17E+18",9,1,74,126,2017,6,19,2,3,8,1,1,0,0,0,0,0,0,0,682803963.0,5344450318.0,11.46150048,48.226910989,1,#66c2a5,bicycle
175996,"9,17E+18",9,1,74,115,2017,6,13,2,2,4,6,1,0,0,0,0,0,0,0,682022.6609,5348764.7157,11.45284482,48.265915844,1,#66c2a5,bicycle
175997,"9,17E+18",9,1,74,115,2017,6,14,2,3,5,2,1,1,0,0,0,0,0,0,682285.0884,5347770.7293,11.455949511,48.25690594,1,#66c2a5,bicycle
175998,"9,17E+18",9,1,74,115,2017,6,7,2,3,0,1,1,0,0,0,0,0,0,0,682244.0022,5346941.8838,11.455039598,48.249467664,1,#66c2a5,bicycle
175999,"9,17E+18",9,1,74,115,2017,6,5,2,3,5,3,1,1,0,0,0,0,0,0,681335345.0,5347294031.0,11.442961362,48.252893578,1,#66c2a5,bicycle
176000,"9,17E+18",9,1,78,124,2017,6,8,2,3,5,3,1,1,0,0,0,0,0,0,700289.1747,5360670.4612,11.704376712,48.367397794,1,#66c2a5,bicycle
176001,"9,17E+18",9,1,62,0,2017,6,18,1,3,0,1,1,0,0,0,0,0,0,0,691785.3976,5338025.2042,11.579411072,48.166512117,1,#66c2a5,bicycle
176002,"9,17E+18",9,1,62,0,2017,6,15,1,3,2,6,0,1,0,0,0,0,0,0,691824419.0,5335664219.0,11.578871004,48.145280247,2,#fc8d62,car
176003,"9,17E+18",9,1,62,0,2017,6,15,1,3,5,3,1,1,0,0,0,0,0,0,694704.5871,5334868.7033,11.61718643,48.13725556,1,#66c2a5,bicycle
176004,"9,17E+18",9,1,62,0,2017,6,12,1,3,5,3,1,1,0,0,0,0,0,0,694456.8726,5333025.6357,11.613019269,48.120766523,1,#66c2a5,bicycle
176005,"9,17E+18",9,1,62,0,2017,6,20,1,2,9,1,0,0,0,1,0,0,1,0,688359363.0,5333485648.0,11.531371366,48.126734242,4,#e78ac3,marker
176006,"9,17E+18",9,1,62,0,2017,6,13,1,2,5,5,0,1,0,1,0,0,0,0,685306.4098,5335350.3835,11.491194291,48.144391373,2,#fc8d62,car
176007,"9,17E+18",9,1,62,0,2017,6,16,1,3,5,2,1,1,0,0,0,0,0,0,687475.9714,5338948028.0,11.521917438,48.176092152,1,#66c2a5,bicycle
176008,"9,17E+18",9,1,84,136,2017,6,18,1,2,0,7,1,0,0,0,0,0,0,0,699619.0657,5326864.2989,11.679428359,48.063796077,1,#66c2a5,bicycle
176009,"9,17E+18",9,1,62,0,2017,6,16,1,3,5,3,1,0,0,0,0,0,0,0,691317.6453,5333399.1128,11.571047842,48.125074297,1,#66c2a5,bicycle
176010,"9,17E+18",9,1,62,0,2017,6,23,1,3,0,7,1,0,0,0,0,0,2,0,693330.8952,5335233.5423,11.598906874,48.140953441,1,#66c2a5,bicycle
176011,"9,17E+18",9,1,62,0,2017,6,10,1,3,7,7,1,0,1,0,0,0,0,0,691459161.0,5333040.3846,11.57278651,48.121807536,1,#66c2a5,bicycle
176017,"9,17E+18",9,7,72,151,2017,6,14,1,3,5,3,1,1,0,0,0,0,0,0,632113.3825,5343449.5932,10.779034499,48.230497818,1,#66c2a5,bicycle
176018,"9,17E+18",9,7,71,130,2017,6,13,1,2,5,3,0,1,0,0,0,0,0,0,646800.9704,5364032.6124,10.983866674,48.41233651,2,#fc8d62,car
176019,"9,17E+18",9,7,61,0,2017,6,18,1,3,0,7,0,0,0,1,0,0,0,0,641948.0963,5360619.7342,10.91717008,48.38276134,4,#e78ac3,marker
176020,"9,17E+18",9,7,61,0,2017,6,15,1,3,5,3,0,1,0,0,0,0,0,0,642461.1009,5360073.5838,10.923909608,48.377734983,2,#fc8d62,car
176034,"9,17E+18",9,2,61,0,2017,6,15,1,3,5,3,0,1,0,1,0,0,0,0,732670.2832,5380952.6036,12.152229015,48.5384891,2,#fc8d62,car
176035,"9,17E+18",9,2,61,0,2017,6,14,1,3,0,7,1,0,0,0,0,0,0,0,732793248.0,5380482.7206,12.153629892,48.534222683,1,#66c2a5,bicycle
176038,"9,17E+18",9,1,83,119,2017,6,18,1,2,4,1,1,1,0,0,0,0,0,0,735733.1466,5339303.3133,12.170341844,48.163221088,1,#66c2a5,bicycle
176041,"9,17E+18",9,1,63,0,2017,6,14,1,3,0,1,1,0,0,0,0,0,0,0,731675.4661,5305433.2722,12.097560028,47.860426461,1,#66c2a5,bicycle
176044,"9,17E+18",9,1,79,142,2017,6,0,1,2,0,1,1,0,0,0,0,0,2,0,672499.6823,5341930.7278,11.321847766,48.207147163,1,#66c2a5,bicycle
176045,"9,17E+18",9,1,81,130,2017,6,15,1,3,0,7,1,0,0,0,0,0,0,0,641904.4131,5322092.9553,10.903692691,48.03634408,1,#66c2a5,bicycle
176046,"9,17E+18",9,1,79,121,2017,6,17,1,3,5,3,0,1,0,1,0,0,0,0,667442.3332,5338649.8253,11.252537485,48.17900634,2,#fc8d62,car
176047,"9,17E+18",9,1,81,144,2017,6,18,1,3,0,1,1,0,0,0,0,0,0,0,655391975.0,5320783.5253,11.084039028,48.021431068,1,#66c2a5,bicycle
176048,"9,17E+18",9,1,74,121,2017,6,11,1,3,7,7,1,0,0,0,0,0,0,0,688416.0794,5353383.0173,11.5409723,48.305555419,1,#66c2a5,bicycle
176049,"9,17E+18",9,1,77,117,2017,6,10,1,3,0,1,1,0,0,0,0,0,0,0,714157.0029,5354605502.0,11.888302982,48.308351218,1,#66c2a5,bicycle
176050,"9,17E+18",9,1,62,0,2017,6,7,7,3,5,3,1,1,0,0,0,0,0,0,684480588.0,5332967.7539,11.479071288,48.123215013,1,#66c2a5,bicycle
176051,"9,17E+18",9,1,62,0,2017,6,19,7,3,2,5,1,1,0,0,0,0,0,0,683383.8022,5335016038.0,11.465228383,48.141943174,1,#66c2a5,bicycle
176052,"9,17E+18",9,1,62,0,2017,6,20,7,3,0,1,1,1,0,0,0,0,0,0,687551.3121,5341350.6751,11.523990688,48.197665291,1,#66c2a5,bicycle
176053,"9,17E+18",9,1,62,0,2017,6,15,7,3,1,5,1,1,0,0,0,0,0,0,687381.4754,5340015.7173,11.521118374,48.18571661,1,#66c2a5,bicycle
176054,"9,17E+18",9,1,62,0,2017,6,15,7,3,3,2,1,1,0,0,0,0,0,0,693116.7107,5330883.4683,11.594060184,48.101921075,1,#66c2a5,bicycle
176055,"9,17E+18",9,1,62,0,2017,6,11,7,2,1,5,1,1,0,0,0,0,0,0,696230.0306,5330164.7305,11.635504261,48.094510204,1,#66c2a5,bicycle
176056,"9,17E+18",9,1,62,0,2017,6,11,7,3,5,3,0,1,0,0,0,0,0,0,693666312.0,5331100.3476,11.601533304,48.103703513,2,#fc8d62,car
176057,"9,17E+18",9,1,62,0,2017,6,13,7,2,3,6,1,0,0,0,0,0,0,0,693156.0343,5334351.7384,11.596158896,48.133081138,1,#66c2a5,bicycle
176058,"9,17E+18",9,1,62,0,2017,6,12,7,3,2,6,0,1,0,0,0,0,0,0,691017.1668,5337410209.0,11.568813381,48.161215917,2,#fc8d62,car
176070,"9,17E+18",9,7,71,130,2017,6,18,7,3,0,2,0,1,0,1,0,0,0,0,646177315.0,5357779192.0,10.973268374,48.356255505,2,#fc8d62,car
176071,"9,17E+18",9,7,61,0,2017,6,11,7,2,6,2,0,1,1,0,0,0,0,0,639281217.0,5361211.6966,10.881367474,48.38867855,2,#fc8d62,car
176072,"9,17E+18",9,7,61,0,2017,6,16,7,3,0,1,1,0,0,0,0,0,0,0,640635039.0,5359960785.0,10.899225439,48.377130393,1,#66c2a5,bicycle
176106,"9,17E+18",9,1,90,157,2017,6,13,7,3,0,7,0,0,0,0,0,1,0,0,659977.5941,5300792.8139,11.138070251,47.840562747,6,#ffd92f,circle
176111,"9,17E+18",9,1,63,0,2017,6,10,7,3,3,2,0,1,0,1,0,0,0,0,733254445.0,5304220488.0,12.11798525,47.848959538,2,#fc8d62,car
176114,"9,17E+18",9,1,87,150,2017,6,12,7,3,6,4,0,1,1,0,0,0,0,0,729116227.0,5303996.7814,12.062632393,47.84843781,2,#fc8d62,car
176116,"9,17E+18",9,1,81,130,2017,6,23,7,2,5,3,0,1,0,0,0,0,2,0,638665.9301,5325021.9932,10.861220576,48.063394552,2,#fc8d62,car
176117,"9,17E+18",9,1,81,138,2017,6,17,7,3,0,7,1,0,0,0,0,0,0,0,640601.2245,5337047.2404,10.89114781,48.171103242,1,#66c2a5,bicycle
176118,"9,17E+18",9,1,88,132,2017,6,17,7,3,5,3,0,1,0,1,0,0,0,0,664786.3804,5322748.4135,11.210693447,48.036742355,2,#fc8d62,car
176119,"9,17E+18",9,1,88,117,2017,6,18,7,3,7,7,0,1,0,0,0,0,0,0,663063.7577,5315881551.0,11.184990791,47.975447236,2,#fc8d62,car
176120,"9,17E+18",9,1,79,119,2017,6,9,7,2,0,7,1,0,0,0,0,0,0,0,669014.8129,5339228315.0,11.273904354,48.183790521,1,#66c2a5,bicycle
176121,"9,17E+18",9,1,74,137,2017,6,14,7,2,0,1,1,1,0,0,0,0,0,0,659366.7544,5349935.6061,11.148225464,48.282548093,1,#66c2a5,bicycle
176122,"9,17E+18",9,1,74,141,2017,6,16,7,3,8,1,1,0,0,0,0,0,0,0,680553632.0,5355584.9987,11.435983948,48.327640963,1,#66c2a5,bicycle
176123,"9,17E+18",9,1,78,124,2017,6,18,7,3,1,3,0,1,0,0,0,0,0,0,704809.1464,5360623.7595,11.765311164,48.365527946,2,#fc8d62,car
176124,"9,17E+18",9,1,77,117,2017,6,18,7,3,0,1,1,0,0,0,0,0,0,0,715397.8488,5354375097.0,11.904898207,48.305859733,1,#66c2a5,bicycle
176125,"9,17E+18",9,1,75,115,2017,6,10,7,3,5,3,0,1,0,0,0,0,0,0,720738672.0,5328871.9676,11.963572999,48.074878786,2,#fc8d62,car
176126,"9,17E+18",9,1,62,0,2017,6,10,6,3,5,3,0,1,0,0,0,0,0,0,687799.7987,5334190.2065,11.524169448,48.133232307,2,#fc8d62,car
176127,"9,17E+18",9,1,62,0,2017,6,13,6,3,2,6,1,1,0,0,0,0,0,0,691447.0603,5335428.7045,11.573697246,48.143277143,1,#66c2a5,bicycle
176128,"9,17E+18",9,1,84,114,2017,6,3,6,2,8,1,0,1,0,0,0,0,2,0,702092534.0,5315978451.0,11.707460558,47.965185321,2,#fc8d62,car
176129,"9,17E+18",9,1,88,120,2017,6,18,6,3,5,3,0,1,0,1,0,0,0,0,679474.4664,5329100.82,11.410234395,48.089885926,2,#fc8d62,car
176130,"9,17E+18",9,1,84,149,2017,6,8,6,3,0,7,0,1,0,0,0,0,0,0,690475.3025,5350220.1174,11.567287795,48.276511638,2,#fc8d62,car
176131,"9,17E+18",9,1,62,0,2017,6,17,6,3,1,2,0,1,0,0,0,0,0,0,686535.6774,5336332.1977,11.508133999,48.152857,2,#fc8d62,car
176132,"9,17E+18",9,1,62,0,2017,6,19,6,3,2,5,0,1,0,0,0,0,0,0,690758.2166,5333632.3861,11.563642107,48.127338822,2,#fc8d62,car
176135,"9,17E+18",9,7,78,216,2017,6,16,6,3,0,1,0,0,0,1,0,0,0,0,624667.7886,5320130.6367,10.671995925,48.022294651,4,#e78ac3,marker
176138,"9,17E+18",9,7,77,140,2017,6,11,6,3,5,2,0,1,0,0,0,0,0,0,624658.6567,5317756.8423,10.671183407,48.000948104,2,#fc8d62,car
176142,"9,17E+18",9,7,72,163,2017,6,19,6,3,5,3,1,1,0,0,0,0,0,0,639931821.0,5347383.1931,10.885560024,48.264191621,1,#66c2a5,bicycle
176143,"9,17E+18",9,7,61,0,2017,6,19,6,3,6,4,0,1,1,0,0,0,0,0,637201.0921,5359375.2054,10.852685649,48.372620975,2,#fc8d62,car
176144,"9,17E+18",9,7,61,0,2017,6,10,6,3,1,6,0,1,0,0,0,1,0,0,637724.8536,5359932.3836,10.859936893,48.37751695,2,#fc8d62,car
176145,"9,17E+18",9,7,61,0,2017,6,14,6,3,2,6,0,1,0,0,0,0,0,0,641973.4233,5364879.9682,10.918952782,48.421061565,2,#fc8d62,car
176146,"9,17E+18",9,7,61,0,2017,6,14,6,3,5,3,1,1,0,0,0,0,0,0,641536.1258,5359509.8442,10.911235454,48.372874238,1,#66c2a5,bicycle
176147,"9,17E+18",9,7,71,113,2017,6,17,6,3,1,1,1,1,0,0,0,0,0,0,657195.0526,5369219743.0,11.126180715,48.456463639,1,#66c2a5,bicycle
176175,"9,17E+18",9,2,61,0,2017,6,12,6,2,0,7,1,1,0,0,0,0,0,0,732679.2589,5381443.3226,12.152624422,48.542893757,1,#66c2a5,bicycle
176176,"9,17E+18",9,2,74,113,2017,6,17,6,3,1,5,1,1,0,0,0,0,0,0,728139.0963,5381663.3252,12.0913234,48.546537222,1,#66c2a5,bicycle
176178,"9,17E+18",9,1,73,147,2017,6,13,6,2,0,1,0,0,0,1,0,0,0,0,681669522.0,5308970.9017,11.431163825,47.908315207,4,#e78ac3,marker
176179,"9,17E+18",9,1,90,144,2017,6,21,6,3,5,3,0,1,0,1,0,0,1,1,657291.1499,5308742.2091,11.105086136,47.912701078,2,#fc8d62,car
176184,"9,17E+18",9,1,62,0,2017,6,16,5,3,3,2,1,1,0,0,0,0,0,0,694596.3676,5336171.6452,11.61632877,48.148998947,1,#66c2a5,bicycle
176185,"9,17E+18",9,1,62,0,2017,6,22,5,3,2,6,0,0,0,1,0,0,2,0,690144.6442,5334767.6238,11.555911334,48.137725926,4,#e78ac3,marker
176186,"9,17E+18",9,1,62,0,2017,6,6,5,3,5,3,1,0,0,0,0,0,0,0,690104.8362,5333912.6673,11.554995286,48.130053454,1,#66c2a5,bicycle
176188,"9,17E+18",9,1,62,0,2017,6,19,5,3,0,7,1,0,0,0,0,0,0,0,692131225.0,5330394864.0,11.58061656,48.097827486,1,#66c2a5,bicycle
176189,"9,17E+18",9,1,62,0,2017,6,17,5,3,2,6,0,1,0,0,0,0,0,0,693364753.0,5330980.6167,11.597432508,48.102718994,2,#fc8d62,car
176192,"9,17E+18",9,1,62,0,2017,6,22,5,2,0,1,1,0,0,0,0,0,2,0,692173.7128,5334626.8418,11.583093823,48.135851082,1,#66c2a5,bicycle
176193,"9,17E+18",9,1,62,0,2017,6,7,5,3,2,7,1,0,0,0,0,0,0,0,690836.3428,5334643862.0,11.565144004,48.136406505,1,#66c2a5,bicycle
176198,"9,17E+18",9,7,72,141,2017,6,13,5,2,0,7,1,0,0,0,0,0,0,0,623044.0633,5349278.7138,10.658657646,48.284743665,1,#66c2a5,bicycle
176199,"9,17E+18",9,7,72,162,2017,6,10,5,3,5,3,1,1,0,0,0,0,0,0,636089.7338,5335589.8907,10.830032555,48.158980384,1,#66c2a5,bicycle
176200,"9,17E+18",9,7,61,0,2017,6,19,5,3,0,7,1,1,0,0,0,0,0,0,637109.7067,5360168.3112,10.851710984,48.379772359,1,#66c2a5,bicycle
176201,"9,17E+18",9,7,61,0,2017,6,13,5,3,5,3,1,1,0,0,0,0,0,0,641781.1142,5361535012.0,10.915224987,48.391028654,1,#66c2a5,bicycle
176202,"9,17E+18",9,7,61,0,2017,6,16,5,3,4,6,1,0,0,0,0,0,0,0,640422.6926,5355912.3473,10.895008338,48.34077538,1,#66c2a5,bicycle
176203,"9,17E+18",9,7,61,0,2017,6,15,5,3,5,3,1,1,0,0,0,0,0,0,641735.1856,5359362.2955,10.913872166,48.371502866,1,#66c2a5,bicycle
176204,"9,17E+18",9,7,61,0,2017,6,22,5,3,5,3,1,1,0,0,0,0,2,0,641090.0271,5355553.1996,10.903888583,48.33739736,1,#66c2a5,bicycle
176205,"9,17E+18",9,7,61,0,2017,6,8,5,3,4,1,1,0,0,0,0,0,0,0,640671.7156,5355033.2955,10.898073467,48.332815799,1,#66c2a5,bicycle
176206,"9,17E+18",9,7,61,0,2017,6,6,5,2,0,1,1,0,0,0,0,0,0,0,639388.9337,5358598.7758,10.881955226,48.365160067,1,#66c2a5,bicycle
176240,"9,17E+18",9,2,61,0,2017,6,12,5,3,1,7,0,1,0,0,0,0,0,0,732837.3836,5381019.7662,12.154526848,48.53903043,2,#fc8d62,car
176241,"9,17E+18",9,2,74,113,2017,6,11,5,3,0,1,0,0,0,1,0,0,0,0,727048.5846,5384636.1429,12.078190524,48.573638569,4,#e78ac3,marker