OBJECTID,UIDENTSTLA,ULAND,UREGBEZ,UKREIS,UGEMEINDE,UJAHR,UMONAT,USTUNDE,UWOCHENTAG,UKATEGORIE,UART,UTYP1,IstRad,IstPKW,IstFuss,IstKrad,IstGkfz,IstSonstig,ULICHTVERH,STRZUSTAND,LINREFX,LINREFY,XGCSWGS84,YGCSWGS84,Teilnehmer,color,symbol
176242,"9,17E+18",9,2,61,0,2017,6,9,5,2,4,2,0,1,0,1,0,0,0,0,731696.9872,5381893.1402,12.139586417,48.547297844,2,#fc8d62,car
176245,"9,17E+18",9,1,83,119,2017,6,16,5,3,2,6,0,1,0,1,0,0,0,0,736261.2402,5339395.2882,12.177483863,48.163851315,2,#fc8d62,car
176248,"9,17E+18",9,1,63,0,2017,6,11,5,3,0,1,1,0,0,0,0,0,0,0,731792.7649,5304552.9344,12.098654236,47.852474997,1,#66c2a5,bicycle
176252,"9,17E+18",9,1,87,130,2017,6,6,5,3,4,2,1,1,0,0,0,0,0,0,711630.9184,5309788.7246,11.832047904,47.906480981,1,#66c2a5,bicycle
176258,"9,17E+18",9,1,88,141,2017,6,5,5,3,2,5,0,1,0,0,0,0,0,0,669823.2647,5308510.0038,11.272585182,47.907417557,2,#fc8d62,car
176259,"9,17E+18",9,1,81,116,2017,6,13,5,3,5,3,0,1,0,0,0,0,0,0,647171868.0,5339145.3022,10.980198973,48.188480443,2,#fc8d62,car
176260,"9,17E+18",9,1,74,146,2017,6,12,5,3,1,6,0,1,0,1,0,0,0,0,665915844.0,5352076665.0,11.237278167,48.300113519,2,#fc8d62,car
176261,"9,17E+18",9,1,74,115,2017,6,16,5,3,2,6,1,0,0,0,0,1,0,0,681571.4522,5347831.7346,11.446369899,48.25765917,1,#66c2a5,bicycle
176262,"9,17E+18",9,1,77,117,2017,6,19,5,3,0,7,1,0,0,0,0,0,0,0,715503.8771,5354370.0299,11.906323627,48.305778098,1,#66c2a5,bicycle
176263,"9,17E+18",9,1,62,0,2017,6,12,4,3,0,7,0,1,0,1,0,0,0,0,690913.9397,5335932.0061,11.566763455,48.147960976,2,#fc8d62,car
176264,"9,17E+18",9,1,62,0,2017,6,17,4,3,4,2,1,1,0,0,0,0,0,0,690015291.0,5340187.7677,11.556595566,48.186480675,1,#66c2a5,bicycle
176265,"9,17E+18",9,1,84,144,2017,6,18,4,3,5,3,1,1,0,0,0,0,0,0,688490.0344,5315855.0402,11.525361816,47.968225735,1,#66c2a5,bicycle
176266,"9,17E+18",9,1,62,0,2017,6,18,4,3,5,2,1,0,0,0,0,1,0,0,688700.0609,5333421.8286,11.53591712,48.126059723,1,#66c2a5,bicycle
176267,"9,17E+18",9,1,62,0,2017,6,11,4,3,2,4,0,1,1,0,0,0,0,0,689261.0602,5336132.6871,11.544653194,48.15025863,2,#fc8d62,car
176268,"9,17E+18",9,1,62,0,2017,6,13,4,3,6,3,0,1,1,0,0,0,0,0,691501.9133,5332410.7924,11.573077631,48.116135957,2,#fc8d62,car
176269,"9,17E+18",9,1,62,0,2017,6,7,4,3,1,7,1,1,0,0,0,0,0,0,691824.5611,5339549.4413,11.580625027,48.180199809,1,#66c2a5,bicycle
176270,"9,17E+18",9,1,62,0,2017,6,7,4,3,1,7,1,0,0,0,0,0,0,0,695966.9771,5332791.5953,11.633181631,48.118200122,1,#66c2a5,bicycle
176271,"9,17E+18",9,1,62,0,2017,6,15,4,3,5,2,1,1,0,0,0,0,0,0,691240.9967,5339266.1796,11.572655066,48.177829808,1,#66c2a5,bicycle
176272,"9,17E+18",9,1,62,0,2017,6,18,4,3,0,7,1,0,0,0,0,0,0,0,679714.8138,5336315.9423,11.416500933,48.154674893,1,#66c2a5,bicycle
176273,"9,17E+18",9,1,62,0,2017,6,13,4,3,2,6,0,1,0,0,0,0,0,0,688049.2681,5339008.7934,11.529648493,48.176468934,2,#fc8d62,car
176274,"9,17E+18",9,1,84,140,2017,6,12,4,3,5,3,1,1,0,0,0,0,0,0,700616.3299,5328239.2624,11.693444249,48.075840252,1,#66c2a5,bicycle
176275,"9,17E+18",9,1,62,0,2017,6,18,4,3,5,3,0,1,0,1,0,0,0,0,700449.6641,5334428.1242,11.694116214,48.131512437,2,#fc8d62,car
176276,"9,17E+18",9,1,62,0,2017,6,19,4,3,6,4,0,1,1,0,0,0,0,0,693885.0779,5331338484.0,11.604577058,48.105777278,2,#fc8d62,car
176277,"9,17E+18",9,1,62,0,2017,6,17,4,3,2,6,0,1,0,0,0,0,0,0,694468.1978,5334802.9096,11.613982319,48.136736515,2,#fc8d62,car
176278,"9,17E+18",9,1,62,0,2017,6,8,4,3,1,5,1,1,0,0,0,0,0,0,691187.3111,5337793.4536,11.571271365,48.164609329,1,#66c2a5,bicycle
176279,"9,17E+18",9,1,62,0,2017,6,0,4,2,0,1,1,0,0,0,0,0,2,0,691999.2949,5335202.8871,11.581011533,48.141081125,1,#66c2a5,bicycle
176287,"9,17E+18",9,7,72,147,2017,6,13,4,3,4,2,0,1,0,1,0,0,0,0,638194.9008,5363834.2533,10.867565289,48.412498945,2,#fc8d62,car
176288,"9,17E+18",9,7,71,146,2017,6,14,4,3,5,3,0,1,0,0,0,0,0,0,647457.3927,5348198655.0,10.987188565,48.269816695,2,#fc8d62,car
176289,"9,17E+18",9,7,61,0,2017,6,18,4,3,2,6,0,1,0,1,0,0,0,0,639281.3185,5361221.9447,10.881372242,48.388770676,2,#fc8d62,car
176290,"9,17E+18",9,7,61,0,2017,6,17,4,3,4,2,0,1,0,1,0,0,0,0,641313606.0,5360727.3093,10.908641702,48.383871059,2,#fc8d62,car
176291,"9,17E+18",9,7,61,0,2017,6,20,4,3,5,3,1,1,0,0,0,0,0,0,639690.7279,5360039.9456,10.886506379,48.378051951,1,#66c2a5,bicycle
176292,"9,17E+18",9,7,71,114,2017,6,16,4,3,8,1,0,0,0,0,0,1,0,0,644288.9522,5376598.9485,10.954275199,48.525903372,6,#ffd92f,circle
176339,"9,17E+18",9,1,90,157,2017,6,7,4,3,0,1,0,0,0,1,0,0,0,0,659120.0142,5299738.6182,11.126229592,47.831297039,4,#e78ac3,marker
176341,"9,17E+18",9,1,87,179,2017,6,13,4,3,0,3,0,0,0,1,0,1,0,1,719246274.0,5317500987.0,11.937747516,47.973222036,4,#e78ac3,marker
176344,"9,17E+18",9,1,88,121,2017,6,8,4,3,5,2,0,1,0,0,0,0,0,0,670775.8977,5330121.1778,11.293925548,48.101448834,2,#fc8d62,car
176345,"9,17E+18",9,1,79,121,2017,6,16,4,3,5,2,0,1,0,0,0,0,0,0,666503.0781,5337759.8211,11.239563448,48.171252,2,#fc8d62,car
176346,"9,17E+18",9,1,74,131,2017,6,19,4,3,0,1,1,0,0,0,0,0,0,0,676496.9126,5358844.5755,11.382667392,48.358086577,1,#66c2a5,bicycle
176347,"9,17E+18",9,1,75,139,2017,6,14,4,3,2,7,0,0,0,1,0,1,0,0,710956.4524,5330783.2948,11.833353902,48.09536478,4,#e78ac3,marker
176348,"9,17E+18",9,1,78,130,2017,6,14,4,3,5,3,0,1,0,0,0,0,0,0,702767.0751,5356607037.0,11.735838078,48.330091374,2,#fc8d62,car
176349,"9,17E+18",9,1,75,137,2017,6,9,4,3,5,3,0,1,0,0,0,0,0,0,725450.7779,5330229.0273,12.02746175,48.085423135,2,#fc8d62,car
176350,"9,17E+18",9,1,77,139,2017,6,7,4,3,2,6,1,1,0,0,0,0,0,0,732741.4178,5359084.2651,12.141044618,48.342021421,1,#66c2a5,bicycle
176351,"9,17E+18",9,1,62,0,2017,6,20,3,3,2,6,1,1,0,0,0,0,0,0,690202815.0,5335433657.0,11.55698992,48.143694847,1,#66c2a5,bicycle
176352,"9,17E+18",9,1,62,0,2017,6,17,3,3,6,4,0,0,1,0,0,1,0,0,683742726.0,5335355938.0,11.470195424,48.144894843,3,#8da0cb,toilet
176353,"9,17E+18",9,1,62,0,2017,6,11,3,3,5,5,1,1,0,0,0,0,0,0,685729.1613,5333801.44,11.496196616,48.130345541,1,#66c2a5,bicycle
176354,"9,17E+18",9,1,62,0,2017,6,15,3,3,3,2,1,1,0,0,0,0,0,0,688652.93,5336104495.0,11.536472591,48.150185894,1,#66c2a5,bicycle
176355,"9,17E+18",9,1,62,0,2017,6,6,3,2,0,7,0,0,0,1,0,0,0,0,691691338.0,5334164209.0,11.576408653,48.13183848,4,#e78ac3,marker
176356,"9,17E+18",9,1,62,0,2017,6,13,3,3,3,6,1,0,0,0,0,0,0,0,691764.3656,5340381.9624,11.580191824,48.187700484,1,#66c2a5,bicycle
176357,"9,17E+18",9,1,62,0,2017,6,20,3,3,5,3,1,1,0,0,0,0,0,0,683027.18,5336059324.0,11.460887433,48.151423595,1,#66c2a5,bicycle
176358,"9,17E+18",9,1,62,0,2017,6,8,3,3,5,2,1,0,0,1,0,0,0,0,690791.6533,5339794391.0,11.566853761,48.182712371,1,#66c2a5,bicycle
176359,"9,17E+18",9,1,62,0,2017,6,18,3,3,1,3,0,1,0,1,0,0,0,0,686652.4552,5336166526.0,11.509629959,48.151333631,2,#fc8d62,car
176360,"9,17E+18",9,1,62,0,2017,6,7,3,3,3,2,1,1,0,0,0,0,0,0,696544.3516,5334337.43,11.641643997,48.131915245,1,#66c2a5,bicycle
176361,"9,17E+18",9,1,62,0,2017,6,13,3,3,5,2,1,1,0,0,0,0,0,0,693118.8852,5331905.2956,11.594551863,48.11110438,1,#66c2a5,bicycle
176362,"9,17E+18",9,1,62,0,2017,6,19,3,3,6,4,1,0,1,0,0,0,0,0,693885.8928,5331335.6748,11.604586717,48.105751782,1,#66c2a5,bicycle
176363,"9,17E+18",9,1,62,0,2017,6,11,3,3,3,2,1,1,0,0,0,0,0,0,693928679.0,5331221.2859,11.605108886,48.104710665,1,#66c2a5,bicycle
176364,"9,17E+18",9,1,62,0,2017,6,17,3,3,5,2,1,1,0,0,0,0,0,0,688575.9178,5332179.7295,11.533701067,48.114932289,1,#66c2a5,bicycle
176365,"9,17E+18",9,1,62,0,2017,6,18,3,3,0,6,0,1,0,1,0,0,0,0,690913.4365,5334437.1573,11.566086551,48.134525532,2,#fc8d62,car
176372,"9,17E+18",9,7,73,122,2017,6,7,3,2,4,2,1,1,0,0,0,0,0,0,625917246.0,5384506949.0,10.707962245,48.600969044,1,#66c2a5,bicycle
176373,"9,17E+18",9,7,61,0,2017,6,16,3,2,5,3,0,1,0,1,0,0,0,0,638853473.0,5359240.0733,10.874941487,48.37104449,2,#fc8d62,car
176374,"9,17E+18",9,7,61,0,2017,6,14,3,3,0,1,0,0,0,1,0,0,0,0,637921182.0,5357993511.0,10.861950928,48.360040015,4,#e78ac3,marker
176375,"9,17E+18",9,7,61,0,2017,6,18,3,2,5,6,1,0,0,0,0,0,0,0,635915.5094,5360874.7745,10.835820112,48.386383245,1,#66c2a5,bicycle
176376,"9,17E+18",9,7,61,0,2017,6,17,3,3,3,6,1,1,0,0,0,0,0,0,639331.2079,5358660.8545,10.881196844,48.365731008,1,#66c2a5,bicycle
176377,"9,17E+18",9,7,61,0,2017,6,11,3,3,0,7,1,0,0,0,0,0,0,0,640614.5537,5354928.3395,10.897267602,48.331884785,1,#66c2a5,bicycle
176378,"9,17E+18",9,7,61,0,2017,6,10,3,3,5,3,1,1,0,0,0,0,0,0,639736.4417,5356436.3371,10.885926455,48.345639134,1,#66c2a5,bicycle
176423,"9,17E+18",9,2,74,126,2017,6,19,3,3,1,6,0,1,0,0,0,0,0,0,733347.5408,5382442.9107,12.162224708,48.551624516,2,#fc8d62,car
176424,"9,17E+18",9,2,61,0,2017,6,7,3,3,0,7,0,0,0,1,0,1,0,0,736002.7738,5384191.9177,12.199140667,48.566341294,4,#e78ac3,marker
176425,"9,17E+18",9,2,61,0,2017,6,17,3,3,2,6,0,1,0,1,0,0,0,0,732572.3151,5382426.2797,12.151726486,48.551763015,2,#fc8d62,car
176431,"9,17E+18",9,1,82,120,2017,6,12,3,3,5,3,1,1,0,0,0,0,0,0,701804212.0,5306751038.0,11.699281225,47.882346787,1,#66c2a5,bicycle
176438,"9,17E+18",9,1,79,142,2017,6,12,3,3,0,3,0,1,0,0,0,0,0,0,673095251.0,5343493.2813,11.330494936,48.221031461,2,#fc8d62,car
176439,"9,17E+18",9,1,81,130,2017,6,9,3,3,5,3,0,1,0,0,0,0,0,0,638382.5519,5326016.2908,10.857740907,48.072397156,2,#fc8d62,car
176440,"9,17E+18",9,1,88,121,2017,6,16,3,3,5,3,1,1,0,0,0,0,0,0,671959.1688,5330320.2313,11.309886552,48.102920002,1,#66c2a5,bicycle
176441,"9,17E+18",9,1,78,124,2017,6,11,3,3,0,1,0,0,0,1,0,0,0,0,702590.8818,5365231.3782,11.737617546,48.407649144,4,#e78ac3,marker
176442,"9,17E+18",9,1,62,0,2017,6,7,2,3,7,1,1,0,0,0,0,0,0,0,690685.4411,5334137.7216,11.562891205,48.131902567,1,#66c2a5,bicycle
176443,"9,17E+18",9,1,62,0,2017,6,22,2,3,5,3,0,1,0,0,0,0,2,0,691201.95,5335821782.0,11.570582096,48.146883791,2,#fc8d62,car
176444,"9,17E+18",9,1,84,120,2017,6,8,2,3,3,2,1,1,0,0,0,0,0,0,680927.1489,5332261.4534,11.431065039,48.117885916,1,#66c2a5,bicycle
176445,"9,17E+18",9,1,62,0,2017,6,17,2,3,3,7,0,1,0,1,0,0,0,0,690640.6192,5335217.6088,11.562772713,48.14162198,2,#fc8d62,car
176446,"9,17E+18",9,1,62,0,2017,6,8,2,3,5,2,0,1,0,1,0,0,0,0,697511.6882,5332828.8664,11.653931968,48.118057854,2,#fc8d62,car
176447,"9,17E+18",9,1,84,134,2017,6,15,2,2,0,7,1,0,0,0,0,0,0,0,690234.5597,5316868.0343,11.549159252,47.976814783,1,#66c2a5,bicycle
176448,"9,17E+18",9,1,62,0,2017,6,7,2,3,3,2,1,1,0,0,0,0,0,0,692948.66,5332352583.0,11.592469663,48.115176094,1,#66c2a5,bicycle
176449,"9,17E+18",9,1,62,0,2017,6,17,2,2,5,5,0,1,0,1,0,0,0,0,698298719.0,5334498668.0,11.665272179,48.132820182,2,#fc8d62,car
176450,"9,17E+18",9,1,62,0,2017,6,7,2,3,5,6,1,0,0,0,0,1,0,0,694690.3312,5336674.4492,11.617820724,48.153489171,1,#66c2a5,bicycle
176451,"9,17E+18",9,1,62,0,2017,6,12,2,3,3,3,1,1,0,0,0,0,0,0,690343575.0,5333523354.0,11.558026717,48.126482957,1,#66c2a5,bicycle
176452,"9,17E+18",9,1,62,0,2017,6,16,2,3,5,3,1,1,0,0,0,0,0,0,688016.3211,5340204.5758,11.529734848,48.187226522,1,#66c2a5,bicycle
176453,"9,17E+18",9,1,62,0,2017,6,10,2,3,5,2,1,0,0,0,0,1,0,0,685077.1427,5339252.0335,11.489812719,48.179527832,1,#66c2a5,bicycle
176454,"9,17E+18",9,1,62,0,2017,6,15,2,3,0,5,0,0,0,0,0,1,0,0,688444.5399,5341993.1258,11.536284405,48.203175229,6,#ffd92f,circle
176455,"9,17E+18",9,1,62,0,2017,6,8,2,3,5,7,1,1,0,0,0,0,0,0,692886.9171,5335351.8313,11.592998494,48.142151337,1,#66c2a5,bicycle
176456,"9,17E+18",9,1,62,0,2017,6,15,2,3,0,4,0,0,1,0,0,1,0,0,686747.4332,5337260.0648,11.511385647,48.161134796,3,#8da0cb,toilet
176457,"9,17E+18",9,1,62,0,2017,6,21,2,3,6,4,1,0,1,0,0,0,0,0,686215.8738,5333924.6386,11.502785401,48.131310692,1,#66c2a5,bicycle
176458,"9,17E+18",9,1,62,0,2017,6,14,2,2,7,7,1,0,0,0,0,1,0,0,699773.7574,5332252.6667,11.68402272,48.112173863,1,#66c2a5,bicycle
176459,"9,17E+18",9,1,62,0,2017,6,15,2,3,0,6,0,0,0,1,0,0,0,0,693200.0588,5333421639.0,11.596328314,48.124708289,4,#e78ac3,marker
176460,"9,17E+18",9,1,62,0,2017,6,13,2,3,5,3,1,1,0,0,0,0,0,0,692933101.0,5338914375.0,11.595234161,48.174156423,1,#66c2a5,bicycle
176463,"9,17E+18",9,1,62,0,2017,6,15,5,3,5,7,1,0,0,0,0,0,0,0,691977.0364,5336203.8518,11.581163972,48.150084332,1,#66c2a5,bicycle
176464,"9,17E+18",9,1,62,0,2017,6,17,5,2,0,5,1,0,0,0,0,0,0,0,688395.1158,5336499.6216,11.533184653,48.153813762,1,#66c2a5,bicycle
176465,"9,17E+18",9,1,62,0,2017,6,13,5,3,5,3,1,1,0,0,0,0,0,0,696758.7026,5330329.8419,11.642672964,48.09583114,1,#66c2a5,bicycle
176466,"9,17E+18",9,1,62,0,2017,6,14,5,3,3,2,0,1,0,1,0,0,0,0,687462862.0,5335879463.0,11.520388919,48.148515105,2,#fc8d62,car
176467,"9,17E+18",9,1,62,0,2017,6,12,5,3,2,6,0,1,0,0,0,1,0,0,686467.5413,5338352192.0,11.508104252,48.171033306,2,#fc8d62,car
176468,"9,17E+18",9,1,77,117,2017,6,17,6,3,1,1,1,1,0,0,0,0,0,0,715802.9322,5353894.3938,11.910108184,48.30140253,1,#66c2a5,bicycle
176469,"9,17E+18",9,1,77,117,2017,6,7,6,3,0,1,1,0,0,0,0,0,0,0,715545468.0,5352848.14,11.906106894,48.292089554,1,#66c2a5,bicycle
176470,"9,17E+18",9,1,62,0,2017,6,7,5,3,0,4,1,0,1,0,0,0,0,0,689273.93,5336186.5969,11.544850027,48.150739346,1,#66c2a5,bicycle
176473,"9,17E+18",9,1,62,0,2017,6,17,5,3,3,7,0,1,0,1,0,0,0,0,686559.5323,5329817.5837,11.505603221,48.094294242,2,#fc8d62,car
176474,"9,17E+18",9,1,62,0,2017,6,20,5,2,6,4,0,1,1,0,0,0,0,0,693306.9567,5331956.3197,11.597099036,48.111505923,2,#fc8d62,car
176475,"9,17E+18",9,1,74,115,2017,6,16,6,3,5,3,1,1,0,0,0,0,0,0,682375.3214,5347996.5109,11.457261382,48.258909415,1,#66c2a5,bicycle
176476,"9,17E+18",9,1,62,0,2017,6,2,5,3,1,7,1,0,0,0,0,1,2,0,690564.5871,5336607.0098,11.562373637,48.154132622,1,#66c2a5,bicycle
176477,"9,17E+18",9,1,62,0,2017,6,15,5,3,6,7,0,1,1,0,0,0,0,0,686690.7595,5336514542.0,11.51029713,48.154450462,2,#fc8d62,car
176478,"9,17E+18",9,1,62,0,2017,6,10,5,3,0,3,1,1,0,0,0,0,0,0,681876961.0,5338637.23,11.446539189,48.174925629,1,#66c2a5,bicycle
176479,"9,17E+18",9,1,86,143,2017,6,13,6,3,5,3,0,1,0,1,0,0,0,0,684883844.0,5378120882.0,11.50428748,48.528940632,2,#fc8d62,car
176481,"9,17E+18",9,1,84,121,2017,6,7,5,3,6,3,0,1,1,0,0,0,0,0,705502.3552,5331209945.0,11.760394675,48.100980933,2,#fc8d62,car
176482,"9,17E+18",9,1,62,0,2017,6,22,5,3,3,2,1,1,0,0,0,0,2,0,690789.0983,5334637.4293,11.564506742,48.136362854,1,#66c2a5,bicycle
176483,"9,17E+18",9,1,62,0,2017,6,11,5,1,1,7,0,1,1,0,0,0,0,0,683306.5033,5337934676.0,11.465447527,48.168199943,2,#fc8d62,car
176484,"9,17E+18",9,7,72,125,2017,6,1,1,3,1,1,1,1,0,0,0,0,2,0,637047.7617,5347716883.0,10.846827089,48.267822721,1,#66c2a5,bicycle
176485,"9,17E+18",9,7,61,0,2017,6,19,1,3,5,3,1,0,0,0,0,0,0,0,641977133.0,5362894017.0,10.918330843,48.403204071,1,#66c2a5,bicycle
176486,"9,17E+18",9,7,61,0,2017,6,15,1,3,0,1,1,0,0,0,0,0,0,0,643470.6033,5357290.4888,10.936585404,48.352482144,1,#66c2a5,bicycle
176487,"9,17E+18",9,7,61,0,2017,6,21,1,3,8,1,0,1,0,0,0,0,1,0,641086.4,5358203.09,10.904727717,48.361225091,2,#fc8d62,car
176510,"9,17E+18",9,1,88,141,2017,6,20,1,3,9,7,0,0,0,1,0,0,0,0,667910.5007,5309425.9449,11.247365634,47.916155792,4,#e78ac3,marker
176511,"9,17E+18",9,1,79,123,2017,6,12,1,3,0,7,1,0,0,0,0,0,0,1,675235.5519,5333028.4633,11.354972093,48.126372643,1,#66c2a5,bicycle
176512,"9,17E+18",9,1,62,0,2017,6,22,7,2,0,7,1,0,0,0,0,0,2,0,692147619.0,5334927.7131,11.582879177,48.138563138,1,#66c2a5,bicycle
176513,"9,17E+18",9,1,62,0,2017,6,23,7,3,0,7,1,0,0,0,0,0,2,0,687856629.0,5342916981.0,11.528788707,48.211653149,1,#66c2a5,bicycle
176514,"9,17E+18",9,1,62,0,2017,6,23,7,3,0,1,1,0,0,0,0,0,2,0,693566.1736,5333389.6788,11.601228598,48.124309832,1,#66c2a5,bicycle
176515,"9,17E+18",9,1,84,138,2017,6,12,7,3,2,6,1,1,0,0,0,0,0,0,679825.9576,5330840706.0,11.415683346,48.105426745,1,#66c2a5,bicycle
176516,"9,17E+18",9,1,62,0,2017,6,5,7,3,0,7,1,0,0,0,0,0,0,0,693927945.0,5342335.1767,11.610163757,48.204598264,1,#66c2a5,bicycle
176517,"9,17E+18",9,1,62,0,2017,6,17,7,3,0,7,1,0,0,0,0,0,0,0,696445.3559,5336914.7131,11.641503926,48.155108863,1,#66c2a5,bicycle
176518,"9,17E+18",9,1,62,0,2017,6,19,7,2,0,7,1,0,0,0,0,0,0,0,686491.3751,5334436.1536,11.506708443,48.135827709,1,#66c2a5,bicycle
176519,"9,17E+18",9,1,62,0,2017,6,20,7,3,0,1,1,0,0,0,0,0,0,0,691071.4305,5334412.0387,11.568196687,48.134252353,1,#66c2a5,bicycle
176520,"9,17E+18",9,1,62,0,2017,6,17,7,3,3,6,0,1,0,1,0,0,0,0,693002.7973,5333842.4847,11.593870803,48.12855058,2,#fc8d62,car
176521,"9,17E+18",9,1,62,0,2017,6,10,7,3,0,7,1,0,0,0,0,0,0,0,693692.8133,5336398.8199,11.604296995,48.151316485,1,#66c2a5,bicycle
176522,"9,17E+18",9,1,84,112,2017,6,16,7,3,4,6,1,0,0,0,0,0,0,0,702419.93,5340214201.0,11.723318989,48.182887098,1,#66c2a5,bicycle
176523,"9,17E+18",9,1,62,0,2017,6,22,7,3,5,3,1,1,0,0,0,0,2,0,691683.2088,5333732.7625,11.57610543,48.12796314,1,#66c2a5,bicycle
176524,"9,17E+18",9,1,62,0,2017,6,17,7,3,5,3,0,1,0,0,0,0,0,0,687450.3509,5331661.3715,11.51836536,48.110605421,2,#fc8d62,car
176525,"9,17E+18",9,1,62,0,2017,6,9,7,2,6,4,0,1,1,0,0,0,0,0,689054.0635,5334935772.0,11.54134146,48.139562199,2,#fc8d62,car
176526,"9,17E+18",9,1,62,0,2017,6,21,7,3,3,7,0,1,0,0,0,0,1,0,693293.8148,5333604.6772,11.597669924,48.126324929,2,#fc8d62,car
176527,"9,17E+18",9,1,62,0,2017,6,17,7,3,5,2,1,1,0,0,0,0,0,0,679843702.0,5336281145.0,11.418217696,48.154325667,1,#66c2a5,bicycle
176528,"9,17E+18",9,1,62,0,2017,6,13,7,3,5,3,0,1,0,0,0,0,0,0,679525878.0,5336989122.0,11.414246836,48.16077943,2,#fc8d62,car
176529,"9,17E+18",9,1,62,0,2017,6,15,7,2,0,7,1,0,0,0,0,0,0,0,684210.7948,5336355.7696,11.476914633,48.153746506,1,#66c2a5,bicycle
176530,"9,17E+18",9,1,62,0,2017,6,20,7,3,5,3,0,1,0,0,0,0,1,0,688561.1248,5328548.8021,11.531898527,48.082301052,2,#fc8d62,car
176531,"9,17E+18",9,1,62,0,2017,6,13,7,3,5,3,1,1,0,0,0,0,0,0,698768.6055,5329369.1527,11.669190652,48.08657347,1,#66c2a5,bicycle
176532,"9,17E+18",9,1,62,0,2017,6,12,7,3,3,2,0,1,0,1,0,0,0,0,694794513.0,5334964702.0,11.618437792,48.138090834,2,#fc8d62,car
176533,"9,17E+18",9,1,62,0,2017,6,2,7,3,0,1,1,0,0,0,0,0,2,0,693266.2917,5334270.8333,11.597602558,48.132320515,1,#66c2a5,bicycle
176534,"9,17E+18",9,1,62,0,2017,6,18,7,3,1,5,1,1,0,0,0,0,0,0,693558.3378,5334018.1444,11.601408834,48.129960677,1,#66c2a5,bicycle
176535,"9,17E+18",9,1,62,0,2017,6,22,7,3,0,1,1,0,0,0,0,0,2,0,692187.1389,5334113671.0,11.583042607,48.131234739,1,#66c2a5,bicycle
176536,"9,17E+18",9,1,62,0,2017,6,12,7,3,0,7,0,1,1,0,0,0,0,0,692305.8471,5337479.8325,11.586156872,48.161453227,2,#fc8d62,car
176545,"9,17E+18",9,7,72,147,2017,6,14,7,3,2,6,0,1,0,0,0,0,0,0,639011999.0,5365356.1667,10.879105854,48.4260038,2,#fc8d62,car
176546,"9,17E+18",9,7,61,0,2017,6,22,7,3,5,3,1,1,0,0,0,0,2,0,638482.6139,5359347.0503,10.869971778,48.372087893,1,#66c2a5,bicycle
176547,"9,17E+18",9,7,61,0,2017,6,19,7,3,5,3,0,1,0,1,0,0,0,0,639589.5278,5359509.1892,10.884964215,48.373301934,2,#fc8d62,car
176585,"9,17E+18",9,1,83,126,2017,6,14,7,3,5,3,1,1,0,0,0,0,0,0,730021.6085,5337896.8268,12.092885454,48.152677286,1,#66c2a5,bicycle
176591,"9,17E+18",9,1,85,158,2017,6,19,7,2,3,6,1,0,0,0,0,0,0,0,669762.6262,5382203.5217,11.301311668,48.569911772,1,#66c2a5,bicycle
176593,"9,17E+18",9,1,79,118,2017,6,9,7,3,8,1,0,1,0,0,0,0,0,0,672014.8994,5336077.1604,11.312958459,48.154657749,2,#fc8d62,car
176594,"9,17E+18",9,1,88,145,2017,6,17,7,3,2,6,1,1,0,0,0,0,0,0,663777.7893,5325623675.0,11.198273401,48.062851827,1,#66c2a5,bicycle
176595,"9,17E+18",9,1,79,126,2017,6,14,7,2,0,7,1,0,0,0,0,0,0,0,676738.4859,5339939493.0,11.378022729,48.188081715,1,#66c2a5,bicycle
176596,"9,17E+18",9,1,74,131,2017,6,13,7,3,5,3,0,1,0,0,0,0,0,0,676274114.0,5357505.7785,11.379101759,48.346114545,2,#fc8d62,car
176597,"9,17E+18",9,1,74,115,2017,6,23,7,3,5,3,0,1,0,0,0,0,2,0,679098.1575,5346338.1502,11.412445366,48.244937504,2,#fc8d62,car
176598,"9,17E+18",9,1,78,116,2017,6,20,7,2,2,2,0,0,0,1,0,1,0,0,702022.5709,5382287.1185,11.738190943,48.561097331,4,#e78ac3,marker
176599,"9,17E+18",9,1,78,124,2017,6,17,7,3,0,1,1,0,0,0,0,0,0,0,701258.6309,5364148872.0,11.719117023,48.398348035,1,#66c2a5,bicycle
176600,"9,17E+18",9,1,77,126,2017,6,22,7,3,0,7,1,0,0,0,0,0,2,0,719921.2614,5367548.9738,11.972703398,48.422664592,1,#66c2a5,bicycle
176601,"9,17E+18",9,1,77,123,2017,6,19,7,3,4,7,0,1,0,1,0,0,0,0,726827393.0,5344401547.0,12.053471524,48.212263562,2,#fc8d62,car
176602,"9,17E+18",9,1,62,0,2017,6,1,6,3,6,4,0,1,1,0,0,0,2,0,690530.6058,5334744.7984,11.561083823,48.137405329,2,#fc8d62,car
176603,"9,17E+18",9,1,62,0,2017,6,15,6,3,3,2,1,1,0,0,0,0,0,0,692440.8856,5334846.5135,11.586780463,48.137744711,1,#66c2a5,bicycle
176604,"9,17E+18",9,1,62,0,2017,6,8,6,3,5,2,1,1,0,0,0,0,0,0,692926.8777,5337854.9466,11.59466985,48.164636506,1,#66c2a5,bicycle