OBJECTID,UIDENTSTLA,ULAND,UREGBEZ,UKREIS,UGEMEINDE,UJAHR,UMONAT,USTUNDE,UWOCHENTAG,UKATEGORIE,UART,UTYP1,IstRad,IstPKW,IstFuss,IstKrad,IstGkfz,IstSonstig,ULICHTVERH,STRZUSTAND,LINREFX,LINREFY,XGCSWGS84,YGCSWGS84,Teilnehmer,color,symbol
176605,"9,17E+18",9,1,84,112,2017,6,22,6,3,0,7,0,0,0,1,0,0,2,0,702527143.0,5339041178.0,11.724200775,48.172311298,4,#e78ac3,marker
176606,"9,17E+18",9,1,62,0,2017,6,7,6,3,5,6,1,1,0,0,0,0,0,0,695286.5543,5333179.7544,11.624226635,48.121897751,1,#66c2a5,bicycle
176607,"9,17E+18",9,1,62,0,2017,6,17,6,3,5,2,0,1,0,0,0,0,0,0,696472.6925,5332675.9591,11.63991611,48.11700502,2,#fc8d62,car
176608,"9,17E+18",9,1,62,0,2017,6,13,6,3,5,3,0,1,0,1,0,0,0,0,688582.5707,5342063.8955,11.538171723,48.203770325,2,#fc8d62,car
176609,"9,17E+18",9,1,84,135,2017,6,15,6,3,0,7,1,0,0,0,0,0,0,0,689225.9319,5347699865.0,11.549338289,48.254234541,1,#66c2a5,bicycle
176610,"9,17E+18",9,1,62,0,2017,6,15,6,3,5,2,0,1,0,1,0,0,0,0,691231.9693,5340012.3185,11.572869537,48.184538688,2,#fc8d62,car
176611,"9,17E+18",9,1,62,0,2017,6,15,6,3,5,3,1,1,0,0,0,0,0,0,690871.8417,5342900.7392,11.56932796,48.210607604,1,#66c2a5,bicycle
176612,"9,17E+18",9,1,62,0,2017,6,16,6,3,3,6,0,1,0,1,0,0,0,0,692175.1984,5340022.7682,11.585551262,48.184347994,2,#fc8d62,car
176613,"9,17E+18",9,1,62,0,2017,6,18,6,3,3,7,0,1,0,1,0,0,0,0,690502.2431,5338597.9118,11.562427882,48.172045379,2,#fc8d62,car
176614,"9,17E+18",9,1,62,0,2017,6,14,6,3,5,3,0,1,0,1,0,0,0,0,688244.5083,5343572.1739,11.534295539,48.217427128,2,#fc8d62,car
176615,"9,17E+18",9,1,62,0,2017,6,16,6,3,4,2,1,1,0,0,0,0,0,0,687874.0476,5330443.5643,11.523515735,48.099534593,1,#66c2a5,bicycle
176616,"9,17E+18",9,1,84,131,2017,6,10,6,3,5,3,0,1,0,0,0,1,0,0,704631.2152,5337367.0331,11.751663604,48.156592627,2,#fc8d62,car
176617,"9,17E+18",9,1,62,0,2017,6,12,6,3,3,6,1,0,0,0,0,1,0,0,693915498.0,5335658.02,11.606950444,48.144590599,1,#66c2a5,bicycle
176618,"9,17E+18",9,1,62,0,2017,6,13,6,3,2,6,0,1,0,1,0,0,0,0,693648.4781,5335147.5057,11.603132387,48.140083599,2,#fc8d62,car
176619,"9,17E+18",9,1,62,0,2017,6,20,6,3,6,4,0,0,1,0,0,1,1,0,693299.0939,5334636.2623,11.59820877,48.135594925,3,#8da0cb,toilet
176632,"9,17E+18",9,7,72,200,2017,6,11,6,3,5,2,0,1,0,1,0,0,0,0,625036.8321,5338117.4004,10.682214275,48.183980268,2,#fc8d62,car
176633,"9,17E+18",9,7,71,142,2017,6,18,6,3,0,7,1,0,0,0,0,0,0,0,646091.2344,5352539.1812,10.970290381,48.309160744,1,#66c2a5,bicycle
176634,"9,17E+18",9,7,72,163,2017,6,14,6,3,3,6,0,1,0,1,0,0,0,0,640416.2847,5349194.1437,10.892685887,48.280368207,2,#fc8d62,car
176635,"9,17E+18",9,7,61,0,2017,6,22,6,2,0,1,1,0,0,0,0,0,2,0,638893.7691,5358467.3627,10.875230115,48.364087576,1,#66c2a5,bicycle
176636,"9,17E+18",9,7,61,0,2017,6,19,6,3,5,3,0,1,0,0,0,1,0,0,637542.1831,5361975.7628,10.858140289,48.395930544,2,#fc8d62,car
176637,"9,17E+18",9,7,61,0,2017,6,14,6,3,3,7,1,0,0,0,0,0,0,0,639686.8549,5357498914.0,10.885610182,48.355204537,1,#66c2a5,bicycle
176638,"9,17E+18",9,7,61,0,2017,6,9,6,3,2,6,0,1,0,0,0,0,0,0,639953.0366,5359196.2222,10.889765958,48.370407315,2,#fc8d62,car
176639,"9,17E+18",9,7,71,113,2017,6,7,6,3,3,2,1,1,0,0,0,0,0,0,657413.1402,5370467.3829,11.129597763,48.467625703,1,#66c2a5,bicycle
176685,"9,17E+18",9,2,74,126,2017,6,12,6,3,5,2,0,1,0,0,0,0,0,0,732759.1569,5384290.6005,12.155296911,48.568440268,2,#fc8d62,car
176686,"9,17E+18",9,2,61,0,2017,6,8,6,3,5,3,0,1,0,0,0,0,0,0,734162.6977,5381537.6279,12.172744867,48.54318905,2,#fc8d62,car
176687,"9,17E+18",9,2,74,113,2017,6,11,6,3,0,7,1,0,0,0,0,0,0,0,728790.0428,5381805.3526,12.100208407,48.547576042,1,#66c2a5,bicycle
176703,"9,17E+18",9,1,63,0,2017,6,7,6,3,5,7,1,1,0,0,0,0,0,0,733974.5831,5303797.9884,12.127368347,47.844902113,1,#66c2a5,bicycle
176704,"9,17E+18",9,1,63,0,2017,6,15,6,3,3,5,1,1,0,0,0,0,0,0,732866.1793,5305100.0636,12.113276527,47.857002509,1,#66c2a5,bicycle
176705,"9,17E+18",9,1,87,150,2017,6,22,6,3,0,1,1,0,0,0,0,0,2,0,730175.7962,5304122.1565,12.076841442,47.849185749,1,#66c2a5,bicycle
176706,"9,17E+18",9,1,87,117,2017,6,1,6,3,0,1,1,0,0,0,0,0,2,0,724816.9597,5305709.8627,12.00613635,47.865347751,1,#66c2a5,bicycle
176707,"9,17E+18",9,1,62,0,2017,6,7,5,3,2,6,1,1,0,0,0,0,0,0,694007.7121,5334121.7463,11.60748908,48.13075501,1,#66c2a5,bicycle
176708,"9,17E+18",9,1,77,117,2017,6,12,6,3,5,3,1,1,0,0,0,0,0,0,715240.3179,5352875783.0,11.902012259,48.292441768,1,#66c2a5,bicycle
176709,"9,17E+18",9,1,62,0,2017,6,2,5,3,9,1,0,1,0,0,0,0,2,0,691023.9867,5333268.2831,11.56704695,48.123986587,2,#fc8d62,car
176710,"9,17E+18",9,1,62,0,2017,6,13,5,3,1,5,1,1,0,0,0,0,0,0,687873.2169,5337045.0309,11.526415036,48.158870387,1,#66c2a5,bicycle
176711,"9,17E+18",9,1,79,134,2017,6,11,6,3,2,7,0,1,0,0,0,0,0,0,667515.5925,5342469.6874,11.255029412,48.213327234,2,#fc8d62,car
176712,"9,17E+18",9,1,62,0,2017,6,21,5,2,6,7,1,0,1,0,0,0,2,0,687499.3237,5337558.4611,11.521618489,48.163595564,1,#66c2a5,bicycle
176713,"9,17E+18",9,1,62,0,2017,6,11,5,3,9,1,0,0,0,1,0,0,0,0,696437.3715,5338336.1798,11.64205308,48.167886561,4,#e78ac3,marker
176727,"9,17E+18",9,2,61,0,2017,6,10,4,3,0,1,1,0,0,0,0,0,0,0,731663.8059,5382189.2002,12.139302157,48.549969547,1,#66c2a5,bicycle
176728,"9,17E+18",9,1,73,134,2017,6,15,4,3,0,7,1,0,0,0,0,0,0,0,686157.0404,5301708.9378,11.488030543,47.841751668,1,#66c2a5,bicycle
176732,"9,17E+18",9,1,63,0,2017,6,17,4,3,2,7,0,1,0,1,0,0,0,1,732831.4942,5305399.5743,12.112974747,47.859705914,2,#fc8d62,car
176734,"9,17E+18",9,1,82,136,2017,6,14,4,2,0,1,1,0,0,0,0,0,0,0,703971.6102,5301126.0221,11.725585294,47.831108711,1,#66c2a5,bicycle
176739,"9,17E+18",9,1,87,117,2017,6,10,4,2,7,7,1,0,0,0,0,1,0,1,720874.7569,5302015.5605,11.951610511,47.833520101,1,#66c2a5,bicycle
176740,"9,17E+18",9,1,86,143,2017,6,17,4,3,0,7,0,1,1,0,0,0,0,0,685433.7371,5377543.8646,11.511471845,48.523592365,2,#fc8d62,car
176741,"9,17E+18",9,1,74,115,2017,6,11,4,3,5,3,1,1,0,0,0,0,0,0,681749.9305,5348467.8832,11.449045592,48.263326058,1,#66c2a5,bicycle
176742,"9,17E+18",9,1,78,124,2017,6,7,4,3,5,2,1,1,0,0,0,0,0,1,702611.9653,5364251.9735,11.73742944,48.398841172,1,#66c2a5,bicycle
176743,"9,17E+18",9,1,62,0,2017,6,18,3,3,0,1,1,0,0,0,0,0,0,0,695981442.0,5336772.4896,11.635207259,48.15397377,1,#66c2a5,bicycle
176744,"9,17E+18",9,1,62,0,2017,6,8,3,3,5,3,0,1,0,1,0,0,0,0,693248.9754,5333330.5785,11.596943698,48.123875014,2,#fc8d62,car
176745,"9,17E+18",9,1,62,0,2017,6,19,3,3,5,3,0,1,0,0,0,0,0,0,692391.4893,5330161697.0,11.584003542,48.095653286,2,#fc8d62,car
176746,"9,17E+18",9,1,62,0,2017,6,9,3,3,1,7,0,1,0,1,0,0,0,0,692109541.0,5334937.7768,11.582372405,48.138665086,2,#fc8d62,car
176747,"9,17E+18",9,1,62,0,2017,6,6,3,3,0,1,0,0,0,1,0,0,0,1,687821.7788,5334458.9793,11.524583077,48.135641613,4,#e78ac3,marker
176748,"9,17E+18",9,1,62,0,2017,6,14,3,3,5,3,1,0,0,0,0,0,0,0,692081.5878,5336236.0898,11.58258275,48.150342517,1,#66c2a5,bicycle
176749,"9,17E+18",9,1,62,0,2017,6,7,3,3,4,2,0,1,0,1,0,0,0,1,691148.9936,5341041.4759,11.572217486,48.193813534,2,#fc8d62,car
176750,"9,17E+18",9,1,62,0,2017,6,16,3,3,5,2,0,1,0,0,0,0,0,0,697180.3371,5332173.0559,11.649181382,48.112266524,2,#fc8d62,car
176751,"9,17E+18",9,1,62,0,2017,6,10,3,2,5,3,0,0,0,1,0,1,0,0,688239.5279,5333758.0453,11.529882845,48.129218051,4,#e78ac3,marker
176752,"9,17E+18",9,1,62,0,2017,6,12,3,3,3,2,0,1,0,0,0,0,0,0,682960.7932,5337541.0128,11.460632861,48.164761053,2,#fc8d62,car
176753,"9,17E+18",9,1,62,0,2017,6,6,3,3,0,7,0,1,0,1,0,0,0,1,687603419.0,5341221246.0,11.524634023,48.196486573,2,#fc8d62,car
176754,"9,17E+18",9,1,62,0,2017,6,20,3,3,3,3,0,1,0,1,0,0,0,0,691772.9393,5332222.0375,11.576630523,48.11435789,2,#fc8d62,car
176755,"9,17E+18",9,1,84,119,2017,6,19,3,3,5,3,1,0,0,0,0,0,0,0,697087.5482,5347630.0686,11.655105326,48.251211377,1,#66c2a5,bicycle
176756,"9,17E+18",9,1,62,0,2017,6,17,3,3,2,6,0,1,0,0,0,1,0,0,693253.4281,5340364.1767,11.600197757,48.187089383,2,#fc8d62,car
176757,"9,17E+18",9,1,62,0,2017,6,8,3,3,5,3,1,1,0,0,0,0,0,1,687632473.0,5338830.8771,11.523968857,48.174992991,1,#66c2a5,bicycle
176758,"9,17E+18",9,1,62,0,2017,6,7,3,3,0,7,0,0,0,1,0,0,0,1,690512.6009,5339807.8941,11.563109429,48.182917471,4,#e78ac3,marker
176759,"9,17E+18",9,1,62,0,2017,6,13,3,3,2,6,0,1,0,0,0,0,0,0,686427.9975,5337522.0718,11.507208968,48.163583537,2,#fc8d62,car
176760,"9,17E+18",9,1,62,0,2017,6,7,3,2,0,2,1,1,0,0,0,0,0,1,690231.52,5336230332.0,11.55773141,48.150846765,1,#66c2a5,bicycle
176761,"9,17E+18",9,1,62,0,2017,6,7,3,3,6,7,0,0,1,0,0,1,0,1,690402.7338,5335190.8889,11.559566196,48.141453054,3,#8da0cb,toilet
176762,"9,17E+18",9,1,84,131,2017,6,13,3,3,5,4,1,0,1,0,0,0,0,0,705588.8971,5338358.2946,11.765005011,48.165191679,1,#66c2a5,bicycle
176763,"9,17E+18",9,1,62,0,2017,6,13,3,3,1,7,1,1,0,0,0,0,0,0,696992.5721,5332475.7242,11.646801286,48.115044825,1,#66c2a5,bicycle
176764,"9,17E+18",9,1,62,0,2017,6,7,3,3,2,5,0,1,0,0,0,1,0,1,696996.0864,5331598.4472,11.646443309,48.107159296,2,#fc8d62,car
176765,"9,17E+18",9,1,84,131,2017,6,7,3,3,6,4,0,0,1,1,0,0,0,0,704383.1776,5339485.5797,11.749350339,48.175710835,3,#8da0cb,toilet
176766,"9,17E+18",9,1,62,0,2017,6,16,3,3,1,5,0,1,0,0,0,0,0,0,696355.7774,5330634.8784,11.63740752,48.098696925,2,#fc8d62,car
176767,"9,17E+18",9,1,62,0,2017,6,11,3,3,5,3,1,1,0,1,0,0,0,0,693574842.0,5335177.8724,11.602157391,48.14037893,1,#66c2a5,bicycle
176768,"9,17E+18",9,1,62,0,2017,6,8,3,3,0,6,1,0,0,0,0,0,0,0,693403.1361,5333842.4287,11.599245415,48.12842857,1,#66c2a5,bicycle
176769,"9,17E+18",9,1,62,0,2017,6,23,3,3,5,3,0,1,0,0,0,0,2,0,691656.7132,5332788.9718,11.575325373,48.119488429,2,#fc8d62,car
176770,"9,17E+18",9,1,62,0,2017,6,9,3,3,5,2,1,1,0,0,0,0,0,0,693817.0961,5334381.5489,11.605048104,48.1331481,1,#66c2a5,bicycle
176771,"9,17E+18",9,1,62,0,2017,6,11,3,3,5,4,1,1,1,0,0,0,0,0,689309.5358,5333001.5648,11.54391277,48.122101396,1,#66c2a5,bicycle
176772,"9,17E+18",9,1,62,0,2017,6,9,3,3,0,7,0,0,0,1,0,1,0,0,691213.2152,5336416.1625,11.571000392,48.152222628,4,#e78ac3,marker
176773,"9,17E+18",9,1,62,0,2017,6,9,3,3,0,1,1,0,0,0,0,0,0,0,690445.1267,5335594.7201,11.560316104,48.145069989,1,#66c2a5,bicycle
176774,"9,17E+18",9,1,62,0,2017,6,11,3,3,2,6,0,1,0,0,0,0,0,0,693434.4128,5336658.7148,11.600944509,48.15373097,2,#fc8d62,car
176775,"9,17E+18",9,1,62,0,2017,6,1,3,3,0,1,1,0,0,0,0,0,2,1,691133.0586,5335152.0188,11.569356218,48.140884727,1,#66c2a5,bicycle
176784,"9,17E+18",9,7,61,0,2017,6,17,3,3,5,3,1,1,0,0,0,0,0,0,644155067.0,5358110.44,10.946099726,48.359698811,1,#66c2a5,bicycle
176785,"9,17E+18",9,7,72,125,2017,6,12,3,3,5,3,0,1,0,0,0,1,0,0,636484.3027,5348682.6528,10.839549892,48.276628705,2,#fc8d62,car
176786,"9,17E+18",9,7,61,0,2017,6,5,3,3,5,3,1,0,0,0,0,0,1,1,637725.4323,5360246.8131,10.860047735,48.380344125,1,#66c2a5,bicycle
176787,"9,17E+18",9,7,61,0,2017,6,7,3,3,2,2,1,1,0,0,0,0,0,1,638482.0066,5359547.3331,10.870029549,48.37388893,1,#66c2a5,bicycle
176788,"9,17E+18",9,7,61,0,2017,6,20,3,3,0,7,0,0,0,1,0,0,0,1,642654.3839,5360906496.0,10.926801053,48.385180439,4,#e78ac3,marker
176789,"9,17E+18",9,7,61,0,2017,6,11,3,3,8,1,1,1,0,0,0,0,0,0,640754146.0,5355271667.0,10.899264689,48.334940812,1,#66c2a5,bicycle
176790,"9,17E+18",9,7,61,0,2017,6,17,3,3,4,6,1,0,0,0,0,0,0,0,639963.1163,5358093704.0,10.889535119,48.360491552,1,#66c2a5,bicycle
176791,"9,17E+18",9,7,61,0,2017,6,7,3,3,0,1,0,0,0,1,0,0,0,1,639498.1701,5357365271.0,10.883020291,48.354044562,4,#e78ac3,marker
176792,"9,17E+18",9,7,61,0,2017,6,19,3,3,0,3,1,1,0,0,0,0,0,1,639817.0163,5359453.8953,10.888016013,48.372754386,1,#66c2a5,bicycle
176793,"9,17E+18",9,7,61,0,2017,6,7,3,3,2,6,0,1,0,0,0,0,0,1,640766.8135,5359246.0131,10.900764669,48.370674036,2,#fc8d62,car
176824,"9,17E+18",9,2,61,0,2017,6,15,3,3,3,7,1,1,0,0,0,0,0,0,733015179.0,5382038.9414,12.157501819,48.548119347,1,#66c2a5,bicycle
176826,"9,17E+18",9,1,62,0,2017,6,19,3,3,5,2,1,1,0,0,0,0,0,0,690296.4664,5336030.9044,11.558514577,48.149034888,1,#66c2a5,bicycle
176828,"9,17E+18",9,1,63,0,2017,6,18,3,3,1,3,1,1,0,0,0,0,0,1,732844565.0,5305457587.0,12.113180471,47.860222371,1,#66c2a5,bicycle
176829,"9,17E+18",9,1,63,0,2017,6,12,3,3,0,1,1,0,0,0,0,0,0,0,732796.4696,5305763808.0,12.112703254,47.86299092,1,#66c2a5,bicycle
176831,"9,17E+18",9,1,79,134,2017,6,0,3,3,0,1,1,0,0,0,0,0,2,1,668013.7864,5343542.5135,11.262155553,48.222840056,1,#66c2a5,bicycle
176832,"9,17E+18",9,1,79,145,2017,6,21,3,3,4,2,1,1,0,0,0,0,1,0,675466.1886,5338448.5467,11.360303361,48.175031946,1,#66c2a5,bicycle
176833,"9,17E+18",9,1,79,126,2017,6,7,3,3,2,6,0,1,0,0,0,0,0,1,677525.4144,5341584.1345,11.389288996,48.202646042,2,#fc8d62,car
176834,"9,17E+18",9,1,88,121,2017,6,18,3,3,5,3,1,1,0,0,0,0,0,0,670011358.0,5329011.5807,11.283222516,48.09167816,1,#66c2a5,bicycle
176835,"9,17E+18",9,1,79,123,2017,6,14,3,3,5,3,0,0,0,1,0,1,0,0,676734.6566,5332188.7229,11.374752375,48.118409568,4,#e78ac3,marker
176836,"9,17E+18",9,1,79,123,2017,6,12,3,3,5,2,1,1,0,0,0,0,0,0,673114.8229,5333121.9317,11.326534325,48.12779315,1,#66c2a5,bicycle
176837,"9,17E+18",9,1,74,111,2017,6,20,3,3,9,1,0,1,0,0,0,0,1,1,662129.7738,5359842.9856,11.189252872,48.370914974,2,#fc8d62,car
176838,"9,17E+18",9,1,74,115,2017,6,17,3,3,5,3,0,1,0,0,0,1,0,0,682285.0884,5347770.7293,11.455949511,48.25690594,2,#fc8d62,car
176839,"9,17E+18",9,1,75,132,2017,6,20,3,3,5,3,0,1,0,0,0,0,0,0,707203.6395,5336187.3153,11.785638415,48.14515842,2,#fc8d62,car
176840,"9,17E+18",9,1,78,124,2017,6,16,3,3,6,4,0,1,1,0,0,0,0,0,704525.3159,5363459.1614,11.762862972,48.391099237,2,#fc8d62,car
176841,"9,17E+18",9,1,62,0,2017,6,8,2,3,5,3,1,0,0,0,0,0,0,0,689060.0088,5335621.6722,11.541725828,48.145725373,1,#66c2a5,bicycle
176842,"9,17E+18",9,1,62,0,2017,6,8,2,2,5,3,1,1,0,0,0,0,0,0,696734.3599,5333462.9867,11.643791307,48.123997576,1,#66c2a5,bicycle
176843,"9,17E+18",9,1,84,123,2017,6,15,2,3,0,1,1,1,0,0,0,0,0,0,702836.8109,5332042.1108,11.725027782,48.109313573,1,#66c2a5,bicycle
176844,"9,17E+18",9,1,62,0,2017,6,17,2,3,6,4,1,0,1,0,0,0,0,0,687505.6958,5343627.0823,11.524383383,48.218139386,1,#66c2a5,bicycle
176845,"9,17E+18",9,1,84,135,2017,6,22,2,2,0,7,1,0,0,0,0,0,2,0,689810.8919,5348290.3266,11.557475838,48.259366576,1,#66c2a5,bicycle
176846,"9,17E+18",9,1,62,0,2017,6,15,2,3,5,3,1,1,0,0,0,0,0,0,681660.3477,5335799.6256,11.442416271,48.149481086,1,#66c2a5,bicycle
176847,"9,17E+18",9,1,84,130,2017,6,6,2,3,0,1,1,0,0,0,0,0,0,0,698502.3889,5344317.8276,11.672592298,48.221002727,1,#66c2a5,bicycle
176848,"9,17E+18",9,1,62,0,2017,6,19,2,3,2,7,1,1,0,0,0,0,0,0,691270.71,5337474.3279,11.572248317,48.161715988,1,#66c2a5,bicycle
176849,"9,17E+18",9,1,62,0,2017,6,11,2,3,5,2,1,1,0,0,0,0,0,0,695056274.0,5336130896.0,11.622486783,48.148491855,1,#66c2a5,bicycle
176850,"9,17E+18",9,1,62,0,2017,6,17,2,3,5,3,1,0,0,0,0,0,0,0,686974.1324,5337311598.0,11.514453912,48.161531366,1,#66c2a5,bicycle
176851,"9,17E+18",9,1,62,0,2017,6,7,2,3,0,7,1,0,0,0,0,0,0,0,689798.0514,5343051148.0,11.554955909,48.212281457,1,#66c2a5,bicycle
176852,"9,17E+18",9,1,84,140,2017,6,9,2,3,0,7,1,0,0,0,0,0,0,0,700630605.0,5328233.3447,11.693632907,48.075782578,1,#66c2a5,bicycle
176853,"9,17E+18",9,1,62,0,2017,6,15,2,3,6,2,0,1,1,0,0,0,0,0,694454.6851,5333461153.0,11.613188569,48.124681457,2,#fc8d62,car
176854,"9,17E+18",9,1,62,0,2017,6,18,2,3,4,6,1,0,0,0,0,0,0,0,693600.42,5332608.47,11.601333576,48.117278139,1,#66c2a5,bicycle
176855,"9,17E+18",9,1,62,0,2017,6,17,2,3,0,1,1,0,0,0,0,0,0,0,689710.3566,5334564.1634,11.549989058,48.136026833,1,#66c2a5,bicycle
176856,"9,17E+18",9,1,62,0,2017,6,22,2,3,1,5,1,1,0,0,0,0,1,0,691017.7429,5333969.3573,11.567277355,48.130289677,1,#66c2a5,bicycle
176857,"9,17E+18",9,1,62,0,2017,6,8,2,3,6,4,1,0,1,0,0,0,0,0,692584.9853,5337578.8107,11.589951597,48.16225833,1,#66c2a5,bicycle
176858,"9,17E+18",9,1,62,0,2017,6,21,2,3,1,2,1,1,0,0,0,0,1,0,691518.9514,5336626.7522,11.575201702,48.154023388,1,#66c2a5,bicycle
176859,"9,17E+18",9,1,62,0,2017,6,22,2,3,0,2,1,1,0,0,0,0,2,0,690847623.0,5334222.5879,11.565106746,48.132616732,1,#66c2a5,bicycle
176868,"9,17E+18",9,7,77,139,2017,6,8,2,3,0,1,1,0,0,0,0,0,0,0,617316921.0,5307418002.0,10.56997903,47.909351431,1,#66c2a5,bicycle
176869,"9,17E+18",9,7,62,0,2017,6,15,2,3,3,6,0,1,0,1,0,0,0,0,621260.6036,5303498.3957,10.62163213,47.873365949,2,#fc8d62,car
176875,"9,17E+18",9,7,72,200,2017,6,8,2,3,0,1,0,0,0,1,0,0,0,0,629497.8746,5336889.0329,10.741829395,48.172040113,4,#e78ac3,marker
176876,"9,17E+18",9,7,72,184,2017,6,16,2,3,5,3,1,1,0,0,0,0,0,0,635042.8147,5361642073.0,10.824285478,48.393470243,1,#66c2a5,bicycle
176877,"9,17E+18",9,7,72,202,2017,6,13,2,3,0,5,1,1,0,0,0,0,0,0,636424.3684,5356890.8789,10.841397263,48.350450391,1,#66c2a5,bicycle
176878,"9,17E+18",9,7,61,0,2017,6,7,2,3,6,7,1,0,1,0,0,0,0,0,637231.0988,5360179.0739,10.853353046,48.379842743,1,#66c2a5,bicycle
176879,"9,17E+18",9,7,61,0,2017,6,18,2,3,5,3,0,1,0,0,0,0,0,0,641776.1704,5361585.0634,10.915175137,48.391479805,2,#fc8d62,car
176880,"9,17E+18",9,7,61,0,2017,6,12,2,3,0,7,1,0,0,0,0,0,0,0,644115.2203,5358094.8623,10.945556781,48.359567842,1,#66c2a5,bicycle
176881,"9,17E+18",9,7,61,0,2017,6,11,2,3,5,2,1,1,0,0,0,0,0,0,640216.1127,5357294.4045,10.892682369,48.353248344,1,#66c2a5,bicycle
176882,"9,17E+18",9,7,61,0,2017,6,16,2,2,6,7,1,0,1,0,0,0,0,0,640806.7367,5356699.3367,10.900451211,48.347766269,1,#66c2a5,bicycle
176883,"9,17E+18",9,7,61,0,2017,6,8,2,3,0,1,0,0,0,1,0,0,0,0,641326.7318,5358920.0095,10.908211298,48.367617603,4,#e78ac3,marker
176922,"9,17E+18",9,1,90,157,2017,6,18,2,3,0,7,1,1,0,0,0,0,0,0,660486.4198,5300310.5639,11.144686907,47.836099964,1,#66c2a5,bicycle
176923,"9,17E+18",9,1,90,159,2017,6,17,2,3,0,7,0,0,0,1,0,0,0,0,663177.3529,5305034.4129,11.182403341,47.877894313,4,#e78ac3,marker
176931,"9,17E+18",9,1,63,0,2017,6,18,2,3,5,3,0,1,0,0,0,0,0,0,733296.0512,5305728.0467,12.119353601,47.862488452,2,#fc8d62,car
176934,"9,17E+18",9,1,87,150,2017,6,7,2,2,4,2,0,1,0,1,0,0,0,0,729409.5539,5304410.7442,12.066767009,47.852052463,2,#fc8d62,car
176936,"9,17E+18",9,1,86,143,2017,6,14,2,3,0,1,1,0,0,0,0,0,0,0,685163.8892,5379549.5888,11.508711699,48.541698895,1,#66c2a5,bicycle
176941,"9,17E+18",9,1,79,142,2017,6,20,2,2,0,1,1,0,0,0,0,0,0,0,673063.1401,5341028.7076,11.329057595,48.198885153,1,#66c2a5,bicycle
176942,"9,17E+18",9,1,74,115,2017,6,18,2,3,5,3,1,1,0,0,0,0,0,0,680948.1535,5348821.0896,11.438403084,48.266730397,1,#66c2a5,bicycle
176943,"9,17E+18",9,1,74,126,2017,6,18,2,2,5,3,1,0,0,0,0,1,0,0,683298.8669,5344443757.0,11.468155234,48.226709206,1,#66c2a5,bicycle
176944,"9,17E+18",9,1,78,124,2017,6,8,2,2,5,2,1,1,0,0,0,0,0,0,704307.2792,5359441.4781,11.75796918,48.355066357,1,#66c2a5,bicycle
176945,"9,17E+18",9,1,75,139,2017,6,7,2,2,2,2,1,1,0,0,0,0,0,0,710335.0515,5329365.6118,11.824320226,48.082830718,1,#66c2a5,bicycle
176946,"9,17E+18",9,1,78,124,2017,6,16,2,3,0,1,1,0,0,0,0,1,0,0,702599876.0,5364450096.0,11.737361891,48.40062544,1,#66c2a5,bicycle
176947,"9,17E+18",9,1,78,124,2017,6,16,2,3,8,1,1,0,0,0,0,0,0,0,702595909.0,5365742.4862,11.737932134,48.412240478,1,#66c2a5,bicycle
176948,"9,17E+18",9,1,78,124,2017,6,12,2,3,5,3,0,1,0,0,0,0,0,0,699790.48,5361921906.0,11.698245502,48.378802071,2,#fc8d62,car
176949,"9,17E+18",9,1,77,117,2017,6,16,2,2,0,1,1,0,0,0,0,0,0,0,715634.6827,5355297.3466,11.908559186,48.31406556,1,#66c2a5,bicycle
176950,"9,17E+18",9,1,62,0,2017,6,17,1,3,0,7,0,0,0,0,0,1,0,0,691572.2648,5334545.4822,11.574981382,48.135301169,6,#ffd92f,circle
176951,"9,17E+18",9,1,62,0,2017,6,5,1,2,9,6,0,1,0,0,0,0,0,0,690766.4545,5331159.4544,11.562646442,48.105109665,2,#fc8d62,car
176952,"9,17E+18",9,1,62,0,2017,6,14,1,3,5,3,0,1,0,0,0,0,0,0,700282.8196,5334638.5951,11.691975266,48.133456468,2,#fc8d62,car
176953,"9,17E+18",9,1,62,0,2017,6,16,1,2,5,2,1,1,0,0,0,0,0,0,687827.2693,5343286012.0,11.528557293,48.214978718,1,#66c2a5,bicycle
176954,"9,17E+18",9,1,62,0,2017,6,0,1,2,3,6,0,1,0,1,0,0,2,0,687986264.0,5336264441.0,11.527588853,48.151820896,2,#fc8d62,car
176955,"9,17E+18",9,1,62,0,2017,6,23,1,3,0,1,1,0,0,0,0,0,2,0,691641007.0,5334123454.0,11.575714563,48.131487335,1,#66c2a5,bicycle
176956,"9,17E+18",9,1,62,0,2017,6,17,1,3,0,6,1,0,0,0,0,0,0,0,691397.1648,5338080.4261,11.574219875,48.167125448,1,#66c2a5,bicycle
176957,"9,17E+18",9,1,62,0,2017,6,14,1,3,4,2,0,1,0,0,0,0,0,0,690201.34,5335434.2678,11.556970384,48.143700777,2,#fc8d62,car
176964,"9,17E+18",9,7,62,0,2017,6,14,1,3,1,6,0,1,0,0,0,0,0,0,622095.5968,5305271.5577,10.633295241,47.889155039,2,#fc8d62,car
176967,"9,17E+18",9,7,72,177,2017,6,15,1,3,1,5,1,1,0,0,0,0,0,0,636918.0405,5381244.5312,10.85602564,48.569325718,1,#66c2a5,bicycle