OBJECTID,UIDENTSTLA,ULAND,UREGBEZ,UKREIS,UGEMEINDE,UJAHR,UMONAT,USTUNDE,UWOCHENTAG,UKATEGORIE,UART,UTYP1,IstRad,IstPKW,IstFuss,IstKrad,IstGkfz,IstSonstig,ULICHTVERH,STRZUSTAND,LINREFX,LINREFY,XGCSWGS84,YGCSWGS84,Teilnehmer,color,symbol
176985,"9,17E+18",9,2,61,0,2017,7,7,7,3,2,2,1,1,0,0,0,0,0,0,732118214.0,5381041.2465,12.144810674,48.539489786,1,#66c2a5,bicycle
176986,"9,17E+18",9,1,73,126,2017,7,20,7,3,5,3,0,1,0,0,0,0,0,0,685152.6586,5304444.3812,11.475790653,47.866630622,2,#fc8d62,car
176991,"9,17E+18",9,1,63,0,2017,7,11,7,3,0,6,0,1,0,1,0,0,0,0,732860.9103,5303006.7695,12.112079859,47.838197981,2,#fc8d62,car
176992,"9,17E+18",9,1,63,0,2017,7,15,7,3,1,5,1,1,0,0,0,0,0,0,733364738.0,5304682.93,12.119706721,47.853074123,1,#66c2a5,bicycle
176993,"9,17E+18",9,1,87,137,2017,7,20,7,3,5,3,0,1,0,0,0,0,1,0,730211527.0,5310035.5978,12.080468819,47.902301546,2,#fc8d62,car
176995,"9,17E+18",9,1,85,113,2017,7,14,7,3,5,1,1,1,0,0,0,0,0,0,668939244.0,5374815765.0,11.287164168,48.503724534,1,#66c2a5,bicycle
177000,"9,17E+18",9,1,88,141,2017,7,11,7,3,5,2,0,1,0,1,0,0,0,0,669981.5527,5308534.8076,11.274711451,47.907598623,2,#fc8d62,car
177001,"9,17E+18",9,1,79,118,2017,7,1,7,3,0,1,1,0,0,0,0,0,2,1,672566691.0,5338008994.0,11.321155493,48.171874554,1,#66c2a5,bicycle
177002,"9,17E+18",9,1,81,121,2017,7,16,7,3,0,7,1,0,0,0,0,0,0,0,636350.4166,5310336.6715,10.825491489,47.931834365,1,#66c2a5,bicycle
177003,"9,17E+18",9,1,81,118,2017,7,17,7,3,6,5,0,1,1,0,0,0,0,0,652066.9664,5329048.6209,11.042413798,48.096545768,2,#fc8d62,car
177004,"9,17E+18",9,1,79,123,2017,7,22,7,3,0,6,0,0,0,1,0,0,2,1,675977.6874,5333463.0962,11.365116265,48.130074968,4,#e78ac3,marker
177005,"9,17E+18",9,1,79,123,2017,7,14,7,3,0,4,1,0,1,0,0,0,0,0,676163.9454,5332404.1878,11.367179657,48.120504598,1,#66c2a5,bicycle
177006,"9,17E+18",9,1,74,115,2017,7,15,7,3,8,1,1,0,0,0,0,0,0,0,681407.8781,5345562.4311,11.44319577,48.237308145,1,#66c2a5,bicycle
177007,"9,17E+18",9,1,74,115,2017,7,13,7,3,0,7,0,0,0,0,0,1,0,0,682868.1308,5348126.3554,11.463951074,48.259934486,6,#ffd92f,circle
177008,"9,17E+18",9,1,78,145,2017,7,14,7,3,5,3,1,1,0,0,0,0,0,0,696586.2927,5354470.9963,11.651542296,48.312847208,1,#66c2a5,bicycle
177009,"9,17E+18",9,1,77,117,2017,7,19,7,3,1,2,1,1,0,0,0,0,0,0,714468.2,5354188498.0,11.892282603,48.304498919,1,#66c2a5,bicycle
177010,"9,17E+18",9,1,77,133,2017,7,9,7,3,9,1,0,1,0,0,0,0,0,0,706485175.0,5356971973.0,11.786122288,48.332167126,2,#fc8d62,car
177011,"9,17E+18",9,1,77,117,2017,7,11,7,3,0,7,1,0,0,0,0,0,0,0,715574.4925,5354508.1376,11.907345224,48.306994955,1,#66c2a5,bicycle
177012,"9,17E+18",9,1,75,114,2017,7,15,7,2,0,1,1,0,0,0,0,0,0,0,717928.9787,5325202668.0,11.924032975,48.04287505,1,#66c2a5,bicycle
177013,"9,17E+18",9,1,62,0,2017,6,19,6,3,1,6,1,1,0,0,0,0,0,0,695743.8271,5333818.9817,11.630658227,48.127502391,1,#66c2a5,bicycle
177014,"9,17E+18",9,1,62,0,2017,6,19,6,3,4,6,1,0,0,0,0,0,0,0,689375.7309,5333835.2001,11.545171782,48.129574511,1,#66c2a5,bicycle
177015,"9,17E+18",9,1,62,0,2017,6,7,6,3,5,2,1,1,0,0,0,0,0,0,689069.4996,5333352.6441,11.540846213,48.12532827,1,#66c2a5,bicycle
177016,"9,17E+18",9,1,84,122,2017,6,15,6,3,3,7,0,1,0,1,0,0,0,0,688943883.0,5323723.1212,11.534901113,48.038813221,2,#fc8d62,car
177017,"9,17E+18",9,1,62,0,2017,6,9,6,3,4,2,0,1,0,0,0,1,0,0,679381.3885,5334105.8643,11.411090567,48.13490268,2,#fc8d62,car
177018,"9,17E+18",9,1,62,0,2017,6,18,6,3,5,7,1,1,0,0,0,0,0,0,687587.5001,5341274.0308,11.524443336,48.196965713,1,#66c2a5,bicycle
177019,"9,17E+18",9,1,62,0,2017,6,16,6,2,4,7,0,1,0,1,0,0,0,0,691913.76,5333891.8279,11.579272277,48.129323332,2,#fc8d62,car
177020,"9,17E+18",9,1,62,0,2017,6,17,6,3,4,6,1,1,0,0,0,0,0,0,698832.7298,5331433.3249,11.67101214,48.10510471,1,#66c2a5,bicycle
177021,"9,17E+18",9,1,84,119,2017,6,11,6,3,1,5,1,1,0,0,0,0,0,0,697148.1012,5347140.8133,11.655692341,48.24679555,1,#66c2a5,bicycle
177022,"9,17E+18",9,1,62,0,2017,6,13,6,3,0,7,1,0,0,0,0,0,0,0,681126.5788,5336386.6274,11.435496325,48.154909753,1,#66c2a5,bicycle
177023,"9,17E+18",9,1,62,0,2017,6,21,6,3,2,7,0,1,0,0,0,0,2,0,681384.3027,5338004.9785,11.439648626,48.169383282,2,#fc8d62,car
177024,"9,17E+18",9,1,62,0,2017,6,17,6,3,0,7,0,1,0,0,0,1,0,0,687765.2252,5336605.2279,11.524770205,48.154949249,2,#fc8d62,car
177025,"9,17E+18",9,1,84,141,2017,6,20,6,3,6,7,0,1,1,0,0,0,0,0,696755.5209,5313735.6909,11.635013449,47.946690523,2,#fc8d62,car
177026,"9,17E+18",9,1,62,0,2017,6,13,6,3,2,6,0,1,0,0,0,0,0,0,686535.8739,5329917.3843,11.505329394,48.095198218,2,#fc8d62,car
177027,"9,17E+18",9,1,62,0,2017,6,12,6,3,5,3,0,1,0,1,0,0,0,0,688106.3488,5333884.5915,11.528150628,48.130394846,2,#fc8d62,car
177028,"9,17E+18",9,1,62,0,2017,6,13,6,3,4,2,1,1,0,0,0,0,0,0,691009.93,5335895563.0,11.568036311,48.147604613,1,#66c2a5,bicycle
177036,"9,17E+18",9,7,72,147,2017,6,18,6,2,0,7,1,0,0,0,0,0,0,0,639384.7908,5366503.5155,10.88452384,48.436237964,1,#66c2a5,bicycle
177037,"9,17E+18",9,7,61,0,2017,6,18,6,3,5,3,1,0,0,0,0,0,0,0,638739.3125,5358138.8371,10.873037582,48.361167505,1,#66c2a5,bicycle
177038,"9,17E+18",9,7,61,0,2017,6,11,6,3,1,6,0,1,0,0,0,0,0,0,639296.5801,5361742.9093,10.881751045,48.39345167,2,#fc8d62,car
177039,"9,17E+18",9,7,61,0,2017,6,21,6,3,0,1,1,0,0,0,0,0,2,1,643473.3459,5358638.7528,10.937082116,48.364604406,1,#66c2a5,bicycle
177040,"9,17E+18",9,7,61,0,2017,6,13,6,3,0,4,0,1,1,0,0,0,0,0,640561.7186,5358085.0868,10.897608914,48.36028108,2,#fc8d62,car
177041,"9,17E+18",9,7,61,0,2017,6,13,6,3,4,2,0,1,0,0,0,0,0,0,639927066.0,5359135.2877,10.889395202,48.369865169,2,#fc8d62,car
177073,"9,17E+18",9,2,61,0,2017,6,18,6,3,1,2,1,1,0,0,0,0,0,0,733010.3973,5380794.9254,12.156741466,48.536946546,1,#66c2a5,bicycle
177074,"9,17E+18",9,2,61,0,2017,6,14,6,3,6,4,0,1,1,0,0,0,0,0,732600693.0,5381058276.0,12.151346666,48.539464121,2,#fc8d62,car
177075,"9,17E+18",9,2,61,0,2017,6,9,6,3,2,6,0,1,0,0,0,0,0,0,731616.7748,5383664.0082,12.139486255,48.563234812,2,#fc8d62,car
177078,"9,17E+18",9,1,90,157,2017,6,22,6,2,0,7,1,0,0,0,0,0,2,0,660627464.0,5301645394.0,11.147065807,47.848066353,1,#66c2a5,bicycle
177083,"9,17E+18",9,1,63,0,2017,6,12,6,2,1,7,1,1,0,0,0,0,0,0,733474.1927,5306914.6032,12.122372667,47.873083803,1,#66c2a5,bicycle
177086,"9,17E+18",9,1,87,130,2017,6,11,6,2,5,3,1,1,0,0,0,0,0,0,712634.8668,5310399401.0,11.845766722,47.911636694,1,#66c2a5,bicycle
177090,"9,17E+18",9,1,81,132,2017,6,18,6,3,5,3,1,1,0,0,0,0,0,0,643734.3067,5325964.6927,10.929527687,48.070749445,1,#66c2a5,bicycle
177091,"9,17E+18",9,1,81,130,2017,6,11,6,3,8,1,0,1,0,0,0,0,0,0,638647.1,5326103852.0,10.861318845,48.073127073,2,#fc8d62,car
177092,"9,17E+18",9,1,79,123,2017,6,8,6,3,5,3,1,1,0,0,0,0,0,0,677454.0272,5335079.7283,11.385613833,48.144197257,1,#66c2a5,bicycle
177093,"9,17E+18",9,1,79,123,2017,6,6,6,3,0,3,0,0,0,1,0,1,0,0,676327.2349,5332493087.0,11.369408662,48.12125854,4,#e78ac3,marker
177094,"9,17E+18",9,1,79,121,2017,6,10,6,3,5,2,0,1,0,1,0,0,0,0,665531904.0,5337807.9215,11.226529584,48.171938113,2,#fc8d62,car
177095,"9,17E+18",9,1,77,117,2017,6,11,6,3,5,3,1,1,0,0,0,0,0,0,714968.7614,5353984.9659,11.898920477,48.302500274,1,#66c2a5,bicycle
177096,"9,17E+18",9,1,62,0,2017,6,22,5,3,4,2,0,1,0,1,0,0,2,0,691863.9891,5337172406.0,11.580082311,48.158823625,2,#fc8d62,car
177097,"9,17E+18",9,1,62,0,2017,6,14,5,3,3,6,0,1,0,1,0,0,0,0,688512.3061,5332395.0399,11.532942428,48.116886375,2,#fc8d62,car
177098,"9,17E+18",9,1,62,0,2017,6,10,5,3,1,5,1,1,0,0,0,0,0,0,692686.1349,5330877.3773,11.588279806,48.101996689,1,#66c2a5,bicycle
177099,"9,17E+18",9,1,84,119,2017,6,8,5,3,5,3,1,0,0,0,0,1,0,1,695272745.0,5347258.1397,11.630512163,48.248430438,1,#66c2a5,bicycle
177100,"9,17E+18",9,1,62,0,2017,6,17,5,3,0,7,1,0,0,0,0,1,0,0,691134.8674,5341215.0793,11.572105738,48.195378099,1,#66c2a5,bicycle
177101,"9,17E+18",9,1,62,0,2017,6,8,5,3,2,6,0,1,0,0,0,1,0,1,679994.8925,5338525.7768,11.421198708,48.174459641,2,#fc8d62,car
177102,"9,17E+18",9,1,62,0,2017,6,19,5,3,0,1,0,0,0,1,0,0,0,1,687864.8923,5336930275.0,11.526252533,48.157841399,4,#e78ac3,marker
177103,"9,17E+18",9,1,62,0,2017,6,17,5,3,5,3,0,1,0,0,0,0,0,0,685714.4398,5335087.5982,11.496559694,48.141910372,2,#fc8d62,car
177104,"9,17E+18",9,1,84,134,2017,6,20,5,3,2,6,1,1,0,0,0,0,2,1,691029922.0,5319670.3196,11.561052863,48.001765379,1,#66c2a5,bicycle
177105,"9,17E+18",9,1,62,0,2017,6,19,5,3,4,2,1,1,0,0,0,0,0,1,692938829.0,5333675429.0,11.59293638,48.127068515,1,#66c2a5,bicycle
177106,"9,17E+18",9,1,62,0,2017,6,7,5,3,0,7,1,0,1,0,0,0,0,1,688502937.0,5332807319.0,11.532998938,48.120594795,1,#66c2a5,bicycle
177107,"9,17E+18",9,1,62,0,2017,6,19,5,2,6,3,1,0,1,0,0,0,0,1,692303.1102,5338051798.0,11.586378704,48.166594739,1,#66c2a5,bicycle
177113,"9,17E+18",9,7,72,184,2017,6,12,5,3,1,5,0,1,0,0,0,0,0,0,633884.0404,5360354.8043,10.808229564,48.382142093,2,#fc8d62,car
177114,"9,17E+18",9,7,61,0,2017,6,20,5,3,0,6,1,1,0,0,0,0,0,0,637413.3862,5361660.3357,10.856298032,48.393122355,1,#66c2a5,bicycle
177115,"9,17E+18",9,7,61,0,2017,6,16,5,3,4,2,0,1,0,0,0,1,0,0,638358.7368,5363066.5407,10.869525009,48.405559918,2,#fc8d62,car
177116,"9,17E+18",9,7,61,0,2017,6,8,5,3,5,3,0,1,0,1,0,0,0,1,640484.5387,5355453.4834,10.895689444,48.336635653,2,#fc8d62,car
177117,"9,17E+18",9,7,61,0,2017,6,13,5,2,6,7,0,1,1,0,0,0,0,0,640362.6721,5359779.0137,10.895488624,48.375556614,2,#fc8d62,car
177148,"9,17E+18",9,2,61,0,2017,6,7,5,3,5,3,1,1,0,0,0,0,0,1,733152.9553,5381238.4359,12.15891785,48.540877507,1,#66c2a5,bicycle
177156,"9,17E+18",9,1,63,0,2017,6,15,5,3,5,3,1,1,0,0,0,0,0,0,731532.6132,5305061.3544,12.095453835,47.857136538,1,#66c2a5,bicycle
177157,"9,17E+18",9,1,63,0,2017,6,15,5,3,5,3,1,1,0,0,0,0,0,0,731591953.0,5304358.3334,12.095869633,47.85079903,1,#66c2a5,bicycle
177158,"9,17E+18",9,1,63,0,2017,6,18,5,2,5,3,1,1,0,0,0,0,0,0,733678.2778,5303703.5563,12.123362956,47.844161485,1,#66c2a5,bicycle
177159,"9,17E+18",9,1,63,0,2017,6,20,5,3,0,3,1,0,0,0,0,0,0,1,731955.8504,5305391924.0,12.101280986,47.859953836,1,#66c2a5,bicycle
177160,"9,17E+18",9,1,82,127,2017,6,10,5,3,8,1,1,0,0,0,0,0,0,0,700677.6729,5309728.0956,11.685614339,47.909456065,1,#66c2a5,bicycle
177162,"9,17E+18",9,1,62,0,2017,6,18,5,3,2,6,0,1,0,0,0,1,0,0,679847.2001,5338025.9297,11.419002406,48.170008384,2,#fc8d62,car
177163,"9,17E+18",9,1,81,130,2017,6,11,5,3,0,7,1,0,0,0,0,0,0,0,639217.6865,5324324.8702,10.868395437,48.057005636,1,#66c2a5,bicycle
177164,"9,17E+18",9,1,74,115,2017,6,7,5,3,5,2,1,1,0,0,0,0,0,1,681747.1944,5348802.9264,11.449152718,48.266338393,1,#66c2a5,bicycle
177165,"9,17E+18",9,1,74,111,2017,6,17,5,2,6,7,1,0,1,0,0,0,0,0,668033.3778,5360708.2214,11.269251682,48.377148952,1,#66c2a5,bicycle
177166,"9,17E+18",9,1,78,124,2017,6,15,5,3,2,6,0,1,0,1,0,0,0,0,702896.3121,5364556804.0,11.741413889,48.40148903,2,#fc8d62,car
177167,"9,17E+18",9,1,77,117,2017,6,7,5,3,0,7,1,0,0,0,0,0,0,1,715540.2194,5354368.4873,11.906812303,48.305751858,1,#66c2a5,bicycle
177168,"9,17E+18",9,1,62,0,2017,6,22,4,3,5,2,1,1,0,0,0,0,2,0,688123.2379,5336872.4726,11.529697484,48.157245486,1,#66c2a5,bicycle
177169,"9,17E+18",9,1,62,0,2017,6,20,4,3,0,7,0,1,0,1,0,0,1,0,693997.9414,5336390.1017,11.608391215,48.151145138,2,#fc8d62,car
177170,"9,17E+18",9,1,62,0,2017,6,14,4,3,5,2,0,1,0,0,0,0,0,0,692447.3919,5330594.1558,11.584948541,48.099523289,2,#fc8d62,car
177171,"9,17E+18",9,1,62,0,2017,6,16,4,3,5,3,1,1,0,0,0,0,0,0,689382.0237,5334399.6716,11.54550717,48.13464616,1,#66c2a5,bicycle
177172,"9,17E+18",9,1,62,0,2017,6,9,4,3,0,7,0,0,0,0,0,1,0,0,684368.9719,5336849.0668,11.479253173,48.158134677,6,#ffd92f,circle
177173,"9,17E+18",9,1,62,0,2017,6,17,4,3,5,2,0,1,0,0,0,0,0,0,700400.4491,5333004.2866,11.692786082,48.118731849,2,#fc8d62,car
177174,"9,17E+18",9,1,62,0,2017,6,21,4,3,4,2,0,1,0,0,0,0,1,0,687487.8486,5338923.9786,11.52206644,48.175872487,2,#fc8d62,car
177175,"9,17E+18",9,1,62,0,2017,6,18,4,3,6,4,0,1,1,0,0,0,0,0,692152.1137,5340020.5427,11.585239999,48.184334974,2,#fc8d62,car
177176,"9,17E+18",9,1,62,0,2017,6,19,4,3,1,7,1,1,0,0,0,0,0,0,683740.9153,5335356.4835,11.47017134,48.144900269,1,#66c2a5,bicycle
177177,"9,17E+18",9,1,62,0,2017,6,17,4,3,3,2,1,1,0,0,0,0,0,0,690290.2232,5336164.0712,11.558490257,48.150233655,1,#66c2a5,bicycle
177178,"9,17E+18",9,1,62,0,2017,6,19,4,3,5,3,0,1,0,1,0,0,0,0,684405.1081,5332452.1002,11.477834919,48.118601889,2,#fc8d62,car
177179,"9,17E+18",9,1,84,131,2017,6,7,4,3,2,6,0,1,0,0,0,0,0,0,704189.9382,5339415.1414,11.74672016,48.175139952,2,#fc8d62,car
177180,"9,17E+18",9,1,84,118,2017,6,13,4,3,5,3,1,1,0,0,0,0,0,0,702605667.0,5336967.2376,11.724267938,48.153648298,1,#66c2a5,bicycle
177181,"9,17E+18",9,1,62,0,2017,6,12,4,3,5,3,1,0,0,0,0,1,0,1,698440.4505,5331176.6748,11.665629041,48.102920432,1,#66c2a5,bicycle
177182,"9,17E+18",9,1,62,0,2017,6,9,4,3,2,6,0,1,0,0,0,0,0,0,692782.6151,5334769.0159,11.59133403,48.136944747,2,#fc8d62,car
177183,"9,17E+18",9,1,62,0,2017,6,9,4,3,3,6,1,1,0,0,0,0,0,0,693760.1637,5334385.0288,11.604285293,48.133196711,1,#66c2a5,bicycle
177184,"9,17E+18",9,1,62,0,2017,6,15,4,3,5,2,1,1,0,0,0,0,0,0,690799.1948,5334862864.0,11.564743295,48.138386022,1,#66c2a5,bicycle
177188,"9,17E+18",9,7,78,116,2017,6,16,4,3,0,1,1,0,0,0,0,0,0,0,619683.8157,5319302624.0,10.604949347,48.015801048,1,#66c2a5,bicycle
177191,"9,17E+18",9,7,71,122,2017,6,17,4,3,0,7,1,0,0,0,0,0,0,0,652559.8249,5359999.1262,11.060175243,48.37470473,1,#66c2a5,bicycle
177192,"9,17E+18",9,7,61,0,2017,6,8,4,3,5,3,0,1,0,1,0,0,0,0,638301.8742,5357540.2226,10.866938498,48.355880838,2,#fc8d62,car
177193,"9,17E+18",9,7,61,0,2017,6,8,4,3,4,2,0,1,0,1,0,0,0,0,639374785.0,5358679.7198,10.881791126,48.36589102,2,#fc8d62,car
177194,"9,17E+18",9,7,61,0,2017,6,13,4,3,2,6,0,1,0,0,0,0,0,0,638345.9078,5354658.2981,10.866585854,48.329957315,2,#fc8d62,car
177195,"9,17E+18",9,7,61,0,2017,6,17,4,3,6,4,0,1,1,0,0,0,0,0,640734.7408,5355035.0311,10.898923956,48.332817372,2,#fc8d62,car
177196,"9,17E+18",9,7,61,0,2017,6,9,4,3,2,6,0,1,0,0,0,0,0,0,639519.5703,5359581.8626,10.884044183,48.373970865,2,#fc8d62,car
177235,"9,17E+18",9,2,61,0,2017,7,18,4,3,5,2,1,1,0,0,0,0,0,0,731675.9015,5381887.1992,12.13929784,48.547252264,1,#66c2a5,bicycle
177236,"9,17E+18",9,1,87,179,2017,7,13,4,3,0,6,0,1,0,0,0,1,0,0,721634.6656,5315273.3544,11.968558027,47.952383876,2,#fc8d62,car
177239,"9,17E+18",9,2,74,126,2017,7,19,4,3,0,1,1,0,0,0,0,0,0,0,733916.4839,5382486.5388,12.169947002,48.551804516,1,#66c2a5,bicycle
177249,"9,17E+18",9,1,79,142,2017,7,17,4,3,4,6,0,1,0,0,0,0,0,0,670519.7782,5340609.6838,11.294689814,48.195806401,2,#fc8d62,car
177250,"9,17E+18",9,1,79,142,2017,7,8,4,2,9,6,0,0,0,1,0,1,0,0,673652992.0,5344411322.0,11.338373773,48.229131628,4,#e78ac3,marker
177251,"9,17E+18",9,1,79,118,2017,7,16,4,3,0,1,1,0,0,0,0,0,0,0,672303.8977,5338209.8613,11.317705139,48.173751559,1,#66c2a5,bicycle
177252,"9,17E+18",9,1,74,115,2017,7,12,4,3,3,6,1,0,0,1,0,0,0,0,680759.7071,5348495.2973,11.435726793,48.263855771,1,#66c2a5,bicycle
177253,"9,17E+18",9,1,74,115,2017,7,19,4,3,5,3,1,1,0,0,0,0,0,0,681689.3152,5348800.11,11.448372291,48.266329681,1,#66c2a5,bicycle
177254,"9,17E+18",9,1,74,115,2017,7,14,4,3,5,2,0,1,0,1,0,0,0,0,682918102.0,5348424.8316,11.464752784,48.262602899,2,#fc8d62,car
177255,"9,17E+18",9,1,75,139,2017,7,18,4,2,0,7,1,0,0,0,0,0,0,0,707949.0304,5328000.6411,11.791656892,48.071347232,1,#66c2a5,bicycle
177256,"9,17E+18",9,1,78,120,2017,7,16,4,3,0,1,0,0,0,0,0,1,0,0,694493.0601,5352948.4659,11.622638193,48.299810975,6,#ffd92f,circle
177257,"9,17E+18",9,1,62,0,2017,7,17,3,3,3,1,1,1,0,0,0,0,0,0,692101.7773,5336674.6215,11.583051854,48.154277853,1,#66c2a5,bicycle
177258,"9,17E+18",9,1,62,0,2017,7,20,3,3,5,3,1,0,0,0,0,0,0,0,694535099.0,5340198963.0,11.617348193,48.185213338,1,#66c2a5,bicycle
177259,"9,17E+18",9,1,62,0,2017,7,16,3,3,5,3,1,1,0,0,0,0,0,0,688409.2446,5332403.1739,11.53156264,48.116989985,1,#66c2a5,bicycle
177260,"9,17E+18",9,1,62,0,2017,7,15,3,3,4,6,1,0,0,0,0,0,0,0,692573.8411,5335436.0684,11.588832337,48.143003276,1,#66c2a5,bicycle
177261,"9,17E+18",9,1,62,0,2017,7,15,3,3,5,3,1,0,0,0,0,0,0,0,688486.9789,5332641.7982,11.532711543,48.119111785,1,#66c2a5,bicycle
177262,"9,17E+18",9,1,62,0,2017,7,18,3,2,0,3,1,1,0,0,0,0,0,0,690132.5414,5340186.6229,11.558170989,48.186435304,1,#66c2a5,bicycle
177263,"9,17E+18",9,1,62,0,2017,7,6,3,3,5,3,1,1,0,0,0,0,0,0,694187.9457,5340240.2451,11.612701376,48.185690568,1,#66c2a5,bicycle
177264,"9,17E+18",9,1,62,0,2017,7,19,3,3,6,7,1,0,1,0,0,0,0,0,691721.1262,5334680.6546,11.577041012,48.136471252,1,#66c2a5,bicycle
177265,"9,17E+18",9,1,62,0,2017,7,16,3,2,4,2,0,1,0,1,0,0,0,0,687979364.0,5338635246.0,11.528543898,48.173132119,2,#fc8d62,car
177266,"9,17E+18",9,1,62,0,2017,7,19,3,2,5,2,1,1,0,0,0,0,0,0,687677.8612,5334305.8149,11.522583094,48.134307393,1,#66c2a5,bicycle
177267,"9,17E+18",9,1,62,0,2017,7,12,3,3,2,6,0,1,0,0,0,1,0,0,693360067.0,5330979.1342,11.597368957,48.102707092,2,#fc8d62,car
177268,"9,17E+18",9,1,62,0,2017,7,8,3,3,0,7,1,0,0,0,0,0,0,0,690662.7576,5333367.8118,11.562242186,48.124989431,1,#66c2a5,bicycle
177269,"9,17E+18",9,1,62,0,2017,7,16,3,3,5,3,1,1,0,0,0,0,0,0,693603.9753,5342094.7612,11.605698318,48.202536394,1,#66c2a5,bicycle
177270,"9,17E+18",9,1,62,0,2017,7,18,3,3,5,3,1,1,0,0,0,0,0,0,686263.9665,5331931147.0,11.5025601,48.113378321,1,#66c2a5,bicycle
177271,"9,17E+18",9,1,62,0,2017,7,17,3,3,5,3,1,0,0,0,0,0,0,0,688579.7503,5330305.1668,11.532923972,48.098082181,1,#66c2a5,bicycle
177272,"9,17E+18",9,1,84,146,2017,7,16,3,3,5,3,1,0,0,0,0,0,0,0,698218.8047,5328374.8806,11.661354553,48.077808796,1,#66c2a5,bicycle
177273,"9,17E+18",9,1,84,112,2017,7,13,3,3,0,7,0,0,0,0,0,1,0,0,700287.7577,5337048.1111,11.693174949,48.155109268,6,#ffd92f,circle
177274,"9,17E+18",9,1,62,0,2017,7,19,3,3,5,3,0,1,0,0,0,0,0,0,700875.8808,5334665.9493,11.699950256,48.1335154,2,#fc8d62,car
177275,"9,17E+18",9,1,62,0,2017,7,19,3,3,0,1,0,0,0,1,0,0,0,0,692463.0479,5333506.9429,11.586472962,48.125698216,4,#e78ac3,marker
177276,"9,17E+18",9,1,62,0,2017,7,13,3,3,5,3,1,1,0,0,0,0,0,0,689763.8368,5332521.0681,11.549797474,48.117647415,1,#66c2a5,bicycle
177277,"9,17E+18",9,1,62,0,2017,7,18,3,3,5,7,1,1,0,0,0,0,0,0,690912.1381,5335111242.0,11.566371249,48.140584552,1,#66c2a5,bicycle
177288,"9,17E+18",9,7,72,184,2017,7,17,3,3,4,2,0,1,0,1,0,0,0,0,634539.9881,5361760.8252,10.817534428,48.394645546,2,#fc8d62,car
177289,"9,17E+18",9,7,71,146,2017,7,13,3,3,5,3,1,0,0,0,0,1,0,0,647074.8114,5348192.1562,10.982033711,48.26984722,1,#66c2a5,bicycle
177290,"9,17E+18",9,7,72,163,2017,7,12,3,3,4,2,1,1,0,0,0,0,0,0,640327.2023,5346904.3174,10.890725856,48.25979817,1,#66c2a5,bicycle
177291,"9,17E+18",9,7,72,163,2017,7,7,3,3,4,6,1,1,0,0,0,0,0,0,641011.9385,5346122.8878,10.899686115,48.252619655,1,#66c2a5,bicycle
177292,"9,17E+18",9,7,61,0,2017,7,23,3,3,0,7,1,0,0,0,0,1,2,0,640855.4228,5361497.6247,10.902715107,48.39089991,1,#66c2a5,bicycle
177293,"9,17E+18",9,7,61,0,2017,7,16,3,3,2,6,0,1,0,0,0,0,0,0,640452.3288,5359188.0014,10.896501249,48.37022248,2,#fc8d62,car
177341,"9,17E+18",9,1,88,121,2017,7,16,3,2,0,7,1,0,0,0,0,0,0,0,671099.0583,5330405596.0,11.298376783,48.103918988,1,#66c2a5,bicycle
177342,"9,17E+18",9,1,75,139,2017,7,9,3,3,0,7,0,1,0,1,0,0,0,0,710109628.0,5329408.0098,11.821317959,48.083286035,2,#fc8d62,car
177343,"9,17E+18",9,1,78,145,2017,7,20,3,2,0,1,1,0,1,0,0,0,0,0,698164.0528,5353486.9522,11.672336972,48.303511344,1,#66c2a5,bicycle
177344,"9,17E+18",9,1,78,124,2017,7,11,3,2,5,3,0,0,0,1,0,1,0,0,702019.97,5364803486.0,11.729705986,48.403987178,4,#e78ac3,marker
177345,"9,17E+18",9,1,78,124,2017,7,11,3,3,5,6,1,1,0,0,0,0,0,0,703877.5892,5364974148.0,11.754859087,48.404922828,1,#66c2a5,bicycle
177346,"9,17E+18",9,1,62,0,2017,7,16,2,3,0,6,0,1,0,1,0,0,0,0,693013.9111,5333839.8189,11.594018801,48.12852325,2,#fc8d62,car
177347,"9,17E+18",9,1,62,0,2017,7,21,2,3,0,1,1,0,0,0,0,0,1,0,691687.1515,5335378.2893,11.576898806,48.142751728,1,#66c2a5,bicycle
177348,"9,17E+18",9,1,62,0,2017,7,8,2,2,3,6,0,1,0,0,0,1,0,0,693719525.0,5332484583.0,11.602875952,48.116128458,2,#fc8d62,car
177349,"9,17E+18",9,1,62,0,2017,7,12,2,3,0,1,0,0,0,1,0,0,0,0,686849.9081,5330235.3539,11.509682115,48.097964258,4,#e78ac3,marker
177350,"9,17E+18",9,1,62,0,2017,7,18,2,3,3,2,0,1,0,0,0,1,0,0,692285.8834,5338131.6808,11.586183377,48.167317917,2,#fc8d62,car
177351,"9,17E+18",9,1,84,119,2017,7,16,2,3,3,7,0,1,0,0,0,0,0,0,697785.6764,5349469.7723,11.665359691,48.267527404,2,#fc8d62,car
177352,"9,17E+18",9,1,62,0,2017,7,13,2,3,5,3,0,1,0,0,0,0,0,0,687919.6942,5330739078.0,11.524258358,48.102177295,2,#fc8d62,car
177353,"9,17E+18",9,1,62,0,2017,7,23,2,3,5,3,1,1,0,0,0,0,2,0,691033.8584,5330387.4557,11.565889299,48.098090818,1,#66c2a5,bicycle