OBJECTID,UIDENTSTLA,ULAND,UREGBEZ,UKREIS,UGEMEINDE,UJAHR,UMONAT,USTUNDE,UWOCHENTAG,UKATEGORIE,UART,UTYP1,IstRad,IstPKW,IstFuss,IstKrad,IstGkfz,IstSonstig,ULICHTVERH,STRZUSTAND,LINREFX,LINREFY,XGCSWGS84,YGCSWGS84,Teilnehmer,color,symbol
177354,"9,17E+18",9,1,62,0,2017,7,15,2,3,3,6,1,0,0,0,0,0,0,0,691634.6029,5335392.5475,11.57619954,48.142895709,1,#66c2a5,bicycle
177355,"9,17E+18",9,1,62,0,2017,7,8,2,3,6,4,0,0,1,0,0,1,0,0,691689.5311,5334716.8742,11.576633067,48.136806306,3,#8da0cb,toilet
177356,"9,17E+18",9,1,62,0,2017,7,14,2,3,5,3,0,1,0,1,0,0,0,0,692094311.0,5334946473.0,11.582171819,48.138747843,2,#fc8d62,car
177357,"9,17E+18",9,1,62,0,2017,7,14,2,3,0,1,1,0,0,0,0,0,0,0,691112.2056,5334085.8224,11.568597847,48.131308102,1,#66c2a5,bicycle
177365,"9,17E+18",9,7,61,0,2017,7,11,2,3,6,4,0,1,1,0,0,0,0,0,639626.3693,5359550.4991,10.885475148,48.373665231,2,#fc8d62,car
177366,"9,17E+18",9,7,72,151,2017,7,18,2,3,5,3,0,1,0,1,0,0,0,0,631675.0183,5343167.12,10.773046667,48.228048841,2,#fc8d62,car
177367,"9,17E+18",9,7,72,184,2017,7,14,2,3,0,7,1,0,0,0,0,0,0,0,635349613.0,5359744.22,10.82781645,48.37633898,1,#66c2a5,bicycle
177368,"9,17E+18",9,7,71,146,2017,7,14,2,3,0,7,1,0,0,0,0,0,0,0,647514.0325,5347982.7492,10.987876067,48.267862223,1,#66c2a5,bicycle
177369,"9,17E+18",9,7,61,0,2017,7,11,2,3,0,1,1,0,0,0,0,0,0,0,637430.2614,5360204665.0,10.856049707,48.380029502,1,#66c2a5,bicycle
177370,"9,17E+18",9,7,61,0,2017,7,9,2,3,5,3,1,1,0,0,0,0,0,0,638340.5406,5358848.4102,10.86789034,48.367635372,1,#66c2a5,bicycle
177371,"9,17E+18",9,7,61,0,2017,7,15,2,2,0,7,1,0,0,0,0,1,0,0,641031.4229,5352636.1634,10.902122361,48.311181297,1,#66c2a5,bicycle
177372,"9,17E+18",9,7,61,0,2017,7,18,2,3,0,1,1,0,0,0,0,0,0,0,637805693.0,5352608721.0,10.858631324,48.311645659,1,#66c2a5,bicycle
177373,"9,17E+18",9,7,61,0,2017,7,16,2,3,2,6,0,1,0,0,0,0,0,0,640150.3314,5358885.4006,10.892324906,48.367568721,2,#fc8d62,car
177402,"9,17E+18",9,1,63,0,2017,7,7,2,3,5,2,1,1,0,0,0,0,0,1,731623.6881,5304408.0027,12.096319809,47.851233838,1,#66c2a5,bicycle
177403,"9,17E+18",9,1,63,0,2017,7,17,2,3,5,3,1,1,0,0,0,0,0,0,732632.7608,5306865.6264,12.11111058,47.872949077,1,#66c2a5,bicycle
177404,"9,17E+18",9,1,82,136,2017,7,22,2,2,9,1,1,0,0,0,0,0,2,0,703338.3773,5301311.8514,11.717220773,47.832979313,1,#66c2a5,bicycle
177406,"9,17E+18",9,1,88,139,2017,7,11,2,3,0,7,1,0,0,0,0,0,0,0,678185.9368,5320688.9249,11.389443084,48.014630732,1,#66c2a5,bicycle
177407,"9,17E+18",9,1,81,130,2017,7,19,2,3,0,1,0,0,0,1,0,0,0,0,639105.7,5323718.4796,10.866696161,48.051577202,4,#e78ac3,marker
177408,"9,17E+18",9,1,79,123,2017,7,15,2,3,6,4,0,1,1,0,0,0,0,0,675616.6706,5333429143.0,11.360254528,48.129869463,2,#fc8d62,car
177409,"9,17E+18",9,1,74,115,2017,7,17,2,3,2,6,0,1,0,0,0,0,0,0,679856.65,5347576171.0,11.423178767,48.255851017,2,#fc8d62,car
177410,"9,17E+18",9,1,74,115,2017,7,10,2,3,4,2,0,1,0,0,0,1,0,0,682128281.0,5348724.7023,11.454249517,48.265525827,2,#fc8d62,car
177411,"9,17E+18",9,1,77,117,2017,7,17,2,3,6,7,1,0,1,0,0,0,0,0,714806.1173,5353663833.0,11.896566697,48.299670065,1,#66c2a5,bicycle
177412,"9,17E+18",9,1,84,136,2017,7,23,1,2,1,5,0,1,0,0,0,1,2,1,698214.1833,5325544.6408,11.65998073,48.052373812,2,#fc8d62,car
177413,"9,17E+18",9,1,62,0,2017,7,10,1,3,5,3,0,1,0,0,0,0,0,1,691415.1385,5335422.0888,11.573265584,48.143227287,2,#fc8d62,car
177414,"9,17E+18",9,1,62,0,2017,7,11,1,3,3,2,1,1,0,0,0,0,0,1,690130.8347,5334928.1653,11.555797565,48.139173001,1,#66c2a5,bicycle
177415,"9,17E+18",9,1,62,0,2017,7,1,1,2,0,7,1,0,0,0,0,0,2,0,691945.4793,5337166.1741,11.581174182,48.158743021,1,#66c2a5,bicycle
177416,"9,17E+18",9,1,62,0,2017,7,23,1,3,0,6,0,1,0,1,0,0,2,1,690453.2989,5340150.0289,11.562465794,48.18601032,2,#fc8d62,car
177417,"9,17E+18",9,1,84,148,2017,7,21,1,3,1,1,0,1,0,0,0,0,2,1,693952.2547,5328692.1285,11.604276383,48.0819721,2,#fc8d62,car
177418,"9,17E+18",9,1,62,0,2017,7,18,1,3,0,1,1,0,0,0,0,0,0,1,697914389.0,5331972.7816,11.658939692,48.110238928,1,#66c2a5,bicycle
177419,"9,17E+18",9,1,62,0,2017,7,13,1,3,5,3,0,1,0,0,0,0,0,0,680590744.0,5339902711.0,11.429791509,48.186667595,2,#fc8d62,car
177420,"9,17E+18",9,1,62,0,2017,7,20,1,3,5,3,1,1,0,0,0,0,1,1,686872.2241,5334370.5206,11.511793704,48.135126058,1,#66c2a5,bicycle
177421,"9,17E+18",9,1,62,0,2017,7,18,1,3,5,3,0,1,0,0,0,0,0,0,685730.2363,5335283.8015,11.496857416,48.143669316,2,#fc8d62,car
177422,"9,17E+18",9,1,62,0,2017,7,12,1,3,0,1,0,0,0,1,0,0,0,0,695901981.0,5334469544.0,11.633080465,48.133300651,4,#e78ac3,marker
177423,"9,17E+18",9,7,61,0,2017,7,15,1,3,0,1,1,0,0,0,0,0,0,1,641814.9011,5358603.3202,10.914692024,48.364660572,1,#66c2a5,bicycle
177424,"9,17E+18",9,7,61,0,2017,7,16,1,3,1,1,0,1,0,1,0,0,0,1,639661.6854,5360044.5159,10.886115903,48.378099475,2,#fc8d62,car
177442,"9,17E+18",9,2,74,146,2017,7,15,1,3,0,1,1,0,0,0,0,0,0,0,732456.5664,5376103396.0,12.146636679,48.495008921,1,#66c2a5,bicycle
177447,"9,17E+18",9,1,86,152,2017,7,15,1,2,7,7,1,0,0,0,0,0,0,0,690816.3545,5373477.2303,11.582438021,48.485431732,1,#66c2a5,bicycle
177448,"9,17E+18",9,1,79,121,2017,7,20,1,2,0,7,1,0,0,0,0,0,0,0,666857.8119,5339758.5792,11.245115892,48.189127787,1,#66c2a5,bicycle
177449,"9,17E+18",9,1,74,115,2017,7,19,1,3,0,1,1,0,0,0,0,0,0,0,681116.5974,5347239.6297,11.439993879,48.252467135,1,#66c2a5,bicycle
177450,"9,17E+18",9,1,74,151,2017,7,16,1,3,9,1,0,1,0,0,0,0,0,0,679104.3127,5363342.1586,11.419750523,48.39777924,2,#fc8d62,car
177451,"9,17E+18",9,1,74,115,2017,7,18,1,3,0,1,1,0,0,0,0,0,0,0,682115.5908,5348549.3717,11.454003187,48.263953515,1,#66c2a5,bicycle
177452,"9,17E+18",9,1,75,112,2017,7,22,1,2,8,1,0,1,0,0,0,0,2,1,721921175.0,5319070.8368,11.974350469,47.986405461,2,#fc8d62,car
177453,"9,17E+18",9,1,62,0,2017,7,22,7,3,6,7,1,0,1,0,0,0,2,1,692220.1901,5335550.5518,11.584134793,48.144139173,1,#66c2a5,bicycle
177454,"9,17E+18",9,1,62,0,2017,7,19,7,3,2,6,0,1,0,1,0,0,0,0,688577.1612,5332161661.0,11.533709767,48.114769517,2,#fc8d62,car
177455,"9,17E+18",9,1,62,0,2017,7,14,7,3,5,3,0,1,0,0,0,1,0,0,689998.0011,5340267.3622,11.556398776,48.187201236,2,#fc8d62,car
177456,"9,17E+18",9,1,62,0,2017,7,4,7,2,0,7,1,0,0,0,0,0,2,0,691977.1271,5334971.9995,11.580609772,48.139012635,1,#66c2a5,bicycle
177457,"9,17E+18",9,1,62,0,2017,7,1,7,3,1,7,0,1,0,1,0,0,2,0,693678876.0,5335658.98,11.603773205,48.144671305,2,#fc8d62,car
177458,"9,17E+18",9,1,62,0,2017,7,23,7,3,0,1,1,0,0,0,0,0,2,0,689301.2157,5337503.5668,11.545802427,48.162568219,1,#66c2a5,bicycle
177459,"9,17E+18",9,1,62,0,2017,7,17,7,2,5,3,0,1,0,1,0,0,0,0,690833.1418,5338136.0652,11.566666855,48.167795092,2,#fc8d62,car
177460,"9,17E+18",9,1,62,0,2017,7,12,7,2,2,7,0,1,0,0,0,0,0,0,685278552.0,5339201.9289,11.492497742,48.179018777,2,#fc8d62,car
177461,"9,17E+18",9,1,84,147,2017,7,13,7,3,0,7,1,0,0,0,0,0,0,0,697331576.0,5341772467.0,11.655662524,48.198492317,1,#66c2a5,bicycle
177462,"9,17E+18",9,1,62,0,2017,7,11,7,3,2,6,0,1,0,0,0,0,0,0,691620.6965,5332708.2921,11.574805658,48.118774127,2,#fc8d62,car
177463,"9,17E+18",9,1,62,0,2017,7,18,7,3,3,7,1,0,0,0,0,0,0,0,689448.2465,5331284.7709,11.545012214,48.106629391,1,#66c2a5,bicycle
177464,"9,17E+18",9,1,62,0,2017,7,19,7,3,3,2,0,1,0,1,0,0,0,0,690154.0889,5334231.6405,11.555798908,48.13290568,2,#fc8d62,car
177465,"9,17E+18",9,1,62,0,2017,7,16,7,3,1,5,1,1,0,0,0,0,0,0,691764.1554,5334049.7086,11.57733479,48.130787431,1,#66c2a5,bicycle
177466,"9,17E+18",9,1,62,0,2017,7,3,7,3,6,4,1,0,1,0,0,0,2,0,690836.4996,5334631.6576,11.565140642,48.136296765,1,#66c2a5,bicycle
177471,"9,17E+18",9,7,77,177,2017,7,14,7,2,0,1,0,0,0,0,0,1,0,0,634317.7874,5317572.0629,10.800552762,47.997330049,6,#ffd92f,circle
177472,"9,17E+18",9,7,72,200,2017,7,15,7,3,8,1,0,1,0,0,0,0,0,0,633664.9453,5339030.8439,10.798524787,48.19043748,2,#fc8d62,car
177473,"9,17E+18",9,7,71,142,2017,7,0,7,3,1,1,0,1,0,0,0,0,2,0,647255.7606,5351611.7585,10.985662643,48.300551956,2,#fc8d62,car
177474,"9,17E+18",9,7,72,163,2017,7,15,7,3,3,5,1,1,0,0,0,0,0,0,639712.9351,5346554.3794,10.882338501,48.256787312,1,#66c2a5,bicycle
177475,"9,17E+18",9,7,61,0,2017,7,23,7,3,0,1,1,0,0,0,0,0,2,0,638794852.0,5358428.4396,10.873882518,48.363759345,1,#66c2a5,bicycle
177476,"9,17E+18",9,7,61,0,2017,7,1,7,3,4,7,1,1,0,0,0,0,2,0,640136635.0,5358306.0778,10.891947075,48.362362664,1,#66c2a5,bicycle
177477,"9,17E+18",9,7,71,113,2017,7,13,7,3,5,3,0,1,0,0,0,0,0,0,655533.4064,5368204767.0,11.103344478,48.447751503,2,#fc8d62,car
177485,"9,17E+18",9,7,77,121,2017,7,9,6,3,2,6,0,1,0,0,0,0,0,0,628208.5464,5321598.8463,10.719900723,48.034797583,2,#fc8d62,car
177487,"9,17E+18",9,7,72,177,2017,7,19,6,3,5,3,1,1,0,0,0,0,0,0,636599.2364,5379600.5075,10.851166682,48.554612877,1,#66c2a5,bicycle
177488,"9,17E+18",9,7,71,130,2017,7,16,6,2,4,2,1,1,0,0,0,0,0,0,647978.2668,5356876.7631,10.99724717,48.347722141,1,#66c2a5,bicycle
177489,"9,17E+18",9,7,72,125,2017,7,11,6,2,5,3,0,1,0,0,0,0,0,0,635798794.0,5347750109.0,10.830015889,48.268390511,2,#fc8d62,car
177490,"9,17E+18",9,7,61,0,2017,7,9,6,2,6,6,1,0,1,0,0,0,0,0,639016.1547,5361260.4374,10.877805226,48.389175293,1,#66c2a5,bicycle
177491,"9,17E+18",9,7,61,0,2017,7,13,6,2,5,3,1,1,0,0,0,0,0,0,640925.7603,5360736.6138,10.903409424,48.384041485,1,#66c2a5,bicycle
177492,"9,17E+18",9,1,62,0,2017,7,17,6,2,4,6,1,0,0,0,0,0,0,0,699102.7643,5332226.7446,11.675005824,48.112150999,1,#66c2a5,bicycle
177493,"9,17E+18",9,1,84,136,2017,7,23,6,2,8,7,1,0,0,0,0,0,2,1,698392.8266,5326773.7174,11.662945371,48.063364475,1,#66c2a5,bicycle
177494,"9,17E+18",9,1,62,0,2017,7,7,6,3,3,6,1,1,0,0,0,0,0,0,693639.7584,5333350.9355,11.602198806,48.123939242,1,#66c2a5,bicycle
177495,"9,17E+18",9,7,61,0,2017,7,22,6,3,5,2,1,1,0,0,0,0,2,1,639237.0633,5357072.3306,10.879400802,48.351468131,1,#66c2a5,bicycle
177496,"9,17E+18",9,1,62,0,2017,7,15,6,3,3,2,1,1,0,0,0,0,0,0,693639.9918,5333351.2079,11.602202063,48.123941619,1,#66c2a5,bicycle
177497,"9,17E+18",9,1,62,0,2017,7,9,6,3,5,7,1,0,0,1,0,0,0,0,691541.3267,5336093.5166,11.575262277,48.149224009,1,#66c2a5,bicycle
177498,"9,17E+18",9,1,62,0,2017,7,17,6,3,5,2,1,1,0,0,0,0,0,0,691387.1943,5336290.6792,11.573280795,48.151042473,1,#66c2a5,bicycle
177501,"9,17E+18",9,7,61,0,2017,7,17,6,3,5,2,1,1,0,0,0,0,0,0,639975.0555,5358083.0454,10.889692664,48.360393066,1,#66c2a5,bicycle
177502,"9,17E+18",9,7,61,0,2017,7,14,6,3,0,2,1,0,0,0,0,1,0,0,641306.6693,5359222.0775,10.908042066,48.370338174,1,#66c2a5,bicycle
177549,"9,17E+18",9,2,61,0,2017,7,10,6,2,3,6,1,0,0,0,0,0,0,0,732514.8256,5380564.9467,12.149909933,48.535064495,1,#66c2a5,bicycle
177552,"9,17E+18",9,1,90,157,2017,7,6,6,3,5,3,1,1,0,0,0,0,0,0,660555.2643,5301426.7194,11.146020289,47.846118265,1,#66c2a5,bicycle
177556,"9,17E+18",9,1,85,158,2017,7,16,6,2,5,3,1,0,0,0,0,0,0,0,666993.0624,5381713.1988,11.263601273,48.566248153,1,#66c2a5,bicycle
177560,"9,17E+18",9,1,88,118,2017,7,14,6,2,5,2,1,1,0,0,0,0,0,0,670924.5669,5312866.1597,11.28903899,47.946287402,1,#66c2a5,bicycle
177561,"9,17E+18",9,1,79,142,2017,7,22,6,3,1,6,0,1,0,1,0,0,2,1,671877.2773,5341793131.0,11.313421553,48.206079067,2,#fc8d62,car
177562,"9,17E+18",9,1,79,123,2017,7,13,6,2,6,7,0,1,1,0,0,1,0,0,675208.9739,5334863.8252,11.355370105,48.1428787,2,#fc8d62,car
177563,"9,17E+18",9,1,88,121,2017,7,19,6,3,0,7,1,0,0,0,0,0,0,0,671187.5429,5330742779.0,11.299699692,48.106926414,1,#66c2a5,bicycle
177564,"9,17E+18",9,1,88,120,2017,7,9,6,3,5,2,1,1,0,0,0,0,0,0,679439.1831,5326787721.0,11.408789589,48.069103185,1,#66c2a5,bicycle
177565,"9,17E+18",9,1,74,113,2017,7,22,6,2,9,1,0,1,0,0,0,0,2,1,672642.9307,5349238.1567,11.326752827,48.272797563,2,#fc8d62,car
177566,"9,17E+18",9,1,74,111,2017,7,10,6,3,6,4,0,1,1,0,0,0,0,0,666845971.0,5361617489.0,11.25358994,48.385638003,2,#fc8d62,car
177567,"9,17E+18",9,1,74,115,2017,7,6,6,3,0,1,1,0,0,0,0,0,0,0,680400.9525,5348519.1221,11.430907279,48.264172182,1,#66c2a5,bicycle
177568,"9,17E+18",9,1,75,132,2017,7,11,6,3,5,3,1,1,0,0,0,0,0,0,707454.7935,5330918.0856,11.786446803,48.097725513,1,#66c2a5,bicycle
177569,"9,17E+18",9,1,78,145,2017,7,10,6,3,8,1,0,0,0,1,0,0,0,0,698281.0112,5352170.2871,11.673294149,48.291641947,4,#e78ac3,marker
177570,"9,17E+18",9,1,78,120,2017,7,15,6,3,2,6,0,1,0,0,0,0,0,0,695403.7749,5353690.0251,11.635248519,48.306194927,2,#fc8d62,car
177571,"9,17E+18",9,1,78,143,2017,7,18,6,3,5,3,1,0,0,0,0,0,0,0,715656.1565,5371467.4233,11.917146826,48.459345392,1,#66c2a5,bicycle
177572,"9,17E+18",9,1,62,0,2017,7,9,5,3,3,3,1,1,0,0,0,0,0,0,691082473.0,5334214022.0,11.568256143,48.132469278,1,#66c2a5,bicycle
177573,"9,17E+18",9,1,62,0,2017,7,14,5,3,3,6,0,1,0,1,0,0,0,0,690583.7806,5335775.6016,11.562259184,48.146654222,2,#fc8d62,car
177574,"9,17E+18",9,1,62,0,2017,7,21,5,3,5,2,1,1,0,0,0,0,1,0,690131.8333,5334928.1513,11.555810968,48.139172577,1,#66c2a5,bicycle
177575,"9,17E+18",9,1,62,0,2017,7,8,5,3,5,3,1,1,0,0,0,0,0,0,694446.2283,5332958.7089,11.612845867,48.12016826,1,#66c2a5,bicycle
177576,"9,17E+18",9,1,62,0,2017,7,11,5,3,0,7,1,1,0,0,0,0,0,0,691040.4218,5337410.0528,11.56912572,48.161207526,1,#66c2a5,bicycle
177577,"9,17E+18",9,1,62,0,2017,7,19,5,3,6,4,1,0,1,0,0,0,0,0,693796946.0,5339356321.0,11.607043192,48.177865629,1,#66c2a5,bicycle
177578,"9,17E+18",9,1,62,0,2017,7,10,5,3,2,6,0,1,0,0,0,0,0,0,691769.0302,5335481.4742,11.578044837,48.143654464,2,#fc8d62,car
177579,"9,17E+18",9,1,62,0,2017,7,16,5,3,2,6,0,1,0,0,0,1,0,0,690705.1151,5338087.2511,11.564924822,48.167394777,2,#fc8d62,car
177580,"9,17E+18",9,1,84,145,2017,7,13,5,3,6,3,0,1,1,0,0,0,0,0,694171.3221,5325379.4447,11.605710414,48.052131812,2,#fc8d62,car
177581,"9,17E+18",9,1,62,0,2017,7,17,5,3,5,3,0,1,0,1,0,0,0,0,688566976.0,5334172524.0,11.534462615,48.132846537,2,#fc8d62,car
177582,"9,17E+18",9,1,62,0,2017,7,7,5,3,5,3,0,1,0,0,0,0,0,0,691887292.0,5338336617.0,11.580920578,48.16928028,2,#fc8d62,car
177583,"9,17E+18",9,1,62,0,2017,7,15,5,3,3,2,1,1,0,0,0,0,0,0,692276.9181,5341898797.0,11.587767779,48.201178401,1,#66c2a5,bicycle
177584,"9,17E+18",9,1,62,0,2017,7,7,5,3,5,3,1,1,0,0,0,0,0,0,690871641.0,5339116465.0,11.567624284,48.176595243,1,#66c2a5,bicycle
177585,"9,17E+18",9,1,84,145,2017,7,20,5,3,1,5,1,1,0,0,0,0,0,0,694552.9275,5325569.5218,11.610912339,48.053723973,1,#66c2a5,bicycle
177586,"9,17E+18",9,1,62,0,2017,7,12,5,2,5,2,1,1,0,0,0,0,0,0,687867901.0,5330195.7944,11.523324207,48.097309376,1,#66c2a5,bicycle
177587,"9,17E+18",9,1,62,0,2017,7,8,5,2,0,4,1,0,1,0,0,0,0,0,696022.8128,5335006.8678,11.634950013,48.138092619,1,#66c2a5,bicycle
177588,"9,17E+18",9,1,62,0,2017,7,11,5,3,2,6,0,1,0,0,0,0,0,0,692254.4409,5338498.0594,11.585926584,48.170620345,2,#fc8d62,car
177589,"9,17E+18",9,1,62,0,2017,7,23,5,2,0,7,1,0,0,0,0,0,2,1,690439.4122,5335580169.0,11.56023285,48.144940915,1,#66c2a5,bicycle
177590,"9,17E+18",9,1,62,0,2017,7,13,5,3,5,3,0,1,0,1,0,0,0,0,691437742.0,5336419.64,11.574017724,48.152186343,2,#fc8d62,car
177591,"9,17E+18",9,1,62,0,2017,7,11,5,3,3,2,1,1,0,0,0,0,0,0,691981.9624,5336203419.0,11.581229938,48.150078955,1,#66c2a5,bicycle
177592,"9,17E+18",9,1,62,0,2017,7,19,5,3,3,6,0,1,0,0,0,0,0,0,691561448.0,5335693899.0,11.575352705,48.145626244,2,#fc8d62,car
177598,"9,17E+18",9,7,78,169,2017,7,15,5,2,0,1,1,0,0,0,0,0,0,0,617005.8282,5336275.6997,10.573703832,48.168947028,1,#66c2a5,bicycle
177599,"9,17E+18",9,7,72,147,2017,7,8,5,3,5,3,0,1,0,0,0,1,0,0,637705.9164,5366112.3299,10.86170895,48.433089925,2,#fc8d62,car
177600,"9,17E+18",9,7,61,0,2017,7,15,5,3,1,6,0,1,0,0,0,0,0,0,637548.8004,5360771.1282,10.857835163,48.385097223,2,#fc8d62,car
177601,"9,17E+18",9,7,61,0,2017,7,16,5,2,5,3,1,1,0,0,0,0,0,0,637747.9433,5359424.4033,10.860082096,48.372944227,1,#66c2a5,bicycle
177602,"9,17E+18",9,7,61,0,2017,7,13,5,3,0,1,1,0,0,0,0,0,0,0,639527892.0,5358166.1545,10.883686822,48.361239346,1,#66c2a5,bicycle
177603,"9,17E+18",9,7,61,0,2017,7,14,5,3,0,7,0,0,0,0,0,1,0,0,640530.8319,5356796.1232,10.896761787,48.348697991,6,#ffd92f,circle
177604,"9,17E+18",9,7,61,0,2017,7,17,5,3,3,2,1,1,0,0,0,0,0,0,639740.5164,5356436042.0,10.88598132,48.345635579,1,#66c2a5,bicycle
177605,"9,17E+18",9,7,61,0,2017,7,14,5,3,4,6,1,0,0,0,0,0,0,0,639973.3865,5358062.8192,10.889663416,48.360211568,1,#66c2a5,bicycle
177606,"9,17E+18",9,7,61,0,2017,7,15,5,3,0,5,1,1,0,0,0,0,0,0,639879.5029,5360305.6315,10.889142744,48.380399095,1,#66c2a5,bicycle
177607,"9,17E+18",9,7,61,0,2017,7,18,5,3,1,5,1,1,0,0,0,0,0,0,639630.0288,5360050.41,10.885690583,48.378159479,1,#66c2a5,bicycle
177608,"9,17E+18",9,7,61,0,2017,7,10,5,3,0,7,1,0,0,0,0,0,0,0,640275.8595,5358454916.0,10.893875271,48.363670051,1,#66c2a5,bicycle
177609,"9,17E+18",9,7,71,113,2017,7,16,5,3,5,3,1,1,0,0,0,0,0,0,657288.1256,5369548.9153,11.127562404,48.459399725,1,#66c2a5,bicycle
177610,"9,17E+18",9,7,71,113,2017,7,7,5,3,5,3,1,1,0,0,0,0,0,0,656957814.0,5370190.8512,11.123338437,48.465253393,1,#66c2a5,bicycle
177611,"9,17E+18",9,7,71,113,2017,7,10,5,2,6,4,0,1,1,0,0,0,0,0,657623439.0,5369518.5278,11.132083319,48.459042622,2,#fc8d62,car
177649,"9,17E+18",9,2,74,146,2017,7,11,5,2,0,7,1,0,0,0,0,0,0,0,732993.4735,5378039.7699,12.154973481,48.512204087,1,#66c2a5,bicycle
177650,"9,17E+18",9,2,74,113,2017,7,7,5,3,5,2,1,1,0,0,0,0,0,0,728835246.0,5382317793.0,12.101101538,48.552162877,1,#66c2a5,bicycle
177652,"9,17E+18",9,1,73,123,2017,7,18,5,3,5,3,0,1,0,1,0,0,0,0,680065.6421,5303079.8397,11.40726371,47.855810263,2,#fc8d62,car
177653,"9,17E+18",9,1,73,147,2017,7,8,5,3,0,7,1,0,0,0,0,0,0,0,681678.5149,5308922.2016,11.431263543,47.907874884,1,#66c2a5,bicycle
177654,"9,17E+18",9,1,90,157,2017,7,12,5,2,0,7,1,1,0,0,0,0,0,0,660336.0737,5300587.9571,11.142781922,47.838631552,1,#66c2a5,bicycle
177661,"9,17E+18",9,1,84,114,2017,7,16,5,2,2,6,0,1,0,1,0,0,0,0,696901.3579,5322696.6876,11.641072921,48.027184044,2,#fc8d62,car
177662,"9,17E+18",9,1,63,0,2017,7,10,5,3,5,1,1,0,0,0,0,1,0,0,733737.3642,5305146.9954,12.124931212,47.857107908,1,#66c2a5,bicycle
177664,"9,17E+18",9,1,87,122,2017,7,17,5,3,5,3,0,1,0,0,0,0,0,0,719404.0172,5306828.6711,11.934424599,47.877272213,2,#fc8d62,car
177665,"9,17E+18",9,1,88,137,2017,7,19,5,3,0,1,1,0,0,0,0,0,0,0,671866.4634,5315774.6938,11.302804765,47.972183048,1,#66c2a5,bicycle
177666,"9,17E+18",9,1,81,128,2017,7,14,5,3,5,2,1,0,0,0,0,0,0,0,637600.3792,5327171.9622,10.847618342,48.082958646,1,#66c2a5,bicycle
177667,"9,17E+18",9,1,79,123,2017,7,9,5,3,0,7,1,0,0,0,0,0,0,0,675142.9276,5332149.6411,11.353367334,48.118498054,1,#66c2a5,bicycle
177668,"9,17E+18",9,1,88,121,2017,7,21,5,3,3,6,1,1,0,0,0,0,1,0,670502.2302,5329850.0574,11.290144278,48.099084803,1,#66c2a5,bicycle
177669,"9,17E+18",9,1,79,119,2017,7,8,5,3,6,3,0,1,1,0,0,0,0,0,669391.9368,5339807.0701,11.279204761,48.188892952,2,#fc8d62,car
177670,"9,17E+18",9,1,81,114,2017,7,15,5,3,0,1,1,0,0,0,0,0,0,0,657346.7742,5312764.9209,11.107299596,47.948856469,1,#66c2a5,bicycle
177671,"9,17E+18",9,1,74,113,2017,7,20,5,3,0,1,1,0,0,0,0,0,0,0,679404101.0,5342611.0243,11.414984952,48.211348527,1,#66c2a5,bicycle
177672,"9,17E+18",9,1,74,115,2017,7,16,5,2,5,3,1,0,0,0,0,0,0,0,681295708.0,5348230171.0,11.442828944,48.261319504,1,#66c2a5,bicycle
177673,"9,17E+18",9,1,74,126,2017,7,14,5,3,2,6,0,1,0,0,0,0,0,0,682641.6627,5345185225.0,11.459633885,48.233563469,2,#fc8d62,car
177674,"9,17E+18",9,1,74,115,2017,7,13,5,3,0,7,0,0,0,1,0,0,0,0,680032.4868,5348712.3079,11.426029048,48.266013486,4,#e78ac3,marker
177675,"9,17E+18",9,1,75,118,2017,7,18,5,3,3,3,1,0,0,1,0,0,0,0,716366.7927,5338914.5797,11.910052871,48.16661378,1,#66c2a5,bicycle
177676,"9,17E+18",9,1,78,124,2017,7,14,5,3,5,3,0,1,0,1,0,0,0,0,703983.6792,5365013.0137,11.75630977,48.405237764,2,#fc8d62,car
177677,"9,17E+18",9,1,77,117,2017,7,13,5,3,5,3,1,0,0,1,0,0,0,0,716018.3515,5353077406.0,11.912591283,48.293988326,1,#66c2a5,bicycle
177678,"9,17E+18",9,1,77,117,2017,7,14,5,3,2,6,0,1,0,0,0,0,0,0,715761.3458,5354417.0022,11.909815257,48.306112398,2,#fc8d62,car
177679,"9,17E+18",9,1,62,0,2017,7,15,4,3,3,2,1,1,0,0,0,0,0,0,691022.7884,5334338.9165,11.567510781,48.133609738,1,#66c2a5,bicycle
177680,"9,17E+18",9,1,62,0,2017,7,19,4,3,0,5,0,1,0,1,0,0,0,0,691027.0448,5334102.7567,11.567462048,48.131485871,2,#fc8d62,car
177681,"9,17E+18",9,1,62,0,2017,7,18,4,2,3,6,1,0,0,0,0,0,0,0,690536.4548,5332788.0068,11.560287461,48.119815956,1,#66c2a5,bicycle
177682,"9,17E+18",9,1,62,0,2017,7,18,4,3,1,5,1,1,0,0,0,0,0,0,683405.7078,5338745.0382,11.467130122,48.175455323,1,#66c2a5,bicycle
177683,"9,17E+18",9,1,62,0,2017,7,18,4,3,5,3,1,1,0,0,0,0,0,0,690167.0284,5335679.7675,11.556619242,48.145917584,1,#66c2a5,bicycle