OBJECTID,UIDENTSTLA,ULAND,UREGBEZ,UKREIS,UGEMEINDE,UJAHR,UMONAT,USTUNDE,UWOCHENTAG,UKATEGORIE,UART,UTYP1,IstRad,IstPKW,IstFuss,IstKrad,IstGkfz,IstSonstig,ULICHTVERH,STRZUSTAND,LINREFX,LINREFY,XGCSWGS84,YGCSWGS84,Teilnehmer,color,symbol
177684,"9,17E+18",9,1,62,0,2017,7,7,4,3,0,7,1,0,0,0,0,0,0,0,691507.8302,5332873.4697,11.573364853,48.120292683,1,#66c2a5,bicycle
177685,"9,17E+18",9,1,62,0,2017,7,12,4,2,0,1,1,0,0,0,0,0,0,0,691481.0737,5337103.3558,11.574907397,48.158318433,1,#66c2a5,bicycle
177686,"9,17E+18",9,1,62,0,2017,7,8,4,3,5,2,0,1,0,1,0,0,0,0,688477.5136,5332392.6861,11.532474372,48.116875517,2,#fc8d62,car
177687,"9,17E+18",9,1,62,0,2017,7,11,4,3,0,7,0,0,0,0,0,1,0,0,693176041.0,5331844.4323,11.595291372,48.110540023,6,#ffd92f,circle
177688,"9,17E+18",9,1,62,0,2017,7,23,4,3,0,1,1,0,0,0,0,0,2,0,684316.3328,5337518.8148,11.478836205,48.16416997,1,#66c2a5,bicycle
177689,"9,17E+18",9,1,62,0,2017,7,14,4,3,5,3,1,1,0,0,0,0,0,0,691589.7459,5339677.9997,11.577527328,48.18142611,1,#66c2a5,bicycle
177690,"9,17E+18",9,1,62,0,2017,7,15,4,3,1,5,1,1,0,0,0,0,0,0,692876.2067,5334180.1796,11.592324141,48.131624071,1,#66c2a5,bicycle
177691,"9,17E+18",9,1,62,0,2017,7,20,4,3,3,6,1,0,0,0,0,0,0,0,689972.8034,5331749.9377,11.552258915,48.110654135,1,#66c2a5,bicycle
177692,"9,17E+18",9,1,62,0,2017,7,13,4,3,1,7,1,1,0,0,0,0,0,0,687016.5603,5334000.8314,11.513569543,48.131760779,1,#66c2a5,bicycle
177693,"9,17E+18",9,1,62,0,2017,7,16,4,3,5,3,1,1,0,0,0,0,0,0,686270.6851,5331785.3501,11.502586605,48.112065872,1,#66c2a5,bicycle
177694,"9,17E+18",9,1,84,146,2017,7,18,4,2,0,7,1,0,0,0,0,0,0,0,697971.5625,5328286938.0,11.657997958,48.077095227,1,#66c2a5,bicycle
177695,"9,17E+18",9,1,62,0,2017,7,9,4,3,5,3,1,1,0,0,0,0,0,0,699625.8263,5332826.7076,11.682306172,48.117379229,1,#66c2a5,bicycle
177696,"9,17E+18",9,1,62,0,2017,7,18,4,3,6,2,0,1,1,0,0,0,0,0,692016.1968,5332395.3205,11.579973478,48.115842041,2,#fc8d62,car
177697,"9,17E+18",9,1,62,0,2017,7,9,4,3,5,2,1,1,0,0,0,0,0,0,693919.3392,5333048.3874,11.605814257,48.121134942,1,#66c2a5,bicycle
177698,"9,17E+18",9,1,62,0,2017,7,11,4,3,3,6,0,1,0,1,0,0,0,0,689820.55,5332663032.0,11.550621928,48.118906494,2,#fc8d62,car
177699,"9,17E+18",9,1,62,0,2017,7,9,4,3,3,2,1,0,0,0,0,1,0,0,690360.9076,5333869.5289,11.55841404,48.129589196,1,#66c2a5,bicycle
177700,"9,17E+18",9,1,62,0,2017,7,16,4,2,6,4,1,0,1,0,0,0,0,0,693034316.0,5335477292.0,11.595034759,48.143234241,1,#66c2a5,bicycle
177701,"9,17E+18",9,1,62,0,2017,7,8,4,3,3,6,0,1,0,1,0,0,0,0,692969.0075,5335204.7673,11.594034232,48.140804674,2,#fc8d62,car
177702,"9,17E+18",9,1,62,0,2017,7,15,4,3,3,5,1,1,0,0,0,1,0,0,692010.5411,5334963.4812,11.581054619,48.138925993,1,#66c2a5,bicycle
177715,"9,17E+18",9,7,71,130,2017,7,13,4,3,5,2,1,0,0,0,0,1,0,0,644386.4242,5362216203.0,10.950631524,48.396562404,1,#66c2a5,bicycle
177716,"9,17E+18",9,7,61,0,2017,7,19,4,3,0,1,1,0,0,0,0,0,0,0,638366.3127,5359338.4137,10.868399355,48.372035745,1,#66c2a5,bicycle
177717,"9,17E+18",9,7,61,0,2017,7,10,4,2,8,1,0,0,0,1,0,0,0,0,643322.1808,5363596.8046,10.93673377,48.409218756,4,#e78ac3,marker
177718,"9,17E+18",9,7,61,0,2017,7,7,4,3,5,3,0,1,0,0,0,0,0,0,640731.5949,5351896.0006,10.897833957,48.304592721,2,#fc8d62,car
177744,"9,17E+18",9,2,61,0,2017,7,19,4,2,0,7,1,0,0,0,0,0,0,0,733087.4533,5381763.0827,12.158325282,48.545614559,1,#66c2a5,bicycle
177763,"9,17E+18",9,1,63,0,2017,7,8,3,3,5,3,1,1,0,0,0,0,0,0,731768.0842,5304402.6249,12.098244282,47.851133478,1,#66c2a5,bicycle
177768,"9,17E+18",9,1,88,139,2017,7,12,3,3,2,6,0,1,0,0,0,0,0,0,674637.2305,5319186.6434,11.341285464,48.002105374,2,#fc8d62,car
177769,"9,17E+18",9,1,79,142,2017,7,17,3,3,0,1,1,0,0,0,0,0,0,0,672234.1098,5342418.5326,11.31847423,48.21160439,1,#66c2a5,bicycle
177770,"9,17E+18",9,1,74,115,2017,7,11,3,3,1,5,0,1,0,0,0,1,0,0,680369.1794,5347416.0362,11.430009301,48.254265946,2,#fc8d62,car
177771,"9,17E+18",9,1,74,113,2017,7,6,3,2,9,1,0,1,0,0,0,0,0,0,674993.0318,5350457.4635,11.358902854,48.283113075,2,#fc8d62,car
177772,"9,17E+18",9,1,62,0,2017,7,17,2,3,0,7,0,0,0,0,0,1,0,0,684549304.0,5328972.9459,11.478265977,48.087287409,6,#ffd92f,circle
177773,"9,17E+18",9,1,62,0,2017,7,9,2,3,5,3,0,1,0,0,0,0,0,0,697072.1819,5337700.4899,11.650287173,48.161976951,2,#fc8d62,car
177774,"9,17E+18",9,1,62,0,2017,7,15,2,3,2,6,0,1,0,1,0,0,0,0,690372.4177,5335352.4351,11.559231301,48.142914099,2,#fc8d62,car
177775,"9,17E+18",9,1,62,0,2017,7,18,2,3,1,5,1,1,0,0,0,0,0,0,691410.8045,5335094.6059,11.573060184,48.140285214,1,#66c2a5,bicycle
177776,"9,17E+18",9,1,62,0,2017,7,16,2,3,5,3,0,1,0,1,0,0,0,0,685373724.0,5334639765.0,11.491789019,48.137984407,2,#fc8d62,car
177777,"9,17E+18",9,1,62,0,2017,7,8,2,2,5,3,1,1,0,0,0,0,0,0,694347.6164,5334216.1943,11.612095598,48.13150018,1,#66c2a5,bicycle
177778,"9,17E+18",9,1,62,0,2017,7,14,2,3,3,7,1,1,0,0,0,0,0,0,684439.2734,5331744.4972,11.477987511,48.112231648,1,#66c2a5,bicycle
177779,"9,17E+18",9,1,62,0,2017,7,13,2,3,5,3,1,1,0,0,0,0,0,0,690904.7854,5333244.0091,11.565435876,48.123804167,1,#66c2a5,bicycle
177783,"9,17E+18",9,7,78,203,2017,7,15,2,2,0,7,1,0,0,0,0,0,0,0,622146.0041,5321201478.0,10.638494502,48.032412389,1,#66c2a5,bicycle
177787,"9,17E+18",9,7,73,182,2017,7,18,2,3,5,3,0,1,0,0,0,0,0,0,624542.5585,5379810.6888,10.687917241,48.559013554,2,#fc8d62,car
177788,"9,17E+18",9,7,61,0,2017,7,8,2,3,0,1,0,0,0,1,0,0,0,1,639094964.0,5359120714.0,10.878161043,48.369918061,4,#e78ac3,marker
177789,"9,17E+18",9,7,61,0,2017,7,12,2,3,6,7,1,0,1,0,0,0,0,0,642555.3057,5357653.4933,10.924360815,48.355953395,1,#66c2a5,bicycle
177790,"9,17E+18",9,7,61,0,2017,7,10,2,3,5,3,1,1,0,0,0,0,0,0,640741.5185,5358007.9099,10.900009042,48.359547075,1,#66c2a5,bicycle
177830,"9,17E+18",9,1,90,157,2017,7,19,2,3,5,3,0,1,0,0,0,0,0,0,661734.5291,5299993.1457,11.161235435,47.832933331,2,#fc8d62,car
177831,"9,17E+18",9,1,90,129,2017,7,17,2,3,5,3,1,1,0,0,0,0,0,0,642020101.0,5300969848.0,10.898274639,47.846372677,1,#66c2a5,bicycle
177834,"9,17E+18",9,1,87,176,2017,7,9,2,2,5,3,1,1,0,0,0,0,0,0,739707.01,5332103.0221,12.219649143,48.097057162,1,#66c2a5,bicycle
177837,"9,17E+18",9,1,87,122,2017,7,12,2,3,5,3,0,1,0,1,0,0,0,0,720304.6089,5306167.6359,11.946116148,47.871024195,2,#fc8d62,car
177839,"9,17E+18",9,1,85,158,2017,7,21,2,3,5,3,0,1,0,0,0,0,2,0,667003.3486,5382002.3298,11.263856656,48.568844487,2,#fc8d62,car
177841,"9,17E+18",9,1,79,121,2017,7,16,2,3,0,7,1,0,0,0,0,0,0,0,667869.6471,5338529.3977,11.258233777,48.177810955,1,#66c2a5,bicycle
177842,"9,17E+18",9,1,79,121,2017,7,15,2,3,5,3,1,1,0,0,0,0,0,0,666361936.0,5337576894.0,11.237594928,48.169644437,1,#66c2a5,bicycle
177843,"9,17E+18",9,1,81,114,2017,7,16,2,3,5,2,1,1,0,0,0,0,0,0,656040.2827,5312209.3928,11.089612803,47.944181188,1,#66c2a5,bicycle
177844,"9,17E+18",9,1,75,118,2017,7,15,2,3,0,7,1,0,0,0,0,0,0,0,716180.7559,5339322.2142,11.907761309,48.170339794,1,#66c2a5,bicycle
177845,"9,17E+18",9,1,78,130,2017,7,16,2,3,5,3,0,1,0,0,0,0,0,0,702767.0751,5356607037.0,11.735838078,48.330091374,2,#fc8d62,car
177846,"9,17E+18",9,1,77,118,2017,7,17,2,3,5,3,0,1,0,0,0,0,0,0,708963.7198,5345626.2279,11.813914354,48.229401299,2,#fc8d62,car
177847,"9,17E+18",9,1,75,115,2017,7,18,2,3,0,1,1,0,0,0,0,0,0,0,720259.2315,5328943.1142,11.957181728,48.075683792,1,#66c2a5,bicycle
177848,"9,17E+18",9,1,77,123,2017,7,7,2,3,6,7,0,0,1,0,0,1,0,0,727481.6494,5344339.9499,12.062232831,48.21147605,3,#8da0cb,toilet
177849,"9,17E+18",9,1,62,0,2017,7,18,1,3,0,1,1,0,0,0,0,0,0,0,696639.2285,5335307.1833,11.64336543,48.140601491,1,#66c2a5,bicycle
177850,"9,17E+18",9,1,62,0,2017,7,18,1,3,5,3,1,1,0,0,0,0,0,1,688099.0236,5336859.6201,11.529366521,48.157137129,1,#66c2a5,bicycle
177851,"9,17E+18",9,1,84,139,2017,7,16,1,3,0,1,1,0,0,0,0,0,0,0,688578.6665,5327386.4956,11.531620928,48.071848738,1,#66c2a5,bicycle
177852,"9,17E+18",9,1,62,0,2017,7,11,1,3,1,5,1,1,0,0,0,0,0,0,690489.7989,5334252.6023,11.56031578,48.132993696,1,#66c2a5,bicycle
177853,"9,17E+18",9,1,62,0,2017,7,14,1,3,7,7,1,0,0,0,0,0,0,0,684800.2742,5333307.7579,11.4835105,48.126178436,1,#66c2a5,bicycle
177854,"9,17E+18",9,1,84,148,2017,7,20,1,3,1,5,1,1,0,0,0,0,2,1,694485.6656,5326702.7377,11.610525858,48.063929531,1,#66c2a5,bicycle
177855,"9,17E+18",9,1,62,0,2017,7,17,1,3,5,2,1,1,0,0,0,0,0,1,692148.5627,5332909.2902,11.581981717,48.120421603,1,#66c2a5,bicycle
177856,"9,17E+18",9,1,62,0,2017,7,18,1,3,5,3,1,0,0,0,0,0,0,1,688058.8359,5332777.7803,11.527024347,48.120460615,1,#66c2a5,bicycle
177865,"9,17E+18",9,7,72,145,2017,7,3,1,2,2,6,1,1,0,0,0,0,2,0,633666.3869,5369914.0731,10.808339226,48.468145574,1,#66c2a5,bicycle
177866,"9,17E+18",9,7,71,142,2017,7,16,1,3,8,7,1,1,0,0,0,0,0,0,646000.7291,5352525.1565,10.969065658,48.309055541,1,#66c2a5,bicycle
177867,"9,17E+18",9,7,61,0,2017,7,13,1,3,1,5,1,1,0,0,0,0,0,0,639025.8756,5361297066.0,10.877948583,48.389502505,1,#66c2a5,bicycle
177889,"9,17E+18",9,2,74,126,2017,7,15,1,2,8,1,1,0,0,0,0,0,0,0,734477.7971,5383851.3731,12.178310195,48.563854527,1,#66c2a5,bicycle
177896,"9,17E+18",9,1,79,117,2017,7,6,1,3,0,7,1,0,0,0,0,0,0,0,661460.4337,5346627.3806,11.175163707,48.25227575,1,#66c2a5,bicycle
177897,"9,17E+18",9,1,79,121,2017,7,12,1,2,9,1,1,0,0,0,0,0,0,1,667139.7339,5337336.6806,11.247953675,48.167280865,1,#66c2a5,bicycle
177898,"9,17E+18",9,1,74,150,2017,7,16,1,2,2,2,0,1,0,1,0,0,0,0,682176.1988,5359466.3408,11.459533323,48.362062306,2,#fc8d62,car
177899,"9,17E+18",9,1,77,112,2017,7,17,1,2,9,1,0,0,0,1,0,0,0,0,715924167.0,5363070307.0,11.916444346,48.383806748,4,#e78ac3,marker
177900,"9,17E+18",9,1,62,0,2017,7,15,7,3,1,5,1,1,0,0,0,0,0,0,691138.7183,5334075286.0,11.568949086,48.131205441,1,#66c2a5,bicycle
177901,"9,17E+18",9,1,62,0,2017,7,11,7,3,5,3,0,1,0,0,0,0,0,0,693850.2476,5331508.7245,11.604187009,48.107317951,2,#fc8d62,car
177902,"9,17E+18",9,1,62,0,2017,7,15,7,3,1,5,1,1,0,0,0,0,0,0,686453.6224,5341537.4598,11.509315203,48.199667411,1,#66c2a5,bicycle
177903,"9,17E+18",9,1,62,0,2017,7,11,7,3,5,3,0,1,0,0,0,0,0,0,684235797.0,5332697826.0,11.475668288,48.120859627,2,#fc8d62,car
177904,"9,17E+18",9,1,62,0,2017,7,16,7,3,3,6,0,1,0,1,0,1,0,1,696919.4238,5332312613.0,11.645744237,48.1136015,2,#fc8d62,car
177905,"9,17E+18",9,1,62,0,2017,7,15,7,3,4,6,1,1,0,0,0,0,0,0,689325.4499,5329342.3139,11.542502738,48.08920678,1,#66c2a5,bicycle
177906,"9,17E+18",9,1,62,0,2017,7,5,7,3,1,7,0,1,0,0,0,0,0,0,685477.5351,5333681.0359,11.492765678,48.129336667,2,#fc8d62,car
177907,"9,17E+18",9,1,84,138,2017,7,12,7,3,1,7,1,1,0,0,0,0,0,0,680982.2665,5331434127.0,11.431453855,48.110433503,1,#66c2a5,bicycle
177908,"9,17E+18",9,1,62,0,2017,7,9,7,3,5,3,1,1,0,0,0,0,0,0,690540.6223,5340477.3853,11.56378631,48.188926374,1,#66c2a5,bicycle
177909,"9,17E+18",9,1,62,0,2017,7,20,7,3,1,6,0,1,0,1,0,0,0,0,688734.3475,5336267.3302,11.537638355,48.151625322,2,#fc8d62,car
177910,"9,17E+18",9,1,62,0,2017,7,12,7,3,5,3,1,0,0,0,0,0,0,0,693380847.0,5330996.2104,11.597655531,48.102854262,1,#66c2a5,bicycle
177911,"9,17E+18",9,1,62,0,2017,7,17,7,3,3,7,1,1,0,0,0,0,0,1,686450735.0,5331207358.0,11.504750595,48.106817962,1,#66c2a5,bicycle
177912,"9,17E+18",9,1,62,0,2017,7,14,7,3,3,2,1,1,0,0,0,0,0,0,690917783.0,5335046.3791,11.566417975,48.139999875,1,#66c2a5,bicycle
177924,"9,17E+18",9,7,72,200,2017,7,22,7,3,3,6,1,1,0,0,0,0,1,0,630527.3472,5338932.6345,10.756297573,48.190206937,1,#66c2a5,bicycle
177925,"9,17E+18",9,7,61,0,2017,7,15,7,3,0,1,1,0,0,0,0,0,0,1,637909.9465,5360931.9522,10.862763178,48.386464469,1,#66c2a5,bicycle
177961,"9,17E+18",9,2,74,126,2017,7,10,7,3,0,1,1,0,0,0,0,0,0,0,733902.6467,5382542.8707,12.169791423,48.552315679,1,#66c2a5,bicycle
177962,"9,17E+18",9,2,61,0,2017,7,10,7,3,0,7,0,0,0,0,0,1,0,0,732946.7544,5380783.0963,12.155874007,48.536863913,6,#ffd92f,circle
177963,"9,17E+18",9,2,61,0,2017,7,14,7,3,5,3,0,1,0,0,0,0,0,0,730018.4651,5381685.7491,12.116762452,48.54605248,2,#fc8d62,car
177966,"9,17E+18",9,1,73,123,2017,7,13,7,3,0,1,1,0,0,0,0,0,0,0,680366.4517,5300238139.0,11.410097254,47.830180546,1,#66c2a5,bicycle
177972,"9,17E+18",9,1,87,117,2017,7,14,7,3,0,6,0,1,0,1,0,0,0,0,724983.2527,5305557.7009,12.008277587,47.863922371,2,#fc8d62,car
177973,"9,17E+18",9,1,87,130,2017,7,13,7,3,0,1,1,0,0,0,0,0,0,0,711516.6491,5311192.1211,11.831209073,47.91913005,1,#66c2a5,bicycle
177975,"9,17E+18",9,1,85,158,2017,7,0,7,3,0,1,1,0,0,0,0,0,2,0,667930.8062,5381392.9224,11.276172762,48.563118615,1,#66c2a5,bicycle
177977,"9,17E+18",9,1,88,137,2017,7,9,7,3,0,7,1,0,0,0,0,0,0,1,672320.2031,5314508.8695,11.308371846,47.960681371,1,#66c2a5,bicycle
177978,"9,17E+18",9,1,79,121,2017,7,19,7,3,2,6,1,0,0,0,0,0,0,0,665550294.0,5337507573.0,11.226659795,48.169233155,1,#66c2a5,bicycle
177979,"9,17E+18",9,1,74,141,2017,7,11,7,2,6,7,0,1,1,0,0,0,0,0,683549.9566,5355836.8784,11.476480352,48.329042006,2,#fc8d62,car
177980,"9,17E+18",9,1,78,124,2017,7,18,7,2,5,3,0,1,0,0,0,1,0,0,704579.0148,5358910.1415,11.761374746,48.350203713,2,#fc8d62,car
177981,"9,17E+18",9,1,75,127,2017,7,15,7,3,8,7,0,0,0,1,0,0,0,0,713678.7514,5340592.9008,11.874790805,48.182603608,4,#e78ac3,marker
177982,"9,17E+18",9,1,78,120,2017,7,7,7,2,0,1,1,0,0,0,0,0,0,0,698179.4314,5351234.3409,11.671487128,48.283262465,1,#66c2a5,bicycle
177983,"9,17E+18",9,1,75,123,2017,7,14,7,3,5,3,1,1,0,0,0,0,0,0,722192.0185,5338308.9087,11.987974548,48.159162953,1,#66c2a5,bicycle
177984,"9,17E+18",9,1,77,139,2017,7,10,7,3,1,3,0,1,1,0,0,0,0,0,730906.37,5359804.3896,12.116712102,48.349163736,2,#fc8d62,car
177985,"9,17E+18",9,1,84,130,2017,7,14,6,3,5,3,0,1,0,0,0,0,0,0,698651.6431,5344370.1009,11.674624041,48.221425799,2,#fc8d62,car
177986,"9,17E+18",9,1,62,0,2017,7,11,6,3,5,3,1,1,0,0,0,0,0,0,691243607.0,5329769.8378,11.568426958,48.092476763,1,#66c2a5,bicycle
177987,"9,17E+18",9,1,62,0,2017,7,16,6,3,1,6,0,1,0,0,0,0,0,0,689690.9637,5333305.9113,11.54916852,48.124723362,2,#fc8d62,car
177988,"9,17E+18",9,1,62,0,2017,7,15,6,3,2,6,0,1,0,1,0,0,0,0,689560.7909,5340424.4331,11.550592319,48.188743599,2,#fc8d62,car
177989,"9,17E+18",9,1,84,134,2017,7,7,6,3,0,7,0,1,1,0,0,1,0,0,692244.5306,5321694.1279,11.578226692,48.019591433,2,#fc8d62,car
177990,"9,17E+18",9,1,62,0,2017,7,12,6,3,5,3,1,1,0,0,0,0,0,0,683119.2333,5334832.4612,11.461596251,48.140369267,1,#66c2a5,bicycle
177991,"9,17E+18",9,1,62,0,2017,7,11,6,3,5,3,1,1,0,0,0,0,0,0,686029.4102,5340357.7125,11.503094909,48.189187932,1,#66c2a5,bicycle
177992,"9,17E+18",9,1,62,0,2017,7,22,6,3,5,3,1,1,0,0,0,0,2,1,689611.3222,5334740.7491,11.54873786,48.137643511,1,#66c2a5,bicycle
177993,"9,17E+18",9,1,62,0,2017,7,14,6,3,5,3,0,1,0,0,0,0,0,0,687450.0043,5336046.5921,11.520289822,48.15002109,2,#fc8d62,car
177994,"9,17E+18",9,1,62,0,2017,7,9,6,3,2,6,0,1,0,0,0,1,0,0,686664.5584,5338204.9475,11.510686972,48.169652003,2,#fc8d62,car
177995,"9,17E+18",9,1,62,0,2017,7,8,6,3,5,3,1,0,0,1,0,0,0,0,686716.2617,5338506.8374,11.511514281,48.172350284,1,#66c2a5,bicycle
177996,"9,17E+18",9,1,62,0,2017,7,16,6,3,5,3,0,1,0,1,0,0,0,0,686397.9671,5337537.8603,11.50681242,48.163734254,2,#fc8d62,car
177997,"9,17E+18",9,1,62,0,2017,7,15,6,3,1,7,0,1,0,0,0,0,0,0,687956.2345,5338189.4522,11.528036015,48.169132099,2,#fc8d62,car
177998,"9,17E+18",9,1,62,0,2017,7,22,6,3,6,4,0,1,1,0,0,0,2,1,690509.7422,5335056.4173,11.560943054,48.140212397,2,#fc8d62,car
177999,"9,17E+18",9,1,62,0,2017,7,15,6,3,5,3,1,1,0,0,0,0,0,0,691077949.0,5334637.5,11.56838534,48.136276826,1,#66c2a5,bicycle
178000,"9,17E+18",9,1,62,0,2017,7,7,6,2,4,6,0,1,0,0,0,0,0,0,679220.6289,5334466.3311,11.409083424,48.138188213,2,#fc8d62,car
178001,"9,17E+18",9,1,62,0,2017,7,12,6,3,5,3,0,1,0,1,0,0,0,0,691471.9111,5340354.9852,11.576248817,48.187546236,2,#fc8d62,car
178002,"9,17E+18",9,1,62,0,2017,7,22,6,3,5,3,1,1,0,0,0,0,2,1,700103.6669,5332643.3622,11.688633404,48.115581519,1,#66c2a5,bicycle
178013,"9,17E+18",9,2,61,0,2017,7,13,6,3,4,6,1,0,0,0,0,0,0,0,732407.6783,5381265.3058,12.148851218,48.541395323,1,#66c2a5,bicycle
178026,"9,17E+18",9,1,73,126,2017,7,9,6,2,0,1,0,0,0,1,0,0,0,1,685166.4218,5302442.7401,11.475117484,47.848633897,4,#e78ac3,marker
178029,"9,17E+18",9,1,63,0,2017,7,7,6,3,5,3,1,1,0,0,0,0,0,0,733324447.0,5305824349.0,12.119784656,47.863343327,1,#66c2a5,bicycle
178030,"9,17E+18",9,1,63,0,2017,7,9,6,3,3,2,1,0,0,0,0,0,0,1,731437.3509,5304178.3114,12.093709778,47.849237338,1,#66c2a5,bicycle
178032,"9,17E+18",9,1,87,122,2017,7,16,6,3,5,3,0,1,0,1,0,0,0,1,718008.0443,5310009.0991,11.917385293,47.906325943,2,#fc8d62,car
178036,"9,17E+18",9,1,79,142,2017,7,18,6,2,8,1,0,1,0,0,0,0,0,1,672970.3379,5342873.5049,11.328561785,48.215494107,2,#fc8d62,car
178037,"9,17E+18",9,1,79,142,2017,7,15,6,3,2,6,0,1,0,0,0,0,0,0,673053.2697,5341026.4474,11.328923953,48.198867525,2,#fc8d62,car
178038,"9,17E+18",9,1,81,130,2017,7,16,6,2,0,7,0,0,0,0,0,1,0,0,638734.7616,5325034.4026,10.862147976,48.063491176,6,#ffd92f,circle
178039,"9,17E+18",9,1,88,132,2017,7,20,6,3,5,3,0,1,0,0,0,0,0,1,665065.7782,5322558.3383,11.214365555,48.034961339,2,#fc8d62,car
178040,"9,17E+18",9,1,79,121,2017,7,13,6,3,4,6,1,0,0,0,0,0,0,0,667199.8101,5337787.2295,11.248938204,48.171315493,1,#66c2a5,bicycle
178041,"9,17E+18",9,1,79,121,2017,7,18,6,3,5,2,1,1,0,0,0,0,0,0,666548.6041,5338998.9812,11.240660911,48.182380149,1,#66c2a5,bicycle
178042,"9,17E+18",9,1,74,115,2017,7,9,6,3,6,4,0,1,1,0,0,0,0,0,681330.4479,5347471233.0,11.442971369,48.254487778,2,#fc8d62,car
178043,"9,17E+18",9,1,75,127,2017,7,22,6,3,8,1,0,1,0,0,0,0,2,1,711631.9839,5340805.3506,11.847395281,48.18519765,2,#fc8d62,car
178044,"9,17E+18",9,1,75,139,2017,7,19,6,3,6,4,0,1,1,0,0,0,0,1,710224.5501,5329454.0582,11.822881832,48.083661951,2,#fc8d62,car
178045,"9,17E+18",9,1,62,0,2017,7,9,5,3,2,6,1,1,0,0,0,0,0,0,690854.5312,5336074.1821,11.566029305,48.149256669,1,#66c2a5,bicycle
178046,"9,17E+18",9,1,62,0,2017,7,13,5,3,5,3,1,1,0,0,0,0,0,0,685166.1159,5337678.8525,11.490323282,48.165361522,1,#66c2a5,bicycle
178047,"9,17E+18",9,1,62,0,2017,7,22,5,3,2,6,0,1,0,1,0,0,2,0,688400.6634,5336420.3707,11.533224087,48.1530998,2,#fc8d62,car
178048,"9,17E+18",9,1,62,0,2017,7,19,5,3,3,2,1,0,0,1,0,0,0,0,687349.1715,5334944.1312,11.518450355,48.140141597,1,#66c2a5,bicycle
178049,"9,17E+18",9,1,62,0,2017,7,13,5,3,0,7,1,0,0,0,0,0,0,0,691100.6003,5334090.4344,11.568444099,48.131353039,1,#66c2a5,bicycle
178050,"9,17E+18",9,1,62,0,2017,7,12,5,3,6,4,1,0,1,0,0,0,0,0,691140.6879,5335666045.0,11.569689408,48.145502453,1,#66c2a5,bicycle
178051,"9,17E+18",9,1,62,0,2017,7,18,5,3,3,6,0,0,0,1,0,0,0,0,689281.9439,5331006.0334,11.542656768,48.104173491,4,#e78ac3,marker
178052,"9,17E+18",9,1,62,0,2017,7,18,5,3,3,7,0,1,0,1,0,0,0,0,680467688.0,5334635.04,11.425902347,48.139352264,2,#fc8d62,car
178053,"9,17E+18",9,1,62,0,2017,7,9,5,3,5,2,1,1,0,0,0,0,0,0,692274.9608,5341898.4709,11.587741316,48.201176063,1,#66c2a5,bicycle
178054,"9,17E+18",9,1,62,0,2017,7,11,5,3,6,4,0,1,1,0,0,0,0,0,691429.0315,5336397.4099,11.573890729,48.151989164,2,#fc8d62,car
178055,"9,17E+18",9,1,84,136,2017,7,19,5,2,5,3,1,1,0,0,0,0,0,0,697642.2533,5326334.0897,11.652678801,48.0596463,1,#66c2a5,bicycle
178056,"9,17E+18",9,1,62,0,2017,7,18,5,3,4,2,1,1,0,0,0,0,0,0,696950.0423,5334174.7645,11.647015446,48.130327907,1,#66c2a5,bicycle
178057,"9,17E+18",9,1,62,0,2017,7,17,5,3,5,3,0,1,0,0,0,1,0,0,690190.0008,5333735.2764,11.556059539,48.12843362,2,#fc8d62,car
178058,"9,17E+18",9,1,62,0,2017,7,13,5,3,5,3,1,0,0,0,0,0,0,0,698179.2298,5335987212.0,11.664360597,48.146235288,1,#66c2a5,bicycle
178059,"9,17E+18",9,1,84,120,2017,7,10,5,3,0,6,1,0,1,0,0,0,0,0,681071.1027,5331832357.0,11.432815294,48.1139879,1,#66c2a5,bicycle
178060,"9,17E+18",9,1,62,0,2017,7,11,5,3,5,3,1,1,0,0,0,0,0,0,678789.0813,5338977.9143,11.405183831,48.178864268,1,#66c2a5,bicycle
178061,"9,17E+18",9,1,62,0,2017,7,8,5,3,3,2,1,1,0,0,0,0,0,0,692771.3074,5332342.3451,11.590084641,48.115137786,1,#66c2a5,bicycle
178067,"9,17E+18",9,7,72,223,2017,7,17,5,3,0,7,1,0,0,0,0,0,0,0,624566165.0,5363601.6361,10.683404778,48.41324857,1,#66c2a5,bicycle
178068,"9,17E+18",9,7,61,0,2017,7,18,5,3,0,1,1,1,0,0,0,0,0,0,641221069.0,5352185.4125,10.904527822,48.30708595,1,#66c2a5,bicycle
178069,"9,17E+18",9,7,61,0,2017,7,13,5,3,5,2,1,0,0,0,0,1,0,0,641511.5019,5358210.3182,10.910465896,48.36119494,1,#66c2a5,bicycle
178070,"9,17E+18",9,7,61,0,2017,7,9,5,3,0,1,1,0,0,0,0,0,0,0,640264.2338,5352909.8675,10.891871996,48.313813004,1,#66c2a5,bicycle
178071,"9,17E+18",9,7,61,0,2017,7,7,5,3,6,6,0,1,1,0,0,0,0,0,640089.4581,5358115.6985,10.891247121,48.360661299,2,#fc8d62,car
178072,"9,17E+18",9,7,61,0,2017,7,13,5,3,3,5,1,1,0,0,0,0,0,0,640198.6037,5358435.7702,10.892826446,48.36351506,1,#66c2a5,bicycle