OBJECTID,UIDENTSTLA,ULAND,UREGBEZ,UKREIS,UGEMEINDE,UJAHR,UMONAT,USTUNDE,UWOCHENTAG,UKATEGORIE,UART,UTYP1,IstRad,IstPKW,IstFuss,IstKrad,IstGkfz,IstSonstig,ULICHTVERH,STRZUSTAND,LINREFX,LINREFY,XGCSWGS84,YGCSWGS84,Teilnehmer,color,symbol
178109,"9,17E+18",9,2,74,114,2017,7,12,5,3,1,1,1,0,0,0,0,1,0,0,733810331.0,5371911.1811,12.16258907,48.456849361,1,#66c2a5,bicycle
178111,"9,17E+18",9,2,74,113,2017,7,17,5,3,0,1,1,0,0,0,0,0,0,0,728496.5794,5382025.2327,12.096358517,48.549658212,1,#66c2a5,bicycle
178112,"9,17E+18",9,1,90,157,2017,7,17,5,3,5,3,1,1,0,0,0,0,0,0,659988.4817,5300785.4699,11.138212943,47.840494007,1,#66c2a5,bicycle
178113,"9,17E+18",9,1,90,157,2017,7,10,5,3,5,3,0,1,0,0,0,1,0,0,660134.9993,5300759.0641,11.140159939,47.840220112,2,#fc8d62,car
178114,"9,17E+18",9,1,73,118,2017,7,19,5,3,7,7,1,0,1,0,0,0,0,0,692073.2219,5305662.13,11.568776573,47.875544285,1,#66c2a5,bicycle
178120,"9,17E+18",9,1,87,169,2017,7,5,5,3,0,1,0,0,0,1,0,0,1,1,736043.3754,5299872.3501,12.152838591,47.808878777,4,#e78ac3,marker
178121,"9,17E+18",9,1,87,137,2017,7,18,5,3,0,6,1,1,0,0,0,0,0,0,730870.9715,5308591.1955,12.088507063,47.889087736,1,#66c2a5,bicycle
178122,"9,17E+18",9,1,87,150,2017,7,10,5,3,0,1,1,0,0,0,0,0,0,0,729501.8903,5304082.3348,12.067825354,47.849068906,1,#66c2a5,bicycle
178125,"9,17E+18",9,1,79,126,2017,7,18,5,3,1,3,0,1,0,1,0,0,0,0,677428.8255,5339778.8036,11.387235802,48.186444814,2,#fc8d62,car
178126,"9,17E+18",9,1,79,142,2017,7,17,5,3,5,6,0,1,0,1,0,0,0,0,673397895.0,5341013011.0,11.33355239,48.198652722,2,#fc8d62,car
178127,"9,17E+18",9,1,79,142,2017,7,19,5,3,0,1,1,0,0,0,0,0,0,0,672998.8915,5341118.4307,11.328230254,48.199709221,1,#66c2a5,bicycle
178128,"9,17E+18",9,1,81,130,2017,7,14,5,2,0,7,0,0,0,1,0,0,0,0,638268.4133,5325007.8921,10.855883318,48.063354036,4,#e78ac3,marker
178129,"9,17E+18",9,1,81,130,2017,7,14,5,3,5,3,1,1,0,0,0,0,0,0,639054.8759,5324483.8386,10.86626329,48.058470633,1,#66c2a5,bicycle
178130,"9,17E+18",9,1,79,145,2017,7,22,5,3,5,3,0,1,0,1,0,0,2,0,674406312.0,5337800.7876,11.345793003,48.169500762,2,#fc8d62,car
178131,"9,17E+18",9,1,79,123,2017,7,16,5,3,0,7,1,0,0,0,0,0,0,0,676342.5458,5333344.6663,11.369966555,48.128909389,1,#66c2a5,bicycle
178132,"9,17E+18",9,1,79,121,2017,7,17,5,3,5,3,0,1,0,0,0,0,0,0,667753.9681,5338980.9287,11.256857134,48.181900731,2,#fc8d62,car
178133,"9,17E+18",9,1,79,119,2017,7,18,5,3,5,3,0,1,0,1,0,0,0,0,668921.3382,5339206.1418,11.272638968,48.18361605,2,#fc8d62,car
178134,"9,17E+18",9,1,79,121,2017,7,10,5,2,2,7,1,0,0,0,0,0,0,0,665768.8323,5337284.1105,11.22950972,48.167167246,1,#66c2a5,bicycle
178135,"9,17E+18",9,1,74,115,2017,7,13,5,3,0,1,1,0,0,0,0,0,0,0,681208842.0,5348860.32,11.44192954,48.267008506,1,#66c2a5,bicycle
178136,"9,17E+18",9,1,74,115,2017,7,11,5,2,5,3,0,1,0,1,0,0,0,0,683462.9596,5348770.9205,11.472237551,48.26555614,2,#fc8d62,car
178137,"9,17E+18",9,1,62,0,2017,7,8,4,3,3,6,1,0,0,0,0,0,0,0,691195846.0,5340464.5474,11.572587573,48.18861411,1,#66c2a5,bicycle
178138,"9,17E+18",9,1,62,0,2017,7,21,4,3,5,2,1,1,0,0,0,0,2,1,687869.7946,5329939.9141,11.523237008,48.095008888,1,#66c2a5,bicycle
178139,"9,17E+18",9,1,62,0,2017,7,22,4,3,5,3,0,1,0,0,0,0,2,1,696684723.0,5337776216.0,11.645117287,48.162777501,2,#fc8d62,car
178140,"9,17E+18",9,1,62,0,2017,7,9,4,2,1,5,0,1,0,1,0,0,0,1,690451.9436,5340157.3871,11.562450877,48.186076861,2,#fc8d62,car
178141,"9,17E+18",9,1,62,0,2017,7,9,4,3,1,5,0,1,0,0,0,0,0,1,687835.0338,5331145.6053,11.523301236,48.105856244,2,#fc8d62,car
178142,"9,17E+18",9,1,62,0,2017,7,14,4,3,3,2,0,1,0,0,0,0,0,0,693062025.0,5335704829.0,11.595510035,48.145270872,2,#fc8d62,car
178143,"9,17E+18",9,1,62,0,2017,7,19,4,3,5,3,0,1,0,0,0,0,0,0,692171.0809,5334575.7775,11.583035448,48.13539292,2,#fc8d62,car
178144,"9,17E+18",9,1,62,0,2017,7,18,4,3,5,2,0,1,0,1,0,0,0,0,692923.0416,5337847.4774,11.594614925,48.164570539,2,#fc8d62,car
178145,"9,17E+18",9,1,62,0,2017,7,17,4,3,2,6,0,1,0,0,0,0,0,0,688331.5733,5340835.7291,11.53425209,48.192805994,2,#fc8d62,car
178146,"9,17E+18",9,1,62,0,2017,7,16,4,3,2,6,1,0,0,0,0,0,0,0,686309.9514,5332268.9172,11.503324884,48.116400887,1,#66c2a5,bicycle
178147,"9,17E+18",9,1,62,0,2017,7,10,4,2,3,6,0,1,0,1,0,0,0,0,691514.3232,5335680453.0,11.574713775,48.145519582,2,#fc8d62,car
178148,"9,17E+18",9,1,62,0,2017,7,13,4,3,1,3,1,1,0,0,0,0,0,0,691435.4866,5336413.8841,11.573984841,48.152135289,1,#66c2a5,bicycle
178149,"9,17E+18",9,1,62,0,2017,7,7,4,2,5,3,1,1,0,0,0,0,0,1,695703444.0,5332877.7362,11.629683979,48.119055359,1,#66c2a5,bicycle
178150,"9,17E+18",9,1,62,0,2017,7,8,4,3,0,2,1,1,0,0,0,0,0,0,688345.0004,5336613.9897,11.532562096,48.154856562,1,#66c2a5,bicycle
178151,"9,17E+18",9,1,62,0,2017,7,19,4,3,6,4,1,0,1,0,0,0,0,0,691306.8371,5335498.1426,11.571845339,48.143943424,1,#66c2a5,bicycle
178152,"9,17E+18",9,1,62,0,2017,7,13,4,3,5,2,1,1,0,0,0,0,0,0,686249.1899,5333388.4496,11.502998386,48.126481469,1,#66c2a5,bicycle
178153,"9,17E+18",9,1,84,134,2017,7,19,4,3,0,6,1,1,0,0,0,0,0,0,693605.7385,5322278.2304,11.596726577,48.02443031,1,#66c2a5,bicycle
178163,"9,17E+18",9,7,61,0,2017,7,23,4,3,7,1,0,1,0,0,0,0,2,0,637147481.0,5360817.7323,10.852432812,48.385603664,2,#fc8d62,car
178164,"9,17E+18",9,7,61,0,2017,7,11,4,2,3,6,1,0,0,0,0,1,0,0,638483.4022,5360344.7645,10.8703111,48.381058964,1,#66c2a5,bicycle
178165,"9,17E+18",9,7,61,0,2017,7,20,4,3,5,3,0,1,0,0,0,0,0,1,642344.1681,5359852.5438,10.922256529,48.375773887,2,#fc8d62,car
178166,"9,17E+18",9,7,61,0,2017,7,16,4,3,0,1,1,0,0,0,0,0,0,1,640587.4713,5358918.7618,10.898235005,48.367771478,1,#66c2a5,bicycle
178167,"9,17E+18",9,7,61,0,2017,7,18,4,3,3,6,0,1,0,1,0,0,0,0,640787.8399,5359224.9349,10.901041368,48.370479818,2,#fc8d62,car
178168,"9,17E+18",9,7,61,0,2017,7,10,4,3,6,4,1,0,1,0,0,0,0,0,640608388.0,5359234.7911,10.89862293,48.370608447,1,#66c2a5,bicycle
178206,"9,17E+18",9,1,73,126,2017,7,8,4,2,5,3,1,1,0,0,0,0,0,0,686119.3032,5303362.8529,11.48823813,47.856629524,1,#66c2a5,bicycle
178208,"9,17E+18",9,1,83,139,2017,7,15,4,2,4,6,0,0,0,1,0,1,0,0,734485.8412,5333856.5073,12.150595106,48.114751764,4,#e78ac3,marker
178211,"9,17E+18",9,1,87,169,2017,7,11,4,3,5,3,0,0,0,1,0,1,0,0,735814.1468,5299636.4767,12.149653314,47.806843724,4,#e78ac3,marker
178215,"9,17E+18",9,1,79,123,2017,7,15,4,3,0,1,1,0,0,0,0,0,0,0,676014.6576,5333314067.0,11.365551141,48.128725077,1,#66c2a5,bicycle
178216,"9,17E+18",9,1,79,123,2017,7,15,4,3,5,3,1,1,0,0,0,0,0,0,676808.3879,5334097.62,11.376534162,48.135548637,1,#66c2a5,bicycle
178217,"9,17E+18",9,1,81,130,2017,7,14,4,3,5,3,1,1,0,0,0,0,0,0,639100743.0,5324782.1415,10.866975555,48.061143067,1,#66c2a5,bicycle
178218,"9,17E+18",9,1,88,124,2017,7,10,4,3,0,4,0,0,1,1,0,0,0,1,662003.9222,5317193.4881,11.171294805,47.987511727,3,#8da0cb,toilet
178219,"9,17E+18",9,1,74,115,2017,7,5,4,3,5,3,1,1,0,0,0,0,1,0,681263.5014,5348389.3079,11.442463578,48.262759135,1,#66c2a5,bicycle
178220,"9,17E+18",9,1,74,115,2017,7,16,4,3,5,3,1,1,0,0,0,0,0,0,682801.5398,5347745117.0,11.462889994,48.256526956,1,#66c2a5,bicycle
178221,"9,17E+18",9,1,74,122,2017,7,15,4,3,2,6,1,1,0,0,0,0,0,0,685271.5666,5351592.3769,11.497822025,48.290389595,1,#66c2a5,bicycle
178222,"9,17E+18",9,1,74,115,2017,7,16,4,3,3,6,1,0,0,0,0,0,0,0,680977.7277,5345817.1078,11.437516777,48.239720257,1,#66c2a5,bicycle
178223,"9,17E+18",9,1,78,145,2017,7,17,4,3,2,1,0,1,0,0,0,0,0,0,696444.0047,5354386247.0,11.649585799,48.31212977,2,#fc8d62,car
178224,"9,17E+18",9,1,78,143,2017,7,12,4,3,0,7,1,0,0,1,0,1,0,0,716983.2733,5373192.5928,11.935968775,48.47438922,1,#66c2a5,bicycle
178225,"9,17E+18",9,1,78,144,2017,7,11,4,3,0,2,0,1,0,1,0,0,0,0,708225.5486,5379795.3349,11.820915021,48.536678546,2,#fc8d62,car
178226,"9,17E+18",9,1,78,136,2017,7,22,4,2,9,1,0,1,0,0,0,0,2,1,699742.0709,5368533.4692,11.700739016,48.438232543,2,#fc8d62,car
178227,"9,17E+18",9,1,62,0,2017,7,7,3,3,4,7,1,1,0,0,0,0,0,0,691654021.0,5335116.22,11.576335948,48.140406267,1,#66c2a5,bicycle
178228,"9,17E+18",9,1,62,0,2017,7,12,3,3,4,2,1,1,0,0,0,0,0,0,689825.3415,5337403.9431,11.552799385,48.161516534,1,#66c2a5,bicycle
178229,"9,17E+18",9,1,62,0,2017,7,15,3,3,3,6,0,0,0,0,0,1,0,0,691507.2178,5335681.4367,11.574618792,48.145530562,6,#ffd92f,circle
178230,"9,17E+18",9,1,62,0,2017,7,15,3,2,0,1,1,0,0,0,0,0,0,0,693541.4579,5331051.6172,11.59983582,48.103303476,1,#66c2a5,bicycle
178231,"9,17E+18",9,1,62,0,2017,7,13,3,3,2,6,0,1,0,0,0,0,0,0,692422.0438,5341923.1811,11.589729943,48.201353593,2,#fc8d62,car
178232,"9,17E+18",9,1,62,0,2017,7,9,3,3,5,7,1,1,0,0,0,0,0,0,686883.0389,5329845.4124,11.509955966,48.094449596,1,#66c2a5,bicycle
178233,"9,17E+18",9,1,62,0,2017,7,21,3,2,0,7,1,0,0,0,0,0,1,1,689977.4726,5337229.5393,11.554765272,48.159903559,1,#66c2a5,bicycle
178234,"9,17E+18",9,1,62,0,2017,7,15,3,3,5,3,0,1,0,1,0,0,0,0,690435.4195,5342502.6055,11.563280691,48.207160327,2,#fc8d62,car
178235,"9,17E+18",9,1,84,114,2017,7,19,3,3,0,7,0,0,0,1,0,1,0,0,699566.3362,5323037.0624,11.676937127,48.029416142,4,#e78ac3,marker
178236,"9,17E+18",9,1,62,0,2017,7,18,3,3,4,3,0,1,0,1,0,0,0,0,690320.2135,5335870.1373,11.558761648,48.147582813,2,#fc8d62,car
178237,"9,17E+18",9,1,62,0,2017,7,16,3,2,6,4,0,0,1,1,0,0,0,0,690555.7847,5336067.8459,11.562014007,48.149289286,3,#8da0cb,toilet
178238,"9,17E+18",9,1,62,0,2017,7,9,3,3,1,7,1,1,0,0,0,0,0,1,688856.8045,5334948.8669,11.538698332,48.139738475,1,#66c2a5,bicycle
178239,"9,17E+18",9,1,84,120,2017,7,18,3,3,2,7,0,1,0,1,0,0,0,0,680864.8955,5333774.0858,11.430871205,48.131500482,2,#fc8d62,car
178240,"9,17E+18",9,1,62,0,2017,7,13,3,3,0,2,0,1,0,0,0,1,0,0,686744.9685,5330253.5911,11.508281994,48.098158944,2,#fc8d62,car
178241,"9,17E+18",9,1,62,0,2017,7,15,3,2,0,6,1,1,0,0,0,0,0,0,696946.7026,5330439.6071,11.645245848,48.096759577,1,#66c2a5,bicycle
178242,"9,17E+18",9,1,62,0,2017,7,12,3,3,1,6,0,1,0,1,0,0,0,0,693250.2713,5331455.4941,11.5961114,48.10702182,2,#fc8d62,car
178243,"9,17E+18",9,1,62,0,2017,7,21,3,3,0,7,1,0,0,0,0,0,2,0,691750.7141,5335406.2725,11.577764999,48.142984084,1,#66c2a5,bicycle
178244,"9,17E+18",9,1,62,0,2017,7,14,3,3,2,6,0,1,0,0,0,0,0,0,690144.7695,5334739.6417,11.555900525,48.137474386,2,#fc8d62,car
178251,"9,17E+18",9,7,62,0,2017,7,8,3,3,5,3,0,1,0,0,0,0,0,0,623229.8949,5307790598.0,10.649182054,47.911593519,2,#fc8d62,car
178255,"9,17E+18",9,7,61,0,2017,7,12,3,3,5,3,1,1,0,0,0,0,0,0,638663.8055,5360556.0539,10.872815932,48.382919205,1,#66c2a5,bicycle
178256,"9,17E+18",9,7,61,0,2017,7,21,3,3,0,1,1,0,0,0,0,0,2,1,637431.1156,5360784532.0,10.856250878,48.385243399,1,#66c2a5,bicycle
178257,"9,17E+18",9,7,72,163,2017,7,14,3,3,0,1,1,0,0,0,0,0,0,0,639710.0124,5346543.1576,10.88229544,48.256687051,1,#66c2a5,bicycle
178258,"9,17E+18",9,7,61,0,2017,7,17,3,3,2,6,1,1,0,0,0,0,0,0,638916.9286,5358477.1451,10.875545852,48.364170442,1,#66c2a5,bicycle
178259,"9,17E+18",9,7,61,0,2017,7,21,3,3,5,3,0,1,0,0,0,0,2,0,638306.6221,5358260.6427,10.867239359,48.3623577,2,#fc8d62,car
178260,"9,17E+18",9,7,61,0,2017,7,12,3,3,1,6,1,1,0,0,0,0,0,0,638055.2331,5358201.9597,10.863828037,48.361885057,1,#66c2a5,bicycle
178261,"9,17E+18",9,7,61,0,2017,7,13,3,3,5,3,1,0,0,1,0,0,0,0,639289.1615,5362115.6052,10.881774503,48.396804482,1,#66c2a5,bicycle
178262,"9,17E+18",9,7,61,0,2017,7,20,3,3,2,6,0,1,0,0,0,0,0,0,639289.7457,5361520.2221,10.881584919,48.391450841,2,#fc8d62,car
178263,"9,17E+18",9,7,61,0,2017,7,14,3,3,5,2,1,1,0,0,0,0,0,0,639664.3176,5357453.7172,10.885291127,48.354803123,1,#66c2a5,bicycle
178275,"9,17E+18",9,1,62,0,2017,7,19,2,3,2,6,0,1,0,1,0,0,0,0,692583.0605,5334177.4972,11.588387113,48.131688727,2,#fc8d62,car
178276,"9,17E+18",9,1,62,0,2017,7,18,2,3,5,3,1,1,0,0,0,0,0,0,691035.5327,5337005.5499,11.568878404,48.157573371,1,#66c2a5,bicycle
178277,"9,17E+18",9,1,62,0,2017,7,16,2,3,2,2,0,0,0,1,0,1,0,0,689482132.0,5334915261.0,11.547080714,48.139250517,4,#e78ac3,marker
178278,"9,17E+18",9,1,62,0,2017,7,8,2,3,5,2,1,1,0,0,0,0,0,0,692232.4403,5335495.3733,11.584274395,48.143639538,1,#66c2a5,bicycle
178279,"9,17E+18",9,1,62,0,2017,7,9,2,3,4,7,1,0,1,0,0,0,0,0,691556.3277,5334423.2525,11.57471243,48.13420738,1,#66c2a5,bicycle
178280,"9,17E+18",9,1,62,0,2017,7,14,2,3,6,4,0,0,1,0,0,1,0,0,697946.0172,5332932.6521,11.659809642,48.118855747,3,#8da0cb,toilet
178281,"9,17E+18",9,1,62,0,2017,7,9,2,3,3,5,1,1,0,0,0,0,0,0,691915018.0,5332409474.0,11.578621814,48.115999749,1,#66c2a5,bicycle
178282,"9,17E+18",9,1,62,0,2017,7,16,2,3,4,6,1,0,0,0,0,0,0,0,692348.5276,5335523.6214,11.585846126,48.14385834,1,#66c2a5,bicycle
178283,"9,17E+18",9,1,62,0,2017,7,15,2,3,3,6,0,1,0,0,0,1,0,0,691171.4082,5335186.9784,11.569886899,48.141187419,2,#fc8d62,car
178284,"9,17E+18",9,1,62,0,2017,7,12,2,3,0,7,0,0,0,1,0,1,0,1,692248009.0,5335073.4147,11.58429298,48.139842354,4,#e78ac3,marker
178285,"9,17E+18",9,1,62,0,2017,7,13,2,3,3,6,1,1,0,0,0,0,0,0,690714.4831,5338752.3017,11.565348995,48.173369369,1,#66c2a5,bicycle
178286,"9,17E+18",9,1,62,0,2017,7,18,2,2,6,4,0,0,1,0,0,1,0,0,693881.5977,5331350.6978,11.604535906,48.105888111,3,#8da0cb,toilet
178287,"9,17E+18",9,1,62,0,2017,7,18,2,3,6,4,0,1,1,0,0,0,0,0,690454.2844,5334790.3995,11.560079375,48.137838037,2,#fc8d62,car
178288,"9,17E+18",9,1,62,0,2017,7,13,2,3,4,2,1,1,0,0,0,0,0,0,695508.1205,5337320.9407,11.629101834,48.159048628,1,#66c2a5,bicycle
178289,"9,17E+18",9,1,62,0,2017,7,4,2,3,8,1,0,1,0,0,0,0,2,0,690359.2061,5343901.5992,11.562883735,48.219757121,2,#fc8d62,car
178290,"9,17E+18",9,1,62,0,2017,7,8,2,3,0,5,1,1,0,0,0,0,0,0,692424.8098,5333042.1909,11.585749834,48.121532668,1,#66c2a5,bicycle
178291,"9,17E+18",9,1,62,0,2017,7,7,2,3,3,6,0,1,0,0,0,1,0,0,692092.8307,5340434.1221,11.584630251,48.188070041,2,#fc8d62,car
178292,"9,17E+18",9,1,62,0,2017,7,19,2,3,0,7,1,1,0,0,0,0,0,0,683094.0864,5337209.0061,11.462280881,48.161738399,1,#66c2a5,bicycle
178293,"9,17E+18",9,1,84,136,2017,7,8,2,3,0,3,0,1,0,1,0,0,0,0,698602.0505,5326350.4163,11.665554001,48.05949503,2,#fc8d62,car
178294,"9,17E+18",9,1,62,0,2017,7,10,2,3,0,7,1,0,0,0,0,0,0,0,698129.3,5333404099.0,11.662488757,48.123035768,1,#66c2a5,bicycle
178295,"9,17E+18",9,1,62,0,2017,7,6,2,3,5,7,0,1,0,0,0,0,0,0,696788298.0,5329288798.0,11.642590277,48.08646566,2,#fc8d62,car
178296,"9,17E+18",9,1,62,0,2017,7,15,2,3,0,1,1,0,0,0,0,0,0,0,691485.3033,5337335.4527,11.575068678,48.16040321,1,#66c2a5,bicycle
178297,"9,17E+18",9,1,62,0,2017,7,8,2,3,0,1,1,0,0,0,0,0,0,0,692082.4087,5336547.1591,11.582734162,48.153138097,1,#66c2a5,bicycle
178298,"9,17E+18",9,1,62,0,2017,7,23,2,3,5,6,1,1,0,0,0,0,2,0,691824419.0,5335664219.0,11.578871004,48.145280247,1,#66c2a5,bicycle
178302,"9,17E+18",9,7,78,116,2017,7,17,2,3,0,1,1,0,0,0,0,0,0,0,619260.3464,5318010.6951,10.598913665,48.004261056,1,#66c2a5,bicycle
178304,"9,17E+18",9,7,77,121,2017,7,23,2,2,8,1,1,0,0,0,0,0,2,0,629072.7303,5322372.0982,10.731721259,48.041577349,1,#66c2a5,bicycle
178308,"9,17E+18",9,7,72,177,2017,7,14,2,3,5,3,1,1,0,0,0,0,0,0,636694.0,5379800.9604,10.852516026,48.556394621,1,#66c2a5,bicycle
178309,"9,17E+18",9,7,72,202,2017,7,17,2,3,0,1,1,0,0,0,0,0,0,0,636390.8773,5357508.9667,10.841145746,48.356015458,1,#66c2a5,bicycle
178310,"9,17E+18",9,7,61,0,2017,7,15,2,3,1,7,0,1,0,0,0,0,0,0,637239.6325,5360159.6558,10.853461893,48.379666281,2,#fc8d62,car
178311,"9,17E+18",9,7,61,0,2017,7,9,2,3,5,3,1,1,0,0,0,0,0,0,637903.0307,5360743.2795,10.862607892,48.38476947,1,#66c2a5,bicycle
178312,"9,17E+18",9,7,61,0,2017,7,17,2,3,0,1,1,0,0,0,0,0,0,0,638768.4808,5360398.5974,10.874176913,48.381480375,1,#66c2a5,bicycle
178313,"9,17E+18",9,7,61,0,2017,7,10,2,3,5,3,1,1,0,0,0,0,0,0,644048.7913,5357549.6882,10.944473908,48.354681102,1,#66c2a5,bicycle
178314,"9,17E+18",9,7,61,0,2017,7,15,2,3,5,3,1,1,0,0,0,0,0,0,638764.4838,5357228.9085,10.873077164,48.352980066,1,#66c2a5,bicycle
178315,"9,17E+18",9,7,61,0,2017,7,12,2,3,6,6,1,1,1,0,0,0,0,0,640460.9836,5358247.5954,10.896304002,48.361764726,1,#66c2a5,bicycle
178355,"9,17E+18",9,2,74,146,2017,7,18,2,2,0,1,1,0,0,0,0,0,0,0,732784.1616,5378136287.0,12.152197483,48.513148675,1,#66c2a5,bicycle
178359,"9,17E+18",9,1,73,126,2017,7,14,2,3,5,3,1,1,0,0,0,1,0,0,685422.3132,5303721.0075,11.479082638,47.86005046,1,#66c2a5,bicycle
178366,"9,17E+18",9,1,63,0,2017,7,7,2,3,6,4,0,1,1,0,0,0,0,0,733555.8951,5304735.6732,12.122286731,47.853478543,2,#fc8d62,car
178373,"9,17E+18",9,1,79,126,2017,7,14,2,3,5,3,1,0,0,1,0,0,0,0,677513.8826,5339700.0821,11.388346285,48.185713419,1,#66c2a5,bicycle
178374,"9,17E+18",9,1,79,125,2017,7,13,2,3,5,7,1,1,0,0,0,0,0,0,661274429.0,5332359.88,11.167242276,48.124052129,1,#66c2a5,bicycle
178375,"9,17E+18",9,1,81,144,2017,7,7,2,3,5,7,1,1,0,0,0,0,0,0,655606.8974,5321127.3945,11.087044334,48.024470545,1,#66c2a5,bicycle
178376,"9,17E+18",9,1,78,145,2017,7,7,2,3,5,3,1,1,0,0,0,0,0,0,696380.4535,5354347.6578,11.648711627,48.311802701,1,#66c2a5,bicycle
178377,"9,17E+18",9,1,77,117,2017,7,15,2,3,5,3,1,0,0,0,0,0,0,0,715606.5039,5355157.8439,11.908108319,48.312821722,1,#66c2a5,bicycle
178378,"9,17E+18",9,1,75,122,2017,7,13,2,3,6,4,0,1,1,0,0,0,0,0,721477.45,5326073.7789,11.972028942,48.049481048,2,#fc8d62,car
178379,"9,17E+18",9,1,62,0,2017,7,14,1,3,0,7,0,0,0,0,0,1,0,0,691380.5628,5338489.2163,11.574180806,48.170804583,6,#ffd92f,circle
178380,"9,17E+18",9,1,62,0,2017,7,18,1,3,1,6,0,1,0,0,0,0,0,0,690823428.0,5335141985.0,11.565193762,48.140887478,2,#fc8d62,car
178381,"9,17E+18",9,1,62,0,2017,7,19,1,3,1,5,1,0,0,1,0,0,0,0,689663.6202,5343101.7917,11.55317078,48.212776824,1,#66c2a5,bicycle
178382,"9,17E+18",9,1,62,0,2017,7,1,1,3,3,2,0,1,0,1,0,0,2,0,690908.3272,5336205.4255,11.5668107,48.15042013,2,#fc8d62,car
178383,"9,17E+18",9,1,62,0,2017,7,15,1,2,4,2,1,1,0,0,0,0,0,0,694191.7367,5334317012.0,11.610048728,48.13245387,1,#66c2a5,bicycle
178384,"9,17E+18",9,1,62,0,2017,7,16,1,2,0,5,1,1,0,0,0,0,0,0,687550.5705,5340029.4289,11.523397223,48.185789954,1,#66c2a5,bicycle
178385,"9,17E+18",9,1,62,0,2017,7,15,1,3,2,6,0,1,0,1,0,0,0,0,698289.2107,5333211571.0,11.6645457,48.121255688,2,#fc8d62,car
178386,"9,17E+18",9,1,62,0,2017,7,22,1,3,0,1,0,0,0,1,0,0,2,0,696177886.0,5329761916.0,11.634619621,48.090905954,4,#e78ac3,marker
178387,"9,17E+18",9,1,62,0,2017,7,13,1,3,0,1,1,0,1,0,0,0,0,0,691522.9594,5332864.9536,11.573564112,48.120211591,1,#66c2a5,bicycle
178395,"9,17E+18",9,7,72,184,2017,7,8,1,3,5,3,0,1,0,0,0,0,0,0,635844.8524,5361923.5858,10.835205458,48.395829327,2,#fc8d62,car
178396,"9,17E+18",9,7,61,0,2017,7,9,1,3,5,2,1,1,0,0,0,0,0,0,637070.9848,5360824.9814,10.851402514,48.385685474,1,#66c2a5,bicycle
178397,"9,17E+18",9,7,61,0,2017,7,20,1,2,0,1,1,0,0,0,0,0,0,0,641028.1145,5361243.2166,10.904961123,48.388573782,1,#66c2a5,bicycle
178398,"9,17E+18",9,7,61,0,2017,7,20,1,3,0,7,1,0,0,0,0,0,1,0,640718.1109,5357230.1218,10.899433147,48.352558673,1,#66c2a5,bicycle
178430,"9,17E+18",9,2,61,0,2017,7,23,1,3,0,1,1,0,0,0,0,0,2,0,731846.7867,5380528.9355,12.140854077,48.534988126,1,#66c2a5,bicycle
178431,"9,17E+18",9,1,90,151,2017,7,15,1,3,2,6,0,1,0,1,0,0,0,0,637752.4696,5299931.7632,10.840932953,47.837966199,2,#fc8d62,car
178432,"9,17E+18",9,1,73,126,2017,7,12,1,3,4,6,1,0,0,0,0,1,0,0,685147.7904,5303101.9273,11.475150797,47.854564708,1,#66c2a5,bicycle
178434,"9,17E+18",9,1,63,0,2017,7,14,1,3,5,2,0,1,0,1,0,0,0,0,733438.0851,5304711.3377,12.120701076,47.853302707,2,#fc8d62,car
178440,"9,17E+18",9,1,88,139,2017,7,15,1,3,0,1,1,0,0,0,0,0,0,0,680289.0975,5320445.4091,11.417517877,48.011851872,1,#66c2a5,bicycle
178441,"9,17E+18",9,1,79,147,2017,7,18,1,3,0,7,1,0,0,0,0,0,0,0,664410.3626,5333576.7479,11.209820988,48.134189965,1,#66c2a5,bicycle
178442,"9,17E+18",9,1,74,150,2017,7,17,1,3,0,1,1,0,0,0,0,0,0,0,680802.7625,5359313.5633,11.440942681,48.361083874,1,#66c2a5,bicycle
178443,"9,17E+18",9,1,74,126,2017,7,13,1,3,5,3,0,1,0,0,0,0,0,0,683608.5497,5345219.9093,11.472657417,48.233596046,2,#fc8d62,car
178444,"9,17E+18",9,1,78,124,2017,7,6,1,3,5,3,0,1,0,0,0,0,0,0,703343.6202,5364797.1866,11.747566853,48.403505064,2,#fc8d62,car
178445,"9,17E+18",9,1,77,115,2017,7,13,1,2,8,7,0,0,0,1,0,0,0,0,738675.3225,5348875.3788,12.215229281,48.248106661,4,#e78ac3,marker
178446,"9,17E+18",9,1,62,0,2017,7,18,7,3,4,6,1,1,0,0,0,0,0,0,688836.0305,5334409.2402,11.538180129,48.134894404,1,#66c2a5,bicycle
178447,"9,17E+18",9,1,62,0,2017,7,20,7,3,3,7,0,1,0,0,0,0,0,0,688142.3539,5339838.9259,11.531266952,48.183902708,2,#fc8d62,car
178448,"9,17E+18",9,1,84,149,2017,7,23,7,3,5,3,0,1,0,0,0,0,2,0,691824.4769,5349585.5054,11.585165319,48.270400773,2,#fc8d62,car
178449,"9,17E+18",9,1,62,0,2017,7,19,7,3,5,3,0,1,0,1,0,0,0,0,684238.5702,5332700.1875,11.475706537,48.120880051,2,#fc8d62,car