OBJECTID,UIDENTSTLA,ULAND,UREGBEZ,UKREIS,UGEMEINDE,UJAHR,UMONAT,USTUNDE,UWOCHENTAG,UKATEGORIE,UART,UTYP1,IstRad,IstPKW,IstFuss,IstKrad,IstGkfz,IstSonstig,ULICHTVERH,STRZUSTAND,LINREFX,LINREFY,XGCSWGS84,YGCSWGS84,Teilnehmer,color,symbol
178450,"9,17E+18",9,1,62,0,2017,7,11,7,3,3,5,1,1,0,0,0,0,0,0,692123.7983,5332529.1709,11.581478019,48.117012617,1,#66c2a5,bicycle
178451,"9,17E+18",9,1,62,0,2017,7,19,7,3,1,5,1,1,0,0,0,0,0,0,692990.7361,5333811.1074,11.593694668,48.128272225,1,#66c2a5,bicycle
178459,"9,17E+18",9,7,73,182,2017,7,18,7,3,0,1,1,0,0,0,0,0,0,0,622063.2518,5377403.8638,10.65362458,48.537857617,1,#66c2a5,bicycle
178461,"9,17E+18",9,7,72,147,2017,7,1,7,3,8,1,0,1,0,0,0,0,2,1,638497.4669,5366166.3537,10.872422206,48.433402103,2,#fc8d62,car
178462,"9,17E+18",9,7,71,142,2017,7,12,7,2,8,1,0,0,0,1,0,0,0,0,648418538.0,5350499612.0,11.000941236,48.290280686,4,#e78ac3,marker
178463,"9,17E+18",9,7,61,0,2017,7,1,7,3,5,3,0,1,0,0,0,0,2,0,639038.2069,5362831.7239,10.878623208,48.403299006,2,#fc8d62,car
178464,"9,17E+18",9,7,61,0,2017,7,1,7,3,0,7,1,0,0,0,0,0,2,0,641734.6092,5359971.8713,10.914069891,48.376984041,1,#66c2a5,bicycle
178465,"9,17E+18",9,7,61,0,2017,7,16,7,3,5,3,1,0,0,0,0,0,0,0,641384.3075,5362908.4708,10.910330362,48.403467269,1,#66c2a5,bicycle
178466,"9,17E+18",9,7,61,0,2017,7,12,7,3,0,3,0,1,0,0,0,1,0,0,641278.9433,5360424.6028,10.908072035,48.38115701,2,#fc8d62,car
178481,"9,17E+18",9,2,61,0,2017,7,9,7,2,1,7,1,1,0,0,0,0,0,0,732760.8734,5380772.2019,12.153353653,48.536835014,1,#66c2a5,bicycle
178485,"9,17E+18",9,1,63,0,2017,7,19,7,3,6,3,0,1,1,0,0,0,0,0,733221.3825,5306560.8701,12.118806012,47.869997688,2,#fc8d62,car
178486,"9,17E+18",9,1,63,0,2017,7,14,7,2,1,5,1,1,0,0,0,0,0,0,733918.0184,5306039.9314,12.127825724,47.865064307,1,#66c2a5,bicycle
178493,"9,17E+18",9,1,88,144,2017,7,15,7,2,2,6,0,1,0,1,0,0,0,0,668380.5847,5327676.0193,11.260812767,48.080104344,2,#fc8d62,car
178494,"9,17E+18",9,1,74,115,2017,7,19,7,3,0,1,1,0,0,0,0,0,0,0,680575.9172,5348477.9726,11.433245159,48.263752457,1,#66c2a5,bicycle
178495,"9,17E+18",9,1,77,117,2017,7,16,7,3,5,3,0,1,0,0,0,0,0,0,714755.8511,5355047.3843,11.896593729,48.312118609,2,#fc8d62,car
178496,"9,17E+18",9,1,77,139,2017,7,17,7,3,9,1,0,0,0,0,0,1,0,0,730370.5092,5358100.8136,12.108558714,48.334055476,6,#ffd92f,circle
178497,"9,17E+18",9,1,77,137,2017,7,11,7,3,0,7,1,0,0,0,0,0,0,0,732905.1302,5345690631.0,12.135870203,48.221643103,1,#66c2a5,bicycle
178498,"9,17E+18",9,1,62,0,2017,7,15,6,3,5,3,0,1,0,0,0,0,0,1,696295402.0,5330865.2691,11.636703416,48.100786161,2,#fc8d62,car
178499,"9,17E+18",9,1,62,0,2017,7,17,6,3,5,2,0,1,0,0,0,0,0,0,690265.9859,5335648.7757,11.557934409,48.145609441,2,#fc8d62,car
178500,"9,17E+18",9,1,62,0,2017,7,10,6,2,6,2,0,1,1,0,0,0,0,0,692523.4221,5337466.3851,11.589073668,48.161266523,2,#fc8d62,car
178501,"9,17E+18",9,1,62,0,2017,7,13,6,3,2,6,0,1,0,0,0,0,0,0,692312.4955,5337710.2119,11.586350343,48.16352181,2,#fc8d62,car
178502,"9,17E+18",9,1,62,0,2017,7,14,6,3,0,3,1,1,0,0,0,0,0,1,691703.1342,5332892.4742,11.575995025,48.120404723,1,#66c2a5,bicycle
178503,"9,17E+18",9,1,84,139,2017,7,16,6,3,5,3,1,0,0,1,0,0,0,0,687254.3693,5325417949.0,11.512998432,48.05454479,1,#66c2a5,bicycle
178504,"9,17E+18",9,1,62,0,2017,7,14,6,3,5,3,1,1,0,0,0,0,0,1,689140.3676,5336930.0583,11.543386506,48.15746136,1,#66c2a5,bicycle
178505,"9,17E+18",9,1,62,0,2017,7,7,6,3,1,7,0,1,0,1,0,0,0,0,684341.6139,5331714.2719,11.47666364,48.111988238,2,#fc8d62,car
178506,"9,17E+18",9,1,62,0,2017,7,9,6,2,8,6,0,0,0,1,0,0,0,0,689665031.0,5330677.6051,11.547651607,48.101107607,4,#e78ac3,marker
178507,"9,17E+18",9,1,62,0,2017,7,6,6,3,6,4,0,1,1,0,0,0,0,0,689047602.0,5332495345.0,11.540172072,48.117629246,2,#fc8d62,car
178508,"9,17E+18",9,1,62,0,2017,7,11,6,3,4,7,1,1,0,0,0,0,0,0,687561.9007,5341303.1559,11.524112048,48.197235054,1,#66c2a5,bicycle
178509,"9,17E+18",9,1,62,0,2017,7,10,6,3,2,6,0,1,0,0,0,0,0,0,689419.4795,5337213.2757,11.547261996,48.159923851,2,#fc8d62,car
178510,"9,17E+18",9,1,62,0,2017,7,11,6,3,0,6,0,1,0,0,0,1,0,0,686246.7329,5332360.8989,11.502516473,48.117246149,2,#fc8d62,car
178511,"9,17E+18",9,1,62,0,2017,7,15,6,3,0,7,0,1,0,1,0,0,0,1,688071884.0,5331927.4638,11.526824477,48.11281391,2,#fc8d62,car
178512,"9,17E+18",9,1,62,0,2017,7,20,6,3,3,2,1,1,0,0,0,0,0,1,689682.9252,5331854.2672,11.548414832,48.111678251,1,#66c2a5,bicycle
178513,"9,17E+18",9,1,62,0,2017,7,14,6,3,0,1,0,0,0,1,0,0,0,1,689710.6558,5333359.2979,11.549456642,48.125197337,4,#e78ac3,marker
178518,"9,17E+18",9,7,77,158,2017,7,13,6,3,2,6,0,1,0,0,0,0,0,0,620379853.0,5308256433.0,10.611185901,47.916324473,2,#fc8d62,car
178520,"9,17E+18",9,7,71,145,2017,7,18,6,3,5,3,0,1,0,1,0,0,0,1,646494467.0,5345566748.0,10.973308587,48.24637553,2,#fc8d62,car
178521,"9,17E+18",9,7,61,0,2017,7,16,6,3,5,3,0,1,0,0,0,0,0,0,639115917.0,5359117.9249,10.878442884,48.369888364,2,#fc8d62,car
178522,"9,17E+18",9,7,61,0,2017,7,16,6,3,3,2,1,1,0,0,0,0,0,0,639129.8129,5356884.8532,10.877891999,48.349806009,1,#66c2a5,bicycle
178523,"9,17E+18",9,7,61,0,2017,7,13,6,3,5,3,1,1,0,0,0,0,0,0,641614.3624,5359686.8397,10.912350929,48.374448156,1,#66c2a5,bicycle
178524,"9,17E+18",9,7,61,0,2017,7,17,6,3,2,6,0,1,0,0,0,0,0,1,640896.5451,5358012.6393,10.902102285,48.359555023,2,#fc8d62,car
178525,"9,17E+18",9,7,71,113,2017,7,21,6,3,5,3,0,1,0,0,0,0,2,0,657682.0769,5369498.5049,11.132868365,48.458847919,2,#fc8d62,car
178549,"9,17E+18",9,7,71,122,2017,7,8,5,3,0,1,1,0,0,0,0,0,0,0,651627.2919,5361489.6414,11.048128428,48.388330463,1,#66c2a5,bicycle
178550,"9,17E+18",9,7,61,0,2017,7,12,5,3,2,6,0,1,0,0,0,0,0,0,639105.5547,5359144.2613,10.878311755,48.370127459,2,#fc8d62,car
178551,"9,17E+18",9,7,61,0,2017,7,17,5,3,3,2,0,1,0,0,0,1,0,0,639360.2201,5358673.7552,10.88159261,48.365840604,2,#fc8d62,car
178552,"9,17E+18",9,7,61,0,2017,7,7,5,3,5,2,0,1,0,1,0,0,0,0,640944.7241,5351183.8619,10.900468672,48.298141891,2,#fc8d62,car
178553,"9,17E+18",9,7,61,0,2017,7,8,5,3,0,1,1,0,0,0,0,0,0,0,638734.2651,5356765.1165,10.872516639,48.348816369,1,#66c2a5,bicycle
178554,"9,17E+18",9,7,61,0,2017,7,17,5,3,2,2,0,1,0,0,0,0,0,0,639395.6451,5360066.1195,10.882532241,48.378352561,2,#fc8d62,car
178595,"9,17E+18",9,2,74,126,2017,7,22,5,3,5,3,1,1,0,0,0,0,2,0,732928958.0,5383191636.0,12.156980067,48.558505615,1,#66c2a5,bicycle
178596,"9,17E+18",9,2,61,0,2017,7,17,5,3,1,5,1,1,0,0,0,0,0,1,732438439.0,5380777.83,12.148995453,48.537005063,1,#66c2a5,bicycle
178597,"9,17E+18",9,2,61,0,2017,7,11,5,3,6,4,0,1,1,0,0,0,0,0,732666.5609,5382519.6528,12.153053818,48.552566808,2,#fc8d62,car
178598,"9,17E+18",9,2,61,0,2017,7,17,5,3,5,3,1,1,0,0,0,0,0,0,731605.9808,5382480.74,12.138681915,48.552609744,1,#66c2a5,bicycle
178599,"9,17E+18",9,2,61,0,2017,7,20,5,3,0,6,0,1,0,1,0,0,1,0,732952.1185,5380981576.0,12.156057497,48.538644802,2,#fc8d62,car
178601,"9,17E+18",9,1,90,115,2017,7,19,5,3,5,3,0,1,0,0,0,0,0,0,670940.8248,5303376443.0,11.285496017,47.860968989,2,#fc8d62,car
178606,"9,17E+18",9,1,63,0,2017,7,16,5,3,5,3,0,1,0,0,0,0,0,1,732316883.0,5305218141.0,12.106007366,47.858262126,2,#fc8d62,car
178608,"9,17E+18",9,1,63,0,2017,7,9,5,3,5,3,0,1,0,0,0,1,0,0,733690.5035,5304483.5168,12.123947281,47.851164238,2,#fc8d62,car
178611,"9,17E+18",9,1,82,120,2017,7,12,5,3,4,6,1,0,0,1,0,0,0,0,702353.1726,5306481.2128,11.706489113,47.879749006,1,#66c2a5,bicycle
178615,"9,17E+18",9,1,79,142,2017,7,10,5,3,6,2,0,1,1,0,0,0,0,0,674197.0044,5342896256.0,11.345070454,48.21536309,2,#fc8d62,car
178616,"9,17E+18",9,1,88,121,2017,7,14,5,3,5,3,0,1,0,0,0,0,0,1,671003.2626,5330939.4403,11.297305001,48.108743852,2,#fc8d62,car
178617,"9,17E+18",9,1,79,121,2017,7,12,5,3,5,7,1,1,0,0,0,0,0,0,665647.8039,5337454.8022,11.227949721,48.168733335,1,#66c2a5,bicycle
178618,"9,17E+18",9,1,77,117,2017,7,14,5,3,0,7,0,1,0,0,0,0,0,0,715451768.0,5354710129.0,11.90579543,48.308851677,2,#fc8d62,car
178619,"9,17E+18",9,1,75,124,2017,7,18,5,3,8,1,1,1,0,0,0,0,0,1,715391.7194,5328027.6361,11.891456895,48.069120133,1,#66c2a5,bicycle
178620,"9,17E+18",9,1,77,127,2017,7,11,5,2,0,7,1,0,0,0,0,0,0,0,725147.3397,5346868.2518,12.032198065,48.235023124,1,#66c2a5,bicycle
178621,"9,17E+18",9,1,62,0,2017,7,13,4,3,1,5,0,1,0,1,0,0,0,0,691401.4857,5334024.1461,11.57245408,48.130666838,2,#fc8d62,car
178622,"9,17E+18",9,1,62,0,2017,7,7,4,3,5,2,0,1,0,1,0,0,0,1,692457.7454,5332123.5551,11.585777328,48.113266173,2,#fc8d62,car
178623,"9,17E+18",9,1,62,0,2017,7,15,4,3,0,1,1,0,0,0,0,0,0,0,694202.8848,5331303.4715,11.608825832,48.105365797,1,#66c2a5,bicycle
178624,"9,17E+18",9,1,62,0,2017,7,16,4,3,8,1,1,0,0,0,0,0,0,0,695027552.0,5338328.1749,11.623108242,48.16824871,1,#66c2a5,bicycle
178625,"9,17E+18",9,1,62,0,2017,7,17,4,2,6,3,1,0,1,0,0,0,0,0,693378.4839,5336109.96,11.599943966,48.148815948,1,#66c2a5,bicycle
178626,"9,17E+18",9,1,62,0,2017,7,8,4,3,3,5,1,1,0,0,0,0,0,0,691849717.0,5337007684.0,11.579816314,48.157347441,1,#66c2a5,bicycle
178627,"9,17E+18",9,1,62,0,2017,7,13,4,3,3,6,0,1,0,1,0,0,0,0,689967626.0,5333545756.0,11.552989531,48.126796605,2,#fc8d62,car
178628,"9,17E+18",9,1,62,0,2017,7,7,4,3,0,7,0,1,0,1,0,0,0,1,690984.4978,5336639836.0,11.568028704,48.154301702,2,#fc8d62,car
178629,"9,17E+18",9,1,62,0,2017,7,19,4,3,5,3,0,1,0,0,0,1,0,0,697256.7761,5334082.4507,11.651090653,48.129403271,2,#fc8d62,car
178630,"9,17E+18",9,1,62,0,2017,7,15,4,3,6,7,0,0,1,0,0,1,0,0,695863.1102,5332828.3037,11.631804374,48.118561994,3,#8da0cb,toilet
178631,"9,17E+18",9,1,62,0,2017,7,3,4,3,1,1,0,1,0,0,0,0,2,0,692917.2274,5333927.0748,11.592760297,48.129336794,2,#fc8d62,car
178632,"9,17E+18",9,1,62,0,2017,7,16,4,3,3,6,1,0,0,0,0,0,0,0,683075.1605,5335588.6345,11.461329494,48.147178927,1,#66c2a5,bicycle
178633,"9,17E+18",9,1,62,0,2017,7,10,4,3,1,5,0,0,0,0,0,1,0,0,686436.1547,5339440.8252,11.508160003,48.180827455,6,#ffd92f,circle
178634,"9,17E+18",9,1,84,127,2017,7,7,4,1,4,6,0,1,0,0,0,1,0,0,701770.0243,5322163.4753,11.706051643,48.020872863,2,#fc8d62,car
178635,"9,17E+18",9,1,62,0,2017,7,23,4,3,2,2,1,1,0,0,0,0,2,0,692842522.0,5334976397.0,11.592232319,48.138790486,1,#66c2a5,bicycle
178636,"9,17E+18",9,1,62,0,2017,7,21,4,3,3,6,1,0,0,0,0,0,2,0,684121866.0,5338636.4921,11.476707374,48.17427257,1,#66c2a5,bicycle
178637,"9,17E+18",9,1,62,0,2017,7,14,4,3,3,2,1,1,0,0,0,0,0,0,685879.4624,5332253.5512,11.497539692,48.116388571,1,#66c2a5,bicycle
178638,"9,17E+18",9,1,62,0,2017,7,8,4,3,3,7,1,1,0,0,0,0,0,0,696986.2055,5331586.6909,11.646305288,48.107056693,1,#66c2a5,bicycle
178639,"9,17E+18",9,1,62,0,2017,7,20,4,3,3,6,0,1,0,1,0,0,0,0,691711.7809,5333701.1292,11.576474789,48.127670219,2,#fc8d62,car
178640,"9,17E+18",9,1,62,0,2017,7,10,4,3,6,2,0,0,1,0,0,1,0,0,689058.9518,5332577.0296,11.540360638,48.11836007,3,#8da0cb,toilet
178641,"9,17E+18",9,1,62,0,2017,7,18,4,3,0,7,1,0,0,0,0,0,0,0,691258.6079,5336263.5608,11.571541519,48.150837415,1,#66c2a5,bicycle
178649,"9,17E+18",9,7,72,184,2017,7,17,4,3,5,3,0,1,0,1,0,0,0,0,635771.7309,5361589.9952,10.834110294,48.392845445,2,#fc8d62,car
178650,"9,17E+18",9,7,61,0,2017,7,11,4,3,5,3,1,1,0,0,0,0,0,0,639224.8293,5360188.6837,10.880267272,48.379492342,1,#66c2a5,bicycle
178651,"9,17E+18",9,7,61,0,2017,7,17,4,3,9,1,0,1,0,0,0,0,0,0,644299.7297,5358583.0957,10.948213622,48.363915606,2,#fc8d62,car
178652,"9,17E+18",9,7,61,0,2017,7,16,4,3,5,3,1,1,0,0,0,0,0,0,641775.2525,5361961.5943,10.915289851,48.394865602,1,#66c2a5,bicycle
178653,"9,17E+18",9,7,61,0,2017,7,16,4,3,4,6,1,0,0,0,0,0,0,0,639610.2128,5357432.0148,10.884553992,48.354619945,1,#66c2a5,bicycle
178654,"9,17E+18",9,7,61,0,2017,7,17,4,3,0,7,1,0,0,0,0,0,0,0,641022.7313,5351450.0528,10.901608827,48.300518032,1,#66c2a5,bicycle
178655,"9,17E+18",9,7,61,0,2017,7,14,4,3,1,5,1,1,0,0,0,0,0,0,641018.3276,5356537.7364,10.903251266,48.346266007,1,#66c2a5,bicycle
178656,"9,17E+18",9,7,61,0,2017,7,14,4,3,3,7,0,1,0,0,0,1,0,0,640852.3546,5359245.2037,10.901918792,48.370647673,2,#fc8d62,car
178657,"9,17E+18",9,7,61,0,2017,7,15,4,3,0,5,0,1,0,1,0,0,0,0,639817.4495,5359035.9203,10.88788288,48.368995979,2,#fc8d62,car
178689,"9,17E+18",9,2,61,0,2017,7,16,4,3,8,1,1,0,0,0,0,0,0,0,731768.1543,5379654.5355,12.139304442,48.527162577,1,#66c2a5,bicycle
178691,"9,17E+18",9,1,90,157,2017,7,18,4,3,5,7,1,1,0,0,0,0,0,0,660426.2123,5301105.3447,11.144177458,47.843260967,1,#66c2a5,bicycle
178695,"9,17E+18",9,1,63,0,2017,7,8,4,3,3,6,0,1,0,0,0,1,0,0,732577.8025,5304726.0712,12.109225908,47.853746926,2,#fc8d62,car
178698,"9,17E+18",9,1,79,142,2017,7,9,4,3,5,3,1,1,0,0,0,0,0,0,674280.1853,5343895.8748,11.346600141,48.224326113,1,#66c2a5,bicycle
178699,"9,17E+18",9,1,79,119,2017,7,17,4,2,5,2,1,1,0,0,0,0,0,0,669189.5295,5339349.3085,11.276301231,48.184831721,1,#66c2a5,bicycle
178700,"9,17E+18",9,1,79,121,2017,7,16,4,2,5,3,0,1,0,0,0,0,0,0,666959.4626,5338684.71,11.246060505,48.179447018,2,#fc8d62,car
178701,"9,17E+18",9,1,74,141,2017,7,17,4,3,2,6,0,1,0,0,0,0,0,0,680599.4981,5353715.1119,11.435801429,48.310820303,2,#fc8d62,car
178702,"9,17E+18",9,1,77,117,2017,7,10,4,3,5,2,1,1,0,0,0,0,0,0,715599.3887,5354001.8809,11.90742196,48.302437698,1,#66c2a5,bicycle
178703,"9,17E+18",9,1,62,0,2017,7,9,3,3,5,3,1,1,0,0,0,0,0,0,693461.9724,5329178.5851,11.597920489,48.086493225,1,#66c2a5,bicycle
178704,"9,17E+18",9,1,62,0,2017,7,10,3,3,1,6,0,1,0,0,0,0,0,0,688870.3817,5334947.9645,11.538880257,48.139726334,2,#fc8d62,car
178705,"9,17E+18",9,1,62,0,2017,7,15,3,3,6,4,0,1,1,0,0,0,0,0,687292901.0,5335545.3188,11.517959123,48.145561797,2,#fc8d62,car
178706,"9,17E+18",9,1,62,0,2017,7,8,3,3,5,2,1,0,0,0,0,0,0,0,685522.3035,5333661.4164,11.49335822,48.129147272,1,#66c2a5,bicycle
178707,"9,17E+18",9,1,62,0,2017,7,8,3,3,2,6,0,1,0,0,0,0,0,0,686283762.0,5333271.0374,11.503411222,48.125416007,2,#fc8d62,car
178708,"9,17E+18",9,1,62,0,2017,7,15,3,3,5,2,0,1,0,0,0,0,0,0,693625.8438,5333336.3974,11.602005413,48.12381281,2,#fc8d62,car
178709,"9,17E+18",9,1,62,0,2017,7,9,3,3,5,3,1,1,1,0,0,0,0,0,691875.8902,5335866.0955,11.579653233,48.147079157,1,#66c2a5,bicycle
178710,"9,17E+18",9,1,62,0,2017,7,18,3,3,5,3,1,0,0,0,0,0,0,0,691031.5126,5333655.6491,11.567321599,48.127465954,1,#66c2a5,bicycle
178711,"9,17E+18",9,1,62,0,2017,7,15,3,3,5,3,1,1,0,0,0,0,0,0,684118437.0,5337483484.0,11.476162027,48.163909742,1,#66c2a5,bicycle
178712,"9,17E+18",9,1,62,0,2017,7,18,3,3,4,2,0,1,0,0,0,0,0,0,684469.0699,5332864.2792,11.478871879,48.122288262,2,#fc8d62,car
178713,"9,17E+18",9,1,62,0,2017,7,14,3,3,3,2,1,0,0,0,0,1,0,0,691526.5008,5336754.0525,11.5753604,48.15516527,1,#66c2a5,bicycle
178714,"9,17E+18",9,1,62,0,2017,7,15,3,2,0,7,1,0,0,0,0,0,0,0,686947.6819,5327973.7838,11.510004127,48.077607679,1,#66c2a5,bicycle
178715,"9,17E+18",9,1,62,0,2017,7,18,3,3,0,2,1,0,0,0,0,1,0,0,685069631.0,5339260.5172,11.489715459,48.179606275,1,#66c2a5,bicycle
178716,"9,17E+18",9,1,62,0,2017,7,11,3,3,2,6,1,1,0,0,0,0,0,0,693612583.0,5329216838.0,11.599958158,48.086791309,1,#66c2a5,bicycle
178717,"9,17E+18",9,1,62,0,2017,7,16,3,3,6,6,1,0,1,0,0,0,0,0,682953.3918,5335800.5316,11.459785027,48.14911863,1,#66c2a5,bicycle
178718,"9,17E+18",9,1,62,0,2017,7,17,3,3,2,6,0,1,0,0,0,1,0,0,683355.0336,5338977.5656,11.466549431,48.177560032,2,#fc8d62,car
178719,"9,17E+18",9,1,62,0,2017,7,15,3,3,5,2,1,1,0,0,0,0,0,0,689805.8229,5335987.5414,11.551905392,48.148791733,1,#66c2a5,bicycle
178720,"9,17E+18",9,1,62,0,2017,7,5,3,2,1,6,0,1,0,1,0,0,0,0,686206.9101,5334577.9057,11.502950583,48.137185129,2,#fc8d62,car
178721,"9,17E+18",9,1,62,0,2017,7,20,3,3,0,7,1,1,0,0,0,0,0,0,685922.7702,5329312.4248,11.49683961,48.089939709,1,#66c2a5,bicycle
178722,"9,17E+18",9,1,84,136,2017,7,14,3,2,0,7,1,0,0,0,0,0,0,0,699541.8047,5327162.7827,11.678531758,48.066502792,1,#66c2a5,bicycle
178723,"9,17E+18",9,1,62,0,2017,7,16,3,3,1,5,0,1,0,0,0,0,0,0,698828543.0,5333253.4282,11.671804432,48.121463683,2,#fc8d62,car
178724,"9,17E+18",9,1,62,0,2017,7,8,3,2,5,3,0,1,0,0,0,0,0,0,699133.3776,5329063.2689,11.673940925,48.083710581,2,#fc8d62,car
178725,"9,17E+18",9,1,62,0,2017,7,15,3,3,5,3,1,0,0,0,0,0,0,0,692022264.0,5334953.7598,11.581207653,48.138835081,1,#66c2a5,bicycle
178726,"9,17E+18",9,1,62,0,2017,7,6,3,3,4,2,0,1,0,0,0,0,0,0,694606.0463,5334967.8221,11.615908579,48.13817654,2,#fc8d62,car
178727,"9,17E+18",9,1,62,0,2017,7,8,3,3,0,5,1,1,0,0,0,0,0,0,690276.6357,5334204.2806,11.557432099,48.132623144,1,#66c2a5,bicycle
178728,"9,17E+18",9,1,62,0,2017,7,9,3,3,0,2,1,1,0,0,0,0,0,0,693218.2333,5336193.8387,11.597829793,48.14961852,1,#66c2a5,bicycle
178729,"9,17E+18",9,1,62,0,2017,7,22,3,3,0,7,1,0,0,0,0,0,2,0,691879.3365,5335878.1839,11.579704966,48.147186766,1,#66c2a5,bicycle
178730,"9,17E+18",9,1,62,0,2017,7,14,3,3,3,7,1,1,0,0,0,0,0,0,690942.7924,5334294703.0,11.56641687,48.133236354,1,#66c2a5,bicycle
178743,"9,17E+18",9,7,77,121,2017,7,8,3,3,5,3,1,1,0,0,0,0,0,0,628737.8117,5321764.1959,10.727047119,48.036178091,1,#66c2a5,bicycle
178745,"9,17E+18",9,7,72,178,2017,7,14,3,2,9,1,1,0,0,0,0,0,0,0,621572.7027,5343005.4305,10.637029383,48.22861169,1,#66c2a5,bicycle
178746,"9,17E+18",9,7,71,146,2017,7,11,3,3,6,2,0,1,1,0,0,0,0,0,647425.3169,5347988.9866,10.986683471,48.267938961,2,#fc8d62,car
178747,"9,17E+18",9,7,71,146,2017,7,14,3,3,5,3,0,1,0,0,0,1,0,0,647629124.0,5347455.9572,10.989242169,48.263098842,2,#fc8d62,car
178748,"9,17E+18",9,7,61,0,2017,7,17,3,3,4,2,0,1,0,1,0,0,0,0,636799.3961,5360122.7213,10.847507569,48.379429779,2,#fc8d62,car
178785,"9,17E+18",9,2,74,146,2017,7,10,3,3,4,6,1,0,0,0,0,0,0,0,733376.4869,5377501.0126,12.159850466,48.50722242,1,#66c2a5,bicycle
178786,"9,17E+18",9,2,61,0,2017,7,20,3,3,0,6,0,1,0,1,0,0,0,0,732796106.0,5380497911.0,12.153677031,48.534358074,2,#fc8d62,car
178787,"9,17E+18",9,2,74,126,2017,7,9,3,3,0,1,1,0,0,0,0,0,0,0,733397.1118,5384074.5729,12.163810175,48.566262616,1,#66c2a5,bicycle
178788,"9,17E+18",9,2,61,0,2017,7,11,3,3,2,6,1,1,0,0,0,0,0,0,734127.5508,5381710.6219,12.172366622,48.544756088,1,#66c2a5,bicycle
178794,"9,17E+18",9,1,63,0,2017,7,14,3,3,5,3,1,1,0,0,0,0,0,0,733451.9368,5305282.6438,12.121194286,47.85843032,1,#66c2a5,bicycle
178800,"9,17E+18",9,1,79,145,2017,7,11,3,3,0,7,1,0,0,0,0,0,0,0,676397689.0,5339422501.0,11.373226704,48.183529119,1,#66c2a5,bicycle
178801,"9,17E+18",9,1,79,126,2017,7,10,3,2,0,7,1,0,0,0,0,0,0,0,675649.3511,5341533.9156,11.364040974,48.202716428,1,#66c2a5,bicycle
178802,"9,17E+18",9,1,79,123,2017,7,18,3,3,0,7,1,1,0,0,0,0,0,1,674676.9995,5333277.0462,11.347574203,48.128760774,1,#66c2a5,bicycle
178803,"9,17E+18",9,1,88,120,2017,7,16,3,3,3,6,1,0,0,0,0,0,0,0,678287.2998,5325914.6566,11.392976726,48.061578017,1,#66c2a5,bicycle
178804,"9,17E+18",9,1,79,125,2017,7,11,3,3,1,5,0,1,0,0,0,0,0,0,660387.1761,5332618.2457,11.155425175,48.126599152,2,#fc8d62,car
178805,"9,17E+18",9,1,74,115,2017,7,23,3,3,8,1,0,1,0,0,0,0,2,0,682147953.0,5345806.7999,11.453258687,48.23929252,2,#fc8d62,car
178806,"9,17E+18",9,1,78,143,2017,7,11,3,3,3,6,1,0,0,0,0,1,0,0,717144.0303,5372454.9055,11.937758031,48.467705911,1,#66c2a5,bicycle
178807,"9,17E+18",9,1,77,130,2017,7,16,3,3,4,6,0,0,0,1,0,0,0,0,710269.1225,5350328.6378,11.833806253,48.271224799,4,#e78ac3,marker
178808,"9,17E+18",9,1,62,0,2017,7,19,2,3,2,6,1,1,0,0,0,0,0,0,691472.4135,5336254.1781,11.574408983,48.150688759,1,#66c2a5,bicycle
178809,"9,17E+18",9,1,84,147,2017,7,17,5,3,1,6,0,1,0,1,0,0,0,1,695585931.0,5339596031.0,11.631193522,48.179471908,2,#fc8d62,car
178810,"9,17E+18",9,1,62,0,2017,7,5,5,3,3,7,0,1,0,1,0,0,1,0,683400.4823,5337556.1294,11.466547063,48.164770239,2,#fc8d62,car
178811,"9,17E+18",9,1,77,117,2017,7,11,6,3,0,7,1,0,0,0,0,0,0,0,715710.0234,5353844.7852,11.908831638,48.300988471,1,#66c2a5,bicycle
178812,"9,17E+18",9,1,78,124,2017,7,17,6,3,5,3,0,1,0,1,0,0,0,0,702545.2665,5363494.0584,11.736163862,48.39205175,2,#fc8d62,car
178813,"9,17E+18",9,1,62,0,2017,7,11,5,3,1,5,1,1,0,0,0,0,0,0,686865.3217,5333831.8021,11.511464739,48.130285909,1,#66c2a5,bicycle
178814,"9,17E+18",9,1,62,0,2017,7,13,5,3,5,3,0,1,0,0,0,0,0,0,684504.1262,5333259.6074,11.479513623,48.125831534,2,#fc8d62,car
178816,"9,17E+18",9,1,63,0,2017,7,7,6,3,5,3,1,1,0,0,0,0,0,0,732463.1185,5304600.3796,12.107627547,47.852659177,1,#66c2a5,bicycle
178817,"9,17E+18",9,1,88,139,2017,7,16,6,3,0,1,0,0,0,1,0,0,0,1,675866526.0,5319019048.0,11.357683005,48.0002618,4,#e78ac3,marker
178820,"9,17E+18",9,1,88,144,2017,7,18,6,3,0,7,1,0,0,0,0,0,0,0,669808.2796,5328813.5862,11.280418712,48.089952346,1,#66c2a5,bicycle
178821,"9,17E+18",9,1,62,0,2017,7,12,5,3,0,3,1,1,0,0,0,0,0,0,685076.9433,5339324.8306,11.489841744,48.18018222,1,#66c2a5,bicycle
178822,"9,17E+18",9,1,62,0,2017,7,9,5,3,5,3,1,0,0,0,0,0,0,0,690141037.0,5338084591.0,11.557344809,48.167539839,1,#66c2a5,bicycle