OBJECTID,UIDENTSTLA,ULAND,UREGBEZ,UKREIS,UGEMEINDE,UJAHR,UMONAT,USTUNDE,UWOCHENTAG,UKATEGORIE,UART,UTYP1,IstRad,IstPKW,IstFuss,IstKrad,IstGkfz,IstSonstig,ULICHTVERH,STRZUSTAND,LINREFX,LINREFY,XGCSWGS84,YGCSWGS84,Teilnehmer,color,symbol
178825,"9,17E+18",9,1,62,0,2017,7,9,5,3,0,7,1,0,1,0,0,0,0,0,692245.6347,5334298.1844,11.583911229,48.132875447,1,#66c2a5,bicycle
178826,"9,17E+18",9,1,62,0,2017,7,8,5,2,5,2,1,1,0,0,0,0,0,0,693817.1589,5334380.5085,11.605048474,48.13313873,1,#66c2a5,bicycle
178827,"9,17E+18",9,1,84,120,2017,7,17,5,3,0,1,1,0,0,0,0,0,0,1,682431.9071,5333014.8426,11.451587315,48.124228623,1,#66c2a5,bicycle
178828,"9,17E+18",9,1,62,0,2017,7,18,5,3,4,7,0,1,0,1,0,0,0,1,692122.0842,5336747.8345,11.583357671,48.154929741,2,#fc8d62,car
178829,"9,17E+18",9,1,62,0,2017,7,17,5,3,5,3,0,1,0,0,0,0,0,0,689126.5666,5334737.0258,11.542226828,48.137754302,2,#fc8d62,car
178830,"9,17E+18",9,1,77,123,2017,7,11,6,2,5,3,1,1,0,0,0,0,0,0,726438.7822,5343919.8565,12.047990812,48.208074746,1,#66c2a5,bicycle
178831,"9,17E+18",9,1,78,130,2017,7,9,6,3,5,2,0,1,0,1,0,0,0,0,703631536.0,5354378207.0,11.746411779,48.30978448,2,#fc8d62,car
178832,"9,17E+18",9,1,62,0,2017,7,14,5,3,2,2,0,1,0,1,0,0,0,1,691485.0399,5340369.0217,11.576431607,48.187668436,2,#fc8d62,car
178833,"9,17E+18",9,1,62,0,2017,7,16,5,3,5,2,1,1,0,0,0,0,0,1,695824981.0,5330745339.0,11.630336456,48.099853033,1,#66c2a5,bicycle
178834,"9,17E+18",9,1,75,122,2017,7,7,2,3,5,3,1,1,0,0,0,0,0,0,721278.2328,5325832.1415,11.969234437,48.047379017,1,#66c2a5,bicycle
178835,"9,17E+18",9,1,62,0,2017,7,18,1,3,2,6,0,1,0,0,0,0,0,0,689275.3449,5340133.8789,11.54662604,48.186217218,2,#fc8d62,car
178836,"9,17E+18",9,1,84,149,2017,7,13,1,3,1,7,1,1,0,0,0,0,0,0,691181.8185,5349606.8487,11.576523151,48.270786898,1,#66c2a5,bicycle
178837,"9,17E+18",9,1,84,123,2017,7,6,1,3,8,7,0,1,0,0,0,0,1,1,704300.6187,5333890.0145,11.745555425,48.12545228,2,#fc8d62,car
178838,"9,17E+18",9,1,88,127,2017,7,16,1,2,0,7,1,0,0,0,0,1,0,0,678477.2722,5330100.8888,11.39727294,48.099155707,1,#66c2a5,bicycle
178839,"9,17E+18",9,1,62,0,2017,7,18,1,3,1,1,1,1,0,0,0,0,0,0,693756.6665,5332038.6156,11.603171858,48.112108933,1,#66c2a5,bicycle
178840,"9,17E+18",9,1,62,0,2017,7,21,1,3,5,3,0,1,0,0,0,0,2,0,694186605.0,5334320019.0,11.6099812,48.132482461,2,#fc8d62,car
178841,"9,17E+18",9,1,62,0,2017,7,18,1,3,2,7,0,1,0,1,0,0,0,0,688008.1408,5339598.2037,11.529356559,48.181778799,2,#fc8d62,car
178842,"9,17E+18",9,1,62,0,2017,7,21,1,3,5,3,1,1,0,0,0,0,2,1,690623.9315,5333771.7092,11.56190161,48.128631281,1,#66c2a5,bicycle
178843,"9,17E+18",9,1,62,0,2017,7,17,1,3,4,6,1,0,0,0,0,0,0,0,694939.6485,5331681.1959,11.618885035,48.108535621,1,#66c2a5,bicycle
178844,"9,17E+18",9,1,62,0,2017,7,19,1,3,0,3,0,1,0,1,0,0,0,0,688574.5449,5332296.1026,11.533734099,48.11597868,2,#fc8d62,car
178845,"9,17E+18",9,1,62,0,2017,7,11,1,3,0,1,1,0,0,0,0,0,0,0,690092575.0,5334926.4591,11.555283035,48.139169096,1,#66c2a5,bicycle
178846,"9,17E+18",9,1,62,0,2017,7,14,1,2,6,4,1,0,1,0,0,0,0,0,691132.9429,5337123.9767,11.570240125,48.158608505,1,#66c2a5,bicycle
178847,"9,17E+18",9,1,62,0,2017,7,5,1,3,9,1,0,1,0,0,0,0,1,1,693507.2292,5336793.2764,11.601983748,48.154918213,2,#fc8d62,car
178853,"9,17E+18",9,7,72,163,2017,7,11,1,2,4,1,1,1,0,0,0,0,0,0,640014.1224,5349270109.0,10.887293329,48.281140344,1,#66c2a5,bicycle
178854,"9,17E+18",9,7,61,0,2017,7,3,1,3,2,6,0,1,0,0,0,0,2,1,639114904.0,5359145.3047,10.878438272,48.37013478,2,#fc8d62,car
178855,"9,17E+18",9,7,61,0,2017,7,10,1,3,5,3,0,1,0,0,0,0,0,0,639037.2526,5362850.1861,10.878616437,48.403465223,2,#fc8d62,car
178856,"9,17E+18",9,7,61,0,2017,7,11,1,1,0,7,1,0,0,0,0,0,0,0,642271.7782,5361145.6551,10.921717295,48.387417251,1,#66c2a5,bicycle
178857,"9,17E+18",9,7,71,113,2017,7,4,1,3,6,4,0,1,1,0,0,0,2,0,652190.2233,5367615.1323,11.057949606,48.443267519,2,#fc8d62,car
178886,"9,17E+18",9,1,87,179,2017,7,19,1,3,0,3,0,1,1,0,0,0,0,0,721901736.0,5316019.6424,11.97251509,47.958996911,2,#fc8d62,car
178887,"9,17E+18",9,1,81,131,2017,7,15,1,3,0,7,0,0,0,0,0,1,0,0,634480.9855,5334217.1385,10.807976717,48.146978282,6,#ffd92f,circle
178888,"9,17E+18",9,1,79,126,2017,7,13,1,3,0,1,0,1,0,1,0,0,0,0,676274.7188,5340693.1931,11.372101131,48.19498572,2,#fc8d62,car
178889,"9,17E+18",9,1,88,121,2017,7,0,1,3,5,3,0,1,0,0,0,0,2,0,670063845.0,5329282.1273,11.28403459,48.094096339,2,#fc8d62,car
178890,"9,17E+18",9,1,79,132,2017,7,17,1,3,4,6,0,1,0,0,0,1,0,0,661149.8517,5336746.2629,11.167229652,48.163519548,2,#fc8d62,car
178891,"9,17E+18",9,1,62,0,2017,7,18,7,3,5,3,0,1,0,0,0,0,0,0,685795.4133,5339526.2075,11.49958585,48.181782584,2,#fc8d62,car
178892,"9,17E+18",9,1,62,0,2017,7,15,7,3,0,7,1,0,0,0,0,1,0,0,693275.5761,5333849.5935,11.597536147,48.128531708,1,#66c2a5,bicycle
178893,"9,17E+18",9,1,62,0,2017,7,11,7,3,6,1,0,1,1,0,0,0,0,0,696396.0859,5336210.4099,11.640517154,48.148794239,2,#fc8d62,car
178894,"9,17E+18",9,1,62,0,2017,7,19,7,3,0,7,0,1,0,0,0,0,0,0,690803849.0,5338135.4911,11.566273026,48.167798725,2,#fc8d62,car
178895,"9,17E+18",9,1,62,0,2017,7,0,7,3,5,3,0,1,0,0,0,0,2,0,691245099.0,5335302844.0,11.570928512,48.142206662,2,#fc8d62,car
178896,"9,17E+18",9,1,62,0,2017,7,15,7,3,6,7,1,0,1,0,0,0,0,0,692083396.0,5339727255.0,11.584183849,48.181719761,1,#66c2a5,bicycle
178897,"9,17E+18",9,1,62,0,2017,7,13,7,3,3,2,1,1,0,0,0,0,0,0,679405541.0,5337076281.0,11.412666804,48.161596864,1,#66c2a5,bicycle
178898,"9,17E+18",9,1,62,0,2017,7,12,7,3,2,6,0,1,0,0,0,0,0,0,688694481.0,5337869.4853,11.537813461,48.166037487,2,#fc8d62,car
178899,"9,17E+18",9,1,62,0,2017,7,18,7,3,0,1,0,0,0,1,0,0,0,0,690355.96,5333510.2261,11.558187123,48.12636126,4,#e78ac3,marker
178900,"9,17E+18",9,1,62,0,2017,7,16,7,3,3,6,0,1,0,0,0,1,0,0,694593.8683,5336073.3235,11.616250258,48.148116039,2,#fc8d62,car
178901,"9,17E+18",9,1,62,0,2017,7,20,7,3,4,7,0,1,0,1,0,0,0,0,693004915.0,5333847994.0,11.593901728,48.128599454,2,#fc8d62,car
178902,"9,17E+18",9,1,62,0,2017,7,16,7,3,2,6,0,1,0,0,0,0,0,0,692293.9824,5338201.2053,11.586323629,48.167940336,2,#fc8d62,car
178903,"9,17E+18",9,1,62,0,2017,7,11,7,3,5,3,0,1,0,1,0,0,0,0,692621.9386,5334815.7906,11.589197698,48.137413803,2,#fc8d62,car
178906,"9,17E+18",9,7,78,116,2017,7,2,7,2,0,1,1,0,0,0,0,0,2,0,620148.1691,5319387.1874,10.61119744,48.016474429,1,#66c2a5,bicycle
178909,"9,17E+18",9,7,72,130,2017,7,11,7,3,0,7,1,1,0,0,0,0,0,0,631644.5495,5356198.3594,10.77669763,48.345237483,1,#66c2a5,bicycle
178910,"9,17E+18",9,7,72,136,2017,7,23,7,3,1,5,1,1,0,0,0,0,2,0,638031.0571,5384529.4482,10.872196006,48.598617795,1,#66c2a5,bicycle
178911,"9,17E+18",9,7,72,202,2017,7,11,7,3,5,3,1,1,0,0,0,0,0,0,637176.5955,5357076.2143,10.851605399,48.351953975,1,#66c2a5,bicycle
178912,"9,17E+18",9,7,61,0,2017,7,13,7,3,7,1,1,0,0,0,0,0,0,0,640122.6481,5359551.5893,10.892173326,48.373565032,1,#66c2a5,bicycle
178913,"9,17E+18",9,7,61,0,2017,7,13,7,3,0,1,1,0,0,0,0,0,0,0,640522.1144,5359384.5904,10.897508711,48.371974608,1,#66c2a5,bicycle
178914,"9,17E+18",9,7,71,144,2017,7,14,7,3,4,6,1,0,0,1,0,0,0,0,662140.0075,5376658.1637,11.19590129,48.522078941,1,#66c2a5,bicycle
178941,"9,17E+18",9,2,74,126,2017,7,20,7,3,0,1,1,0,0,0,0,0,0,0,733317.7639,5382374.5445,12.161783525,48.551021485,1,#66c2a5,bicycle
178942,"9,17E+18",9,2,74,113,2017,7,12,7,3,1,5,1,0,0,0,0,1,0,0,728539.9794,5382223.6557,12.097054616,48.55142487,1,#66c2a5,bicycle
178944,"9,17E+18",9,1,90,144,2017,7,11,7,3,8,7,1,0,0,0,0,0,0,0,655877.8493,5307880.5138,11.085872956,47.905298348,1,#66c2a5,bicycle
178947,"9,17E+18",9,1,63,0,2017,7,16,7,3,0,7,0,1,0,1,0,0,0,0,731322384.0,5304111413.0,12.092139526,47.848677681,2,#fc8d62,car
178948,"9,17E+18",9,1,82,123,2017,7,16,7,3,7,7,1,0,0,0,0,1,0,0,718401.9284,5301339311.0,11.918268997,47.828287908,1,#66c2a5,bicycle
178949,"9,17E+18",9,1,82,120,2017,7,16,7,3,8,1,1,0,0,0,0,0,0,0,701456.3455,5306553.3057,11.694541355,47.880678927,1,#66c2a5,bicycle
178951,"9,17E+18",9,1,87,150,2017,7,14,7,3,0,1,1,0,0,0,0,0,0,0,728372.7178,5303978.6797,12.052698844,47.848539721,1,#66c2a5,bicycle
178954,"9,17E+18",9,1,88,117,2017,7,13,7,3,7,7,0,1,0,0,0,0,0,0,663060.7451,5315881.4767,11.184950425,47.975447336,2,#fc8d62,car
178955,"9,17E+18",9,1,79,121,2017,7,12,7,2,6,2,0,1,1,0,0,0,0,0,667069126.0,5338523.6939,11.247471298,48.177970661,2,#fc8d62,car
178956,"9,17E+18",9,1,79,121,2017,7,1,7,2,1,7,1,1,0,0,0,0,2,0,667618.3409,5338851.4485,11.254982879,48.180772511,1,#66c2a5,bicycle
178957,"9,17E+18",9,1,74,115,2017,7,19,7,3,5,7,0,1,0,0,0,0,0,0,682651.5889,5348027.0547,11.460993335,48.259104383,2,#fc8d62,car
178958,"9,17E+18",9,1,74,146,2017,7,15,7,3,5,3,0,1,0,1,0,0,0,0,668052.9138,5349955.8695,11.265228246,48.280484221,2,#fc8d62,car
178959,"9,17E+18",9,1,78,120,2017,7,16,7,3,3,6,0,1,0,0,0,0,0,0,695158004.0,5353348.4772,11.631779725,48.303201231,2,#fc8d62,car
178960,"9,17E+18",9,1,77,117,2017,7,22,7,3,0,1,1,0,0,0,0,0,2,0,715791527.0,5352488.8045,11.909236405,48.288777046,1,#66c2a5,bicycle
178961,"9,17E+18",9,1,62,0,2017,7,18,6,3,0,7,0,0,0,1,0,0,0,0,689040.2218,5333348.8983,11.540451498,48.125303297,4,#e78ac3,marker
178962,"9,17E+18",9,1,62,0,2017,7,12,6,3,0,4,0,0,1,1,0,0,0,0,691957.5461,5334976.9913,11.580349085,48.139063408,3,#8da0cb,toilet
178963,"9,17E+18",9,1,62,0,2017,7,11,6,3,5,2,1,1,0,0,0,0,0,0,691653.2346,5336376.0589,11.576892513,48.151729747,1,#66c2a5,bicycle
178964,"9,17E+18",9,1,62,0,2017,7,8,6,3,0,1,1,0,0,0,0,0,0,0,687599.6982,5329888.8764,11.519590616,48.09462971,1,#66c2a5,bicycle
178965,"9,17E+18",9,1,84,136,2017,7,7,6,3,4,7,0,1,0,0,0,0,0,0,697668.4821,5326645.2355,11.653174234,48.062434578,2,#fc8d62,car
178966,"9,17E+18",9,1,62,0,2017,7,23,6,3,1,7,0,1,0,1,0,0,2,0,691711.8262,5336523.4519,11.577745879,48.153036833,2,#fc8d62,car
178967,"9,17E+18",9,1,62,0,2017,7,20,6,3,3,2,1,1,0,0,0,0,0,0,687233.9988,5335118.2548,11.516980246,48.141740569,1,#66c2a5,bicycle
178968,"9,17E+18",9,1,62,0,2017,7,8,6,3,4,2,1,1,0,0,0,0,0,0,689448.9395,5337168.0957,11.547637641,48.159508995,1,#66c2a5,bicycle
178969,"9,17E+18",9,1,62,0,2017,7,7,6,2,4,6,1,0,0,0,0,0,0,0,689854.6795,5338582.1936,11.553719538,48.172097866,1,#66c2a5,bicycle
178970,"9,17E+18",9,1,84,144,2017,7,19,6,3,5,3,1,1,0,0,0,0,0,0,687515.0517,5320634.3654,11.514399393,48.011471226,1,#66c2a5,bicycle
178971,"9,17E+18",9,1,62,0,2017,7,14,6,3,3,7,0,1,0,1,0,0,0,0,694697.6814,5333469.3701,11.616454311,48.124681044,2,#fc8d62,car
178972,"9,17E+18",9,1,62,0,2017,7,12,6,3,5,3,0,1,0,0,0,0,0,0,690276.8786,5335641.4596,11.558077429,48.145540426,2,#fc8d62,car
178973,"9,17E+18",9,1,62,0,2017,7,14,6,3,0,5,0,1,0,0,0,1,0,0,687270287.0,5339051.6579,11.519199017,48.177084244,2,#fc8d62,car
178974,"9,17E+18",9,1,62,0,2017,7,11,6,3,5,3,0,1,0,0,0,0,0,0,687360.3773,5328714.6678,11.515864436,48.084145902,2,#fc8d62,car
178975,"9,17E+18",9,1,62,0,2017,7,11,6,3,0,7,1,1,0,0,0,0,0,0,692177.0417,5334366.5938,11.583021122,48.133511014,1,#66c2a5,bicycle
178976,"9,17E+18",9,1,62,0,2017,7,18,6,3,1,3,1,1,0,0,0,0,0,0,682829.5489,5335855732.0,11.458145275,48.149650416,1,#66c2a5,bicycle
178977,"9,17E+18",9,1,62,0,2017,7,7,6,3,6,2,0,0,1,0,0,1,0,0,680204.2754,5337068.5931,11.423395075,48.161301877,3,#8da0cb,toilet
178978,"9,17E+18",9,1,62,0,2017,7,10,6,3,1,5,0,1,0,1,0,0,0,0,686640.1224,5339530.4235,11.510940639,48.181572906,2,#fc8d62,car
178979,"9,17E+18",9,1,62,0,2017,7,16,6,3,1,5,0,0,0,0,0,1,0,0,686451101.0,5339193313.0,11.508252282,48.178598362,6,#ffd92f,circle
178980,"9,17E+18",9,1,62,0,2017,7,14,6,3,0,2,0,1,0,1,0,0,0,0,689415487.0,5340748643.0,11.548783814,48.191700935,2,#fc8d62,car
178981,"9,17E+18",9,1,62,0,2017,7,17,6,3,2,2,1,0,0,0,0,0,0,0,688277.4067,5335889.7747,11.531333756,48.148367219,1,#66c2a5,bicycle
178982,"9,17E+18",9,1,62,0,2017,7,13,6,3,2,6,0,1,0,0,0,1,0,0,686773.0369,5336720.7772,11.511492874,48.156280006,2,#fc8d62,car
178983,"9,17E+18",9,1,62,0,2017,7,12,6,3,5,2,1,0,0,1,0,0,0,0,688252.5034,5330322.6191,11.528540667,48.098335808,1,#66c2a5,bicycle
178984,"9,17E+18",9,1,84,123,2017,7,14,6,3,0,7,1,0,0,0,0,0,0,0,702787354.0,5331724115.0,11.724212983,48.106471543,1,#66c2a5,bicycle
178985,"9,17E+18",9,1,62,0,2017,7,7,6,3,4,2,1,1,0,0,0,0,0,0,697025.9225,5331204.5405,11.6466618,48.103609868,1,#66c2a5,bicycle
178986,"9,17E+18",9,1,62,0,2017,7,12,6,3,5,2,1,1,0,0,0,0,0,0,691985.0975,5332316.0824,11.579520388,48.115139234,1,#66c2a5,bicycle
178987,"9,17E+18",9,1,62,0,2017,7,7,6,3,5,3,0,1,0,1,0,0,0,0,693059.7642,5333945.6784,11.594682349,48.129460784,2,#fc8d62,car
178988,"9,17E+18",9,1,62,0,2017,7,9,6,3,5,2,1,1,0,0,0,0,0,0,692332.8154,5334253.4231,11.585061553,48.132446802,1,#66c2a5,bicycle
178989,"9,17E+18",9,1,62,0,2017,7,14,6,3,3,6,0,1,0,0,0,0,0,0,692221.4019,5335099.1585,11.583947311,48.140081773,2,#fc8d62,car
178999,"9,17E+18",9,7,73,125,2017,7,20,6,3,0,7,1,0,0,0,0,1,0,0,617002.9977,5381044.8823,10.58612328,48.57156489,1,#66c2a5,bicycle
179000,"9,17E+18",9,7,72,147,2017,7,11,6,3,5,3,0,1,0,0,0,0,0,0,636006.45,5364428.7825,10.838199304,48.418321004,2,#fc8d62,car
179001,"9,17E+18",9,7,72,159,2017,7,12,6,3,0,7,1,1,0,0,0,0,0,0,625180.9032,5361645.3106,10.6911252,48.395534247,1,#66c2a5,bicycle
179002,"9,17E+18",9,7,61,0,2017,7,17,6,3,3,2,0,1,0,1,0,0,0,0,637810355.0,5362943.9379,10.862079011,48.404577629,2,#fc8d62,car
179003,"9,17E+18",9,7,71,160,2017,7,18,6,3,8,6,0,1,0,0,0,0,0,0,654591229.0,5348862.9074,11.083505074,48.274087841,2,#fc8d62,car
179004,"9,17E+18",9,7,72,163,2017,7,10,6,3,3,6,1,0,0,0,0,0,0,0,640205.6406,5350360.6851,10.89023535,48.290904241,1,#66c2a5,bicycle
179005,"9,17E+18",9,7,72,163,2017,7,23,6,3,5,3,0,1,0,0,0,0,2,0,639367.3903,5349504.5642,10.878658039,48.283391243,2,#fc8d62,car
179006,"9,17E+18",9,7,61,0,2017,7,18,6,3,5,3,0,1,0,0,0,0,0,0,636791.9761,5360769.5125,10.847617955,48.385247272,2,#fc8d62,car
179007,"9,17E+18",9,7,61,0,2017,7,15,6,2,0,6,0,1,0,1,0,0,0,0,641713.3692,5359952.2236,10.913776596,48.376812148,2,#fc8d62,car
179008,"9,17E+18",9,7,71,113,2017,7,12,6,3,0,1,1,0,0,0,0,0,0,0,658266.9604,5369619.3587,11.140819692,48.459787569,1,#66c2a5,bicycle
179042,"9,17E+18",9,2,61,0,2017,7,8,6,3,2,3,1,1,0,0,0,0,0,0,732712.2665,5382338.2747,12.153570885,48.550920593,1,#66c2a5,bicycle
179043,"9,17E+18",9,2,61,0,2017,7,14,6,3,0,1,1,0,0,0,0,0,0,0,732397875.0,5380068986.0,12.148051611,48.530652714,1,#66c2a5,bicycle
179044,"9,17E+18",9,1,73,147,2017,7,18,6,2,5,3,0,1,0,1,0,0,0,0,681842.0097,5309450.4208,11.433672168,47.912576827,2,#fc8d62,car
179051,"9,17E+18",9,1,81,128,2017,7,12,6,3,5,3,1,1,0,0,0,0,0,0,637929.3207,5327681.5497,10.852197358,48.087469946,1,#66c2a5,bicycle
179052,"9,17E+18",9,1,62,0,2017,7,18,5,3,5,2,1,1,0,0,0,0,0,0,686936273.0,5337425635.0,11.513995398,48.162567493,1,#66c2a5,bicycle
179053,"9,17E+18",9,1,62,0,2017,7,11,5,3,6,3,0,1,1,0,0,0,0,0,687886.0964,5330356679.0,11.523639165,48.09875009,2,#fc8d62,car
179054,"9,17E+18",9,1,62,0,2017,7,16,5,3,5,3,0,0,0,1,0,1,0,1,684159.0067,5341223.4147,11.478327929,48.197514291,4,#e78ac3,marker
179056,"9,17E+18",9,1,62,0,2017,7,12,5,3,3,2,1,1,0,0,0,0,0,0,691199.5854,5340417663.0,11.572616731,48.188191596,1,#66c2a5,bicycle
179057,"9,17E+18",9,1,62,0,2017,7,18,5,3,0,7,1,0,0,0,0,1,0,0,689279396.0,5331857.8451,11.543000495,48.111830456,1,#66c2a5,bicycle
179058,"9,17E+18",9,1,88,124,2017,7,13,6,3,0,7,1,0,0,0,0,0,0,0,662189.4051,5317725.4001,11.173979865,47.992246994,1,#66c2a5,bicycle
179059,"9,17E+18",9,1,62,0,2017,7,17,5,3,5,2,0,1,1,0,0,0,0,1,689988505.0,5335291869.0,11.554048554,48.142484488,2,#fc8d62,car
179084,"9,17E+18",9,7,61,0,2017,7,10,5,3,1,1,1,0,0,0,0,0,0,0,639770439.0,5355566.1374,10.886096246,48.337806978,1,#66c2a5,bicycle
179085,"9,17E+18",9,7,61,0,2017,7,11,5,3,0,1,0,0,0,1,0,0,0,1,642178.0547,5358982.7331,10.919720482,48.367990395,4,#e78ac3,marker
179086,"9,17E+18",9,7,61,0,2017,7,21,5,3,0,1,1,1,0,0,0,0,2,1,639706.0879,5359304.6119,10.886469337,48.371436639,1,#66c2a5,bicycle
179087,"9,17E+18",9,7,61,0,2017,7,11,5,3,0,3,1,1,0,0,0,0,0,1,640506.0209,5359502.79,10.897331019,48.373041002,1,#66c2a5,bicycle
179088,"9,17E+18",9,2,61,0,2017,7,14,5,3,1,6,1,1,0,0,0,0,0,1,732750.2081,5381148.7997,12.153419706,48.540221835,1,#66c2a5,bicycle
179090,"9,17E+18",9,2,61,0,2017,7,16,5,3,0,1,0,0,0,1,0,0,0,1,733180.1322,5382164.5528,12.159803815,48.549186382,4,#e78ac3,marker
179098,"9,17E+18",9,1,87,124,2017,7,19,5,3,5,3,0,1,0,1,0,0,0,0,735683.2326,5327051.5404,12.162904338,48.053178678,2,#fc8d62,car
179101,"9,17E+18",9,1,79,142,2017,7,16,5,3,5,3,1,1,0,0,0,0,0,0,674217.2526,5342889.1388,11.345339879,48.215293553,1,#66c2a5,bicycle
179102,"9,17E+18",9,1,81,130,2017,7,21,5,3,5,3,0,1,0,0,0,0,2,1,638660.2624,5325025.6504,10.86114573,48.063428671,2,#fc8d62,car
179103,"9,17E+18",9,1,81,122,2017,7,16,5,3,0,1,1,0,0,0,0,0,0,0,646500.9939,5332373.2784,10.968845806,48.127744117,1,#66c2a5,bicycle
179104,"9,17E+18",9,1,79,145,2017,7,15,5,3,0,3,1,1,0,0,0,0,0,1,675619.3062,5338519923.0,11.362390715,48.17563127,1,#66c2a5,bicycle
179105,"9,17E+18",9,1,79,121,2017,7,19,5,2,6,4,1,0,1,0,0,0,0,0,665580.6614,5336429.6955,11.226648262,48.159534991,1,#66c2a5,bicycle
179106,"9,17E+18",9,1,74,126,2017,7,16,5,3,5,3,1,1,0,0,0,0,0,1,682959.3569,5345263998.0,11.463942181,48.23417995,1,#66c2a5,bicycle
179107,"9,17E+18",9,1,74,126,2017,7,11,5,3,5,3,1,1,0,0,0,0,0,1,683399.9166,5345084.7687,11.469791973,48.232441707,1,#66c2a5,bicycle
179108,"9,17E+18",9,1,78,116,2017,7,18,5,3,0,7,1,0,0,0,0,0,0,1,702603.0181,5381826.0656,11.745824453,48.556767045,1,#66c2a5,bicycle
179109,"9,17E+18",9,1,62,0,2017,7,8,4,3,0,7,0,0,0,0,0,1,0,1,691335966.0,5338426502.0,11.573553359,48.170254344,6,#ffd92f,circle
179110,"9,17E+18",9,1,62,0,2017,7,14,4,3,5,3,0,1,0,0,0,0,0,1,691977.0364,5336203.8518,11.581163972,48.150084332,2,#fc8d62,car
179111,"9,17E+18",9,1,62,0,2017,7,20,4,3,5,3,0,1,0,0,0,0,2,1,696682.6725,5337778.5394,11.645090816,48.162799016,2,#fc8d62,car
179112,"9,17E+18",9,1,62,0,2017,7,10,4,3,4,2,1,1,0,0,0,0,0,1,693418.0942,5335202.3026,11.600063633,48.140646168,1,#66c2a5,bicycle
179113,"9,17E+18",9,1,62,0,2017,7,7,4,3,5,3,0,1,0,0,0,0,0,1,698793.3935,5332591.5026,11.671024034,48.115525792,2,#fc8d62,car
179114,"9,17E+18",9,1,62,0,2017,7,17,4,3,2,6,0,1,0,0,0,0,0,1,690826.7494,5334977.4421,11.565164638,48.13940758,2,#fc8d62,car
179115,"9,17E+18",9,1,62,0,2017,7,18,4,3,1,5,0,1,0,0,0,0,0,1,691004.8203,5335092.8418,11.567607596,48.140391357,2,#fc8d62,car
179116,"9,17E+18",9,1,62,0,2017,7,17,4,3,5,3,0,1,0,0,0,0,0,1,686527.1863,5339284733.0,11.509314934,48.179397739,2,#fc8d62,car
179117,"9,17E+18",9,1,84,139,2017,7,6,4,3,5,3,1,1,0,0,0,0,0,1,687245.1922,5325297.4516,11.512822665,48.053464399,1,#66c2a5,bicycle
179118,"9,17E+18",9,1,62,0,2017,7,19,4,3,0,2,0,1,0,1,0,0,0,1,691511.6572,5332466.9992,11.573233658,48.116638209,2,#fc8d62,car
179119,"9,17E+18",9,1,62,0,2017,7,10,4,3,5,3,1,1,0,0,0,0,0,1,691529.6346,5334281.4836,11.574290289,48.132941211,1,#66c2a5,bicycle
179120,"9,17E+18",9,1,62,0,2017,7,18,4,2,1,3,0,1,0,1,0,0,0,1,687346.0664,5332458.0242,11.517315673,48.117796669,2,#fc8d62,car
179121,"9,17E+18",9,1,84,149,2017,7,9,4,3,2,6,0,1,0,0,0,0,0,1,690826.4027,5351780.7576,11.572719853,48.290432448,2,#fc8d62,car
179122,"9,17E+18",9,1,62,0,2017,7,6,4,3,5,2,1,1,0,0,0,0,1,1,686678695.0,5339493473.0,11.51144282,48.181229454,1,#66c2a5,bicycle
179123,"9,17E+18",9,1,62,0,2017,7,17,4,3,5,2,1,1,0,0,0,0,0,1,690727.3669,5338140.0366,11.565247466,48.167862532,1,#66c2a5,bicycle
179124,"9,17E+18",9,1,62,0,2017,7,13,4,3,2,6,0,1,0,0,0,0,0,1,689272.2458,5336126.8131,11.544800821,48.150202506,2,#fc8d62,car
179125,"9,17E+18",9,1,62,0,2017,7,21,4,2,5,2,1,0,0,0,0,1,2,1,690335398.0,5335882.1913,11.558970974,48.147686611,1,#66c2a5,bicycle
179126,"9,17E+18",9,1,62,0,2017,7,18,4,3,2,6,0,1,0,0,0,0,0,1,691031.5531,5337158.3336,11.568893545,48.158947769,2,#fc8d62,car
179130,"9,17E+18",9,7,71,130,2017,7,15,4,3,0,1,1,0,0,0,0,0,0,1,646999.8616,5357440.8837,10.984246982,48.353022745,1,#66c2a5,bicycle
179131,"9,17E+18",9,7,71,122,2017,7,20,4,3,6,4,0,1,1,0,0,0,0,1,652579.5511,5361761.1433,11.061081196,48.390541832,2,#fc8d62,car
179132,"9,17E+18",9,7,61,0,2017,7,7,4,3,5,2,0,1,0,0,0,1,0,1,637824.2839,5361409.5099,10.86176344,48.390777306,2,#fc8d62,car
179133,"9,17E+18",9,7,61,0,2017,7,16,4,3,6,1,0,1,1,0,0,0,0,0,641473.1803,5358199.5613,10.90994522,48.361106807,2,#fc8d62,car
179134,"9,17E+18",9,7,61,0,2017,7,15,4,3,0,1,0,0,0,1,0,0,0,1,639812.6712,5359355.6422,10.887924701,48.371871885,4,#e78ac3,marker
179164,"9,17E+18",9,1,73,147,2017,7,2,4,3,1,1,0,1,0,0,0,0,2,1,681534.6736,5310128.1131,11.429848154,47.918755818,2,#fc8d62,car