OBJECTID,UIDENTSTLA,ULAND,UREGBEZ,UKREIS,UGEMEINDE,UJAHR,UMONAT,USTUNDE,UWOCHENTAG,UKATEGORIE,UART,UTYP1,IstRad,IstPKW,IstFuss,IstKrad,IstGkfz,IstSonstig,ULICHTVERH,STRZUSTAND,LINREFX,LINREFY,XGCSWGS84,YGCSWGS84,Teilnehmer,color,symbol
179166,"9,17E+18",9,1,73,126,2017,7,13,4,3,2,6,0,1,0,0,0,0,0,0,685309.4396,5304245.8328,11.477799928,47.864800668,2,#fc8d62,car
179170,"9,17E+18",9,1,63,0,2017,7,19,4,3,3,6,1,1,0,0,0,0,0,0,731375.5242,5304093.7251,12.092839336,47.848499645,1,#66c2a5,bicycle
179177,"9,17E+18",9,1,79,140,2017,7,4,4,3,0,5,0,1,0,0,0,0,2,1,659112893.0,5345661927.0,11.143198378,48.244189578,2,#fc8d62,car
179178,"9,17E+18",9,1,74,115,2017,7,7,4,3,1,1,0,1,0,0,0,0,0,1,681682.3743,5347590.4048,11.447759362,48.255458169,2,#fc8d62,car
179179,"9,17E+18",9,1,78,124,2017,7,14,4,3,2,1,0,1,0,0,0,0,0,1,703889.7459,5364155.3765,11.754625562,48.397561296,2,#fc8d62,car
179180,"9,17E+18",9,1,84,130,2017,7,21,3,3,9,1,0,1,0,0,0,0,2,1,700099.7864,5348279.1344,11.695945858,48.25610066,2,#fc8d62,car
179181,"9,17E+18",9,1,62,0,2017,7,8,3,3,1,1,0,1,0,1,0,0,0,1,690058.5953,5335502.6784,11.555083913,48.14435831,2,#fc8d62,car
179182,"9,17E+18",9,1,62,0,2017,7,18,3,3,4,2,0,1,0,0,0,0,0,1,696735.4073,5333466.0154,11.643806764,48.124024473,2,#fc8d62,car
179183,"9,17E+18",9,1,62,0,2017,7,12,3,2,5,3,1,0,0,0,0,0,0,0,686265.1522,5331823.9979,11.502529221,48.112414873,1,#66c2a5,bicycle
179184,"9,17E+18",9,1,62,0,2017,7,17,3,2,5,3,1,1,0,0,0,0,0,1,694196.8682,5334308.1472,11.610113584,48.13237263,1,#66c2a5,bicycle
179185,"9,17E+18",9,1,62,0,2017,7,11,3,3,6,2,0,1,1,0,0,0,0,0,692028.5334,5334963.6408,11.581296294,48.138921998,2,#fc8d62,car
179186,"9,17E+18",9,1,62,0,2017,7,16,3,3,0,1,0,0,0,1,0,0,0,1,694395593.0,5340658552.0,11.615683575,48.1893866,4,#e78ac3,marker
179187,"9,17E+18",9,1,62,0,2017,7,12,3,3,6,4,0,1,1,0,0,0,0,1,686769.4318,5336786.6552,11.511473362,48.156873195,2,#fc8d62,car
179188,"9,17E+18",9,1,84,148,2017,7,11,3,3,5,3,0,1,0,0,0,1,0,1,694049636.0,5328372135.0,11.605437232,48.079066449,2,#fc8d62,car
179189,"9,17E+18",9,1,62,0,2017,7,19,3,3,5,3,0,1,0,0,0,0,2,1,691293.8764,5332063.3341,11.570129452,48.113075546,2,#fc8d62,car
179196,"9,17E+18",9,7,72,223,2017,7,6,3,3,9,1,0,1,0,0,0,0,0,1,617072.8835,5361532.4962,10.581603772,48.396077285,2,#fc8d62,car
179197,"9,17E+18",9,7,72,163,2017,7,16,3,3,1,5,1,1,0,0,0,0,0,1,640606.2675,5348834.0336,10.895125421,48.277087997,1,#66c2a5,bicycle
179230,"9,17E+18",9,1,63,0,2017,7,8,3,3,2,6,1,1,0,0,0,0,0,0,733462.5058,5304602.8025,12.120968475,47.852318752,1,#66c2a5,bicycle
179231,"9,17E+18",9,1,63,0,2017,7,23,3,2,5,3,0,1,0,1,0,0,2,1,730866.5719,5304048.1879,12.086021997,47.848273492,2,#fc8d62,car
179233,"9,17E+18",9,1,85,158,2017,7,16,3,3,5,3,1,1,0,0,0,0,0,1,666709.0178,5382028.5546,11.259880526,48.569158581,1,#66c2a5,bicycle
179234,"9,17E+18",9,1,86,152,2017,7,16,3,3,5,3,0,1,0,0,0,1,0,1,690656.2206,5376280.7435,11.581552955,48.510676236,2,#fc8d62,car
179236,"9,17E+18",9,1,79,121,2017,7,16,3,3,5,3,0,0,0,1,0,1,0,1,667750.2929,5338984.0765,11.256808973,48.18193,4,#e78ac3,marker
179237,"9,17E+18",9,1,74,115,2017,7,9,3,3,3,1,1,1,0,0,0,0,0,0,681039.6855,5347795747.0,11.439196594,48.257487839,1,#66c2a5,bicycle
179238,"9,17E+18",9,1,77,117,2017,7,16,3,3,0,7,0,0,0,1,0,1,0,1,714463834.0,5353028616.0,11.891634669,48.294078576,4,#e78ac3,marker
179239,"9,17E+18",9,1,62,0,2017,7,16,2,3,6,4,1,0,1,0,0,1,0,1,690031.06,5333602.2227,11.553866325,48.127285197,1,#66c2a5,bicycle
179240,"9,17E+18",9,1,62,0,2017,7,10,2,3,5,3,1,1,0,0,0,0,0,1,690296.3433,5335739434.0,11.558382633,48.146415196,1,#66c2a5,bicycle
179241,"9,17E+18",9,1,62,0,2017,7,17,2,3,5,6,1,1,0,0,0,0,0,1,693792.9722,5331885281.0,11.603589449,48.11071976,1,#66c2a5,bicycle
179242,"9,17E+18",9,1,62,0,2017,7,8,2,3,7,1,1,0,0,0,0,0,0,1,696259.7866,5330656.7031,11.636129642,48.098922646,1,#66c2a5,bicycle
179243,"9,17E+18",9,1,62,0,2017,7,17,2,3,5,3,0,1,0,0,0,0,0,0,691154.6724,5334068.9952,11.569160467,48.131144108,2,#fc8d62,car
179244,"9,17E+18",9,1,62,0,2017,7,14,2,3,2,6,0,1,0,0,0,0,0,1,688400.8472,5336420.0948,11.533226433,48.153097266,2,#fc8d62,car
179245,"9,17E+18",9,1,62,0,2017,7,18,2,3,0,7,0,0,1,0,0,1,0,0,686936.5921,5333532.2462,11.512290248,48.127572476,3,#8da0cb,toilet
179246,"9,17E+18",9,1,62,0,2017,7,12,2,3,2,6,0,1,0,0,0,0,0,1,690036.1319,5333606.9783,11.553936538,48.127326426,2,#fc8d62,car
179247,"9,17E+18",9,1,62,0,2017,7,11,2,3,6,4,1,0,1,0,0,0,0,1,691727.6668,5334946.0947,11.577248317,48.138855019,1,#66c2a5,bicycle
179248,"9,17E+18",9,1,62,0,2017,7,7,2,3,0,1,1,0,0,0,0,0,0,1,692514.6979,5334844.9942,11.587770908,48.13770873,1,#66c2a5,bicycle
179249,"9,17E+18",9,1,62,0,2017,7,9,2,3,1,3,0,1,0,1,0,0,0,1,691215.7898,5339703.8923,11.572513279,48.181771479,2,#fc8d62,car
179250,"9,17E+18",9,1,62,0,2017,7,20,2,3,6,2,0,1,1,0,0,0,1,1,687438.1888,5336063.4081,11.520138526,48.150175718,2,#fc8d62,car
179251,"9,17E+18",9,1,62,0,2017,7,10,2,3,6,4,1,0,1,0,0,0,0,0,688863.2259,5336233619.0,11.539354473,48.151284067,1,#66c2a5,bicycle
179252,"9,17E+18",9,1,62,0,2017,7,13,2,3,2,6,0,1,0,0,0,0,0,1,687871.5628,5334118.0949,11.525101241,48.132562972,2,#fc8d62,car
179253,"9,17E+18",9,1,62,0,2017,7,15,2,3,5,3,0,1,0,0,0,0,0,1,694020432.0,5335173.06,11.608138675,48.140199965,2,#fc8d62,car
179254,"9,17E+18",9,1,62,0,2017,7,16,2,3,5,3,1,1,0,0,0,0,0,0,691970.7934,5337164.2961,11.581513385,48.1587185,1,#66c2a5,bicycle
179261,"9,17E+18",9,7,77,158,2017,7,12,2,3,5,3,0,1,0,0,0,0,0,1,620781.1966,5308281.6026,10.616562401,47.916475363,2,#fc8d62,car
179262,"9,17E+18",9,7,77,121,2017,7,11,2,3,6,1,1,0,1,0,0,0,0,1,627965.6198,5322448.0709,10.716897215,48.04248346,1,#66c2a5,bicycle
179264,"9,17E+18",9,7,72,223,2017,7,10,2,3,5,3,1,1,0,0,0,0,0,0,618535117.0,5362163.6495,10.601528131,48.401480079,1,#66c2a5,bicycle
179265,"9,17E+18",9,7,61,0,2017,7,13,2,3,5,3,1,1,0,0,0,0,0,1,641443.9249,5357512.9377,10.909319689,48.354939502,1,#66c2a5,bicycle
179266,"9,17E+18",9,7,61,0,2017,7,11,2,3,0,7,1,0,0,0,0,0,0,1,641477839.0,5352114.3509,10.907964841,48.306389604,1,#66c2a5,bicycle
179301,"9,17E+18",9,1,73,118,2017,7,12,2,3,6,7,0,1,1,0,0,0,0,0,694101.1097,5302783.3069,11.594576444,47.849059243,2,#fc8d62,car
179306,"9,17E+18",9,1,63,0,2017,7,7,2,3,5,3,0,1,0,0,0,0,0,1,735051.2075,5304189.1497,12.141948923,47.848023589,2,#fc8d62,car
179309,"9,17E+18",9,1,85,158,2017,7,20,2,3,0,1,1,0,0,0,0,0,0,1,668827.5061,5381532.1621,11.288373256,48.564129425,1,#66c2a5,bicycle
179310,"9,17E+18",9,1,79,142,2017,7,8,2,3,5,3,1,1,0,0,0,0,0,0,674455.7667,5343146.6155,11.34865391,48.217542559,1,#66c2a5,bicycle
179311,"9,17E+18",9,1,74,115,2017,7,15,2,3,2,6,0,1,0,0,0,0,0,1,681866.1411,5347796.5314,11.450321439,48.257258237,2,#fc8d62,car
179312,"9,17E+18",9,1,75,118,2017,7,9,2,3,5,3,1,1,0,0,0,0,0,0,716395551.0,5339007327.0,11.910486332,48.167437355,1,#66c2a5,bicycle
179313,"9,17E+18",9,1,78,145,2017,7,13,2,3,5,2,1,1,0,0,0,0,0,1,696759.1272,5354573.9478,11.653918893,48.313718694,1,#66c2a5,bicycle
179314,"9,17E+18",9,1,77,117,2017,7,10,2,3,5,3,1,1,0,0,0,0,0,0,714797.1575,5350894.8647,11.895038354,48.274793282,1,#66c2a5,bicycle
179315,"9,17E+18",9,1,88,141,2017,7,18,2,3,5,3,1,1,0,0,0,0,0,0,668788.5036,5312409.4745,11.26027671,47.942748091,1,#66c2a5,bicycle
179316,"9,17E+18",9,1,81,130,2017,7,17,2,2,0,7,1,0,0,0,0,0,0,0,637147.5025,5320934.6025,10.839541018,48.026967076,1,#66c2a5,bicycle
179317,"9,17E+18",9,1,81,130,2017,7,12,2,3,0,7,0,0,0,1,0,0,0,0,638984.1187,5322166.2759,10.864561532,48.037645739,4,#e78ac3,marker
179318,"9,17E+18",9,1,88,124,2017,7,12,2,2,5,3,0,1,0,1,0,0,0,0,662616197.0,5318662335.0,11.180051277,48.000562291,2,#fc8d62,car
179319,"9,17E+18",9,1,78,145,2017,7,10,2,3,1,5,1,1,0,0,0,0,0,0,697338.7176,5355059.8844,11.661955075,48.317905218,1,#66c2a5,bicycle
179320,"9,17E+18",9,1,77,115,2017,7,20,2,1,0,1,0,0,0,0,0,1,0,0,731054.2272,5349552.4934,12.113093934,48.257012869,6,#ffd92f,circle
179321,"9,17E+18",9,1,62,0,2017,7,16,1,3,5,3,1,1,0,0,0,0,0,0,685678.2924,5331772.8333,11.494630069,48.112126341,1,#66c2a5,bicycle
179322,"9,17E+18",9,1,62,0,2017,7,15,1,3,2,6,0,1,0,0,0,0,0,0,686544.6676,5336345.3116,11.508260508,48.152972235,2,#fc8d62,car
179323,"9,17E+18",9,1,62,0,2017,7,23,1,3,0,7,1,0,0,0,0,0,2,1,690435.4716,5336431.9047,11.560560965,48.152597461,1,#66c2a5,bicycle
179324,"9,17E+18",9,1,62,0,2017,7,17,1,2,1,5,0,1,0,1,0,0,0,0,689521.4857,5333143.4921,11.546821104,48.123313998,2,#fc8d62,car
179325,"9,17E+18",9,1,62,0,2017,7,22,1,2,3,2,0,1,0,0,0,0,2,0,687760.22,5330376496.0,11.521958841,48.098965314,2,#fc8d62,car
179326,"9,17E+18",9,1,62,0,2017,7,18,1,3,6,2,0,0,1,1,0,0,0,0,694613.4985,5336154.1486,11.616550845,48.148836455,3,#8da0cb,toilet
179327,"9,17E+18",9,1,62,0,2017,7,15,1,3,0,1,0,0,0,1,0,0,0,0,691080.5632,5333146.3875,11.567751813,48.122874018,4,#e78ac3,marker
179328,"9,17E+18",9,1,62,0,2017,7,19,1,2,4,2,0,1,0,1,0,0,0,1,689062.0569,5333350.4562,11.540745325,48.125310815,2,#fc8d62,car
179336,"9,17E+18",9,1,87,142,2017,7,16,2,3,7,1,1,0,0,0,0,0,0,0,733249.3775,5314785.5862,12.12362693,47.943878105,1,#66c2a5,bicycle
179338,"9,17E+18",9,1,87,169,2017,7,19,2,2,0,1,0,0,0,1,0,0,0,0,735917.9862,5302609.5046,12.152656339,47.833514895,4,#e78ac3,marker
179339,"9,17E+18",9,1,87,122,2017,7,10,2,2,5,3,1,1,0,0,0,0,0,0,718896.6486,5307524.7358,11.928000675,47.883699917,1,#66c2a5,bicycle
179344,"9,17E+18",9,1,88,141,2017,7,18,2,3,0,1,1,0,0,0,0,0,0,0,669554.6213,5309424.26,11.269352612,47.915708027,1,#66c2a5,bicycle
179345,"9,17E+18",9,7,72,177,2017,7,0,1,3,0,1,1,0,0,0,0,0,2,0,636931.9796,5382104.1634,10.856497545,48.577052106,1,#66c2a5,bicycle
179346,"9,17E+18",9,7,72,184,2017,7,18,1,3,0,1,0,0,0,1,0,0,0,0,636775.5915,5363902.9505,10.848417585,48.413426306,4,#e78ac3,marker
179347,"9,17E+18",9,7,71,142,2017,7,14,1,3,0,7,1,0,0,0,0,0,0,0,645555.0711,5351871.6886,10.962833484,48.303282655,1,#66c2a5,bicycle
179348,"9,17E+18",9,7,72,163,2017,7,1,1,3,0,7,1,0,0,0,0,0,2,0,640221.9116,5347061.6934,10.889360167,48.261236588,1,#66c2a5,bicycle
179349,"9,17E+18",9,7,61,0,2017,7,20,1,3,5,3,1,1,0,0,0,0,1,0,638986.5491,5356437.9143,10.875811846,48.345818762,1,#66c2a5,bicycle
179368,"9,17E+18",9,1,73,120,2017,7,15,1,2,0,1,1,0,0,0,0,0,0,0,683054.4314,5310223.2314,11.450211397,47.919178785,1,#66c2a5,bicycle
179369,"9,17E+18",9,1,73,118,2017,7,15,1,3,0,7,1,0,0,0,0,0,0,0,688157.7766,5304142.5521,11.515802834,47.863044398,1,#66c2a5,bicycle
179378,"9,17E+18",9,1,79,134,2017,7,14,1,3,8,1,1,0,0,0,0,0,0,0,667108.3915,5344590913.0,11.250388375,48.232504174,1,#66c2a5,bicycle
179379,"9,17E+18",9,1,79,123,2017,7,17,1,3,0,1,1,0,0,0,0,0,0,0,677533.6571,5334284253.0,11.386351756,48.137024392,1,#66c2a5,bicycle
179380,"9,17E+18",9,1,79,136,2017,7,16,1,3,4,7,0,1,1,0,0,0,0,0,661009.2039,5342183639.0,11.167400742,48.212439658,2,#fc8d62,car
179381,"9,17E+18",9,1,78,120,2017,7,12,1,2,2,1,1,0,0,0,0,0,0,0,694735156.0,5352469.6159,11.625678331,48.295432966,1,#66c2a5,bicycle
179382,"9,17E+18",9,1,77,113,2017,7,18,1,2,1,7,1,1,0,0,0,0,0,0,721386.5561,5355586.3078,11.986186099,48.314674706,1,#66c2a5,bicycle
179383,"9,17E+18",9,1,62,0,2017,7,20,7,3,2,6,0,1,0,1,0,0,1,0,691844.5837,5335752.6025,11.579181637,48.146068543,2,#fc8d62,car
179384,"9,17E+18",9,1,84,119,2017,7,17,7,2,0,7,1,0,0,0,0,0,0,0,696779.4518,5348065.4066,11.651161748,48.255219547,1,#66c2a5,bicycle
179385,"9,17E+18",9,1,62,0,2017,7,10,7,2,2,6,0,1,0,1,0,0,0,0,683797.4537,5337558.2977,11.471881706,48.164675085,2,#fc8d62,car
179386,"9,17E+18",9,1,62,0,2017,7,18,7,2,6,7,0,1,1,0,0,0,0,0,689422.8822,5337086862.0,11.547251423,48.158786626,2,#fc8d62,car
179387,"9,17E+18",9,1,62,0,2017,7,7,7,2,6,4,0,0,1,0,0,1,0,0,684804838.0,5333752.4726,11.483764627,48.13017444,3,#8da0cb,toilet
179388,"9,17E+18",9,1,62,0,2017,7,22,7,3,5,3,0,1,0,0,0,0,2,0,680110.6653,5335523.8197,11.42148354,48.147442592,2,#fc8d62,car
179389,"9,17E+18",9,1,62,0,2017,7,14,7,3,0,2,1,1,0,0,0,0,0,0,689411.9285,5337154.5386,11.547134405,48.159398169,1,#66c2a5,bicycle
179390,"9,17E+18",9,1,62,0,2017,7,16,7,3,0,7,1,0,0,0,0,0,0,0,687459.7281,5335574.0295,11.520212333,48.145770719,1,#66c2a5,bicycle
179391,"9,17E+18",9,1,62,0,2017,7,8,7,3,0,3,0,1,0,1,0,0,0,0,686232.8467,5333524.5402,11.502838437,48.127709486,2,#fc8d62,car
179392,"9,17E+18",9,1,62,0,2017,7,16,7,3,2,6,0,1,0,0,0,1,0,0,690947.6589,5332085.5747,11.565492642,48.113379337,2,#fc8d62,car
179393,"9,17E+18",9,1,62,0,2017,7,15,7,3,3,6,1,0,0,0,0,0,0,0,690154.1333,5334450.6665,11.555897265,48.134874276,1,#66c2a5,bicycle
179394,"9,17E+18",9,1,62,0,2017,7,20,7,3,3,6,0,1,0,1,0,0,1,0,691772.8002,5333788.8051,11.57733344,48.12843986,2,#fc8d62,car
179402,"9,17E+18",9,7,72,200,2017,7,20,7,3,0,1,1,0,0,0,0,0,0,0,630449.6426,5338139.2606,10.755008868,48.183088355,1,#66c2a5,bicycle
179403,"9,17E+18",9,7,61,0,2017,7,1,7,3,8,7,1,0,0,0,0,0,2,0,637592447.0,5360766193.0,10.858422748,48.385043327,1,#66c2a5,bicycle
179404,"9,17E+18",9,7,61,0,2017,7,17,7,2,0,7,1,0,0,0,0,1,0,0,638002.9847,5355652.9727,10.862287418,48.338976306,1,#66c2a5,bicycle
179405,"9,17E+18",9,7,61,0,2017,7,9,7,3,0,7,1,0,0,0,0,0,0,0,639059.2919,5355536.2266,10.876495345,48.33769494,1,#66c2a5,bicycle
179406,"9,17E+18",9,7,61,0,2017,7,20,7,3,0,7,1,0,0,0,0,0,0,0,640070547.0,5358139.2101,10.890999788,48.360876905,1,#66c2a5,bicycle
179439,"9,17E+18",9,1,73,120,2017,7,13,7,3,3,6,1,0,0,0,0,0,0,0,684827.8928,5314623.2718,11.475815419,47.958221481,1,#66c2a5,bicycle
179441,"9,17E+18",9,1,90,157,2017,7,14,7,3,5,3,1,1,0,0,0,0,0,0,660123.0562,5300649.5925,11.139959942,47.83923881,1,#66c2a5,bicycle
179442,"9,17E+18",9,1,73,126,2017,7,8,7,3,0,7,1,0,0,0,0,0,0,0,685143.2919,5305620.0847,11.476169245,47.877201695,1,#66c2a5,bicycle
179451,"9,17E+18",9,1,82,120,2017,7,12,7,3,0,7,1,0,0,0,0,0,0,0,702553959.0,5306610606.0,11.709232218,47.880848597,1,#66c2a5,bicycle
179453,"9,17E+18",9,1,87,130,2017,7,10,7,3,0,1,1,0,0,0,0,0,0,0,711604.0046,5309160.7733,11.831380203,47.900846875,1,#66c2a5,bicycle
179454,"9,17E+18",9,1,85,158,2017,7,23,7,3,9,1,1,0,0,0,0,0,2,0,667351.4187,5380247.5833,11.267865542,48.552977801,1,#66c2a5,bicycle
179455,"9,17E+18",9,1,88,139,2017,7,16,7,3,0,1,0,0,0,1,0,0,0,0,667380.4141,5317937.8391,11.243588373,47.992819393,4,#e78ac3,marker
179456,"9,17E+18",9,1,79,126,2017,7,10,7,2,6,4,0,1,1,0,0,0,0,0,676319.85,5340689.6182,11.37270643,48.194941056,2,#fc8d62,car
179457,"9,17E+18",9,1,79,123,2017,7,13,7,3,0,7,1,0,0,0,0,0,0,0,676505.7531,5333498.1156,11.372221603,48.130243549,1,#66c2a5,bicycle
179458,"9,17E+18",9,1,79,121,2017,7,16,7,3,5,2,1,1,0,0,0,0,0,0,665534.7656,5337811.4406,11.226569415,48.171969005,1,#66c2a5,bicycle
179459,"9,17E+18",9,1,74,115,2017,7,13,7,3,4,3,1,1,0,0,0,0,0,0,683801448.0,5348354972.0,11.476613666,48.26171933,1,#66c2a5,bicycle
179460,"9,17E+18",9,1,78,124,2017,7,18,7,3,2,1,1,0,0,0,0,1,0,0,701161.4757,5364162.3009,11.717812371,48.398499712,1,#66c2a5,bicycle
179461,"9,17E+18",9,1,62,0,2017,7,17,6,3,0,7,1,0,0,0,0,0,0,0,691023867.0,5334336.3177,11.567524098,48.133586056,1,#66c2a5,bicycle
179462,"9,17E+18",9,1,62,0,2017,7,1,6,3,5,3,0,1,0,0,0,0,2,0,690950.7571,5334665.8264,11.56669016,48.136569599,2,#fc8d62,car
179463,"9,17E+18",9,1,62,0,2017,7,0,6,2,0,7,0,0,0,1,0,0,2,1,691193.1216,5340499.2175,11.57256656,48.188926538,4,#e78ac3,marker
179464,"9,17E+18",9,1,62,0,2017,7,11,6,3,5,3,0,1,0,1,0,0,0,0,686590156.0,5329492.3179,11.505871965,48.09136165,2,#fc8d62,car
179465,"9,17E+18",9,1,84,123,2017,7,9,6,3,6,4,0,1,1,0,0,0,0,0,703144.1391,5331982.4667,11.729123354,48.108679629,2,#fc8d62,car
179466,"9,17E+18",9,1,62,0,2017,7,13,6,3,5,3,0,1,0,0,0,0,0,0,679307.0226,5338633.4182,11.411999768,48.175621673,2,#fc8d62,car
179467,"9,17E+18",9,1,62,0,2017,7,20,6,3,6,4,1,0,1,0,0,0,0,0,690534.0818,5333209.32,11.560443908,48.12360343,1,#66c2a5,bicycle
179468,"9,17E+18",9,1,62,0,2017,7,20,6,3,5,3,1,1,0,0,0,0,0,0,696472.7868,5337308.1389,11.64205403,48.158636251,1,#66c2a5,bicycle
179469,"9,17E+18",9,1,62,0,2017,7,18,6,3,2,7,0,1,0,1,0,0,0,0,690497.2315,5338604.9249,11.562363684,48.172109914,2,#fc8d62,car
179470,"9,17E+18",9,1,62,0,2017,7,16,6,3,0,7,1,0,0,0,0,0,0,0,694356.8467,5334218.0724,11.612220379,48.131514241,1,#66c2a5,bicycle
179471,"9,17E+18",9,1,62,0,2017,7,16,6,3,5,3,0,1,0,0,0,0,0,0,686223.7748,5334375.0969,11.503088386,48.135357272,2,#fc8d62,car
179472,"9,17E+18",9,1,62,0,2017,7,16,6,3,2,6,0,1,0,1,0,0,0,0,686196.4986,5335716.5908,11.503308672,48.147423096,2,#fc8d62,car
179473,"9,17E+18",9,1,62,0,2017,7,10,6,3,6,4,0,1,1,0,0,0,0,0,689051.2612,5337520.7156,11.542451991,48.162796725,2,#fc8d62,car
179474,"9,17E+18",9,1,84,139,2017,7,8,6,2,6,4,1,0,1,0,0,1,0,0,687944339.0,5325468.4798,11.522270906,48.054796162,1,#66c2a5,bicycle
179475,"9,17E+18",9,1,84,149,2017,7,7,6,3,0,6,0,1,0,1,0,0,0,1,691325.6506,5349833.8191,11.578562211,48.272783396,2,#fc8d62,car
179476,"9,17E+18",9,1,62,0,2017,7,14,6,3,2,6,0,1,0,0,0,0,0,0,690798.7042,5340305.7828,11.567178191,48.187306569,2,#fc8d62,car
179477,"9,17E+18",9,1,62,0,2017,7,19,6,3,2,6,0,1,0,1,0,0,0,0,682673.0762,5337591.9668,11.456788945,48.165301799,2,#fc8d62,car
179478,"9,17E+18",9,1,62,0,2017,7,18,6,2,8,1,0,0,0,1,0,0,0,0,688331.1546,5340820.5681,11.534239737,48.19266985,4,#e78ac3,marker
179479,"9,17E+18",9,1,62,0,2017,7,20,6,3,6,6,0,1,1,0,0,0,1,0,688993.4559,5342496.1592,11.543888772,48.207533325,2,#fc8d62,car
179480,"9,17E+18",9,1,62,0,2017,7,19,6,3,3,6,0,1,0,0,0,0,0,0,690809.2041,5335147.8715,11.56500539,48.140944651,2,#fc8d62,car
179481,"9,17E+18",9,1,62,0,2017,7,17,6,3,0,7,0,1,0,1,0,0,0,0,692252.2013,5337537.6359,11.585462322,48.161988973,2,#fc8d62,car
179482,"9,17E+18",9,1,62,0,2017,7,16,6,3,1,5,1,1,0,0,0,0,0,0,691432207.0,5336405.5141,11.573937026,48.152061048,1,#66c2a5,bicycle
179483,"9,17E+18",9,1,62,0,2017,7,11,6,3,1,7,0,1,0,1,0,0,0,0,691812102.0,5334927843.0,11.578373903,48.13866553,2,#fc8d62,car
179490,"9,17E+18",9,7,71,130,2017,7,9,6,3,3,6,1,1,0,0,0,0,0,0,646842621.0,5357303.4682,10.982077886,48.351823791,1,#66c2a5,bicycle
179491,"9,17E+18",9,7,61,0,2017,7,10,6,3,6,4,0,1,1,0,0,0,0,0,638595.2541,5359067.1175,10.871399683,48.369546066,2,#fc8d62,car
179492,"9,17E+18",9,7,61,0,2017,7,17,6,3,0,7,1,0,0,0,0,0,0,0,639096335.0,5358555488.0,10.877992609,48.364835377,1,#66c2a5,bicycle
179493,"9,17E+18",9,7,61,0,2017,7,12,6,3,5,3,0,1,0,0,0,1,0,0,641328718.0,5360671.9722,10.908827081,48.383370105,2,#fc8d62,car
179494,"9,17E+18",9,7,61,0,2017,7,21,6,3,0,1,1,0,0,0,0,0,2,0,642129.4457,5360441.2845,10.919557628,48.381115972,1,#66c2a5,bicycle
179495,"9,17E+18",9,7,61,0,2017,7,16,6,3,2,6,0,1,0,0,0,0,0,0,639603.2395,5360055.1783,10.885330583,48.378208282,2,#fc8d62,car
179496,"9,17E+18",9,7,61,0,2017,7,20,6,3,5,3,1,1,0,0,0,0,0,0,639464.71,5360083.5436,10.883470217,48.378493971,1,#66c2a5,bicycle
179497,"9,17E+18",9,7,61,0,2017,7,17,6,3,4,6,1,0,0,0,0,1,0,0,640533.1516,5357774.7516,10.897119825,48.357497003,1,#66c2a5,bicycle
179498,"9,17E+18",9,7,61,0,2017,7,16,6,3,0,3,1,1,0,0,0,0,0,0,641614.7781,5359688.6262,10.912357141,48.374464126,1,#66c2a5,bicycle
179499,"9,17E+18",9,7,71,158,2017,7,7,6,3,6,3,0,1,1,0,0,0,0,0,642605.9145,5372336.5283,10.930037056,48.487963398,2,#fc8d62,car
179528,"9,17E+18",9,1,90,157,2017,7,15,6,3,0,1,1,0,0,0,0,0,0,0,659413.4433,5301738.9422,11.130884422,47.849209708,1,#66c2a5,bicycle
179532,"9,17E+18",9,1,63,0,2017,7,16,6,3,5,3,1,1,0,0,0,0,0,0,733509.1623,5304711.5566,12.121649927,47.853278857,1,#66c2a5,bicycle
179533,"9,17E+18",9,1,63,0,2017,7,17,6,3,5,7,1,1,0,0,0,0,0,0,733382.7863,5305044.1068,12.120142475,47.856312405,1,#66c2a5,bicycle
179534,"9,17E+18",9,1,87,163,2017,7,22,6,3,9,1,0,1,0,0,0,0,2,1,738592871.0,5307681023.0,12.191141986,47.878088065,2,#fc8d62,car
179536,"9,17E+18",9,1,82,137,2017,7,19,6,3,0,1,1,0,0,0,0,0,0,0,711989688.0,5304257881.0,11.834128457,47.856660473,1,#66c2a5,bicycle
179539,"9,17E+18",9,1,86,143,2017,7,12,6,3,1,5,1,1,0,0,0,0,0,0,683825.3389,5378160.8612,11.489981596,48.529610839,1,#66c2a5,bicycle
179540,"9,17E+18",9,1,88,127,2017,7,11,6,3,2,6,0,1,0,0,0,0,0,0,676531.0073,5329713.6423,11.370994262,48.096216812,2,#fc8d62,car
179541,"9,17E+18",9,1,79,121,2017,7,20,6,3,5,3,0,1,0,0,0,0,0,0,667753.3545,5338982.7461,11.256849603,48.181917232,2,#fc8d62,car
179542,"9,17E+18",9,1,81,144,2017,7,17,6,2,4,7,1,0,0,0,0,1,0,0,656161.7463,5322153.4945,11.094854999,48.033560939,1,#66c2a5,bicycle
179543,"9,17E+18",9,1,74,126,2017,7,15,6,3,5,3,0,1,0,1,0,0,0,0,682855.2962,5343266.2436,11.461680369,48.216253114,2,#fc8d62,car
179544,"9,17E+18",9,1,74,113,2017,7,13,6,3,0,6,0,1,0,0,0,1,0,0,676632611.0,5346468041.0,11.379318679,48.246796853,2,#fc8d62,car