OBJECTID,UIDENTSTLA,ULAND,UREGBEZ,UKREIS,UGEMEINDE,UJAHR,UMONAT,USTUNDE,UWOCHENTAG,UKATEGORIE,UART,UTYP1,IstRad,IstPKW,IstFuss,IstKrad,IstGkfz,IstSonstig,ULICHTVERH,STRZUSTAND,LINREFX,LINREFY,XGCSWGS84,YGCSWGS84,Teilnehmer,color,symbol
179545,"9,17E+18",9,1,78,124,2017,7,22,6,3,5,3,0,1,0,0,0,0,2,0,702708.1776,5364214.2827,11.738709597,48.398471552,2,#fc8d62,car
179546,"9,17E+18",9,1,84,130,2017,7,16,5,3,4,1,0,1,0,0,0,0,0,1,698592.3379,5344279671.0,11.673784112,48.220631667,2,#fc8d62,car
179547,"9,17E+18",9,1,62,0,2017,7,7,5,3,2,6,0,1,0,0,0,0,0,0,690627.0939,5334062651.0,11.562074222,48.131245312,2,#fc8d62,car
179548,"9,17E+18",9,1,62,0,2017,7,14,5,2,4,2,0,1,0,0,0,0,0,1,686469.7186,5328450.3682,11.503801224,48.082031385,2,#fc8d62,car
179549,"9,17E+18",9,1,62,0,2017,7,7,5,3,4,2,1,1,0,0,0,0,0,0,691980.5157,5340006849.0,11.582927545,48.184263775,1,#66c2a5,bicycle
179550,"9,17E+18",9,1,62,0,2017,7,16,5,2,3,2,1,1,0,0,0,0,0,1,695823.29,5330811.7741,11.630344248,48.100450641,1,#66c2a5,bicycle
179551,"9,17E+18",9,1,62,0,2017,7,18,5,3,6,4,1,0,1,0,0,0,0,0,691482.0033,5340264.2452,11.576343562,48.186727642,1,#66c2a5,bicycle
179552,"9,17E+18",9,1,62,0,2017,7,15,5,3,2,6,0,1,0,0,0,0,0,0,694335.2918,5341711954.0,11.615355162,48.198872501,2,#fc8d62,car
179553,"9,17E+18",9,1,62,0,2017,7,20,5,3,6,4,1,0,1,0,0,0,0,1,689555.9122,5337260.0399,11.54911566,48.160303511,1,#66c2a5,bicycle
179554,"9,17E+18",9,1,62,0,2017,7,16,5,3,5,2,1,0,0,0,0,1,0,0,686221942.0,5333339.5494,11.502611198,48.126049906,1,#66c2a5,bicycle
179555,"9,17E+18",9,1,84,136,2017,7,16,5,2,6,4,0,1,1,0,0,0,0,0,699471.4935,5326710.9824,11.677378276,48.062464338,2,#fc8d62,car
179556,"9,17E+18",9,1,62,0,2017,7,15,5,3,1,5,1,1,0,0,0,0,0,1,700033.9435,5331021.5796,11.686937259,48.101028285,1,#66c2a5,bicycle
179557,"9,17E+18",9,1,62,0,2017,7,17,5,3,3,2,1,1,0,0,0,0,0,1,690442.1899,5330234.8342,11.557882381,48.096896148,1,#66c2a5,bicycle
179558,"9,17E+18",9,1,62,0,2017,7,7,5,3,0,7,1,0,0,0,0,0,0,0,693955.1761,5335086.1701,11.607222839,48.139438924,1,#66c2a5,bicycle
179559,"9,17E+18",9,1,62,0,2017,7,16,5,3,4,6,0,1,0,1,0,0,0,1,695506.2109,5336222.9923,11.628571782,48.149181443,2,#fc8d62,car
179560,"9,17E+18",9,1,62,0,2017,7,19,5,3,6,4,0,1,1,0,0,0,0,0,688121.2076,5331932.7851,11.527488839,48.112847172,2,#fc8d62,car
179561,"9,17E+18",9,1,62,0,2017,7,17,5,3,1,6,1,1,0,0,0,0,0,0,691326.8213,5333814.7249,11.571357604,48.128807026,1,#66c2a5,bicycle
179562,"9,17E+18",9,1,62,0,2017,7,16,5,2,5,3,0,1,0,1,0,0,0,1,690368.6225,5333533.1954,11.558367378,48.126563921,2,#fc8d62,car
179563,"9,17E+18",9,1,62,0,2017,7,12,5,3,1,7,1,1,0,0,0,0,0,0,690564.3027,5337059.3144,11.56257238,48.158197991,1,#66c2a5,bicycle
179564,"9,17E+18",9,1,62,0,2017,7,6,5,3,5,3,0,1,0,0,0,0,0,0,690665656.0,5336923348.0,11.563872962,48.156945554,2,#fc8d62,car
179574,"9,17E+18",9,7,61,0,2017,7,8,5,3,0,1,1,0,0,0,0,0,0,0,639127.0498,5359930.1918,10.878861913,48.377189617,1,#66c2a5,bicycle
179575,"9,17E+18",9,7,61,0,2017,7,16,5,3,2,7,1,0,0,0,0,1,0,0,639627.7156,5361452.9064,10.886125412,48.390770823,1,#66c2a5,bicycle
179576,"9,17E+18",9,7,61,0,2017,7,17,5,3,2,6,0,1,0,0,0,0,0,0,642937.0057,5359576.7233,10.930163888,48.373159838,2,#fc8d62,car
179580,"9,17E+18",9,1,63,0,2017,8,6,5,3,5,3,1,1,0,0,0,0,0,0,734136.8067,5305376.2581,12.130387394,47.859022204,1,#66c2a5,bicycle
179584,"9,17E+18",9,1,86,132,2017,8,16,5,3,5,3,0,1,0,1,0,0,0,0,678508.8667,5367751.6904,11.413589853,48.437583359,2,#fc8d62,car
179585,"9,17E+18",9,1,81,130,2017,8,15,5,3,5,3,1,1,0,0,0,0,0,0,638474.9582,5324548.5056,10.858505371,48.059178269,1,#66c2a5,bicycle
179586,"9,17E+18",9,1,88,121,2017,8,13,5,3,5,2,1,1,0,0,0,0,0,0,670818.8029,5330165214.0,11.294519015,48.101833209,1,#66c2a5,bicycle
179587,"9,17E+18",9,1,88,121,2017,8,11,5,3,5,2,1,1,0,0,0,0,0,0,670292.9691,5329614.3212,11.287241806,48.097021531,1,#66c2a5,bicycle
179588,"9,17E+18",9,1,88,120,2017,8,11,5,3,3,2,1,0,0,1,0,0,0,0,677703453.0,5326998338.0,11.385597754,48.071482411,1,#66c2a5,bicycle
179589,"9,17E+18",9,1,74,115,2017,8,9,5,3,5,3,1,0,0,0,0,0,0,0,679890.3159,5348519186.0,11.424032871,48.264317957,1,#66c2a5,bicycle
179590,"9,17E+18",9,1,74,115,2017,8,20,5,3,3,6,1,0,0,0,0,0,0,0,679856.65,5347576171.0,11.423178767,48.255851017,1,#66c2a5,bicycle
179591,"9,17E+18",9,1,74,115,2017,8,18,5,2,0,1,1,0,0,0,0,0,0,0,683045.5127,5346644.3578,11.465697885,48.246562413,1,#66c2a5,bicycle
179592,"9,17E+18",9,1,77,133,2017,8,14,5,3,5,3,0,1,0,0,0,1,0,0,712177753.0,5355936.5989,11.862313368,48.320978664,2,#fc8d62,car
179593,"9,17E+18",9,1,62,0,2017,8,18,4,3,0,7,1,0,0,0,0,0,0,0,686369.3615,5339629.7915,11.507345196,48.182545531,1,#66c2a5,bicycle
179594,"9,17E+18",9,1,62,0,2017,8,7,4,3,4,6,1,0,0,0,0,0,0,0,689402.8864,5339034.6694,11.547850352,48.176299516,1,#66c2a5,bicycle
179595,"9,17E+18",9,1,62,0,2017,8,18,4,3,3,2,1,1,0,0,0,0,0,0,688511.4441,5334827.0669,11.534006645,48.138746128,1,#66c2a5,bicycle
179596,"9,17E+18",9,1,62,0,2017,8,17,4,2,6,4,0,1,1,0,0,0,0,0,686234.7234,5334375.2657,11.503235478,48.135355585,2,#fc8d62,car
179597,"9,17E+18",9,1,62,0,2017,8,13,4,3,5,7,0,1,0,1,0,0,0,0,692091.5859,5336652.4085,11.582904935,48.154081285,2,#fc8d62,car
179598,"9,17E+18",9,1,62,0,2017,8,11,4,3,0,3,0,1,0,1,0,0,0,1,686456.0113,5336294.1706,11.507047223,48.152538561,2,#fc8d62,car
179599,"9,17E+18",9,1,62,0,2017,8,10,4,3,3,2,0,1,0,1,0,0,0,0,689519.4788,5330985.0761,11.545835043,48.103914508,2,#fc8d62,car
179600,"9,17E+18",9,1,62,0,2017,8,17,4,2,3,7,1,1,0,0,0,0,0,0,690154156.0,5335261074.0,11.556259379,48.142158216,1,#66c2a5,bicycle
179601,"9,17E+18",9,1,62,0,2017,8,23,4,2,1,7,0,1,0,0,0,1,2,0,692362.6493,5332336.1858,11.584596912,48.115205993,2,#fc8d62,car
179602,"9,17E+18",9,1,62,0,2017,8,14,4,2,4,2,0,1,0,1,0,0,0,0,689695.3854,5331906.8105,11.548605432,48.112146804,2,#fc8d62,car
179603,"9,17E+18",9,1,62,0,2017,8,14,4,2,5,3,0,1,0,1,0,0,0,0,686488633.0,5338350096.0,11.508386747,48.171008278,2,#fc8d62,car
179604,"9,17E+18",9,1,62,0,2017,8,9,4,2,0,7,1,0,0,0,0,1,0,0,691544.7884,5335414.5992,11.575003322,48.143120952,1,#66c2a5,bicycle
179605,"9,17E+18",9,1,62,0,2017,8,5,4,3,5,2,1,1,0,0,0,0,0,1,685992491.0,5333915781.0,11.499782182,48.131296392,1,#66c2a5,bicycle
179606,"9,17E+18",9,1,62,0,2017,8,12,4,3,5,2,0,1,0,0,0,0,0,0,680637.6128,5338484619.0,11.429818708,48.173907321,2,#fc8d62,car
179607,"9,17E+18",9,1,62,0,2017,8,10,4,3,5,3,1,1,0,0,0,0,0,0,690386.4189,5336990.6857,11.560152095,48.157634443,1,#66c2a5,bicycle
179608,"9,17E+18",9,1,62,0,2017,8,8,4,3,0,1,1,0,0,0,0,0,0,0,686992.2985,5334975.2757,11.513671541,48.140526511,1,#66c2a5,bicycle
179609,"9,17E+18",9,1,62,0,2017,8,8,4,3,4,6,1,0,0,0,0,0,0,0,693077.2429,5335300.7994,11.595531204,48.14163495,1,#66c2a5,bicycle
179610,"9,17E+18",9,1,62,0,2017,8,13,4,3,4,2,1,1,0,0,0,0,0,0,694204.2136,5334330.3605,11.610222329,48.132570034,1,#66c2a5,bicycle
179611,"9,17E+18",9,1,62,0,2017,8,16,4,3,5,2,1,1,0,0,0,0,0,0,694456.8726,5333025.6357,11.613019269,48.120766523,1,#66c2a5,bicycle
179612,"9,17E+18",9,1,62,0,2017,8,18,4,3,2,6,0,1,0,1,0,0,0,0,690923358.0,5335108605.0,11.566520735,48.140557484,2,#fc8d62,car
179620,"9,17E+18",9,7,62,0,2017,8,2,4,3,6,4,0,1,1,0,0,0,2,0,621326.9432,5304216.0142,10.622720493,47.879807512,2,#fc8d62,car
179625,"9,17E+18",9,7,72,145,2017,8,15,4,3,5,3,0,1,0,0,0,1,0,0,632347.4743,5369360446.0,10.790329941,48.463446241,2,#fc8d62,car
179626,"9,17E+18",9,7,71,146,2017,8,18,4,3,0,2,1,1,0,0,0,0,0,0,646667.7618,5348570.7865,10.976682907,48.27334603,1,#66c2a5,bicycle
179627,"9,17E+18",9,7,61,0,2017,8,17,4,3,4,2,0,1,0,0,0,0,0,0,637832884.0,5361407593.0,10.86187892,48.39075819,2,#fc8d62,car
179628,"9,17E+18",9,7,61,0,2017,8,19,4,3,5,3,1,1,0,0,0,0,0,0,642347.4062,5362178.2113,10.923088178,48.396684415,1,#66c2a5,bicycle
179629,"9,17E+18",9,7,61,0,2017,8,16,4,3,8,1,0,0,0,1,0,0,0,0,640730.6506,5355573.8324,10.899048772,48.337663029,4,#e78ac3,marker
179661,"9,17E+18",9,2,74,126,2017,8,16,4,3,5,3,0,1,0,0,0,0,0,0,733172.3351,5383951.5691,12.160699133,48.565241355,2,#fc8d62,car
179667,"9,17E+18",9,1,63,0,2017,8,13,4,3,5,3,1,1,0,0,0,0,0,0,732651.3919,5304861.2363,12.110280882,47.854934637,1,#66c2a5,bicycle
179671,"9,17E+18",9,1,87,150,2017,8,17,4,3,5,3,1,1,0,0,0,0,0,0,729170.2423,5304133.8308,12.063425937,47.849649885,1,#66c2a5,bicycle
179672,"9,17E+18",9,1,87,122,2017,8,22,4,2,5,3,0,1,0,1,0,0,2,0,719322.4779,5307330.5861,11.933590345,47.881810057,2,#fc8d62,car
179673,"9,17E+18",9,1,87,130,2017,8,21,4,3,0,1,1,0,0,0,0,0,2,0,711606.7565,5309412.9243,11.831540643,47.903111883,1,#66c2a5,bicycle
179676,"9,17E+18",9,1,81,130,2017,8,15,4,2,3,6,1,0,0,0,0,0,0,0,639426.6043,5325601.2879,10.871613882,48.068437928,1,#66c2a5,bicycle
179677,"9,17E+18",9,1,88,144,2017,8,8,4,3,5,2,1,1,0,0,0,0,0,1,667061.4879,5326519.7032,11.242663621,48.070055866,1,#66c2a5,bicycle
179678,"9,17E+18",9,1,74,131,2017,8,9,4,3,4,2,0,1,0,0,0,0,0,0,675909.8999,5359196.7386,11.374897167,48.361415934,2,#fc8d62,car
179679,"9,17E+18",9,1,75,139,2017,8,10,4,3,5,3,0,0,1,1,0,0,0,0,710141647.0,5329401.9088,11.821744364,48.083220658,3,#8da0cb,toilet
179680,"9,17E+18",9,1,78,120,2017,8,11,4,3,2,6,0,0,0,0,0,1,0,0,695671.1645,5353864.9986,11.638931733,48.307684794,6,#ffd92f,circle
179681,"9,17E+18",9,1,77,117,2017,8,14,4,3,5,3,1,1,0,0,0,0,0,0,714763.0289,5354976.1748,11.896654169,48.311476342,1,#66c2a5,bicycle
179682,"9,17E+18",9,1,62,0,2017,8,12,3,3,2,6,0,1,0,0,0,1,0,0,693292434.0,5330966499.0,11.5964557,48.102614051,2,#fc8d62,car
179683,"9,17E+18",9,1,62,0,2017,8,17,3,3,5,1,1,1,0,0,0,0,0,0,691880.7809,5337419.1711,11.580419179,48.161036434,1,#66c2a5,bicycle
179684,"9,17E+18",9,1,62,0,2017,8,17,3,3,0,7,1,0,0,0,0,0,0,0,694812.8002,5338361.0717,11.620238051,48.168610219,1,#66c2a5,bicycle
179685,"9,17E+18",9,1,84,138,2017,8,11,3,3,5,3,0,1,0,0,0,1,0,0,682526.3701,5331311.1384,11.452126279,48.108887373,2,#fc8d62,car
179686,"9,17E+18",9,1,84,136,2017,8,17,3,3,4,7,0,1,0,0,0,0,0,0,697649.8845,5327271.0335,11.653214129,48.068064654,2,#fc8d62,car
179687,"9,17E+18",9,1,62,0,2017,8,8,3,3,5,2,1,1,0,0,0,0,0,0,692161.2317,5339231.8779,11.585005906,48.177243906,1,#66c2a5,bicycle
179688,"9,17E+18",9,1,62,0,2017,8,19,3,3,4,6,1,1,0,0,0,0,0,0,692764.8693,5335616983.0,11.591479569,48.144571442,1,#66c2a5,bicycle
179689,"9,17E+18",9,1,62,0,2017,8,14,3,3,6,4,0,1,1,0,0,0,0,0,686646958.0,5337925.3644,11.510327757,48.167144201,2,#fc8d62,car
179690,"9,17E+18",9,1,62,0,2017,8,17,3,3,3,6,1,0,0,0,0,0,0,0,693349398.0,5336108929.0,11.59955286,48.148815523,1,#66c2a5,bicycle
179691,"9,17E+18",9,1,62,0,2017,8,15,3,2,6,4,0,0,1,1,0,0,0,0,690262.6627,5334942.7592,11.557574327,48.139264767,3,#8da0cb,toilet
179692,"9,17E+18",9,1,62,0,2017,8,10,3,3,6,4,1,0,1,0,0,0,0,0,686940.6345,5336960.28,11.513849499,48.158383477,1,#66c2a5,bicycle
179693,"9,17E+18",9,1,62,0,2017,8,12,3,2,4,2,0,1,0,1,0,0,0,0,692597.9516,5338057.6009,11.590342597,48.166557637,2,#fc8d62,car
179694,"9,17E+18",9,1,62,0,2017,8,19,3,3,6,1,1,0,1,0,0,0,0,0,689738.3541,5339638.6593,11.552628084,48.181628086,1,#66c2a5,bicycle
179695,"9,17E+18",9,1,62,0,2017,8,15,3,3,6,2,0,1,1,0,0,0,0,0,691631.5967,5338051.5328,11.577356568,48.166795134,2,#fc8d62,car
179696,"9,17E+18",9,1,62,0,2017,8,15,3,2,5,2,1,1,0,0,0,0,0,0,688284.7766,5336364177.0,11.531642597,48.152629041,1,#66c2a5,bicycle
179697,"9,17E+18",9,1,84,122,2017,8,11,3,3,3,2,0,1,0,0,0,0,0,0,687989616.0,5323799945.0,11.522145126,48.039785396,2,#fc8d62,car
179698,"9,17E+18",9,1,62,0,2017,8,15,3,3,0,3,0,1,0,0,0,1,0,0,688307.9661,5331947762.0,11.530002097,48.112926598,2,#fc8d62,car
179699,"9,17E+18",9,1,62,0,2017,8,22,3,3,0,1,0,0,0,1,0,0,2,1,690115237.0,5334928385.0,11.55558821,48.139179636,4,#e78ac3,marker
179700,"9,17E+18",9,1,62,0,2017,8,21,3,2,5,3,1,0,0,0,0,0,2,0,691838378.0,5336817.42,11.579578218,48.155640805,1,#66c2a5,bicycle
179706,"9,17E+18",9,7,61,0,2017,8,9,3,3,0,1,1,0,0,0,0,0,0,0,638939.9485,5359044.8779,10.876044023,48.369270305,1,#66c2a5,bicycle
179707,"9,17E+18",9,7,61,0,2017,8,15,3,3,3,2,0,1,0,1,0,0,0,0,637685.9209,5361441.1994,10.859905812,48.391092475,2,#fc8d62,car
179708,"9,17E+18",9,7,61,0,2017,8,22,3,3,5,7,0,1,0,0,0,0,2,0,638191.5476,5361655.7849,10.86680282,48.392911392,2,#fc8d62,car
179709,"9,17E+18",9,7,61,0,2017,8,14,3,3,0,7,1,0,0,0,0,0,0,0,641486.0838,5355805.5212,10.909314697,48.339577586,1,#66c2a5,bicycle
179710,"9,17E+18",9,7,61,0,2017,8,17,3,3,5,3,0,1,0,0,0,0,0,0,639129.3965,5356885.0488,10.877886447,48.349807859,2,#fc8d62,car
179711,"9,17E+18",9,7,61,0,2017,8,20,3,3,0,1,1,0,0,0,0,0,0,0,639944.1787,5357721.2079,10.889155714,48.357146368,1,#66c2a5,bicycle
179748,"9,17E+18",9,2,61,0,2017,8,13,3,3,1,7,1,1,0,0,0,0,0,0,734120.2055,5381707.5642,12.172265535,48.544731363,1,#66c2a5,bicycle
179749,"9,17E+18",9,2,61,0,2017,8,17,3,3,6,4,0,1,1,0,0,0,0,0,732873.4205,5380756049.0,12.154866965,48.536648169,2,#fc8d62,car
179750,"9,17E+18",9,1,73,147,2017,8,7,3,2,5,2,0,1,0,1,0,0,0,0,681236.3744,5308311.4353,11.425095587,47.902509618,2,#fc8d62,car
179755,"9,17E+18",9,1,87,179,2017,8,19,3,2,1,5,1,0,0,0,0,1,0,0,723375.1198,5311632.9852,11.989948757,47.919070528,1,#66c2a5,bicycle
179756,"9,17E+18",9,1,87,122,2017,8,17,3,3,2,6,0,1,0,1,0,0,0,0,719741.8659,5308295.4405,11.939683277,47.890336386,2,#fc8d62,car
179758,"9,17E+18",9,1,86,126,2017,8,6,3,3,2,6,1,1,0,0,0,0,0,0,684919.0273,5376845666.0,11.504198149,48.517468933,1,#66c2a5,bicycle
179761,"9,17E+18",9,1,88,137,2017,8,18,3,2,4,6,1,1,0,0,0,0,0,0,671105.5096,5318135.6377,11.29355789,47.993611829,1,#66c2a5,bicycle
179762,"9,17E+18",9,1,78,155,2017,8,16,3,3,8,6,0,1,0,1,0,0,0,0,721209872.0,5374595.6328,11.993820106,48.485522085,2,#fc8d62,car
179763,"9,17E+18",9,1,77,116,2017,8,17,3,2,5,3,0,1,0,1,0,0,0,0,708048.9502,5363207.2259,11.810278747,48.387683084,2,#fc8d62,car
179764,"9,17E+18",9,1,84,129,2017,7,2,2,3,0,7,0,0,0,1,0,0,2,1,700342.4648,5326983.4426,11.689183084,48.064640098,4,#e78ac3,marker
179765,"9,17E+18",9,1,62,0,2017,7,17,2,3,0,2,0,1,0,1,0,0,0,0,692702539.0,5337989.38,11.591716839,48.165912793,2,#fc8d62,car
179766,"9,17E+18",9,1,62,0,2017,7,16,2,3,5,3,1,1,0,0,0,0,0,0,691514.7401,5340907923.0,11.577073801,48.192503007,1,#66c2a5,bicycle
179767,"9,17E+18",9,1,62,0,2017,7,8,2,2,4,2,0,1,0,1,0,0,0,0,697928.4769,5334517.9602,11.660310399,48.13310881,2,#fc8d62,car
179768,"9,17E+18",9,1,62,0,2017,7,16,2,3,0,6,0,1,0,0,0,1,0,0,686214.0766,5334846.6557,11.503164317,48.139598657,2,#fc8d62,car
179769,"9,17E+18",9,1,62,0,2017,7,18,2,3,2,6,0,1,0,0,0,0,0,0,690831.1534,5342771.5473,11.568722716,48.209458687,2,#fc8d62,car
179770,"9,17E+18",9,1,62,0,2017,7,11,2,3,4,6,1,0,0,0,0,0,0,0,682232393.0,5336665.5643,11.450470917,48.157101126,1,#66c2a5,bicycle
179771,"9,17E+18",9,1,62,0,2017,7,18,2,2,4,6,1,0,0,0,0,0,0,0,690372576.0,5338545865.0,11.560662244,48.171616438,1,#66c2a5,bicycle
179772,"9,17E+18",9,1,62,0,2017,7,8,2,3,2,6,0,1,0,0,0,0,0,0,686554636.0,5336352719.0,11.508397656,48.153035891,2,#fc8d62,car
179773,"9,17E+18",9,1,84,139,2017,7,16,2,3,5,3,1,1,0,0,0,0,0,0,687470819.0,5326614.3863,11.51642471,48.06523531,1,#66c2a5,bicycle
179774,"9,17E+18",9,1,62,0,2017,7,8,2,3,3,4,1,0,1,0,0,0,0,0,693734.2126,5333896.1288,11.603714576,48.128810535,1,#66c2a5,bicycle
179775,"9,17E+18",9,1,62,0,2017,7,12,2,3,3,5,1,1,0,0,0,0,0,0,689070278.0,5332719.8549,11.540576006,48.119640442,1,#66c2a5,bicycle
179776,"9,17E+18",9,1,62,0,2017,7,9,2,3,6,4,1,0,1,0,0,0,0,0,690831.2952,5336699.7587,11.565997716,48.15488627,1,#66c2a5,bicycle
179777,"9,17E+18",9,1,62,0,2017,7,18,2,3,5,3,1,1,0,0,0,0,0,0,692437.2423,5338146.7365,11.588223765,48.167407433,1,#66c2a5,bicycle
179785,"9,17E+18",9,7,78,116,2017,7,18,2,3,0,1,1,0,0,0,0,0,0,0,619892.5373,5318128.8962,10.607418988,48.00520585,1,#66c2a5,bicycle
179788,"9,17E+18",9,7,72,115,2017,7,13,2,3,1,7,0,1,0,1,0,0,0,0,619835.2404,5372339823.0,10.621999127,48.492747399,2,#fc8d62,car
179789,"9,17E+18",9,7,72,147,2017,7,11,2,3,5,3,1,1,0,0,0,0,0,0,638983181.0,5365587979.0,10.878793378,48.42809454,1,#66c2a5,bicycle
179790,"9,17E+18",9,7,72,184,2017,7,9,2,3,4,2,0,1,0,0,0,0,0,0,634943.7894,5361673.6276,10.822958594,48.393775181,2,#fc8d62,car
179791,"9,17E+18",9,7,72,163,2017,7,14,2,2,0,3,1,0,0,0,0,0,0,0,640448964.0,5349814.8036,10.893332438,48.285941823,1,#66c2a5,bicycle
179792,"9,17E+18",9,7,61,0,2017,7,14,2,3,1,6,0,1,0,0,0,0,0,0,637111.2,5359310.9883,10.851451515,48.372063079,2,#fc8d62,car
179793,"9,17E+18",9,7,61,0,2017,7,7,2,3,5,3,1,1,0,0,0,0,0,0,636800.0977,5360844.4536,10.847751993,48.385919373,1,#66c2a5,bicycle
179794,"9,17E+18",9,7,61,0,2017,7,21,2,3,0,7,1,0,0,0,0,0,2,0,641157.4047,5359871.3408,10.906245711,48.376209502,1,#66c2a5,bicycle
179823,"9,17E+18",9,1,73,120,2017,7,16,2,3,4,2,0,1,0,0,0,0,0,0,688800.3958,5312456.3697,11.528024385,47.937585362,2,#fc8d62,car
179828,"9,17E+18",9,1,83,139,2017,7,18,2,2,8,1,0,1,0,0,0,0,0,0,735347.4794,5335068413.0,12.162822856,48.125320872,2,#fc8d62,car
179841,"9,17E+18",9,1,82,137,2017,8,7,2,3,0,7,1,0,0,0,0,0,0,0,708866.8414,5301109.4453,11.790910901,47.829388837,1,#66c2a5,bicycle
179843,"9,17E+18",9,1,87,179,2017,8,18,2,3,5,3,1,1,0,0,0,0,0,0,720737648.0,5316011501.0,11.956938765,47.959326067,1,#66c2a5,bicycle
179845,"9,17E+18",9,1,79,142,2017,8,17,2,3,2,6,0,1,0,0,0,0,0,0,673945.5546,5344079.6885,11.342173838,48.226070311,2,#fc8d62,car
179846,"9,17E+18",9,1,81,128,2017,8,13,2,3,0,7,1,0,0,0,0,0,0,0,638400.8043,5328609.3719,10.858826037,48.095711001,1,#66c2a5,bicycle
179847,"9,17E+18",9,1,77,144,2017,8,17,2,3,7,7,0,0,0,1,0,0,0,0,718786.6097,5347776.6166,11.947122715,48.245410779,4,#e78ac3,marker
179848,"9,17E+18",9,1,75,122,2017,8,13,2,2,0,1,1,0,0,0,0,0,0,0,721156.3996,5326149.1919,11.967765691,48.050269939,1,#66c2a5,bicycle
179849,"9,17E+18",9,1,62,0,2017,8,21,1,3,1,3,0,1,0,1,0,0,2,0,693748902.0,5333465.4998,11.60371602,48.124935705,2,#fc8d62,car
179850,"9,17E+18",9,1,62,0,2017,8,10,1,3,6,4,1,0,1,0,0,0,0,0,689050.3114,5332395954.0,11.540164375,48.116735101,1,#66c2a5,bicycle
179851,"9,17E+18",9,1,84,123,2017,8,20,1,3,1,5,0,1,0,0,0,0,2,0,702960.3412,5332222.3951,11.726771184,48.110894407,2,#fc8d62,car
179852,"9,17E+18",9,1,62,0,2017,8,18,1,3,5,3,0,1,0,0,0,0,0,0,689362.0587,5341386.6181,11.548350127,48.197450969,2,#fc8d62,car
179853,"9,17E+18",9,7,78,203,2017,8,3,1,3,9,7,0,1,0,0,0,0,2,0,619961.0646,5322856.9198,10.609661161,48.047714915,2,#fc8d62,car
179855,"9,17E+18",9,7,72,125,2017,8,15,1,2,0,1,1,0,0,0,0,0,0,0,636234.9917,5350179234.0,10.83667401,48.290139825,1,#66c2a5,bicycle
179856,"9,17E+18",9,7,61,0,2017,8,19,1,2,5,3,0,1,0,0,0,0,0,0,642478308.0,5360810334.0,10.924391623,48.384355593,2,#fc8d62,car
179876,"9,17E+18",9,1,73,118,2017,8,3,1,3,6,6,0,1,1,0,0,0,2,1,687274.0144,5306617.9238,11.505070899,47.885553184,2,#fc8d62,car
179879,"9,17E+18",9,1,86,143,2017,8,13,1,3,2,6,0,1,0,0,0,0,0,0,684934.2579,5378192.3828,11.505001382,48.529568413,2,#fc8d62,car
179880,"9,17E+18",9,1,79,111,2017,8,18,1,3,5,3,0,1,0,1,0,0,0,0,657336915.0,5338816.7546,11.116754347,48.183089986,2,#fc8d62,car
179881,"9,17E+18",9,1,79,121,2017,8,0,1,3,0,1,1,0,0,0,0,0,2,0,668028.3254,5340373.2674,11.261095995,48.194345187,1,#66c2a5,bicycle
179882,"9,17E+18",9,1,77,117,2017,8,20,1,3,0,7,1,0,0,0,0,0,0,0,714269.2331,5355531.9375,11.890285085,48.31663746,1,#66c2a5,bicycle
179883,"9,17E+18",9,1,62,0,2017,8,18,7,3,5,7,1,1,0,0,0,0,0,0,692331.7616,5331704952.0,11.583897704,48.109541888,1,#66c2a5,bicycle
179884,"9,17E+18",9,1,84,141,2017,8,15,7,3,4,7,0,1,0,0,0,1,0,0,696458.2434,5312766.0976,11.630594084,47.938067265,2,#fc8d62,car
179885,"9,17E+18",9,1,62,0,2017,8,10,7,3,5,2,1,1,0,0,0,0,0,0,684595.8283,5335015.7381,11.48150572,48.141589986,1,#66c2a5,bicycle
179886,"9,17E+18",9,1,62,0,2017,8,22,7,3,5,3,1,1,0,0,0,0,2,1,689507.7284,5332591.3923,11.546391006,48.118355765,1,#66c2a5,bicycle
179887,"9,17E+18",9,1,88,120,2017,8,13,7,2,0,1,1,0,0,0,0,0,0,0,678473.3426,5328237564.0,11.396441417,48.082407078,1,#66c2a5,bicycle
179888,"9,17E+18",9,1,62,0,2017,8,21,7,3,5,3,1,1,0,0,0,0,2,1,691724.6237,5334686.7028,11.577090697,48.136524558,1,#66c2a5,bicycle
179889,"9,17E+18",9,1,84,131,2017,8,22,7,3,6,7,0,0,1,1,0,0,2,1,704804.3435,5337753.5027,11.754174887,48.160009919,3,#8da0cb,toilet
179890,"9,17E+18",9,1,62,0,2017,8,16,7,2,6,4,0,1,1,0,0,0,0,0,686762426.0,5336642464.0,11.511315961,48.155579221,2,#fc8d62,car
179891,"9,17E+18",9,1,62,0,2017,8,17,7,3,1,7,1,1,0,0,0,0,0,0,694056.7619,5342833.7295,11.612123686,48.209039647,1,#66c2a5,bicycle
179892,"9,17E+18",9,1,62,0,2017,8,19,7,3,0,6,1,0,0,0,0,0,1,1,690779.0258,5338136.9664,11.565940168,48.167819435,1,#66c2a5,bicycle
179893,"9,17E+18",9,1,84,131,2017,8,20,7,3,0,1,1,0,0,0,0,0,0,0,704089.2017,5339108.2346,11.745219351,48.172414268,1,#66c2a5,bicycle