OBJECTID,UIDENTSTLA,ULAND,UREGBEZ,UKREIS,UGEMEINDE,UJAHR,UMONAT,USTUNDE,UWOCHENTAG,UKATEGORIE,UART,UTYP1,IstRad,IstPKW,IstFuss,IstKrad,IstGkfz,IstSonstig,ULICHTVERH,STRZUSTAND,LINREFX,LINREFY,XGCSWGS84,YGCSWGS84,Teilnehmer,color,symbol
179894,"9,17E+18",9,1,62,0,2017,8,13,7,3,8,7,0,1,0,0,0,0,0,0,693258.8522,5330085.3454,11.595606136,48.094704617,2,#fc8d62,car
179895,"9,17E+18",9,1,62,0,2017,8,6,7,2,0,7,1,0,0,0,0,0,0,0,688561.9696,5332388.2001,11.533606029,48.116810194,1,#66c2a5,bicycle
179896,"9,17E+18",9,1,62,0,2017,8,2,7,2,0,1,1,0,0,0,0,0,2,0,691775.4904,5334038899.0,11.577482109,48.130686861,1,#66c2a5,bicycle
179900,"9,17E+18",9,7,72,163,2017,8,16,7,3,0,1,0,0,0,1,0,0,0,0,640029.7668,5347755.1523,10.887002243,48.267514591,4,#e78ac3,marker
179901,"9,17E+18",9,7,72,163,2017,8,1,7,3,9,1,1,0,0,0,0,0,2,0,638581.4806,5347849.6861,10.867527347,48.268683171,1,#66c2a5,bicycle
179902,"9,17E+18",9,7,61,0,2017,8,15,7,3,5,3,0,1,0,0,0,0,0,0,638656.4587,5360709.7219,10.872767467,48.384302567,2,#fc8d62,car
179903,"9,17E+18",9,7,61,0,2017,8,14,7,3,5,3,1,1,0,0,0,0,0,0,639426501.0,5359976.2254,10.882918896,48.37753744,1,#66c2a5,bicycle
179904,"9,17E+18",9,7,61,0,2017,8,11,7,3,5,3,1,1,0,0,0,0,0,0,639387.5753,5360051.5924,10.882418502,48.37822372,1,#66c2a5,bicycle
179905,"9,17E+18",9,7,61,0,2017,8,11,7,3,0,7,1,0,0,0,0,0,0,0,639705777.0,5358833.4041,10.886308601,48.367199737,1,#66c2a5,bicycle
179930,"9,17E+18",9,2,74,124,2017,8,16,7,3,0,1,1,0,0,0,0,0,0,0,722325078.0,5375185773.0,12.009205461,48.490430554,1,#66c2a5,bicycle
179934,"9,17E+18",9,1,82,137,2017,8,11,7,3,0,1,1,0,0,0,0,0,0,0,708596.0292,5310308.2688,11.791736492,47.912143916,1,#66c2a5,bicycle
179935,"9,17E+18",9,1,87,169,2017,8,10,7,3,0,7,1,0,0,0,0,1,0,0,736666.6207,5299035.0936,12.160693425,47.801128232,1,#66c2a5,bicycle
179941,"9,17E+18",9,1,88,113,2017,8,19,7,2,0,1,1,0,0,0,0,0,0,0,677314.1819,5317082.8487,11.376273538,47.982456608,1,#66c2a5,bicycle
179942,"9,17E+18",9,1,79,123,2017,8,16,7,3,1,3,1,1,0,0,0,0,0,0,676131.4428,5333917.9681,11.367368934,48.134121416,1,#66c2a5,bicycle
179943,"9,17E+18",9,1,79,121,2017,8,18,7,3,0,7,1,0,0,0,0,0,0,0,665225.0256,5336724.2882,11.221984007,48.162275942,1,#66c2a5,bicycle
179944,"9,17E+18",9,1,74,122,2017,8,14,7,2,5,3,0,1,0,0,0,0,0,0,682811.9716,5351692.1405,11.46473716,48.292001481,2,#fc8d62,car
179945,"9,17E+18",9,1,78,120,2017,8,21,7,3,0,1,1,0,0,0,0,0,1,0,694531.5191,5352224.2687,11.622822605,48.293290588,1,#66c2a5,bicycle
179946,"9,17E+18",9,1,75,135,2017,8,15,7,2,0,7,1,0,0,0,0,0,0,0,709619.9962,5339212.5763,11.819573694,48.171552001,1,#66c2a5,bicycle
179947,"9,17E+18",9,1,78,143,2017,8,11,7,2,0,1,1,0,0,0,0,0,0,0,716776.9901,5373332.4197,11.933253878,48.475716644,1,#66c2a5,bicycle
179948,"9,17E+18",9,1,78,124,2017,8,22,7,3,0,1,1,0,0,0,0,0,2,0,701863.8583,5363987.3583,11.727206727,48.396703168,1,#66c2a5,bicycle
179949,"9,17E+18",9,1,77,118,2017,8,11,7,3,5,3,1,1,0,0,0,0,0,0,707951.5862,5344240.1079,11.799621999,48.217278114,1,#66c2a5,bicycle
179950,"9,17E+18",9,1,77,116,2017,8,3,7,2,8,1,1,0,0,0,0,0,2,0,713959.7989,5360294.5109,11.888535099,48.359534986,1,#66c2a5,bicycle
179951,"9,17E+18",9,1,62,0,2017,8,17,6,3,2,6,0,1,0,0,0,0,0,0,690490676.0,5337254905.0,11.561670903,48.159978007,2,#fc8d62,car
179952,"9,17E+18",9,1,62,0,2017,8,20,6,3,5,2,1,0,0,0,0,0,0,0,685217.2037,5333830.8686,11.489335452,48.130759241,1,#66c2a5,bicycle
179953,"9,17E+18",9,1,62,0,2017,8,0,6,3,6,7,0,1,1,0,0,0,2,1,690509.5444,5335053.4804,11.560939084,48.140186059,2,#fc8d62,car
179954,"9,17E+18",9,1,62,0,2017,8,21,6,2,5,3,0,1,0,0,0,0,2,0,691009.93,5335895563.0,11.568036311,48.147604613,2,#fc8d62,car
179955,"9,17E+18",9,1,62,0,2017,8,10,6,3,2,6,0,1,0,0,0,0,0,0,693708.8701,5332228672.0,11.602616705,48.113831644,2,#fc8d62,car
179956,"9,17E+18",9,1,62,0,2017,8,17,6,3,0,7,1,0,0,0,0,0,0,0,693376.0685,5339300.7506,11.601362138,48.177494398,1,#66c2a5,bicycle
179957,"9,17E+18",9,1,62,0,2017,8,19,6,3,6,4,1,0,1,0,0,0,0,0,689023.8821,5337169.6334,11.541928156,48.159649315,1,#66c2a5,bicycle
179958,"9,17E+18",9,1,62,0,2017,8,16,6,3,2,6,0,1,0,0,0,1,0,0,687366.0829,5330305.4555,11.516638984,48.098442793,2,#fc8d62,car
179959,"9,17E+18",9,1,62,0,2017,8,11,6,3,0,7,1,0,0,0,0,0,0,0,687035.0387,5330238.2959,11.512167516,48.097936391,1,#66c2a5,bicycle
179960,"9,17E+18",9,1,62,0,2017,8,12,6,3,6,4,0,0,1,1,0,0,0,0,691671.2405,5333745.7726,11.575950603,48.128083677,3,#8da0cb,toilet
179961,"9,17E+18",9,1,62,0,2017,8,13,6,3,2,6,0,1,0,1,0,0,0,0,692672.2997,5334185.8799,11.589589041,48.131737061,2,#fc8d62,car
179962,"9,17E+18",9,1,62,0,2017,8,9,6,3,0,5,1,1,0,0,0,0,0,0,688497.5985,5328164335.0,11.530876776,48.078864141,1,#66c2a5,bicycle
179963,"9,17E+18",9,1,62,0,2017,8,12,6,3,5,2,1,1,0,0,0,0,0,0,690904.2333,5333241.4039,11.565427298,48.123780917,1,#66c2a5,bicycle
179973,"9,17E+18",9,7,61,0,2017,8,7,6,3,5,3,1,1,0,0,0,0,0,1,641160.1737,5353641.7544,10.904194414,48.320194562,1,#66c2a5,bicycle
179974,"9,17E+18",9,7,61,0,2017,8,16,6,3,0,1,1,0,0,0,0,0,0,0,640352.1804,5358536.2488,10.894932236,48.364384406,1,#66c2a5,bicycle
179975,"9,17E+18",9,7,61,0,2017,8,13,6,3,6,4,0,0,1,1,0,0,0,0,639469.9906,5360076.0349,10.883539,48.378425288,3,#8da0cb,toilet
180010,"9,17E+18",9,2,61,0,2017,8,19,6,3,0,1,1,0,0,0,0,0,0,0,733075.2807,5381752.8642,12.158154888,48.545527291,1,#66c2a5,bicycle
180011,"9,17E+18",9,1,90,157,2017,8,16,6,3,0,4,0,0,0,0,0,1,0,0,659186.6122,5301463.6015,11.127753223,47.846790281,6,#ffd92f,circle
180015,"9,17E+18",9,1,63,0,2017,8,13,6,3,2,6,0,1,0,0,0,1,0,0,732797.8141,5306865.5836,12.113314526,47.872888895,2,#fc8d62,car
180016,"9,17E+18",9,1,63,0,2017,8,11,6,2,0,1,1,0,0,0,0,0,0,0,732260.0774,5305213.7206,12.105246671,47.858242944,1,#66c2a5,bicycle
180019,"9,17E+18",9,1,85,158,2017,8,10,6,3,0,1,1,0,0,0,0,0,0,1,667197.5831,5381430.3317,11.266257638,48.563650872,1,#66c2a5,bicycle
180021,"9,17E+18",9,1,81,143,2017,8,19,6,3,0,7,1,0,0,0,0,0,0,0,636220.2463,5315387.3178,10.825349124,47.97728095,1,#66c2a5,bicycle
180022,"9,17E+18",9,1,81,145,2017,8,13,6,3,5,3,0,1,0,0,0,0,0,0,647625.1019,5330025.5629,10.983130619,48.106374661,2,#fc8d62,car
180023,"9,17E+18",9,1,79,121,2017,8,14,6,3,5,3,0,1,0,0,0,0,0,0,667753.3189,5338982.8516,11.256849167,48.181918189,2,#fc8d62,car
180024,"9,17E+18",9,1,79,121,2017,8,12,6,3,0,2,1,1,0,0,0,0,0,0,665225.3783,5336706.0245,11.221981652,48.162111657,1,#66c2a5,bicycle
180025,"9,17E+18",9,1,74,115,2017,8,22,6,3,4,2,1,1,0,0,0,0,2,0,680524.5283,5348126496.0,11.432403362,48.2606078,1,#66c2a5,bicycle
180026,"9,17E+18",9,1,75,132,2017,8,15,6,3,1,5,1,1,0,0,0,0,0,0,706550.3735,5331984.1624,11.774829767,48.107599553,1,#66c2a5,bicycle
180027,"9,17E+18",9,1,78,124,2017,8,6,6,3,0,1,1,0,0,0,0,0,1,1,700452.9842,5360669.6553,11.706585578,48.367338559,1,#66c2a5,bicycle
180028,"9,17E+18",9,1,62,0,2017,8,21,5,3,5,3,1,1,0,0,0,0,2,0,688710781.0,5336139738.0,11.537265242,48.150485501,1,#66c2a5,bicycle
180029,"9,17E+18",9,1,62,0,2017,8,9,5,3,5,3,1,0,0,1,0,0,0,0,681130949.0,5338019.7858,11.436250484,48.169588628,1,#66c2a5,bicycle
180030,"9,17E+18",9,1,62,0,2017,8,17,5,3,5,3,0,1,0,0,0,0,0,0,692293.0756,5338132395.0,11.586280331,48.16732216,2,#fc8d62,car
180031,"9,17E+18",9,1,62,0,2017,8,8,5,3,4,6,1,0,0,0,0,0,0,0,689394.5488,5337219.3351,11.546929776,48.159985739,1,#66c2a5,bicycle
180032,"9,17E+18",9,1,84,135,2017,8,8,5,3,4,6,0,1,0,0,0,0,0,0,686490.4104,5349008.0529,11.5130978,48.266803548,2,#fc8d62,car
180033,"9,17E+18",9,1,62,0,2017,8,2,5,3,8,1,0,1,0,0,0,0,1,0,693430.5728,5340363.1542,11.602578198,48.187026279,2,#fc8d62,car
180034,"9,17E+18",9,1,62,0,2017,8,10,5,3,5,3,1,1,0,0,0,0,0,0,686793158.0,5336667372.0,11.511739724,48.155794075,1,#66c2a5,bicycle
180035,"9,17E+18",9,1,84,144,2017,8,14,5,3,9,1,0,1,0,0,0,0,0,0,688303.9803,5317020.6284,11.52338231,47.978757377,2,#fc8d62,car
180036,"9,17E+18",9,1,62,0,2017,8,12,5,2,4,6,1,0,0,0,0,0,0,0,691091.7272,5338007859.0,11.570083538,48.166565113,1,#66c2a5,bicycle
180037,"9,17E+18",9,1,62,0,2017,8,21,5,3,6,4,0,1,1,0,0,0,2,0,690538.0142,5335259.4517,11.56141355,48.142028797,2,#fc8d62,car
180038,"9,17E+18",9,1,84,135,2017,8,14,5,3,0,1,1,0,0,0,0,0,0,0,689828.6756,5347557.4776,11.55738648,48.252774541,1,#66c2a5,bicycle
180039,"9,17E+18",9,1,62,0,2017,8,22,5,3,0,7,1,0,0,0,0,0,2,0,687205.4855,5337871.3123,11.517808422,48.166494133,1,#66c2a5,bicycle
180040,"9,17E+18",9,1,62,0,2017,8,16,5,3,5,2,0,1,0,0,0,0,0,0,684381.7574,5332186.3027,11.477406528,48.116219508,2,#fc8d62,car
180041,"9,17E+18",9,1,62,0,2017,8,5,5,3,0,7,0,0,0,1,0,1,0,1,690510.3326,5334952.9622,11.560904705,48.139282369,4,#e78ac3,marker
180047,"9,17E+18",9,7,78,116,2017,8,18,5,3,3,2,1,1,0,0,0,0,0,0,622185.9312,5317058.6732,10.637849236,47.99514651,1,#66c2a5,bicycle
180055,"9,17E+18",9,7,61,0,2017,8,16,5,3,4,2,0,1,0,0,0,0,0,0,639367291.0,5360885.64,10.882421319,48.385727728,2,#fc8d62,car
180056,"9,17E+18",9,7,61,0,2017,8,9,5,3,5,3,0,1,0,0,0,0,0,0,640467.3823,5358231.2766,10.89638489,48.361616569,2,#fc8d62,car
180057,"9,17E+18",9,7,61,0,2017,8,8,5,3,2,6,0,1,0,0,0,0,0,0,640075.7826,5359085.4422,10.89138554,48.369383984,2,#fc8d62,car
180092,"9,17E+18",9,1,63,0,2017,8,8,6,2,5,3,1,0,0,0,0,1,0,1,731434509.0,5304175009.0,12.09367008,47.849208692,1,#66c2a5,bicycle
180094,"9,17E+18",9,1,81,121,2017,8,18,6,3,5,3,0,1,0,0,0,0,0,0,637048.1239,5312114.0961,10.835393462,47.947669315,2,#fc8d62,car
180095,"9,17E+18",9,1,79,132,2017,8,1,6,3,9,1,0,1,0,0,0,0,2,1,660494.6363,5338443.9514,11.159065383,48.178948411,2,#fc8d62,car
180096,"9,17E+18",9,1,81,144,2017,8,16,6,3,0,1,1,0,0,0,0,0,0,1,655573.0477,5321269.1035,11.086642092,48.02575292,1,#66c2a5,bicycle
180097,"9,17E+18",9,1,78,124,2017,8,13,6,3,3,2,1,1,0,0,0,0,0,0,703983.4356,5359397.2864,11.753581414,48.354773917,1,#66c2a5,bicycle
180098,"9,17E+18",9,1,78,143,2017,8,9,6,2,0,7,1,0,0,0,0,0,0,1,716774.5035,5373320.7876,11.933214247,48.475612991,1,#66c2a5,bicycle
180099,"9,17E+18",9,1,62,0,2017,8,18,5,3,5,2,1,1,0,0,0,0,0,0,691344.6949,5338426.5572,11.573670668,48.170252213,1,#66c2a5,bicycle
180100,"9,17E+18",9,1,62,0,2017,8,14,5,3,0,2,0,1,0,0,0,1,0,1,686214.1025,5334841.6587,11.50316248,48.139553735,2,#fc8d62,car
180101,"9,17E+18",9,1,62,0,2017,8,15,5,3,5,3,0,1,0,1,0,0,0,1,697734.7724,5336800.6425,11.658769769,48.153684095,2,#fc8d62,car
180102,"9,17E+18",9,1,62,0,2017,8,22,5,3,4,2,0,1,0,0,0,0,2,1,691383.5237,5338084.6394,11.574038496,48.167167423,2,#fc8d62,car
180103,"9,17E+18",9,1,62,0,2017,8,22,5,2,1,2,0,1,1,0,0,0,2,1,685457381.0,5339108.8795,11.494860505,48.178130246,2,#fc8d62,car
180104,"9,17E+18",9,1,62,0,2017,8,16,5,3,4,2,1,1,0,0,0,0,0,1,693943.8246,5333674.0993,11.606427619,48.126751178,1,#66c2a5,bicycle
180105,"9,17E+18",9,1,84,119,2017,8,21,5,3,6,4,0,1,1,0,0,0,2,1,694522.1848,5347750.6885,11.620638727,48.253087921,2,#fc8d62,car
180106,"9,17E+18",9,1,62,0,2017,8,23,5,3,0,1,0,0,0,1,0,0,2,0,682885.8473,5334099.6069,11.458147273,48.133848999,4,#e78ac3,marker
180107,"9,17E+18",9,1,62,0,2017,8,17,5,3,5,2,1,1,0,0,0,0,0,1,689236.2044,5340141.7395,11.546103461,48.18629953,1,#66c2a5,bicycle
180112,"9,17E+18",9,1,62,0,2017,8,21,5,3,0,7,1,0,0,0,0,0,2,1,687979524.0,5338632193.0,11.528544698,48.173104631,1,#66c2a5,bicycle
180113,"9,17E+18",9,1,62,0,2017,8,12,5,3,2,6,0,1,0,0,0,0,0,0,691659.7927,5332793.4816,11.575368737,48.119528035,2,#fc8d62,car
180114,"9,17E+18",9,1,84,130,2017,8,8,5,3,0,3,0,1,0,0,0,1,0,0,699874.4889,5345478.8161,11.691592274,48.231005685,2,#fc8d62,car
180115,"9,17E+18",9,1,62,0,2017,8,17,5,3,5,3,1,1,0,0,0,0,1,1,688451.7218,5333805.5361,11.532752781,48.129582121,1,#66c2a5,bicycle
180116,"9,17E+18",9,1,62,0,2017,8,17,5,3,0,5,0,1,0,1,0,0,0,1,691338.3175,5333942.9955,11.571569542,48.129956455,2,#fc8d62,car
180119,"9,17E+18",9,7,62,0,2017,8,10,5,3,5,3,0,1,0,0,0,0,0,1,621214.8692,5304651.4771,10.621344384,47.883745135,2,#fc8d62,car
180120,"9,17E+18",9,7,62,0,2017,8,8,5,2,0,1,1,0,0,0,0,0,0,1,620237.0707,5305245.2749,10.608436287,47.889269545,1,#66c2a5,bicycle
180123,"9,17E+18",9,7,72,200,2017,8,15,5,3,1,6,0,1,0,0,0,0,0,1,631059.4719,5337430.6645,10.76299064,48.176590683,2,#fc8d62,car
180124,"9,17E+18",9,7,71,129,2017,8,15,5,3,0,7,1,0,0,0,0,0,0,1,654444.7521,5356076.3523,11.084172332,48.338977885,1,#66c2a5,bicycle
180125,"9,17E+18",9,7,61,0,2017,8,11,5,3,5,3,0,1,0,1,0,0,0,0,638377.4917,5358467.5177,10.868263671,48.364202354,2,#fc8d62,car
180126,"9,17E+18",9,7,61,0,2017,8,8,5,3,0,7,1,0,0,0,0,0,0,0,636940.3315,5362544.8774,10.850199554,48.40117894,1,#66c2a5,bicycle
180127,"9,17E+18",9,7,61,0,2017,8,12,5,3,0,5,1,1,0,0,0,0,0,0,640535.0266,5361938.6161,10.898537141,48.394936616,1,#66c2a5,bicycle
180128,"9,17E+18",9,7,61,0,2017,8,16,5,3,0,1,1,0,0,0,0,0,0,1,640317.2992,5358775.9734,10.894541535,48.36654769,1,#66c2a5,bicycle
180129,"9,17E+18",9,7,71,113,2017,8,16,5,3,5,3,0,1,0,1,0,0,0,1,657219.61,5370832559.0,11.127118695,48.470957127,2,#fc8d62,car
180144,"9,17E+18",9,1,90,157,2017,8,17,5,3,5,3,1,1,0,0,0,0,0,1,661005.4291,5302141.1155,11.152298781,47.852428853,1,#66c2a5,bicycle
180146,"9,17E+18",9,1,87,165,2017,8,15,5,3,0,1,0,0,0,1,0,0,0,1,730278.0342,5300063.4338,12.076048347,47.812683691,4,#e78ac3,marker
180149,"9,17E+18",9,1,74,121,2017,8,7,5,3,0,6,1,1,0,0,0,0,0,0,690417769.0,5353113121.0,11.56781723,48.302530362,1,#66c2a5,bicycle
180150,"9,17E+18",9,1,78,124,2017,8,17,5,3,2,6,0,1,0,0,0,0,0,1,704695.9868,5362757.9318,11.764824104,48.384742563,2,#fc8d62,car
180151,"9,17E+18",9,1,75,122,2017,8,15,5,3,3,6,1,0,0,0,0,1,0,0,720496369.0,5325189.5134,11.958426516,48.04187545,1,#66c2a5,bicycle
180152,"9,17E+18",9,1,62,0,2017,8,16,4,3,5,3,1,1,0,0,0,0,0,0,690230.3676,5336228.7227,11.557715213,48.150832645,1,#66c2a5,bicycle
180153,"9,17E+18",9,1,62,0,2017,8,8,4,3,1,3,1,1,0,0,0,0,0,0,688429.1181,5334550.5018,11.532778778,48.136284697,1,#66c2a5,bicycle
180154,"9,17E+18",9,1,62,0,2017,8,13,4,3,3,6,0,1,0,1,0,0,0,0,690568.5883,5334018.5908,11.561269002,48.130866819,2,#fc8d62,car
180155,"9,17E+18",9,1,62,0,2017,8,10,4,3,1,5,1,1,0,0,0,0,0,0,693535.2607,5334239.8843,11.601199726,48.131960625,1,#66c2a5,bicycle
180156,"9,17E+18",9,1,62,0,2017,8,16,4,3,5,3,1,1,0,0,0,0,0,0,691552619.0,5335228075.0,11.575024577,48.14144214,1,#66c2a5,bicycle
180157,"9,17E+18",9,1,62,0,2017,8,6,4,3,5,3,0,1,0,0,0,0,1,1,687979486.0,5328578.49,11.524109522,48.082739648,2,#fc8d62,car
180158,"9,17E+18",9,1,62,0,2017,8,14,4,1,3,2,1,0,0,0,0,1,0,0,692441.4866,5333053.1153,11.585978627,48.121625814,1,#66c2a5,bicycle
180159,"9,17E+18",9,1,62,0,2017,8,10,4,3,0,6,1,0,0,0,0,1,0,0,684478.9339,5328755.5305,11.477228007,48.08535351,1,#66c2a5,bicycle
180160,"9,17E+18",9,1,84,112,2017,8,16,4,3,0,1,1,0,0,0,0,0,0,0,700617.1671,5341689.9667,11.699790063,48.196721425,1,#66c2a5,bicycle
180161,"9,17E+18",9,1,62,0,2017,8,14,4,3,4,3,1,1,0,0,0,0,0,0,693710.18,5332409598.0,11.602716463,48.115457357,1,#66c2a5,bicycle
180162,"9,17E+18",9,1,62,0,2017,8,17,4,3,0,1,1,0,0,0,0,0,0,0,693296797.0,5332334.5937,11.59713412,48.114908841,1,#66c2a5,bicycle
180163,"9,17E+18",9,1,62,0,2017,8,11,4,3,0,7,1,0,0,0,0,0,0,0,691760.3057,5335355.2444,11.577870827,48.14252256,1,#66c2a5,bicycle
180170,"9,17E+18",9,7,72,167,2017,8,4,4,3,6,2,0,1,1,0,0,0,2,1,625806.4082,5355820.8636,10.697829086,48.343032558,2,#fc8d62,car
180171,"9,17E+18",9,7,61,0,2017,8,19,4,3,8,1,0,0,0,1,0,0,0,0,641308379.0,5363259.1907,10.909423118,48.406637809,4,#e78ac3,marker
180172,"9,17E+18",9,7,61,0,2017,8,10,4,3,4,6,0,0,0,0,0,1,0,0,637353.8294,5352815.9598,10.852607685,48.31360745,6,#ffd92f,circle
180173,"9,17E+18",9,7,61,0,2017,8,12,4,3,5,2,1,1,0,0,0,0,0,0,639696.1395,5357362917.0,10.885690302,48.353979632,1,#66c2a5,bicycle
180174,"9,17E+18",9,7,71,156,2017,8,17,4,3,9,1,0,1,0,0,0,0,0,1,650419156.0,5381440437.0,11.038998756,48.567992387,2,#fc8d62,car
180202,"9,17E+18",9,2,61,0,2017,8,17,4,3,2,7,1,0,0,0,0,0,0,0,730270.8828,5381375.5099,12.120005975,48.54317302,1,#66c2a5,bicycle
180205,"9,17E+18",9,1,87,117,2017,8,16,4,3,3,6,1,1,0,0,0,0,0,0,724448.8898,5305856.9201,12.001298044,47.866797754,1,#66c2a5,bicycle
180209,"9,17E+18",9,1,74,115,2017,8,18,4,2,0,1,1,0,0,0,0,0,0,0,682362768.0,5348880.5834,11.457473514,48.266859505,1,#66c2a5,bicycle
180210,"9,17E+18",9,1,62,0,2017,8,14,3,3,5,3,0,1,0,0,0,1,0,0,693667.5437,5331103768.0,11.601551384,48.10373388,2,#fc8d62,car
180211,"9,17E+18",9,1,62,0,2017,8,18,3,3,5,3,0,1,0,0,0,0,0,1,696154813.0,5335334049.0,11.636873106,48.140992462,2,#fc8d62,car
180212,"9,17E+18",9,1,62,0,2017,8,18,3,3,1,7,0,1,0,0,0,0,0,1,684739.5826,5329464.0319,11.481031139,48.09164647,2,#fc8d62,car
180213,"9,17E+18",9,1,84,131,2017,8,10,3,3,2,6,1,0,0,0,0,1,0,0,704792936.0,5338229.1782,11.754250665,48.164288263,1,#66c2a5,bicycle
180214,"9,17E+18",9,1,62,0,2017,8,18,3,3,0,7,0,0,0,1,0,0,0,1,693299.0177,5335179.1667,11.598454129,48.140474415,4,#e78ac3,marker
180215,"9,17E+18",9,1,62,0,2017,8,8,3,3,9,7,0,1,0,0,0,1,0,0,690349.8847,5343125.6689,11.562410121,48.212785981,2,#fc8d62,car
180216,"9,17E+18",9,1,62,0,2017,8,16,3,3,5,3,1,1,0,0,0,0,0,0,692699.6344,5337413.5217,11.591416929,48.160738022,1,#66c2a5,bicycle
180217,"9,17E+18",9,1,62,0,2017,8,18,3,3,2,7,0,1,0,1,0,0,0,0,691824419.0,5335664219.0,11.578871004,48.145280247,2,#fc8d62,car
180218,"9,17E+18",9,1,84,127,2017,8,10,3,3,5,2,1,1,0,0,0,0,0,0,702205.88,5322000712.0,11.711813603,48.019272319,1,#66c2a5,bicycle
180219,"9,17E+18",9,1,62,0,2017,8,8,3,3,5,3,1,1,0,0,0,0,0,0,696780.9524,5332477.6934,11.643962004,48.115127945,1,#66c2a5,bicycle
180220,"9,17E+18",9,1,62,0,2017,8,8,3,3,0,7,1,1,0,0,0,0,0,0,689268.8149,5332583.8002,11.543180668,48.118358583,1,#66c2a5,bicycle
180221,"9,17E+18",9,1,62,0,2017,8,16,3,3,4,2,0,1,0,1,0,0,0,0,689728.0838,5333345.7146,11.549684565,48.125070056,2,#fc8d62,car
180222,"9,17E+18",9,1,62,0,2017,8,10,3,3,3,6,0,1,0,1,0,0,0,0,691258443.0,5339704821.0,11.573086929,48.181766988,2,#fc8d62,car
180223,"9,17E+18",9,1,62,0,2017,8,14,3,3,5,3,1,1,0,0,0,0,0,0,691798.7398,5335547.9987,11.578473784,48.14424342,1,#66c2a5,bicycle
180224,"9,17E+18",9,1,62,0,2017,8,14,3,3,0,1,1,0,0,0,0,0,0,0,691313684.0,5334084.4021,11.571302304,48.13123481,1,#66c2a5,bicycle
180225,"9,17E+18",9,1,62,0,2017,8,9,3,3,6,7,1,0,1,0,0,0,0,0,691412.7253,5335299.4116,11.573178032,48.142125405,1,#66c2a5,bicycle
180228,"9,17E+18",9,7,78,203,2017,8,20,3,3,5,3,0,1,0,0,0,0,1,1,622069368.0,5324471142.0,10.638399524,48.061832544,2,#fc8d62,car
180232,"9,17E+18",9,7,71,141,2017,8,18,3,3,4,6,0,1,0,0,0,1,0,0,655911.1138,5375209.28,11.111061236,48.510630926,2,#fc8d62,car
180257,"9,17E+18",9,2,61,0,2017,8,9,3,3,2,6,0,1,0,0,0,0,0,0,731602.1826,5382495.1131,12.138638516,48.552740257,2,#fc8d62,car
180258,"9,17E+18",9,2,61,0,2017,8,11,3,3,0,1,0,0,0,1,0,0,0,0,732551.2851,5380034905.0,12.150107419,48.530289763,4,#e78ac3,marker
180271,"9,17E+18",9,1,63,0,2017,8,0,3,2,8,1,0,1,0,0,0,0,2,1,732653.3206,5304769.0873,12.11025707,47.854106059,2,#fc8d62,car
180272,"9,17E+18",9,1,87,177,2017,8,21,3,3,0,1,1,0,0,0,0,0,2,0,735992.2878,5305166.5268,12.155041838,47.856459367,1,#66c2a5,bicycle
180276,"9,17E+18",9,1,88,139,2017,8,9,3,3,1,7,1,1,0,0,0,0,0,0,674649.9998,5319198.1526,11.341461193,48.00220535,1,#66c2a5,bicycle
180277,"9,17E+18",9,1,79,118,2017,8,16,3,3,6,4,1,0,1,0,0,0,0,0,672482.0868,5337874.3827,11.319963857,48.170687428,1,#66c2a5,bicycle
180278,"9,17E+18",9,1,81,113,2017,8,12,3,3,0,7,0,1,0,1,0,0,0,0,634338.7486,5303971.9329,10.796590336,47.875021737,2,#fc8d62,car
180279,"9,17E+18",9,1,79,145,2017,8,8,3,3,5,3,1,1,0,0,0,0,0,0,676127.68,5338805818.0,11.369341661,48.178060544,1,#66c2a5,bicycle
180280,"9,17E+18",9,1,79,126,2017,8,8,3,3,0,7,1,0,0,0,0,0,0,0,675955.4701,5341433.2958,11.368115625,48.201727173,1,#66c2a5,bicycle
180281,"9,17E+18",9,1,79,123,2017,8,11,3,2,4,1,0,0,0,1,0,0,0,0,674180.7832,5333195.9412,11.340877926,48.128167664,4,#e78ac3,marker
180282,"9,17E+18",9,1,74,115,2017,8,10,3,3,4,2,0,1,0,1,0,0,0,0,681243.6261,5347838.2515,11.441959956,48.257811597,2,#fc8d62,car
180283,"9,17E+18",9,1,78,145,2017,8,19,3,3,5,3,0,1,0,0,0,0,0,1,697581563.0,5353862151.0,11.664666297,48.307065415,2,#fc8d62,car
180284,"9,17E+18",9,1,78,124,2017,8,22,3,3,5,2,1,1,0,0,0,0,2,1,702959.3982,5364367782.0,11.742173888,48.39977013,1,#66c2a5,bicycle
180285,"9,17E+18",9,1,77,117,2017,8,20,3,3,0,1,1,0,0,0,0,0,1,0,716365183.0,5354302254.0,11.917888989,48.304875169,1,#66c2a5,bicycle
180286,"9,17E+18",9,1,62,0,2017,8,12,2,3,5,3,0,1,0,0,0,0,0,0,690144.7991,5334736.7295,11.555899623,48.137448202,2,#fc8d62,car
180287,"9,17E+18",9,1,62,0,2017,8,20,2,3,5,3,1,0,0,1,0,0,1,0,689643.0783,5336030.1413,11.549738547,48.149223163,1,#66c2a5,bicycle