OBJECTID,UIDENTSTLA,ULAND,UREGBEZ,UKREIS,UGEMEINDE,UJAHR,UMONAT,USTUNDE,UWOCHENTAG,UKATEGORIE,UART,UTYP1,IstRad,IstPKW,IstFuss,IstKrad,IstGkfz,IstSonstig,ULICHTVERH,STRZUSTAND,LINREFX,LINREFY,XGCSWGS84,YGCSWGS84,Teilnehmer,color,symbol
181154,"9,17E+18",9,1,81,114,2017,8,15,3,3,0,1,1,0,0,0,0,0,0,0,657428.3682,5312252.1607,11.108204021,47.944226104,1,#66c2a5,bicycle
181155,"9,17E+18",9,1,74,113,2017,8,11,3,3,5,3,0,1,0,0,0,0,0,0,676000.22,5346177671.0,11.370686986,48.244362586,2,#fc8d62,car
181156,"9,17E+18",9,1,62,0,2017,8,19,2,3,5,3,0,1,0,0,0,0,0,0,690898.2777,5333098.6071,11.5652834,48.12249925,2,#fc8d62,car
181157,"9,17E+18",9,1,62,0,2017,8,20,2,3,1,7,0,1,0,1,0,0,1,0,685076513.0,5328043.7136,11.48493627,48.078782078,2,#fc8d62,car
181158,"9,17E+18",9,1,62,0,2017,8,12,2,3,5,7,0,1,0,1,0,0,0,0,693571.0154,5340333.4055,11.604452251,48.186716131,2,#fc8d62,car
181159,"9,17E+18",9,1,62,0,2017,8,14,2,3,2,6,0,1,0,0,0,0,0,0,682934.2722,5335684.0584,11.459478158,48.148077191,2,#fc8d62,car
181160,"9,17E+18",9,1,62,0,2017,8,15,2,3,1,5,1,1,0,0,0,0,0,0,687923.2205,5334355.7893,11.525899698,48.134684172,1,#66c2a5,bicycle
181161,"9,17E+18",9,1,84,139,2017,8,13,2,3,5,2,1,0,0,0,0,0,0,0,687791.4132,5325857.4001,11.520391369,48.058336944,1,#66c2a5,bicycle
181162,"9,17E+18",9,1,62,0,2017,8,13,2,3,5,2,1,1,0,0,0,0,0,0,688653407.0,5330524.7039,11.534009326,48.100033628,1,#66c2a5,bicycle
181163,"9,17E+18",9,1,62,0,2017,8,9,2,3,1,5,0,1,0,0,0,1,0,0,693902.2224,5335365.6931,11.606639046,48.141967316,2,#fc8d62,car
181164,"9,17E+18",9,1,62,0,2017,8,8,2,3,6,4,0,0,1,0,0,1,0,0,687381.9271,5331748.2746,11.517485193,48.111406667,3,#8da0cb,toilet
181165,"9,17E+18",9,1,62,0,2017,8,18,2,3,6,4,1,0,1,0,0,0,0,0,687865.9919,5332239.3467,11.524198401,48.115677962,1,#66c2a5,bicycle
181166,"9,17E+18",9,1,62,0,2017,8,11,6,3,5,3,1,1,0,0,0,0,0,0,688001.1189,5339451.1447,11.529197123,48.180459092,1,#66c2a5,bicycle
181170,"9,17E+18",9,1,62,0,2017,8,9,6,3,0,7,1,0,0,0,0,1,0,0,689957.81,5334915.3159,11.553468379,48.139109186,1,#66c2a5,bicycle
181172,"9,17E+18",9,1,62,0,2017,8,9,6,3,2,6,0,1,0,1,0,0,0,0,692316.6355,5338134.7805,11.586597948,48.167336474,2,#fc8d62,car
181173,"9,17E+18",9,1,62,0,2017,8,11,6,3,3,6,1,1,0,0,0,0,0,0,683715.5324,5339534.6113,11.47163512,48.18246293,1,#66c2a5,bicycle
181175,"9,17E+18",9,1,62,0,2017,8,9,6,3,2,6,0,1,0,0,0,0,0,0,688937.4509,5332413.0786,11.538657063,48.116922514,2,#fc8d62,car
181176,"9,17E+18",9,1,84,119,2017,8,16,6,2,5,3,1,1,0,0,0,0,0,0,698141.7748,5348769.5208,11.669825069,48.26112297,1,#66c2a5,bicycle
181191,"9,17E+18",9,1,78,136,2017,8,11,7,3,0,7,1,0,0,0,0,0,0,0,698769101.0,5369035.0531,11.687836428,48.443047933,1,#66c2a5,bicycle
181192,"9,17E+18",9,1,88,124,2017,8,16,7,3,5,2,1,1,0,0,0,0,0,0,661877.5025,5318063.6157,11.16992979,47.995366825,1,#66c2a5,bicycle
181196,"9,17E+18",9,1,63,0,2017,8,21,4,3,5,3,0,1,0,1,0,0,2,0,734079.3036,5304878.9355,12.129350642,47.854575217,2,#fc8d62,car
181199,"9,17E+18",9,1,87,150,2017,8,12,4,3,2,6,0,1,0,0,0,1,0,0,729318.1705,5303460.6551,12.065043749,47.843548961,2,#fc8d62,car
181203,"9,17E+18",9,1,88,121,2017,8,1,4,3,1,5,0,1,0,0,0,1,2,0,670578.0388,5329926.4621,11.291192213,48.099751378,2,#fc8d62,car
181204,"9,17E+18",9,1,79,121,2017,8,15,4,3,8,1,0,1,0,0,0,0,0,0,666137.6645,5339580.7708,11.235364238,48.187718057,2,#fc8d62,car
181205,"9,17E+18",9,1,74,143,2017,8,23,4,2,0,1,1,0,0,0,0,0,2,0,673719383.0,5356258325.0,11.344137324,48.335608767,1,#66c2a5,bicycle
181206,"9,17E+18",9,1,78,124,2017,8,12,4,3,5,2,1,1,0,0,0,0,0,0,703785367.0,5364941.9965,11.753598841,48.404663725,1,#66c2a5,bicycle
181207,"9,17E+18",9,1,77,117,2017,8,13,4,3,6,4,0,1,1,0,0,0,0,0,716058.7377,5355331.6956,11.914288903,48.314229475,2,#fc8d62,car
181208,"9,17E+18",9,1,62,0,2017,8,14,3,2,0,7,0,0,0,0,0,1,0,0,687920.1779,5336802.2743,11.526938685,48.15667457,6,#ffd92f,circle
181209,"9,17E+18",9,1,62,0,2017,8,11,3,3,3,2,1,1,0,0,0,0,0,0,688285.0287,5336363.2349,11.531645567,48.152620498,1,#66c2a5,bicycle
181210,"9,17E+18",9,1,62,0,2017,8,12,3,2,1,3,1,1,0,0,0,0,0,0,686219.1728,5335205374.0,11.503389617,48.142821458,1,#66c2a5,bicycle
181211,"9,17E+18",9,1,62,0,2017,8,8,3,3,5,3,1,1,0,0,0,0,0,1,691317.2634,5336407323.0,11.57239396,48.152111891,1,#66c2a5,bicycle
181212,"9,17E+18",9,1,62,0,2017,8,16,3,3,5,3,1,0,0,0,0,1,0,0,700032.5415,5335212.3495,11.688884573,48.138691539,1,#66c2a5,bicycle
181213,"9,17E+18",9,1,84,120,2017,8,17,3,3,2,6,0,1,0,0,0,0,0,0,681538.95,5333141.3995,11.439652641,48.125621479,2,#fc8d62,car
181214,"9,17E+18",9,1,62,0,2017,8,16,3,3,4,6,0,1,0,0,0,0,0,0,698076862.0,5331228.3228,11.660774434,48.103497747,2,#fc8d62,car
181215,"9,17E+18",9,1,62,0,2017,8,14,3,3,6,7,0,1,1,0,0,0,0,0,693437.2243,5333597.6357,11.599591948,48.126218082,2,#fc8d62,car
181216,"9,17E+18",9,1,62,0,2017,8,16,3,3,5,3,0,1,0,1,0,0,0,0,690667.4214,5336566.8531,11.563736942,48.153740876,2,#fc8d62,car
181217,"9,17E+18",9,1,62,0,2017,8,9,3,3,5,2,0,1,0,1,0,0,0,0,685116.9873,5332699.0781,11.48749828,48.120615298,2,#fc8d62,car
181218,"9,17E+18",9,1,62,0,2017,8,15,3,3,2,7,0,1,0,0,0,1,0,0,689707.4227,5332047.1901,11.548829429,48.113404965,2,#fc8d62,car
181219,"9,17E+18",9,1,62,0,2017,8,19,3,3,3,6,1,1,0,0,0,0,0,0,692697.6809,5332561.8595,11.589195632,48.117133021,1,#66c2a5,bicycle
181220,"9,17E+18",9,1,84,135,2017,8,11,3,3,5,7,1,1,0,0,0,0,0,0,689859.5865,5347009.0958,11.55755654,48.247836525,1,#66c2a5,bicycle
181221,"9,17E+18",9,1,62,0,2017,8,12,3,3,3,2,1,1,0,0,0,0,0,0,682932.2633,5335509.0322,11.459375964,48.146504519,1,#66c2a5,bicycle
181222,"9,17E+18",9,1,62,0,2017,8,14,3,3,5,5,1,0,0,0,0,0,0,0,686050.4716,5340271.7328,11.503340356,48.188408953,1,#66c2a5,bicycle
181223,"9,17E+18",9,1,84,141,2017,8,16,3,3,5,3,1,1,0,0,0,0,0,0,695088672.0,5314768.6721,11.613182954,47.956484634,1,#66c2a5,bicycle
181224,"9,17E+18",9,1,84,136,2017,8,17,3,3,5,2,0,1,0,1,0,0,0,0,697617.3507,5326815.6081,11.652567417,48.063981629,2,#fc8d62,car
181225,"9,17E+18",9,1,62,0,2017,8,23,3,3,6,4,1,0,1,0,0,0,2,0,691999.9708,5332310.7994,11.579717638,48.115087268,1,#66c2a5,bicycle
181226,"9,17E+18",9,1,62,0,2017,8,16,3,3,5,2,1,0,0,0,0,0,0,0,691780.2046,5333498.4239,11.577302178,48.125827719,1,#66c2a5,bicycle
181227,"9,17E+18",9,1,62,0,2017,8,11,3,3,2,6,0,1,0,1,0,0,0,0,689049.1848,5332409.4324,11.540155229,48.116856581,2,#fc8d62,car
181228,"9,17E+18",9,1,62,0,2017,8,11,3,3,6,2,0,1,1,0,0,0,0,0,691014.2789,5335339.0472,11.567845047,48.142601392,2,#fc8d62,car
181229,"9,17E+18",9,1,62,0,2017,8,10,3,3,0,1,0,0,0,1,0,0,0,0,692327.4453,5337769.1829,11.58657785,48.164047304,4,#e78ac3,marker
181230,"9,17E+18",9,1,62,0,2017,8,11,3,3,1,6,0,1,0,1,0,0,0,0,691488.1355,5334564.8167,11.573860449,48.135500264,2,#fc8d62,car
181231,"9,17E+18",9,7,78,204,2017,8,17,3,3,4,2,0,1,0,0,0,0,0,0,616205639.0,5328728.0808,10.560886373,48.101213371,2,#fc8d62,car
181239,"9,17E+18",9,7,61,0,2017,8,8,3,3,4,2,1,1,0,0,0,0,0,0,644134.3203,5356419.1955,10.945240702,48.344496823,1,#66c2a5,bicycle
181240,"9,17E+18",9,7,61,0,2017,8,7,3,3,0,7,1,0,0,0,0,0,0,0,640041.6452,5357667.5352,10.890452843,48.356642148,1,#66c2a5,bicycle
181241,"9,17E+18",9,7,61,0,2017,8,19,3,2,8,7,0,0,0,1,0,0,0,0,640737.6066,5360112.2641,10.900660503,48.378469569,4,#e78ac3,marker
181273,"9,17E+18",9,1,83,119,2017,8,15,3,3,5,3,1,1,0,0,0,0,0,0,736198.9544,5339671.7672,12.176801038,48.166358088,1,#66c2a5,bicycle
181277,"9,17E+18",9,1,87,117,2017,8,19,3,3,5,3,1,1,0,0,0,0,0,0,725368.1119,5304712.6941,12.012975883,47.856195152,1,#66c2a5,bicycle
181279,"9,17E+18",9,1,79,121,2017,8,16,3,3,1,6,0,1,0,1,0,0,0,0,666920.4662,5337750.4176,11.245169402,48.17105798,2,#fc8d62,car
181280,"9,17E+18",9,1,74,122,2017,8,17,3,3,5,3,1,0,0,0,0,0,0,0,684226.0045,5353242377.0,11.484459547,48.305525394,1,#66c2a5,bicycle
181281,"9,17E+18",9,1,62,0,2017,8,17,2,3,5,2,0,1,0,1,0,0,0,0,691766.9111,5332045.89,11.576470413,48.112776509,2,#fc8d62,car
181282,"9,17E+18",9,1,84,135,2017,8,17,2,2,3,6,1,0,0,0,0,1,0,0,689796.0034,5348147.2912,11.557211283,48.258085461,1,#66c2a5,bicycle
181283,"9,17E+18",9,1,62,0,2017,8,2,2,3,0,7,1,0,0,0,0,1,2,0,688760461.0,5336585.8532,11.538130384,48.154480492,1,#66c2a5,bicycle
181284,"9,17E+18",9,1,62,0,2017,8,11,2,3,2,6,0,1,0,0,0,0,0,1,688091.0611,5337320.9503,11.529463517,48.161285993,2,#fc8d62,car
181285,"9,17E+18",9,1,62,0,2017,8,17,2,3,1,5,1,1,0,0,0,0,0,0,690145.5807,5334659.7925,11.555875773,48.136756458,1,#66c2a5,bicycle
181286,"9,17E+18",9,1,62,0,2017,8,15,2,3,0,7,1,1,0,0,0,0,0,0,691580.4929,5334674.2772,11.575149786,48.136456285,1,#66c2a5,bicycle
181297,"9,17E+18",9,7,72,171,2017,8,15,2,3,0,7,1,0,0,0,0,0,0,0,637159.8312,5372128.3601,10.85630218,48.487303688,1,#66c2a5,bicycle
181298,"9,17E+18",9,7,61,0,2017,8,13,2,3,1,6,0,1,1,0,0,0,0,0,639069.5064,5358237.3297,10.877525407,48.361980479,2,#fc8d62,car
181299,"9,17E+18",9,7,61,0,2017,8,15,2,3,0,7,1,0,0,0,0,0,0,0,643470.5981,5357290.3949,10.936585302,48.352481301,1,#66c2a5,bicycle
181300,"9,17E+18",9,7,61,0,2017,8,5,2,3,0,7,1,0,0,0,0,0,1,0,639875.8678,5359367.9314,10.888781666,48.371968382,1,#66c2a5,bicycle
181301,"9,17E+18",9,7,61,0,2017,8,19,2,3,0,3,1,1,0,0,0,0,0,0,640857.0385,5359055.9103,10.901918597,48.368944569,1,#66c2a5,bicycle
181322,"9,17E+18",9,1,82,120,2017,8,8,2,3,0,1,1,0,0,0,0,0,0,0,701577.6068,5306180.9447,11.695987652,47.877294312,1,#66c2a5,bicycle
181326,"9,17E+18",9,1,81,130,2017,8,12,2,3,6,3,0,1,1,0,0,0,0,0,638682.5884,5325132.3156,10.861479828,48.064382987,2,#fc8d62,car
181327,"9,17E+18",9,1,74,146,2017,8,17,2,3,0,1,1,0,0,0,0,0,0,0,667569.9428,5350378.8805,11.258891168,48.28441499,1,#66c2a5,bicycle
181328,"9,17E+18",9,1,77,117,2017,8,22,2,3,6,4,0,1,1,0,0,0,2,0,716027839.0,5355330.7689,11.913872214,48.314231703,2,#fc8d62,car
181329,"9,17E+18",9,1,62,0,2017,8,0,1,3,0,1,1,0,0,0,0,0,2,0,685678568.0,5332359.3558,11.494889133,48.117398199,1,#66c2a5,bicycle
181330,"9,17E+18",9,1,62,0,2017,8,17,1,2,0,1,0,0,0,1,0,0,0,1,689046.4513,5332480.5044,11.540150047,48.117496198,4,#e78ac3,marker
181331,"9,17E+18",9,1,84,123,2017,8,19,1,3,0,1,1,0,0,0,0,0,0,0,702744.5167,5334389.5075,11.724905519,48.130438577,1,#66c2a5,bicycle
181332,"9,17E+18",9,1,62,0,2017,8,18,1,3,5,2,1,0,0,1,0,0,0,1,688285.2809,5336362.2926,11.531648537,48.152611954,1,#66c2a5,bicycle
181333,"9,17E+18",9,1,62,0,2017,8,15,1,3,0,1,1,0,0,0,0,0,0,0,690324.1358,5329527.6379,11.555983157,48.090575083,1,#66c2a5,bicycle
181334,"9,17E+18",9,1,62,0,2017,8,15,1,3,5,3,0,1,0,0,0,0,0,0,688058.8318,5332777828.0,11.527024313,48.120461045,2,#fc8d62,car
181340,"9,17E+18",9,7,78,216,2017,8,18,1,2,0,1,1,0,0,0,0,0,0,1,625862565.0,5322068706.0,10.68858209,48.039489866,1,#66c2a5,bicycle
181342,"9,17E+18",9,7,61,0,2017,8,11,1,3,4,6,1,0,0,0,0,0,0,1,638884.8968,5359162041.0,10.875339794,48.370335927,1,#66c2a5,bicycle
181343,"9,17E+18",9,7,71,113,2017,8,11,1,3,0,1,1,0,0,0,0,0,0,0,657948.6402,5372632.1984,11.137655021,48.486953524,1,#66c2a5,bicycle
181361,"9,17E+18",9,1,90,157,2017,8,15,1,3,4,6,1,0,0,0,0,0,0,0,660629.8397,5301650.5042,11.147099437,47.848111706,1,#66c2a5,bicycle
181366,"9,17E+18",9,1,87,124,2017,8,16,1,3,5,7,1,1,0,0,0,0,0,0,735609.1418,5326913.9487,12.161835852,48.051969989,1,#66c2a5,bicycle
181368,"9,17E+18",9,1,85,158,2017,8,18,1,3,5,3,1,1,0,0,0,0,0,0,666579.9318,5379680.1991,11.257192222,48.548082789,1,#66c2a5,bicycle
181369,"9,17E+18",9,1,88,141,2017,8,10,1,3,0,7,1,0,0,0,0,0,0,0,667572.0484,5308515.1333,11.242485295,47.908055744,1,#66c2a5,bicycle
181370,"9,17E+18",9,1,74,115,2017,8,12,1,3,0,6,1,1,0,0,0,0,0,0,680827.1849,5347043.3445,11.436014739,48.250785435,1,#66c2a5,bicycle
181371,"9,17E+18",9,1,75,118,2017,8,4,1,3,8,1,0,1,0,0,0,0,1,0,715427.9309,5338855.2525,11.897412266,48.166399528,2,#fc8d62,car
181372,"9,17E+18",9,1,75,112,2017,8,11,1,2,0,7,0,0,0,0,0,1,0,0,723553.4456,5318055046.0,11.99566794,47.976710423,6,#ffd92f,circle
181373,"9,17E+18",9,1,62,0,2017,8,10,7,3,1,5,1,1,0,0,0,0,0,0,691710.5358,5335892506.0,11.577444372,48.147366383,1,#66c2a5,bicycle
181374,"9,17E+18",9,1,62,0,2017,8,11,7,2,2,6,0,1,0,1,0,0,0,0,686250.6868,5331617.4327,11.502244869,48.110562408,2,#fc8d62,car
181375,"9,17E+18",9,1,62,0,2017,8,15,7,3,0,1,1,0,0,0,0,0,0,0,689624.1676,5336035.0998,11.549486764,48.149273368,1,#66c2a5,bicycle
181376,"9,17E+18",9,1,62,0,2017,8,18,7,3,3,2,0,1,0,0,0,0,0,0,689823.8518,5334900.18,11.551662781,48.13901312,2,#fc8d62,car
181377,"9,17E+18",9,1,62,0,2017,8,4,7,2,1,1,1,1,0,0,0,0,2,0,691833.2645,5334770.7864,11.57858734,48.137247549,1,#66c2a5,bicycle
181378,"9,17E+18",9,1,62,0,2017,8,22,7,3,0,1,1,0,0,0,0,0,2,0,683366.8676,5339148.8688,11.466782384,48.179096387,1,#66c2a5,bicycle
181379,"9,17E+18",9,1,62,0,2017,8,11,7,3,3,3,1,1,0,0,0,0,0,0,690436.4621,5342685.9166,11.563376982,48.208807587,1,#66c2a5,bicycle
181380,"9,17E+18",9,1,62,0,2017,8,17,7,3,8,2,1,0,0,0,0,0,0,0,689002.5307,5341639.3198,11.543629218,48.19982936,1,#66c2a5,bicycle
181381,"9,17E+18",9,1,62,0,2017,8,21,7,3,0,1,1,0,0,0,0,0,2,0,685994.1137,5334850.7747,11.500212208,48.139700015,1,#66c2a5,bicycle
181382,"9,17E+18",9,1,62,0,2017,8,18,7,2,5,2,0,1,0,1,0,0,0,0,687689.8134,5334307.6004,11.522744369,48.134319917,2,#fc8d62,car
181383,"9,17E+18",9,1,62,0,2017,8,15,7,3,4,6,1,0,0,0,0,0,0,0,692181.1446,5331122.2719,11.581613897,48.104350292,1,#66c2a5,bicycle
181384,"9,17E+18",9,1,62,0,2017,8,18,7,3,1,5,1,1,0,0,0,0,0,0,690914.1729,5333967.5974,11.565886034,48.130304932,1,#66c2a5,bicycle
181390,"9,17E+18",9,7,61,0,2017,8,0,7,2,7,1,1,0,0,0,0,0,2,0,640982.4629,5360594591.0,10.904127187,48.382751802,1,#66c2a5,bicycle
181391,"9,17E+18",9,7,61,0,2017,8,13,7,3,5,3,1,1,0,0,0,0,0,0,639186.6567,5356157.8797,10.878418502,48.343256683,1,#66c2a5,bicycle
181392,"9,17E+18",9,7,61,0,2017,8,16,7,3,0,1,0,0,0,1,0,0,0,0,641976.7163,5358118.1801,10.916711749,48.360262024,4,#e78ac3,marker
181393,"9,17E+18",9,7,61,0,2017,8,12,7,3,2,6,0,1,0,0,0,0,0,0,639759.4246,5358792.4378,10.88701893,48.366819503,2,#fc8d62,car
181394,"9,17E+18",9,7,71,113,2017,8,12,7,3,5,2,0,1,0,0,0,0,0,0,658206247.0,5367998.9875,11.139386695,48.445235385,2,#fc8d62,car
181414,"9,17E+18",9,1,62,0,2017,8,22,6,3,5,2,1,1,0,0,0,0,2,0,690017.8454,5335746.8316,11.554645616,48.146564933,1,#66c2a5,bicycle
181416,"9,17E+18",9,1,90,152,2017,8,17,7,3,0,1,0,0,0,1,0,0,0,0,671542676.0,5299249.8675,11.291900625,47.823709743,4,#e78ac3,marker
181417,"9,17E+18",9,1,62,0,2017,8,2,6,3,0,1,1,0,0,0,0,0,2,0,689319913.0,5334817.4143,11.544858852,48.138419348,1,#66c2a5,bicycle
181420,"9,17E+18",9,1,74,115,2017,9,15,2,3,5,3,1,1,0,0,0,0,0,0,683669.4805,5347862.8665,11.474623588,48.25733437,1,#66c2a5,bicycle
181421,"9,17E+18",9,1,75,128,2017,9,18,2,3,2,6,1,1,0,0,0,0,0,0,714003838.0,5323368.5685,11.870520736,48.027721798,1,#66c2a5,bicycle
181422,"9,17E+18",9,1,62,0,2017,9,6,1,2,7,7,1,0,0,0,0,1,1,0,690689.3656,5340552.8049,11.565819478,48.1895596,1,#66c2a5,bicycle
181423,"9,17E+18",9,1,62,0,2017,9,2,1,3,1,5,0,1,0,0,0,0,2,1,690097.0963,5336050.9339,11.555845782,48.149274525,2,#fc8d62,car
181424,"9,17E+18",9,1,62,0,2017,9,15,1,3,6,2,0,1,1,0,0,0,0,1,688166.7348,5328509639.0,11.526590962,48.082065559,2,#fc8d62,car
181425,"9,17E+18",9,1,62,0,2017,9,16,1,3,1,5,1,1,0,0,0,0,0,0,688869.4264,5333982.3427,11.538439306,48.131047481,1,#66c2a5,bicycle
181426,"9,17E+18",9,1,62,0,2017,9,0,1,3,5,3,0,1,0,0,0,0,2,1,691278.0825,5333451.7824,11.570540363,48.125559575,2,#fc8d62,car
181428,"9,17E+18",9,7,61,0,2017,9,22,1,3,0,7,0,1,0,0,0,0,2,0,639785.1388,5358708.0197,10.887337868,48.366054744,2,#fc8d62,car
181445,"9,17E+18",9,1,87,122,2017,9,19,2,2,0,1,1,0,0,0,0,0,0,0,719399.9632,5306643.6828,11.934276519,47.875611373,1,#66c2a5,bicycle
181447,"9,17E+18",9,1,79,145,2017,9,16,2,3,4,6,0,1,0,0,0,0,0,0,675869923.0,5338947161.0,11.365935771,48.179402501,2,#fc8d62,car
181457,"9,17E+18",9,1,62,0,2017,9,22,7,3,1,6,0,1,0,0,0,0,2,0,693446.8178,5334639.7464,11.600193847,48.135581353,2,#fc8d62,car
181458,"9,17E+18",9,1,62,0,2017,9,8,7,3,5,3,0,1,0,0,0,1,0,1,691201.95,5335821782.0,11.570582096,48.146883791,2,#fc8d62,car
181459,"9,17E+18",9,1,62,0,2017,9,13,7,3,2,6,0,1,0,0,0,0,0,0,688553522.0,5339519521.0,11.536651448,48.180909979,2,#fc8d62,car
181460,"9,17E+18",9,1,62,0,2017,9,9,7,3,5,2,0,1,0,0,0,0,0,1,691034.1014,5334148.7436,11.56757741,48.131897081,2,#fc8d62,car
181461,"9,17E+18",9,1,62,0,2017,9,22,7,3,8,1,0,1,0,0,0,1,2,1,691716.7507,5335370.2783,11.577292692,48.142670808,2,#fc8d62,car
181462,"9,17E+18",9,1,62,0,2017,9,15,7,3,0,1,1,0,0,0,0,0,0,1,692926528.0,5334729944.0,11.593248719,48.136549966,1,#66c2a5,bicycle
181463,"9,17E+18",9,1,62,0,2017,9,23,7,3,5,3,0,1,0,0,0,0,2,1,692230.3253,5330461.6495,11.581976304,48.098397859,2,#fc8d62,car
181464,"9,17E+18",9,7,61,0,2017,9,15,7,3,0,1,1,0,0,0,0,0,0,1,638788.2706,5360413.1327,10.874448841,48.38160672,1,#66c2a5,bicycle
181465,"9,17E+18",9,7,61,0,2017,9,20,7,3,4,2,0,1,0,0,0,0,2,1,641265616.0,5352288477.0,10.905162749,48.30800273,2,#fc8d62,car
181466,"9,17E+18",9,7,61,0,2017,9,3,7,3,5,3,1,1,0,0,0,0,2,1,640779.7955,5356509.3254,10.900024265,48.346063752,1,#66c2a5,bicycle
181467,"9,17E+18",9,7,61,0,2017,9,14,7,3,0,1,1,0,0,0,0,0,0,0,639514.8379,5358774.0617,10.883712304,48.366708378,1,#66c2a5,bicycle
181468,"9,17E+18",9,7,71,113,2017,9,17,7,3,0,1,1,0,0,0,0,0,0,0,657292.0437,5369019.7145,11.127416483,48.454641094,1,#66c2a5,bicycle
181484,"9,17E+18",9,1,74,126,2017,9,18,7,3,6,7,0,1,1,0,0,0,0,0,683651.8583,5344897.3113,11.473100275,48.230683856,2,#fc8d62,car
181485,"9,17E+18",9,1,78,143,2017,9,16,7,3,0,7,1,0,0,0,0,0,0,0,716774788.0,5373323791.0,11.933219649,48.475639877,1,#66c2a5,bicycle
181486,"9,17E+18",9,1,62,0,2017,9,22,6,3,1,5,0,1,0,0,0,0,2,1,692258.5767,5334899.4539,11.58435636,48.138275635,2,#fc8d62,car
181487,"9,17E+18",9,1,62,0,2017,9,11,6,2,6,2,0,1,1,0,0,0,0,1,690718.0651,5338140.8164,11.565122838,48.167872331,2,#fc8d62,car
181488,"9,17E+18",9,1,62,0,2017,9,12,6,3,8,1,0,1,0,0,0,0,0,1,682508.3103,5337790.8512,11.454660456,48.167136827,2,#fc8d62,car
181489,"9,17E+18",9,1,62,0,2017,9,10,6,3,5,3,0,1,0,0,0,0,0,1,694440.1277,5333304.0369,11.612921481,48.123273803,2,#fc8d62,car
181490,"9,17E+18",9,1,62,0,2017,9,15,6,3,2,6,0,1,0,0,0,1,0,1,689056.1445,5334935.66,11.541369355,48.139560574,2,#fc8d62,car
181495,"9,17E+18",9,7,78,116,2017,9,19,6,3,0,7,1,0,0,0,0,0,0,0,620420.3454,5317906.4537,10.614430051,48.003106071,1,#66c2a5,bicycle
181499,"9,17E+18",9,7,72,171,2017,9,9,6,3,9,1,0,1,0,0,0,0,0,1,637896.0336,5370763.3428,10.865810007,48.474868842,2,#fc8d62,car
181500,"9,17E+18",9,7,61,0,2017,9,13,6,3,0,1,1,0,0,0,0,0,0,1,638743.5972,5356786.6013,10.872649606,48.349007507,1,#66c2a5,bicycle
181501,"9,17E+18",9,7,61,0,2017,9,18,6,3,1,6,0,1,0,0,0,0,1,1,640942.3839,5351182.1016,10.900436547,48.298126584,2,#fc8d62,car
181502,"9,17E+18",9,7,61,0,2017,9,16,6,3,0,7,1,0,0,0,0,0,0,1,639082.9284,5358549.7696,10.877809811,48.364786912,1,#66c2a5,bicycle
181503,"9,17E+18",9,7,61,0,2017,9,13,6,3,1,1,0,1,0,1,0,0,0,1,639629.8789,5360050.4386,10.885688569,48.37815977,2,#fc8d62,car
181525,"9,17E+18",9,2,61,0,2017,9,6,6,3,5,2,1,1,0,0,0,0,2,1,731737.0946,5381905.2571,12.140135778,48.547391875,1,#66c2a5,bicycle
181532,"9,17E+18",9,1,63,0,2017,9,13,6,3,6,7,0,1,1,0,0,0,0,0,733155.9712,5305267.5133,12.117235203,47.858401828,2,#fc8d62,car
181534,"9,17E+18",9,1,87,150,2017,9,17,6,3,1,6,0,1,0,0,0,0,0,1,729323.3166,5303399.9217,12.065080255,47.843001463,2,#fc8d62,car
181535,"9,17E+18",9,1,81,130,2017,9,11,6,3,5,3,1,1,0,0,0,0,0,1,638636.4881,5325125.7987,10.860859268,48.064334405,1,#66c2a5,bicycle
181536,"9,17E+18",9,1,79,147,2017,9,15,6,3,1,7,1,1,0,0,0,0,0,1,663313735.0,5334688.7161,11.195519024,48.144469327,1,#66c2a5,bicycle
181537,"9,17E+18",9,1,74,126,2017,9,13,6,3,6,7,0,1,1,0,0,0,0,0,683891.3919,5344229.9765,11.476033236,48.224616172,2,#fc8d62,car
181538,"9,17E+18",9,1,75,118,2017,9,22,6,2,1,5,1,1,0,0,0,0,2,1,716180117.0,5338545004.0,11.907357671,48.163356523,1,#66c2a5,bicycle
181539,"9,17E+18",9,1,77,130,2017,9,8,6,3,3,6,0,1,0,1,0,0,0,1,710540948.0,5350801.83,11.837700612,48.275386477,2,#fc8d62,car
181540,"9,17E+18",9,1,77,117,2017,9,12,6,3,2,7,0,1,0,0,0,0,0,1,715075.6028,5352935.1785,11.899824661,48.293031437,2,#fc8d62,car
181541,"9,17E+18",9,1,62,0,2017,8,11,5,3,5,2,1,1,0,0,0,0,0,0,696919.2729,5330697.9899,11.644997033,48.099090252,1,#66c2a5,bicycle
181542,"9,17E+18",9,1,62,0,2017,8,18,5,3,0,7,0,0,0,0,0,1,0,1,686632.5283,5338252079.0,11.510277275,48.170085039,6,#ffd92f,circle
181543,"9,17E+18",9,1,62,0,2017,8,17,5,2,5,7,0,1,0,0,0,0,0,1,689909.3562,5334734.7598,11.552737214,48.137500805,2,#fc8d62,car