OBJECTID,UIDENTSTLA,ULAND,UREGBEZ,UKREIS,UGEMEINDE,UJAHR,UMONAT,USTUNDE,UWOCHENTAG,UKATEGORIE,UART,UTYP1,IstRad,IstPKW,IstFuss,IstKrad,IstGkfz,IstSonstig,ULICHTVERH,STRZUSTAND,LINREFX,LINREFY,XGCSWGS84,YGCSWGS84,Teilnehmer,color,symbol
181544,"9,17E+18",9,1,62,0,2017,8,17,5,3,5,2,1,1,0,0,0,0,0,1,691704.0736,5339992.0659,11.579205505,48.184214382,1,#66c2a5,bicycle
181545,"9,17E+18",9,1,62,0,2017,8,20,5,2,6,4,0,1,1,0,0,0,2,1,690820.5003,5342264.3912,11.5683514,48.204903666,2,#fc8d62,car
181546,"9,17E+18",9,1,84,114,2017,8,13,5,3,3,2,1,1,0,0,0,0,0,0,698348.1443,5324344.9948,11.661220567,48.041550503,1,#66c2a5,bicycle
181547,"9,17E+18",9,1,62,0,2017,8,17,5,2,0,1,0,0,0,1,0,0,0,1,698445.6238,5331178.9797,11.665699527,48.102939536,4,#e78ac3,marker
181548,"9,17E+18",9,1,62,0,2017,8,8,5,3,5,2,0,0,0,1,0,1,0,0,701397.8978,5335193.2972,11.707207828,48.138089666,4,#e78ac3,marker
181549,"9,17E+18",9,1,62,0,2017,8,16,5,3,5,2,0,1,0,1,0,0,0,1,692649.1325,5332356.3775,11.58845117,48.115300876,2,#fc8d62,car
181550,"9,17E+18",9,1,62,0,2017,8,17,5,3,3,5,1,1,0,0,0,0,0,1,696489.0493,5335969.7623,11.641654585,48.146602739,1,#66c2a5,bicycle
181555,"9,17E+18",9,7,77,130,2017,8,5,5,3,6,4,0,1,1,0,0,0,2,0,622736.6757,5307182.6971,10.642411094,47.906220873,2,#fc8d62,car
181556,"9,17E+18",9,7,61,0,2017,8,17,5,3,0,1,0,0,0,1,0,0,0,1,639103389.0,5358558.4923,10.878088788,48.364860836,4,#e78ac3,marker
181557,"9,17E+18",9,7,61,0,2017,8,19,5,3,1,7,0,1,0,0,0,0,1,1,638214.2865,5361606.1672,10.867093497,48.392460257,2,#fc8d62,car
181558,"9,17E+18",9,7,61,0,2017,8,9,5,3,3,2,1,0,0,1,0,0,0,0,641986.6412,5360418.9695,10.917622538,48.380947481,1,#66c2a5,bicycle
181559,"9,17E+18",9,7,61,0,2017,8,20,5,3,1,6,0,1,0,0,0,0,2,1,641753.8249,5359966.5435,10.914327444,48.376931819,2,#fc8d62,car
181560,"9,17E+18",9,7,61,0,2017,8,13,5,3,0,1,1,0,0,0,0,0,0,1,641782.9285,5360212.7903,10.91480331,48.379139423,1,#66c2a5,bicycle
181561,"9,17E+18",9,7,61,0,2017,8,16,5,3,3,2,1,1,0,0,0,0,0,1,641050.0403,5359215.8348,10.904576744,48.370339448,1,#66c2a5,bicycle
181591,"9,17E+18",9,2,61,0,2017,8,13,5,3,7,1,1,0,0,0,0,0,0,0,730208.9574,5380864.5321,12.118885942,48.538605632,1,#66c2a5,bicycle
181592,"9,17E+18",9,1,73,126,2017,8,18,5,2,5,3,0,1,0,0,0,0,0,1,685615.9917,5303609.2073,11.481621605,47.858989572,2,#fc8d62,car
181593,"9,17E+18",9,1,73,118,2017,8,7,5,3,4,6,0,1,0,0,0,1,0,0,694292.4917,5307909.2075,11.599436581,47.895073666,2,#fc8d62,car
181594,"9,17E+18",9,1,83,119,2017,8,9,5,3,2,6,1,0,0,0,0,1,0,0,735666.9345,5339305.1414,12.169453794,48.163262053,1,#66c2a5,bicycle
181597,"9,17E+18",9,1,87,177,2017,8,7,5,3,0,3,0,1,0,1,0,0,0,0,737246.6814,5305812205.0,12.172139824,47.861798085,2,#fc8d62,car
181598,"9,17E+18",9,1,63,0,2017,8,8,5,3,0,7,1,0,0,0,0,0,0,0,734175.3763,5302081.4666,12.129119781,47.829407771,1,#66c2a5,bicycle
181599,"9,17E+18",9,1,63,0,2017,8,17,5,3,5,3,0,1,0,0,0,0,0,1,733181.4994,5304565.1554,12.117197394,47.852082524,2,#fc8d62,car
181600,"9,17E+18",9,1,87,117,2017,8,14,5,3,5,2,0,1,0,0,0,0,0,1,724415873.0,5305869567.0,12.00086374,47.866922921,2,#fc8d62,car
181602,"9,17E+18",9,1,79,145,2017,8,10,5,3,0,7,1,0,0,0,0,0,0,0,676229.6237,5339043.7567,11.370810503,48.180171157,1,#66c2a5,bicycle
181603,"9,17E+18",9,1,74,115,2017,8,16,5,3,1,6,0,1,0,0,0,0,0,1,681190688.0,5347107.7139,11.440934616,48.251260218,2,#fc8d62,car
181604,"9,17E+18",9,1,74,115,2017,8,13,5,3,5,3,0,1,0,0,0,0,0,0,680386.0936,5347403.4326,11.430231592,48.254147842,2,#fc8d62,car
181605,"9,17E+18",9,1,74,115,2017,8,9,5,3,0,6,0,1,0,1,0,0,0,0,681602.0441,5348299.1216,11.446982293,48.261851542,2,#fc8d62,car
181606,"9,17E+18",9,1,77,117,2017,8,14,5,3,0,7,1,0,0,0,0,0,0,0,714459612.0,5354513121.0,11.892331881,48.307418642,1,#66c2a5,bicycle
181607,"9,17E+18",9,1,62,0,2017,8,14,4,3,5,6,1,0,0,0,0,0,0,0,691742.5358,5335370.9823,11.57763928,48.142669366,1,#66c2a5,bicycle
181608,"9,17E+18",9,1,62,0,2017,8,9,4,3,3,2,1,1,0,0,0,0,0,0,689636.6473,5333431.5213,11.548495222,48.125868537,1,#66c2a5,bicycle
181609,"9,17E+18",9,1,62,0,2017,8,15,4,3,0,7,1,1,0,0,0,0,0,0,690422.9895,5335837.0578,11.560127194,48.147254739,1,#66c2a5,bicycle
181610,"9,17E+18",9,1,62,0,2017,8,16,4,3,3,6,0,1,0,0,0,0,0,0,691408.8152,5335754.5101,11.573330107,48.146216951,2,#fc8d62,car
181611,"9,17E+18",9,1,62,0,2017,8,11,4,3,7,7,1,0,0,0,0,0,0,0,692210279.0,5335699535.0,11.584068949,48.145481198,1,#66c2a5,bicycle
181612,"9,17E+18",9,1,62,0,2017,8,14,4,3,1,7,1,1,0,0,0,0,0,0,698988.5015,5328672.3274,11.671815659,48.080242319,1,#66c2a5,bicycle
181613,"9,17E+18",9,1,62,0,2017,8,16,4,3,6,7,1,0,1,0,0,0,0,0,690640.6192,5335217.6088,11.562772713,48.14162198,1,#66c2a5,bicycle
181614,"9,17E+18",9,1,62,0,2017,8,9,4,3,5,3,1,1,0,0,0,0,0,0,685996.3687,5338509.5406,11.501841803,48.172585661,1,#66c2a5,bicycle
181615,"9,17E+18",9,1,84,122,2017,8,23,4,2,0,7,1,0,0,0,0,0,2,0,687979265.0,5323732741.0,11.521976891,48.039184387,1,#66c2a5,bicycle
181616,"9,17E+18",9,1,62,0,2017,8,23,4,2,6,1,0,1,1,0,0,0,2,0,690353.7761,5334358.3261,11.558536667,48.133984638,2,#fc8d62,car
181617,"9,17E+18",9,1,62,0,2017,8,11,4,3,0,7,1,0,0,0,0,0,0,0,692667.3713,5340974.8743,11.592597861,48.192756145,1,#66c2a5,bicycle
181618,"9,17E+18",9,1,84,120,2017,8,18,4,3,4,3,1,1,0,0,0,0,0,0,681982.7477,5333155.6849,11.445617189,48.125623176,1,#66c2a5,bicycle
181619,"9,17E+18",9,1,62,0,2017,8,18,4,3,0,6,0,0,0,1,0,0,0,0,688135.3495,5338437.6957,11.530552542,48.171310357,4,#e78ac3,marker
181620,"9,17E+18",9,1,62,0,2017,8,14,4,2,5,3,0,0,0,1,0,1,0,0,690771.9866,5338999.8825,11.566232794,48.175577338,4,#e78ac3,marker
181621,"9,17E+18",9,1,62,0,2017,8,18,4,3,1,6,1,0,0,0,0,0,0,0,688300.9396,5336007.4873,11.5317019,48.149418273,1,#66c2a5,bicycle
181622,"9,17E+18",9,1,62,0,2017,8,10,4,3,0,7,0,0,0,1,0,1,0,1,691878.5147,5333530.0123,11.578636184,48.126082008,4,#e78ac3,marker
181623,"9,17E+18",9,1,62,0,2017,8,13,4,3,4,1,1,0,0,1,0,0,0,0,695345.2995,5331186.52,11.624102289,48.103965418,1,#66c2a5,bicycle
181624,"9,17E+18",9,1,62,0,2017,8,11,4,2,8,1,0,1,0,0,0,0,0,0,696370.09,5330535.2617,11.637553726,48.097797211,2,#fc8d62,car
181625,"9,17E+18",9,1,62,0,2017,8,7,4,3,5,2,1,1,0,0,0,0,0,0,697217.8774,5329961.4849,11.648663185,48.092378632,1,#66c2a5,bicycle
181626,"9,17E+18",9,1,62,0,2017,8,18,4,2,5,3,1,1,0,0,0,0,0,0,693425.2307,5335220.4201,11.600167693,48.140806833,1,#66c2a5,bicycle
181627,"9,17E+18",9,1,62,0,2017,8,13,4,3,1,5,1,1,0,0,0,0,0,0,692556.6588,5338012.9581,11.589767606,48.166168909,1,#66c2a5,bicycle
181628,"9,17E+18",9,1,62,0,2017,8,18,4,3,0,2,1,0,1,0,0,0,0,0,692257.9921,5334899.5876,11.58434857,48.138277014,1,#66c2a5,bicycle
181633,"9,17E+18",9,7,62,0,2017,8,18,4,3,6,4,0,1,1,0,0,0,0,0,621640.0318,5305072.1158,10.627147412,47.88744782,2,#fc8d62,car
181635,"9,17E+18",9,7,71,122,2017,8,7,4,3,0,7,0,0,0,1,0,0,0,0,651579.2319,5360911.5299,11.047271122,48.383144313,4,#e78ac3,marker
181636,"9,17E+18",9,7,72,163,2017,8,15,4,3,4,1,1,0,0,0,0,0,0,0,639847.3242,5348316.3321,10.88473069,48.272600966,1,#66c2a5,bicycle
181637,"9,17E+18",9,7,61,0,2017,8,21,4,3,2,6,0,0,0,1,0,0,2,0,638170.1306,5359371.6673,10.865762642,48.372377738,4,#e78ac3,marker
181638,"9,17E+18",9,7,61,0,2017,8,18,4,3,3,7,0,1,0,0,0,1,0,0,641252.3772,5359211.5312,10.907305848,48.370255499,2,#fc8d62,car
181671,"9,17E+18",9,2,61,0,2017,8,20,4,3,0,1,1,0,0,0,0,0,1,0,733703.1314,5380999.2085,12.16622602,48.538523979,1,#66c2a5,bicycle
181672,"9,17E+18",9,2,61,0,2017,8,3,4,3,0,1,1,0,0,0,0,0,2,0,731290.7871,5382458.4508,12.134404752,48.552525819,1,#66c2a5,bicycle
181673,"9,17E+18",9,2,74,126,2017,8,10,4,3,1,7,1,1,0,0,0,0,0,0,733413.7214,5382984.7103,12.163423827,48.55646666,1,#66c2a5,bicycle
181674,"9,17E+18",9,2,61,0,2017,8,14,4,3,0,1,1,0,0,0,0,0,0,0,732757.3028,5381613.5565,12.153775286,48.544393971,1,#66c2a5,bicycle
181677,"9,17E+18",9,1,73,118,2017,8,18,4,3,5,3,0,0,0,0,0,1,0,0,689849.4912,5302868.6035,11.537840184,47.85109575,6,#ffd92f,circle
181701,"9,17E+18",9,1,87,159,2017,9,18,6,3,1,5,1,1,0,0,0,0,0,0,731862.1407,5326598.7895,12.111458438,48.050510666,1,#66c2a5,bicycle
181702,"9,17E+18",9,1,87,142,2017,9,9,6,3,6,4,1,0,1,0,0,0,0,0,733515.85,5312904036.0,12.126169886,47.926877432,1,#66c2a5,bicycle
181703,"9,17E+18",9,1,63,0,2017,9,14,6,3,5,3,1,1,0,0,0,0,0,0,732728.5453,5305053.1613,12.111414017,47.856630986,1,#66c2a5,bicycle
181707,"9,17E+18",9,1,79,138,2017,9,18,6,3,3,7,1,0,0,0,0,0,0,0,651072.3219,5336528.9513,11.031715789,48.164040453,1,#66c2a5,bicycle
181708,"9,17E+18",9,1,77,144,2017,9,13,6,2,5,3,0,1,0,0,0,0,0,0,718080542.0,5347298954.0,11.937378814,48.241362251,2,#fc8d62,car
181709,"9,17E+18",9,1,78,120,2017,9,11,6,3,5,3,0,1,0,0,0,0,0,0,695327.2359,5353638527.0,11.634193601,48.30575574,2,#fc8d62,car
181710,"9,17E+18",9,1,62,0,2017,9,9,5,3,3,2,0,1,0,1,0,0,0,1,689938.8826,5336606.9044,11.553968914,48.154318851,2,#fc8d62,car
181711,"9,17E+18",9,1,62,0,2017,9,14,5,3,5,3,0,1,0,0,0,0,0,0,699769.3482,5334845.9743,11.685178877,48.135481575,2,#fc8d62,car
181712,"9,17E+18",9,1,62,0,2017,9,8,5,3,2,6,0,1,0,0,0,0,0,1,688646.0847,5335660.6035,11.536183938,48.14619817,2,#fc8d62,car
181713,"9,17E+18",9,1,62,0,2017,9,0,5,3,5,3,1,1,0,0,0,0,2,0,692545.0584,5339200.7575,11.590149681,48.176848025,1,#66c2a5,bicycle
181714,"9,17E+18",9,1,62,0,2017,9,11,5,3,5,3,0,1,0,0,0,0,0,0,691780524.0,5332048125.0,11.576654121,48.112792498,2,#fc8d62,car
181715,"9,17E+18",9,1,62,0,2017,9,14,5,3,2,6,0,1,0,0,0,0,0,0,684425.6027,5332471.9449,11.478118619,48.118774329,2,#fc8d62,car
181716,"9,17E+18",9,1,62,0,2017,9,13,5,3,1,5,1,1,0,0,0,0,0,1,686774.2031,5336292.5193,11.511320577,48.152430357,1,#66c2a5,bicycle
181717,"9,17E+18",9,1,62,0,2017,9,11,5,2,6,4,0,1,1,0,0,1,0,0,694778.6478,5334964.4142,11.618224631,48.138093104,2,#fc8d62,car
181718,"9,17E+18",9,1,62,0,2017,9,9,5,3,6,4,0,0,1,1,0,0,0,1,690364.5177,5334953.8711,11.558947046,48.139334177,3,#8da0cb,toilet
181719,"9,17E+18",9,1,62,0,2017,9,16,5,3,3,6,0,1,0,1,0,0,0,0,688679.2291,5335666.9416,11.536631891,48.146245308,2,#fc8d62,car
181720,"9,17E+18",9,1,62,0,2017,9,5,5,3,1,3,1,1,0,0,0,0,2,1,686858.3285,5344337.1811,11.515989582,48.224712824,1,#66c2a5,bicycle
181721,"9,17E+18",9,1,62,0,2017,9,12,5,3,5,2,0,1,0,0,0,0,0,0,687966.9262,5338577579.0,11.528351266,48.172617479,2,#fc8d62,car
181722,"9,17E+18",9,1,62,0,2017,9,14,5,3,5,3,0,1,0,0,0,0,0,0,686251672.0,5333290618.0,11.502988957,48.125601394,2,#fc8d62,car
181723,"9,17E+18",9,1,62,0,2017,9,19,5,3,5,2,1,0,0,0,0,1,0,0,693522.7469,5335188.6681,11.601462749,48.140491805,1,#66c2a5,bicycle
181724,"9,17E+18",9,1,62,0,2017,9,13,5,3,4,6,1,0,0,0,0,0,0,0,690628481.0,5333370.4213,11.561783201,48.125023149,1,#66c2a5,bicycle
181728,"9,17E+18",9,7,62,0,2017,9,17,5,3,3,6,0,1,0,0,0,0,0,0,621540.1412,5304838.1153,10.625745882,47.885362205,2,#fc8d62,car
181732,"9,17E+18",9,7,72,148,2017,9,18,5,2,8,1,0,1,0,0,0,0,0,0,628308.7581,5354281.1095,10.731114903,48.328682943,2,#fc8d62,car
181733,"9,17E+18",9,7,61,0,2017,9,16,5,3,1,6,0,1,0,0,0,0,0,0,636787.7257,5360855.5907,10.847588601,48.3860222,2,#fc8d62,car
181734,"9,17E+18",9,7,61,0,2017,9,10,5,3,2,6,0,1,0,0,0,0,0,0,641947.4453,5360627.9789,10.917164078,48.382835619,2,#fc8d62,car
181762,"9,17E+18",9,1,63,0,2017,9,22,5,3,3,6,1,0,0,1,0,0,1,0,733556639.0,5305846635.0,12.12289657,47.863459191,1,#66c2a5,bicycle
181764,"9,17E+18",9,1,87,122,2017,9,17,5,2,0,1,0,0,0,1,0,0,0,0,717469.8671,5305993.1843,11.908170421,47.870422581,4,#e78ac3,marker
181766,"9,17E+18",9,1,85,158,2017,9,8,5,2,0,7,1,0,0,0,0,0,0,1,668194.1637,5382083.9979,11.280018802,48.569260209,1,#66c2a5,bicycle
181768,"9,17E+18",9,1,81,130,2017,9,7,5,3,5,3,1,1,0,0,0,0,0,1,638996.0858,5324675.2023,10.865536888,48.060204247,1,#66c2a5,bicycle
181769,"9,17E+18",9,1,88,121,2017,9,18,5,3,5,2,1,1,0,0,0,0,0,0,670816.6219,5330167.6906,11.294490734,48.101856058,1,#66c2a5,bicycle
181770,"9,17E+18",9,1,77,133,2017,9,13,5,3,3,3,0,1,0,0,0,0,0,0,706344.2795,5359275.9013,11.785352121,48.352916261,2,#fc8d62,car
181771,"9,17E+18",9,1,78,145,2017,9,13,5,2,3,6,1,0,0,1,0,0,0,0,696973.1678,5354649487.0,11.656837952,48.314330942,1,#66c2a5,bicycle
181772,"9,17E+18",9,1,77,117,2017,9,14,5,3,2,7,0,1,0,0,0,0,0,0,715085.0677,5352940.7195,11.899954926,48.293078008,2,#fc8d62,car
181773,"9,17E+18",9,1,75,115,2017,9,14,5,3,0,2,0,1,0,1,0,0,0,0,720647.9459,5328999.0816,11.962422243,48.076052302,2,#fc8d62,car
181774,"9,17E+18",9,1,62,0,2017,9,18,4,3,3,2,1,0,0,0,0,0,0,1,691606.7057,5332676.2189,11.574603447,48.118490066,1,#66c2a5,bicycle
181775,"9,17E+18",9,1,62,0,2017,9,11,4,3,5,3,0,1,0,0,0,0,0,1,684774.0263,5333623.8094,11.483295132,48.129026893,2,#fc8d62,car
181776,"9,17E+18",9,1,62,0,2017,9,9,4,3,5,2,0,1,0,0,0,0,0,0,691475.9848,5340368.5445,11.576309683,48.187666876,2,#fc8d62,car
181777,"9,17E+18",9,1,62,0,2017,9,9,4,3,2,6,0,1,0,1,0,0,0,0,690623.1396,5339055.8789,11.564257723,48.176125291,2,#fc8d62,car
181778,"9,17E+18",9,1,62,0,2017,9,18,4,3,5,3,0,1,0,0,0,0,0,1,696857.6404,5330472.9673,11.644066333,48.097086918,2,#fc8d62,car
181779,"9,17E+18",9,1,62,0,2017,9,8,4,3,0,7,0,0,0,0,0,1,0,1,693398.4795,5333457974.0,11.599008443,48.124974613,6,#ffd92f,circle
181780,"9,17E+18",9,1,62,0,2017,9,9,4,3,5,3,1,1,0,0,0,0,0,0,692545.0584,5339200.7575,11.590149681,48.176848025,1,#66c2a5,bicycle
181781,"9,17E+18",9,1,62,0,2017,9,15,4,3,5,3,1,1,0,0,0,0,0,0,686442.5707,5339169.6889,11.508127278,48.178388525,1,#66c2a5,bicycle
181782,"9,17E+18",9,1,62,0,2017,9,16,4,3,5,2,1,1,0,0,0,0,0,0,691281097.0,5331893.94,11.569881967,48.111556879,1,#66c2a5,bicycle
181783,"9,17E+18",9,1,62,0,2017,9,18,4,3,5,3,1,1,0,0,0,0,2,1,692275.1972,5332760954.0,11.58361467,48.119050153,1,#66c2a5,bicycle
181784,"9,17E+18",9,1,62,0,2017,9,20,4,3,4,2,1,1,0,0,0,0,1,1,690509.3253,5332936.2787,11.559989548,48.121156743,1,#66c2a5,bicycle
181785,"9,17E+18",9,1,62,0,2017,9,21,4,3,1,5,1,1,0,0,0,0,2,1,690480.2034,5334625.3053,11.560353588,48.136346416,1,#66c2a5,bicycle
181789,"9,17E+18",9,7,78,116,2017,9,14,4,3,5,3,0,1,0,0,0,0,0,0,620298.8843,5318640.9566,10.613008343,48.009734772,2,#fc8d62,car
181790,"9,17E+18",9,7,77,114,2017,9,10,4,3,0,1,1,0,0,0,0,0,0,0,616790.3574,5312440.9619,10.564297275,47.954623737,1,#66c2a5,bicycle
181792,"9,17E+18",9,7,73,182,2017,9,15,4,3,5,3,0,1,0,1,0,0,0,0,629211424.0,5377307237.0,10.750387099,48.535557389,2,#fc8d62,car
181793,"9,17E+18",9,7,72,163,2017,9,14,4,3,5,7,1,1,0,0,0,0,0,0,640191.8218,5350299355.0,10.890028794,48.290355832,1,#66c2a5,bicycle
181794,"9,17E+18",9,7,61,0,2017,9,9,4,3,4,2,0,1,0,0,0,1,0,0,640504.9699,5353671.9003,10.89537106,48.320611578,2,#fc8d62,car
181795,"9,17E+18",9,7,61,0,2017,9,18,4,3,0,7,1,0,0,0,0,0,0,0,640204.6421,5358768.1324,10.893018707,48.36650222,1,#66c2a5,bicycle
181819,"9,17E+18",9,2,61,0,2017,9,14,4,3,5,7,1,1,0,0,0,0,0,0,731175408.0,5380416295.0,12.131710543,48.53422392,1,#66c2a5,bicycle
181820,"9,17E+18",9,2,61,0,2017,9,15,4,3,5,3,0,1,0,0,0,0,0,0,732279.8075,5381816.1757,12.14742855,48.546390991,2,#fc8d62,car
181822,"9,17E+18",9,1,87,177,2017,9,12,4,3,0,6,1,0,0,0,0,0,0,0,736316275.0,5305024982.0,12.159289179,47.855068727,1,#66c2a5,bicycle
181826,"9,17E+18",9,1,79,142,2017,9,7,4,3,0,7,0,1,0,1,0,0,0,0,674297645.0,5343916.3432,11.346843439,48.224505312,2,#fc8d62,car
181827,"9,17E+18",9,1,74,121,2017,9,11,4,3,0,1,1,0,0,0,0,0,0,1,689105.5005,5354732.4286,11.550865062,48.317477917,1,#66c2a5,bicycle
181828,"9,17E+18",9,1,74,115,2017,9,9,4,3,1,5,0,1,0,0,0,0,0,0,680639.8663,5347685.6117,11.433767761,48.256611971,2,#fc8d62,car
181829,"9,17E+18",9,1,75,127,2017,9,11,4,3,5,3,1,1,0,0,0,0,0,1,712870.0827,5341893.2598,11.864576906,48.194559593,1,#66c2a5,bicycle
181830,"9,17E+18",9,1,62,0,2017,9,14,3,3,0,4,0,0,1,0,0,1,0,0,688685.5086,5332403.8636,11.535271203,48.116914388,3,#8da0cb,toilet
181831,"9,17E+18",9,1,62,0,2017,9,14,3,3,1,5,1,1,0,0,0,0,0,0,690363.9772,5333756.3219,11.55840468,48.128570773,1,#66c2a5,bicycle
181832,"9,17E+18",9,1,62,0,2017,9,12,3,3,2,2,1,0,0,0,0,1,0,0,690627.6345,5335115.6374,11.562552695,48.140709356,1,#66c2a5,bicycle
181833,"9,17E+18",9,1,62,0,2017,9,12,3,3,4,2,1,1,0,0,0,0,0,0,690322.5908,5335854.0309,11.558786376,48.147437338,1,#66c2a5,bicycle
181834,"9,17E+18",9,1,62,0,2017,9,22,3,3,2,6,0,1,0,0,0,0,2,0,692281.8691,5338361.7885,11.586233494,48.169387281,2,#fc8d62,car
181835,"9,17E+18",9,1,62,0,2017,9,6,3,3,5,2,1,1,0,0,0,0,2,0,697913.9149,5330966.3858,11.658466531,48.10119427,1,#66c2a5,bicycle
181836,"9,17E+18",9,1,62,0,2017,9,18,3,3,5,3,1,1,0,0,0,0,0,0,688138.5609,5338434.9271,11.530594469,48.171284522,1,#66c2a5,bicycle
181837,"9,17E+18",9,1,62,0,2017,9,17,3,3,0,7,1,0,0,0,0,0,0,0,689822.3225,5337403.8857,11.552758801,48.16151692,1,#66c2a5,bicycle
181843,"9,17E+18",9,7,71,130,2017,9,16,3,3,5,3,1,1,0,0,0,0,0,0,646242226.0,5357391908.0,10.974009507,48.352758295,1,#66c2a5,bicycle
181844,"9,17E+18",9,7,72,125,2017,9,19,3,3,4,6,0,0,0,1,0,1,1,0,634074677.0,5348861969.0,10.807146519,48.278755986,4,#e78ac3,marker
181845,"9,17E+18",9,7,61,0,2017,9,15,3,2,5,3,1,1,0,0,0,0,0,0,640551.1968,5359280.6052,10.897866436,48.371033132,1,#66c2a5,bicycle
181868,"9,17E+18",9,2,61,0,2017,9,14,3,3,3,3,1,1,0,0,0,0,0,0,731544.9465,5382665.0271,12.13795855,48.554287692,1,#66c2a5,bicycle
181869,"9,17E+18",9,2,61,0,2017,9,15,3,3,5,3,0,1,0,1,0,0,0,0,732796106.0,5380497911.0,12.153677031,48.534358074,2,#fc8d62,car
181870,"9,17E+18",9,1,73,126,2017,9,14,3,3,5,3,1,1,0,0,0,0,0,0,684297.1669,5306277.4433,11.465144219,47.883354114,1,#66c2a5,bicycle
181874,"9,17E+18",9,1,63,0,2017,9,17,3,3,4,6,1,1,0,0,0,0,0,0,731035855.0,5304550.0969,12.088549415,47.852721999,1,#66c2a5,bicycle
181875,"9,17E+18",9,1,63,0,2017,9,17,3,3,2,6,1,0,0,0,0,0,0,0,730843.4153,5301005.7498,12.084091202,47.820947352,1,#66c2a5,bicycle
181876,"9,17E+18",9,1,87,150,2017,9,19,3,3,5,3,1,1,0,0,0,0,0,0,728561.4136,5303641085.0,12.055039178,47.845439502,1,#66c2a5,bicycle
181880,"9,17E+18",9,1,79,142,2017,9,12,3,2,0,7,1,0,0,0,0,1,0,0,673027738.0,5342203632.0,11.329060609,48.209456696,1,#66c2a5,bicycle
181881,"9,17E+18",9,1,88,124,2017,9,15,3,3,6,4,0,1,1,0,0,0,0,0,662135.4252,5319195.5938,11.173812327,48.005478762,2,#fc8d62,car
181882,"9,17E+18",9,1,88,121,2017,9,16,3,3,5,2,0,1,0,1,0,0,0,0,670431.3464,5329781.7372,11.289165691,48.098489579,2,#fc8d62,car
181883,"9,17E+18",9,1,77,117,2017,9,14,3,3,0,7,1,0,0,0,0,0,0,0,715349.1958,5355524.7705,11.904829672,48.316206256,1,#66c2a5,bicycle
181884,"9,17E+18",9,1,75,124,2017,9,19,3,3,5,3,1,1,0,0,0,0,0,0,713871314.0,5329332899.0,11.871726481,48.081360456,1,#66c2a5,bicycle
181885,"9,17E+18",9,1,62,0,2017,9,11,2,3,2,2,0,1,0,0,0,0,0,0,697111.5047,5332104.1767,11.648225791,48.111668785,2,#fc8d62,car
181886,"9,17E+18",9,1,62,0,2017,9,17,2,3,5,3,0,1,0,1,0,0,0,0,696638.5153,5335243.3139,11.643326364,48.140027692,2,#fc8d62,car
181887,"9,17E+18",9,1,84,119,2017,9,10,2,3,6,4,0,1,1,0,0,0,0,0,695613.7157,5347669.0482,11.635290195,48.252018257,2,#fc8d62,car
181888,"9,17E+18",9,1,62,0,2017,9,18,2,3,5,3,1,1,0,1,0,0,0,0,691006.7786,5336730.4184,11.568368643,48.155109156,1,#66c2a5,bicycle
181889,"9,17E+18",9,1,62,0,2017,9,18,2,3,2,6,0,1,0,1,0,0,0,0,694528.9673,5334963.8029,11.614871761,48.138163985,2,#fc8d62,car
181890,"9,17E+18",9,1,62,0,2017,9,9,2,2,5,3,0,1,0,0,0,1,0,0,694212412.0,5332764.2809,11.60961881,48.118492166,2,#fc8d62,car
181891,"9,17E+18",9,1,62,0,2017,9,15,2,2,5,2,0,1,0,1,0,0,0,0,688921.6589,5343307.5868,11.543284706,48.214847793,2,#fc8d62,car
181892,"9,17E+18",9,1,62,0,2017,9,5,2,3,6,2,0,1,1,0,0,0,2,0,690043212.0,5335468721.0,11.554862162,48.144057697,2,#fc8d62,car
181893,"9,17E+18",9,1,84,149,2017,9,10,2,3,0,7,1,0,0,0,0,0,0,0,691651.8969,5350523.9131,11.583267363,48.278887049,1,#66c2a5,bicycle
181894,"9,17E+18",9,1,62,0,2017,9,18,2,3,2,6,0,1,0,0,0,0,0,0,686242.5203,5332703.9627,11.502609779,48.120330979,2,#fc8d62,car
181895,"9,17E+18",9,1,84,147,2017,9,18,2,3,5,2,1,1,0,0,0,0,0,0,697009006.0,5340243365.0,11.650616925,48.18485006,1,#66c2a5,bicycle
181896,"9,17E+18",9,1,62,0,2017,9,14,2,3,0,7,0,1,0,0,0,0,0,0,690519.0925,5334545.1186,11.560839914,48.135614058,2,#fc8d62,car
181897,"9,17E+18",9,1,62,0,2017,9,16,2,3,6,4,0,0,1,1,0,0,0,0,690460.6395,5334742.4649,11.560143277,48.1374053,3,#8da0cb,toilet
181898,"9,17E+18",9,1,62,0,2017,9,9,2,3,3,2,1,1,0,0,0,0,0,0,692331.5566,5334251.8017,11.58504392,48.13243261,1,#66c2a5,bicycle
181902,"9,17E+18",9,7,72,186,2017,9,17,2,3,5,3,0,1,0,0,0,0,0,0,638142.9377,5344052.2775,10.86038133,48.234632524,2,#fc8d62,car
181903,"9,17E+18",9,7,61,0,2017,9,18,2,3,0,7,1,0,0,0,0,0,0,0,642495.3718,5353313.3751,10.922084258,48.316942378,1,#66c2a5,bicycle