OBJECTID,UIDENTSTLA,ULAND,UREGBEZ,UKREIS,UGEMEINDE,UJAHR,UMONAT,USTUNDE,UWOCHENTAG,UKATEGORIE,UART,UTYP1,IstRad,IstPKW,IstFuss,IstKrad,IstGkfz,IstSonstig,ULICHTVERH,STRZUSTAND,LINREFX,LINREFY,XGCSWGS84,YGCSWGS84,Teilnehmer,color,symbol
181933,"9,17E+18",9,1,62,0,2017,9,12,4,3,5,7,0,1,0,0,0,0,0,1,689768.0744,5333393.2705,11.550242604,48.125485572,2,#fc8d62,car
181934,"9,17E+18",9,1,62,0,2017,9,8,4,3,5,2,1,1,0,0,0,0,0,0,689167.3736,5334286.4207,11.542574692,48.133692087,1,#66c2a5,bicycle
181938,"9,17E+18",9,7,62,0,2017,9,16,4,3,8,1,0,1,0,0,0,0,0,0,619639.3785,5305112.9979,10.600407408,47.888191566,2,#fc8d62,car
181939,"9,17E+18",9,7,62,0,2017,9,10,4,3,3,6,1,1,0,0,0,0,0,0,621896.9109,5304459.4501,10.630409211,47.88188894,1,#66c2a5,bicycle
181940,"9,17E+18",9,7,61,0,2017,9,7,4,3,3,2,1,1,0,0,0,0,0,0,641851.4575,5361165.4621,10.916049864,48.387690014,1,#66c2a5,bicycle
181941,"9,17E+18",9,7,61,0,2017,9,19,4,3,5,2,1,1,0,0,0,0,0,0,640951.2257,5357199.4771,10.9025677,48.352231139,1,#66c2a5,bicycle
181942,"9,17E+18",9,7,61,0,2017,9,11,4,3,5,3,0,1,0,0,0,1,0,0,639965.7654,5360696.3015,10.89043722,48.383892744,2,#fc8d62,car
181943,"9,17E+18",9,7,61,0,2017,9,16,4,2,6,4,1,0,1,0,0,0,0,0,640687.1694,5359974.3015,10.899933562,48.377240307,1,#66c2a5,bicycle
181953,"9,17E+18",9,1,62,0,2017,9,18,4,3,0,6,0,0,0,1,0,1,0,1,690456.7704,5340131.9817,11.562504363,48.185847073,4,#e78ac3,marker
181954,"9,17E+18",9,1,62,0,2017,9,16,4,3,1,6,0,1,0,0,0,0,0,1,689807.7437,5336723.9565,11.552259611,48.155410068,2,#fc8d62,car
181955,"9,17E+18",9,1,62,0,2017,9,7,4,3,5,2,1,1,0,0,0,0,0,0,697256.3306,5334081.7671,11.651084356,48.129397265,1,#66c2a5,bicycle
181956,"9,17E+18",9,1,62,0,2017,9,12,4,3,0,3,0,1,0,0,0,1,0,0,700978.5004,5331781.1887,11.699968117,48.107557684,2,#fc8d62,car
181957,"9,17E+18",9,1,62,0,2017,9,18,4,3,5,2,0,1,0,1,0,0,1,0,696350.0608,5335785.3792,11.639703009,48.144988528,2,#fc8d62,car
181974,"9,17E+18",9,1,90,157,2017,9,7,4,3,5,2,1,1,0,0,0,0,0,0,660607.9839,5301299.4124,11.14667719,47.844960464,1,#66c2a5,bicycle
181978,"9,17E+18",9,1,63,0,2017,9,12,4,3,0,1,1,0,0,0,0,0,0,0,732683.94,5304753.6883,12.110657504,47.853956629,1,#66c2a5,bicycle
181981,"9,17E+18",9,1,88,139,2017,9,16,4,3,6,4,1,0,1,0,0,0,0,1,674856.2597,5318956.4041,11.344125528,47.999975738,1,#66c2a5,bicycle
181982,"9,17E+18",9,1,74,113,2017,9,17,4,3,9,7,0,1,0,0,0,0,0,1,675122887.0,5346697.1446,11.359094781,48.249275179,2,#fc8d62,car
181983,"9,17E+18",9,1,77,133,2017,9,22,4,3,0,7,0,1,0,0,0,1,0,0,706661.2813,5359549.1917,11.789760087,48.355268395,2,#fc8d62,car
181984,"9,17E+18",9,1,78,145,2017,9,7,4,3,4,2,1,1,0,0,0,0,0,0,697418.4575,5354803.8726,11.66290968,48.315579561,1,#66c2a5,bicycle
181985,"9,17E+18",9,1,78,130,2017,9,7,4,3,2,6,0,1,0,0,0,0,0,0,702569.7639,5356416.7804,11.733087573,48.328444909,2,#fc8d62,car
181986,"9,17E+18",9,1,78,124,2017,9,10,4,3,5,3,0,1,0,0,0,0,0,0,702795.3216,5363627821.0,11.739602393,48.393173432,2,#fc8d62,car
181987,"9,17E+18",9,1,77,118,2017,9,13,4,3,0,6,0,1,0,0,0,0,0,0,708552.0783,5345273019.0,11.808204309,48.226362826,2,#fc8d62,car
181988,"9,17E+18",9,1,75,114,2017,9,9,4,3,4,6,0,1,0,0,0,0,0,0,717420.8228,5323042.2651,11.916127597,48.023636061,2,#fc8d62,car
181989,"9,17E+18",9,1,75,123,2017,9,7,4,3,4,6,0,1,0,0,0,0,0,0,722060.5479,5338760.3268,11.986444682,48.16326473,2,#fc8d62,car
181990,"9,17E+18",9,1,62,0,2017,9,16,3,3,5,3,0,1,0,0,0,0,0,0,692703.2941,5337990.6639,11.591727565,48.165924103,2,#fc8d62,car
181991,"9,17E+18",9,1,62,0,2017,9,16,3,3,5,3,1,1,0,0,0,0,0,0,688619776.0,5332678.2803,11.534510276,48.11940037,1,#66c2a5,bicycle
181992,"9,17E+18",9,1,62,0,2017,9,19,3,3,3,2,0,1,0,1,0,0,0,0,692109.6236,5337279.3227,11.583430267,48.159710407,2,#fc8d62,car
181993,"9,17E+18",9,1,62,0,2017,9,9,3,3,5,2,1,1,0,0,0,0,0,1,691661.7874,5332798.0711,11.575397575,48.119568685,1,#66c2a5,bicycle
181994,"9,17E+18",9,1,62,0,2017,9,22,3,3,5,3,1,1,0,0,0,0,2,0,690342578.0,5338825385.0,11.560384316,48.174137726,1,#66c2a5,bicycle
181995,"9,17E+18",9,1,62,0,2017,9,19,3,3,5,3,0,1,0,0,0,1,0,0,683956.1466,5339204.7815,11.474726329,48.179428634,2,#fc8d62,car
181996,"9,17E+18",9,1,62,0,2017,9,9,3,3,0,2,0,1,0,0,0,1,0,1,684365735.0,5332117.2739,11.477161611,48.115603676,2,#fc8d62,car
181997,"9,17E+18",9,1,62,0,2017,9,12,3,2,1,1,0,1,0,0,0,1,0,0,687160552.0,5328056.6743,11.512895629,48.07829029,2,#fc8d62,car
181998,"9,17E+18",9,1,62,0,2017,9,9,3,2,0,7,0,0,0,0,0,1,0,1,692083.5742,5334562.8553,11.581854654,48.135303195,6,#ffd92f,circle
181999,"9,17E+18",9,1,62,0,2017,9,17,3,3,5,3,0,1,0,0,0,0,0,0,691917.1165,5338093.8994,11.581211757,48.167089784,2,#fc8d62,car
182000,"9,17E+18",9,1,62,0,2017,9,14,3,2,3,7,0,1,0,0,0,1,0,1,689200.4084,5334937.7072,11.543307538,48.139536095,2,#fc8d62,car
182001,"9,17E+18",9,1,62,0,2017,9,10,3,3,5,2,1,1,0,0,0,0,0,1,689725.7997,5336008.6436,11.550840006,48.149005273,1,#66c2a5,bicycle
182002,"9,17E+18",9,1,62,0,2017,9,10,3,3,0,7,0,0,0,0,0,1,0,1,691799.9567,5332782.9935,11.577245453,48.119391566,6,#ffd92f,circle
182003,"9,17E+18",9,1,84,119,2017,9,14,3,3,1,6,0,1,0,0,0,1,0,1,697501.8828,5348854.5259,11.661252318,48.262086693,2,#fc8d62,car
182004,"9,17E+18",9,1,62,0,2017,9,16,3,3,1,2,0,1,0,0,0,1,0,1,692761.7433,5331396.7321,11.589528958,48.106641689,2,#fc8d62,car
182009,"9,17E+18",9,7,72,159,2017,9,10,3,3,5,3,1,1,0,0,0,0,0,0,624855.8062,5361593.5384,10.686719907,48.395133135,1,#66c2a5,bicycle
182010,"9,17E+18",9,7,72,160,2017,9,18,3,3,4,6,0,1,0,0,0,0,0,0,638308.0187,5342382.3015,10.862058282,48.219579996,2,#fc8d62,car
182011,"9,17E+18",9,7,72,171,2017,9,17,3,3,2,6,0,1,0,0,0,0,0,1,638207.4535,5369197.0398,10.869503812,48.460716815,2,#fc8d62,car
182012,"9,17E+18",9,7,72,147,2017,9,9,3,3,1,6,0,1,0,0,0,0,0,0,639033.0372,5365024.7914,10.879280193,48.423019538,2,#fc8d62,car
182013,"9,17E+18",9,7,71,130,2017,9,13,3,3,0,1,1,0,0,0,0,0,0,1,644950.5298,5357740.4283,10.956704558,48.356189775,1,#66c2a5,bicycle
182014,"9,17E+18",9,7,72,163,2017,9,19,3,3,5,3,1,1,0,0,0,0,2,1,640704.4291,5350278277.0,10.896928679,48.290052547,1,#66c2a5,bicycle
182015,"9,17E+18",9,7,72,163,2017,9,14,3,3,2,1,0,1,0,0,0,0,0,1,639989.7336,5347691.4236,10.886441974,48.2669504,2,#fc8d62,car
182016,"9,17E+18",9,7,61,0,2017,9,16,3,3,3,2,1,1,0,0,0,0,0,0,638340.9876,5358857.4146,10.867899334,48.36771624,1,#66c2a5,bicycle
182017,"9,17E+18",9,7,61,0,2017,9,17,3,3,1,6,1,1,0,0,0,0,1,1,638713.4282,5356152.7226,10.872033813,48.343314401,1,#66c2a5,bicycle
182018,"9,17E+18",9,7,61,0,2017,9,20,3,3,0,1,1,0,0,0,0,0,2,1,637898.1479,5353066392.0,10.860027233,48.31574086,1,#66c2a5,bicycle
182019,"9,17E+18",9,7,61,0,2017,9,11,3,3,6,4,0,1,1,0,0,0,0,0,641614.7648,5359688.5688,10.912356942,48.374463613,2,#fc8d62,car
182020,"9,17E+18",9,7,61,0,2017,9,20,3,3,0,1,1,0,0,0,0,0,2,1,640859.4233,5358535.0706,10.901776348,48.364260829,1,#66c2a5,bicycle
182047,"9,17E+18",9,2,61,0,2017,9,21,3,2,9,1,0,1,0,0,0,0,2,0,731515.5,5381702.32,12.137024988,48.545650735,2,#fc8d62,car
182052,"9,17E+18",9,1,86,143,2017,9,15,3,2,0,7,0,1,0,1,0,0,0,1,685114.1294,5378499.4925,11.507571749,48.532275611,2,#fc8d62,car
182053,"9,17E+18",9,1,79,121,2017,9,20,3,3,5,3,0,1,0,0,0,0,2,1,667752.65,5338984833.0,11.256840957,48.181936179,2,#fc8d62,car
182054,"9,17E+18",9,1,77,117,2017,9,8,3,3,0,3,0,1,0,0,0,1,0,1,714767.8799,5352310.2942,11.895363511,48.287521195,2,#fc8d62,car
182055,"9,17E+18",9,1,77,117,2017,9,9,3,3,0,7,1,0,0,0,0,0,0,1,715636983.0,5354740257.0,11.908305474,48.309059274,1,#66c2a5,bicycle
182056,"9,17E+18",9,1,62,0,2017,9,17,2,3,4,6,1,0,0,0,0,0,0,0,693187128.0,5335404466.0,11.597053842,48.142533321,1,#66c2a5,bicycle
182057,"9,17E+18",9,1,62,0,2017,9,8,2,3,1,7,1,1,0,0,0,0,0,0,692662.6462,5334064.4065,11.589404506,48.130648207,1,#66c2a5,bicycle
182058,"9,17E+18",9,1,62,0,2017,9,13,2,3,1,3,1,1,0,0,0,0,0,0,694201.7212,5342586.1089,11.613959489,48.206769829,1,#66c2a5,bicycle
182059,"9,17E+18",9,1,84,139,2017,9,21,2,3,5,3,0,1,0,0,0,0,2,0,687785.5855,5325409.9194,11.520116821,48.054316531,2,#fc8d62,car
182060,"9,17E+18",9,1,84,146,2017,9,8,2,3,5,3,1,1,0,0,0,0,0,0,698641.1136,5328113.2627,11.66689666,48.075326148,1,#66c2a5,bicycle
182061,"9,17E+18",9,1,62,0,2017,9,15,2,3,0,7,0,0,0,1,0,1,0,0,684028.7817,5335162.5912,11.473953809,48.143074249,4,#e78ac3,marker
182062,"9,17E+18",9,1,62,0,2017,9,11,2,3,0,7,0,1,0,0,0,1,0,0,691343.6287,5338426.5894,11.573656357,48.170252823,2,#fc8d62,car
182063,"9,17E+18",9,1,62,0,2017,9,14,2,3,4,7,1,0,0,0,0,0,0,0,691064114.0,5333165.4483,11.567539541,48.123050272,1,#66c2a5,bicycle
182064,"9,17E+18",9,1,62,0,2017,9,10,2,2,6,4,1,0,1,0,0,0,0,0,690265.9859,5335648.7757,11.557934409,48.145609441,1,#66c2a5,bicycle
182065,"9,17E+18",9,1,62,0,2017,9,16,2,3,3,6,1,0,0,0,0,0,0,0,686041.5541,5340307.6574,11.503236223,48.188734465,1,#66c2a5,bicycle
182066,"9,17E+18",9,1,62,0,2017,9,18,2,3,1,3,1,0,0,0,0,0,0,0,686952.9571,5339280.3428,11.515035097,48.179233152,1,#66c2a5,bicycle
182067,"9,17E+18",9,1,62,0,2017,9,13,2,3,5,3,0,1,0,0,0,0,0,0,698029.6896,5334621837.0,11.661717536,48.134010895,2,#fc8d62,car
182068,"9,17E+18",9,1,62,0,2017,9,12,2,3,1,6,0,1,0,0,0,0,0,0,689515.7738,5334914.2522,11.547532026,48.139231431,2,#fc8d62,car
182069,"9,17E+18",9,1,62,0,2017,9,9,2,3,5,3,1,0,0,0,0,0,0,0,690466.1759,5333116.7219,11.559490942,48.122791477,1,#66c2a5,bicycle
182073,"9,17E+18",9,7,61,0,2017,9,17,2,3,0,3,0,1,0,1,0,0,0,0,638566.2571,5359649.4827,10.871200285,48.374788944,2,#fc8d62,car
182074,"9,17E+18",9,7,61,0,2017,9,16,2,3,4,2,0,1,1,1,0,0,0,0,641417.2244,5359227.1579,10.909535721,48.370359092,2,#fc8d62,car
182096,"9,17E+18",9,2,61,0,2017,9,17,2,3,2,6,0,1,0,0,0,0,0,0,732362.6755,5381833.5937,12.148559374,48.546516768,2,#fc8d62,car
182097,"9,17E+18",9,2,61,0,2017,9,8,2,3,5,3,1,1,0,0,0,0,0,0,732297.7818,5382879068.0,12.148264561,48.555932009,1,#66c2a5,bicycle
182101,"9,17E+18",9,1,63,0,2017,9,10,2,2,1,1,1,1,0,0,0,0,0,0,733480.8803,5304644.6481,12.121236314,47.852688021,1,#66c2a5,bicycle
182103,"9,17E+18",9,1,84,139,2017,9,15,1,3,5,3,1,1,0,0,0,0,0,0,688203135.0,5326697.8379,11.526281448,48.065769782,1,#66c2a5,bicycle
182104,"9,17E+18",9,1,62,0,2017,9,4,1,3,1,6,0,1,0,0,0,0,2,1,694107.2467,5334745601.0,11.609109632,48.136331645,2,#fc8d62,car
182105,"9,17E+18",9,1,62,0,2017,9,17,1,3,0,1,1,0,0,0,0,0,0,0,692390.8395,5338772.6934,11.587883557,48.173047411,1,#66c2a5,bicycle
182108,"9,17E+18",9,7,72,147,2017,9,7,1,3,0,7,1,0,0,0,0,0,0,1,639133464.0,5365060762.0,10.880648816,48.423320802,1,#66c2a5,bicycle
182109,"9,17E+18",9,7,72,125,2017,9,18,1,3,5,3,0,1,0,0,0,0,0,0,636921.1942,5347772968.0,10.845140571,48.268354416,2,#fc8d62,car
182110,"9,17E+18",9,7,61,0,2017,9,1,1,3,0,1,1,0,0,0,0,0,2,0,640530458.0,5358540383.0,10.89733922,48.364381916,1,#66c2a5,bicycle
182126,"9,17E+18",9,1,82,127,2017,9,6,1,3,9,1,0,1,0,0,0,0,1,1,701733741.0,5311631504.0,11.700621957,47.92623134,2,#fc8d62,car
182127,"9,17E+18",9,1,74,151,2017,9,3,1,3,0,1,1,0,0,0,0,0,2,1,679203.2848,5359769.0989,11.419562945,48.365634492,1,#66c2a5,bicycle
182128,"9,17E+18",9,1,62,0,2017,9,16,7,3,1,5,0,1,0,1,0,0,0,0,683780.2133,5333254.9505,11.469792489,48.125999073,2,#fc8d62,car
182129,"9,17E+18",9,1,62,0,2017,9,5,7,3,1,5,0,1,0,0,0,0,2,0,691403.5288,5339451.5814,11.574922726,48.17944723,2,#fc8d62,car
182130,"9,17E+18",9,1,62,0,2017,9,13,7,2,1,1,1,1,0,0,0,0,0,0,692205.4709,5337616.9772,11.584870392,48.162716202,1,#66c2a5,bicycle
182136,"9,17E+18",9,7,62,0,2017,9,12,7,2,5,3,1,1,0,0,0,0,0,0,619686.1031,5303396.6868,10.600556529,47.872746593,1,#66c2a5,bicycle
182137,"9,17E+18",9,7,71,130,2017,9,14,7,3,3,7,1,1,0,0,0,0,0,1,645948.1365,5357386.8227,10.970040502,48.352780606,1,#66c2a5,bicycle
182138,"9,17E+18",9,7,71,130,2017,9,12,7,3,0,7,1,0,0,0,0,0,0,1,647323.1826,5358738.0709,10.989062701,48.364610667,1,#66c2a5,bicycle
182139,"9,17E+18",9,7,61,0,2017,9,11,7,3,0,7,1,0,0,0,0,0,0,1,640143.0369,5359530894.0,10.892441596,48.373374418,1,#66c2a5,bicycle
182140,"9,17E+18",9,7,61,0,2017,9,0,7,3,6,7,0,1,1,0,0,0,2,0,639424.5226,5359982.3897,10.882894238,48.377593305,2,#fc8d62,car
182141,"9,17E+18",9,7,71,144,2017,9,11,7,2,6,4,0,1,1,0,0,0,0,0,665088101.0,5372295015.0,11.234071466,48.482087934,2,#fc8d62,car
182164,"9,17E+18",9,2,61,0,2017,9,15,7,3,5,3,1,1,0,0,0,0,0,0,731847.1819,5379836.0246,12.1404741,48.528763685,1,#66c2a5,bicycle
182165,"9,17E+18",9,1,73,147,2017,9,10,7,3,5,3,1,1,0,0,0,0,0,0,681478.8814,5308605.3482,11.428461169,47.905083123,1,#66c2a5,bicycle
182166,"9,17E+18",9,1,73,126,2017,9,8,7,2,4,2,0,1,0,1,0,0,0,0,685525.7948,5303094.8479,11.480196227,47.854392058,2,#fc8d62,car
182168,"9,17E+18",9,1,63,0,2017,9,17,7,3,2,6,0,1,0,0,0,0,0,0,732138.7708,5304595.9511,12.103295786,47.852736607,2,#fc8d62,car
182169,"9,17E+18",9,1,87,181,2017,9,20,7,3,9,1,0,0,0,1,0,0,2,0,738374.5956,5310748.5869,12.189920935,47.905726286,4,#e78ac3,marker
182170,"9,17E+18",9,1,86,125,2017,9,9,7,2,0,3,0,1,0,0,0,1,0,0,673131.3597,5370064.0228,11.341901656,48.459870331,2,#fc8d62,car
182171,"9,17E+18",9,1,81,130,2017,9,11,7,3,2,6,0,1,0,0,0,0,0,0,641963.5291,5322083.5161,10.904482168,48.036246061,2,#fc8d62,car
182172,"9,17E+18",9,1,75,115,2017,9,11,7,2,6,4,0,1,1,0,0,0,0,0,720037.3165,5328432827.0,11.953943759,48.071175409,2,#fc8d62,car
182173,"9,17E+18",9,1,62,0,2017,9,15,6,3,5,2,1,1,0,0,0,0,0,0,686272164.0,5337589.7614,11.505144939,48.164237629,1,#66c2a5,bicycle
182174,"9,17E+18",9,1,62,0,2017,9,8,6,3,5,1,1,1,0,0,0,0,0,0,688403.5125,5330972.0212,11.530853596,48.104128161,1,#66c2a5,bicycle
182175,"9,17E+18",9,1,62,0,2017,9,18,6,3,0,7,1,1,0,0,0,0,0,0,693662.0688,5331109.2984,11.601480428,48.10378525,1,#66c2a5,bicycle
182176,"9,17E+18",9,1,62,0,2017,9,23,6,2,4,2,0,1,0,1,0,0,2,0,692296.4261,5338129.1456,11.586323877,48.167291942,2,#fc8d62,car
182177,"9,17E+18",9,1,62,0,2017,9,22,6,3,0,7,1,0,0,0,0,0,2,0,689113.5924,5332451.2301,11.541038295,48.117213141,1,#66c2a5,bicycle
182178,"9,17E+18",9,1,62,0,2017,9,19,6,2,2,7,0,1,0,0,0,0,2,0,688563.2743,5332353346.0,11.53360813,48.116496532,2,#fc8d62,car
182179,"9,17E+18",9,1,84,123,2017,9,14,6,3,2,6,1,1,0,0,0,0,0,0,703382.0152,5331728.8915,11.73219444,48.106324904,1,#66c2a5,bicycle
182180,"9,17E+18",9,1,62,0,2017,9,18,6,3,0,6,0,1,0,0,0,1,0,0,687476.7513,5328698.2402,11.517418327,48.083964034,2,#fc8d62,car
182181,"9,17E+18",9,1,62,0,2017,9,20,6,3,0,7,1,0,1,0,0,0,2,1,696310.3526,5338357.7051,11.640356515,48.168119255,1,#66c2a5,bicycle
182182,"9,17E+18",9,1,62,0,2017,9,16,6,3,1,6,0,1,0,0,0,0,0,0,693932067.0,5333017.4759,11.605971043,48.120853243,2,#fc8d62,car
182183,"9,17E+18",9,1,62,0,2017,9,19,6,3,0,6,0,1,0,0,0,1,1,0,690134.1487,5334928.1187,11.555842046,48.139171592,2,#fc8d62,car
182184,"9,17E+18",9,1,62,0,2017,9,18,6,3,0,1,1,0,0,0,0,0,0,0,690145.59,5334658.8794,11.555875491,48.136748248,1,#66c2a5,bicycle
182185,"9,17E+18",9,1,62,0,2017,9,22,6,3,0,1,1,0,0,0,0,0,2,0,691024.2613,5333938.9379,11.567351234,48.130014313,1,#66c2a5,bicycle
182186,"9,17E+18",9,1,62,0,2017,9,21,6,3,8,7,1,0,0,0,0,0,2,0,693081.9195,5335908.7325,11.595869683,48.147097461,1,#66c2a5,bicycle
182189,"9,17E+18",9,7,72,184,2017,9,11,6,3,1,5,0,1,0,0,0,0,0,0,635082.3858,5360765.1749,10.82453777,48.385576694,2,#fc8d62,car
182194,"9,17E+18",9,1,62,0,2017,9,11,4,3,1,6,1,1,0,0,0,0,0,0,690648.4472,5336301.5302,11.563363224,48.151361859,1,#66c2a5,bicycle
182195,"9,17E+18",9,1,62,0,2017,9,6,2,3,4,2,1,0,0,0,0,1,2,0,696011.0901,5334991.1584,11.634785379,48.137955042,1,#66c2a5,bicycle
182196,"9,17E+18",9,1,62,0,2017,9,18,2,3,5,3,1,1,0,0,0,0,0,0,688740.8849,5334292.0254,11.536850629,48.133869085,1,#66c2a5,bicycle
182197,"9,17E+18",9,1,62,0,2017,9,20,2,3,0,5,1,1,0,0,0,0,2,0,684431.9602,5336645.3855,11.480011079,48.156285622,1,#66c2a5,bicycle
182198,"9,17E+18",9,1,62,0,2017,9,16,2,3,3,6,1,0,0,0,0,1,0,0,690807.2588,5335148.6765,11.564979628,48.14095247,1,#66c2a5,bicycle
182199,"9,17E+18",9,1,62,0,2017,9,11,2,3,5,3,0,1,0,0,0,1,0,0,680593506.0,5339900.9358,11.429827881,48.186650853,2,#fc8d62,car
182200,"9,17E+18",9,1,62,0,2017,9,18,2,3,5,2,0,1,0,1,0,0,0,0,688284328.0,5335726398.0,11.531354458,48.146896714,2,#fc8d62,car
182201,"9,17E+18",9,1,62,0,2017,9,17,2,3,5,3,0,1,0,0,0,0,0,0,692474745.0,5334458614.0,11.587059851,48.134248111,2,#fc8d62,car
182202,"9,17E+18",9,1,62,0,2017,9,11,2,2,5,3,0,1,0,0,0,0,0,1,688302.0296,5333976.6314,11.530818594,48.13116426,2,#fc8d62,car
182203,"9,17E+18",9,1,62,0,2017,9,18,2,3,0,6,0,1,0,0,0,1,0,0,690360.7106,5333871.5157,11.558412282,48.129607112,2,#fc8d62,car
182204,"9,17E+18",9,1,62,0,2017,9,17,2,3,5,2,1,1,0,0,0,0,0,0,698205.5814,5329439.4185,11.661671084,48.08738027,1,#66c2a5,bicycle
182205,"9,17E+18",9,1,62,0,2017,9,17,2,3,0,4,0,1,1,0,0,0,0,0,691887.1395,5332312.2947,11.578203898,48.115134714,2,#fc8d62,car
182206,"9,17E+18",9,1,62,0,2017,9,15,2,3,6,7,1,0,1,0,0,0,0,0,688991.0575,5332574.0664,11.539447967,48.118353591,1,#66c2a5,bicycle
182207,"9,17E+18",9,1,62,0,2017,9,20,2,3,1,5,1,1,0,0,0,0,2,0,689715.2327,5334733.1959,11.550129817,48.137544652,1,#66c2a5,bicycle
182208,"9,17E+18",9,1,62,0,2017,9,16,2,3,0,2,0,1,0,0,0,1,0,0,690364.8869,5333865.8035,11.558465801,48.129554522,2,#fc8d62,car
182209,"9,17E+18",9,1,75,132,2017,9,7,3,3,1,5,1,1,0,0,0,0,0,1,707646.6188,5331321.7115,11.789216506,48.101290165,1,#66c2a5,bicycle
182210,"9,17E+18",9,1,62,0,2017,9,10,2,3,1,2,0,1,0,1,0,0,0,0,691561.4339,5336907.3745,11.575898658,48.156532782,2,#fc8d62,car
182211,"9,17E+18",9,1,62,0,2017,9,17,2,3,5,3,1,1,0,0,0,0,0,0,692134.1193,5335217394.0,11.582828588,48.141170813,1,#66c2a5,bicycle
182212,"9,17E+18",9,1,62,0,2017,9,8,2,3,1,7,1,1,0,0,0,0,0,0,691019.4253,5336490703.0,11.56843092,48.152950821,1,#66c2a5,bicycle
182213,"9,17E+18",9,1,62,0,2017,9,7,2,3,4,2,1,1,0,0,0,0,0,0,694474.7661,5333722.8223,11.613577531,48.127027107,1,#66c2a5,bicycle
182215,"9,17E+18",9,1,62,0,2017,9,14,2,3,5,2,1,1,0,0,0,0,0,0,691504.4654,5337258.8854,11.575291631,48.159709264,1,#66c2a5,bicycle
182216,"9,17E+18",9,1,84,127,2017,9,0,2,3,8,7,0,1,0,0,0,0,2,0,702174434.0,5322009956.0,11.711396724,48.019365346,2,#fc8d62,car
182218,"9,17E+18",9,7,72,184,2017,9,13,2,3,5,3,0,1,0,1,0,0,0,0,635840.4374,5361917.4009,10.835143844,48.395774664,2,#fc8d62,car
182219,"9,17E+18",9,7,61,0,2017,9,12,2,3,2,6,0,1,0,0,0,0,0,0,639297.8745,5361772.9741,10.881778493,48.393721719,2,#fc8d62,car
182220,"9,17E+18",9,7,61,0,2017,9,13,2,2,0,7,1,0,0,0,0,0,0,0,642004.6084,5361652.2526,10.918281897,48.392032542,1,#66c2a5,bicycle
182221,"9,17E+18",9,7,61,0,2017,9,12,2,3,4,6,0,1,0,0,0,0,0,0,640153.3583,5358605.2539,10.892272402,48.365049054,2,#fc8d62,car
182252,"9,17E+18",9,2,61,0,2017,9,7,2,3,6,7,0,1,1,0,0,0,0,0,731859.5693,5379587.3203,12.140503353,48.526525042,2,#fc8d62,car
182254,"9,17E+18",9,1,73,134,2017,9,6,2,3,9,1,0,1,0,0,0,0,1,1,686519965.0,5302350736.0,11.493152975,47.847415548,2,#fc8d62,car
182256,"9,17E+18",9,1,63,0,2017,9,13,2,3,1,6,0,1,0,0,0,1,0,0,732473019.0,5304614.2873,12.107767171,47.852780546,2,#fc8d62,car
182259,"9,17E+18",9,1,81,128,2017,9,8,2,3,0,7,1,1,0,0,0,0,0,1,637657.3216,5327272.5768,10.848414945,48.083851116,1,#66c2a5,bicycle
182260,"9,17E+18",9,1,79,126,2017,9,12,2,3,5,3,0,1,0,0,0,0,0,0,676460.42,5341782.08,11.375050515,48.204722299,2,#fc8d62,car
182261,"9,17E+18",9,1,79,123,2017,9,9,2,3,2,7,1,1,0,0,0,0,0,0,676044.9832,5333218.8258,11.365918996,48.127860538,1,#66c2a5,bicycle
182262,"9,17E+18",9,1,77,133,2017,9,18,2,3,2,6,0,1,0,0,0,0,0,0,707789228.0,5360192.0973,11.80528494,48.360675348,2,#fc8d62,car
182263,"9,17E+18",9,1,62,0,2017,9,4,1,3,0,7,1,0,0,0,0,0,2,0,692025.65,5335606.74,11.581547566,48.144702929,1,#66c2a5,bicycle
182264,"9,17E+18",9,1,62,0,2017,9,0,1,3,1,5,0,1,0,0,0,0,2,0,692179.3069,5336952.9452,11.584218935,48.156755942,2,#fc8d62,car
182265,"9,17E+18",9,1,62,0,2017,9,12,1,3,5,7,0,1,0,0,0,0,0,0,693169416.0,5339813937.0,11.598818416,48.182169583,2,#fc8d62,car
182266,"9,17E+18",9,1,62,0,2017,9,21,1,3,5,3,1,1,0,0,0,0,2,0,683476.4135,5336672.4735,11.467186149,48.156805516,1,#66c2a5,bicycle
182268,"9,17E+18",9,7,62,0,2017,9,15,1,3,4,2,0,1,0,1,0,0,0,0,621938.4857,5305216.3228,10.631178816,47.888688143,2,#fc8d62,car
182269,"9,17E+18",9,7,77,121,2017,9,9,1,2,5,2,0,1,0,1,0,0,0,0,628725.4383,5321792.5257,10.726889721,48.036435357,2,#fc8d62,car
182271,"9,17E+18",9,7,72,184,2017,9,16,1,3,4,2,0,1,0,0,0,0,0,0,636191.1163,5362845.7461,10.840179976,48.404046619,2,#fc8d62,car
182272,"9,17E+18",9,7,61,0,2017,9,18,1,3,5,3,1,1,0,0,0,0,0,0,637902.1978,5359252.4594,10.862107538,48.371364445,1,#66c2a5,bicycle
182273,"9,17E+18",9,7,61,0,2017,9,5,1,3,1,6,0,1,0,0,0,0,2,0,639140.2205,5359043.2903,10.87874617,48.36921191,2,#fc8d62,car