OBJECTID,UIDENTSTLA,ULAND,UREGBEZ,UKREIS,UGEMEINDE,UJAHR,UMONAT,USTUNDE,UWOCHENTAG,UKATEGORIE,UART,UTYP1,IstRad,IstPKW,IstFuss,IstKrad,IstGkfz,IstSonstig,ULICHTVERH,STRZUSTAND,LINREFX,LINREFY,XGCSWGS84,YGCSWGS84,Teilnehmer,color,symbol
182274,"9,17E+18",9,7,61,0,2017,9,18,1,2,8,1,0,0,0,1,0,0,0,0,641970.1659,5365112.5402,10.918987521,48.423153463,4,#e78ac3,marker
182275,"9,17E+18",9,7,61,0,2017,9,18,1,3,4,6,1,0,0,0,0,1,0,0,642031.2775,5352277.1502,10.915478963,48.307729413,1,#66c2a5,bicycle
182287,"9,17E+18",9,1,79,136,2017,9,11,1,2,5,3,0,1,0,0,0,0,0,0,660666.8669,5341750.0525,11.162631621,48.208628284,2,#fc8d62,car
182288,"9,17E+18",9,1,79,121,2017,9,14,1,2,6,7,1,0,1,0,0,0,0,0,666606.5585,5339079.1126,11.241471404,48.183085336,1,#66c2a5,bicycle
182289,"9,17E+18",9,1,62,0,2017,9,10,7,3,5,3,0,1,0,0,0,1,0,1,690960.1368,5335120.9465,11.56702016,48.140657372,2,#fc8d62,car
182290,"9,17E+18",9,1,62,0,2017,9,23,7,3,6,4,0,1,1,0,0,0,2,0,689351.3001,5333635674.0,11.544755117,48.127788419,2,#fc8d62,car
182291,"9,17E+18",9,1,62,0,2017,9,16,7,3,2,6,0,1,0,0,0,0,0,0,688949.6203,5334114.1029,11.53957446,48.132207958,2,#fc8d62,car
182292,"9,17E+18",9,1,62,0,2017,9,10,7,3,5,2,0,1,0,0,0,0,0,1,691261.3194,5339285.5565,11.572936889,48.177997848,2,#fc8d62,car
182293,"9,17E+18",9,1,62,0,2017,9,10,7,3,2,6,0,1,0,0,0,0,0,1,688161.0784,5338415.5147,11.530888447,48.171103375,2,#fc8d62,car
182294,"9,17E+18",9,1,62,0,2017,9,10,7,3,5,3,0,1,0,0,0,0,0,1,692536.6697,5336948.0577,11.589017066,48.156603919,2,#fc8d62,car
182295,"9,17E+18",9,1,62,0,2017,9,16,7,3,0,7,0,1,0,0,0,1,0,0,693883.3882,5331344.3084,11.60455703,48.10583014,2,#fc8d62,car
182296,"9,17E+18",9,1,62,0,2017,9,16,7,3,2,6,0,1,0,0,0,0,0,0,688012119.0,5335814031.0,11.527737192,48.147764885,2,#fc8d62,car
182297,"9,17E+18",9,1,84,127,2017,9,13,7,2,0,7,0,1,0,0,0,0,0,1,703720.0682,5322131.5984,11.73215898,48.019967652,2,#fc8d62,car
182298,"9,17E+18",9,1,62,0,2017,9,11,7,3,2,6,0,1,0,1,0,0,0,1,692884.9758,5340986.0179,11.595527966,48.192790252,2,#fc8d62,car
182299,"9,17E+18",9,1,62,0,2017,9,15,7,3,5,3,1,1,0,0,0,0,0,0,684419798.0,5332591.5992,11.478092454,48.119851532,1,#66c2a5,bicycle
182300,"9,17E+18",9,1,62,0,2017,9,17,7,3,0,7,1,0,0,0,0,0,0,0,686439.9999,5329818.5673,11.50399985,48.094338063,1,#66c2a5,bicycle
182303,"9,17E+18",9,7,62,0,2017,9,17,7,3,3,6,0,1,0,0,0,0,0,0,622512.5621,5307926.5492,10.639624723,47.912953659,2,#fc8d62,car
182304,"9,17E+18",9,7,62,0,2017,9,16,7,3,0,1,1,0,0,0,0,0,0,0,621908.4497,5306200.6248,10.631055235,47.897546372,1,#66c2a5,bicycle
182305,"9,17E+18",9,7,61,0,2017,9,18,7,3,1,7,1,1,0,0,0,0,0,0,639600437.0,5358147.7756,10.884659562,48.36105805,1,#66c2a5,bicycle
182306,"9,17E+18",9,7,61,0,2017,9,4,7,3,0,1,1,0,0,0,0,0,2,0,640742.4256,5358307.1501,10.900121384,48.362237541,1,#66c2a5,bicycle
182324,"9,17E+18",9,2,61,0,2017,9,14,7,3,1,6,0,1,0,0,0,1,0,0,731186.0032,5381208.7435,12.132293411,48.541338492,2,#fc8d62,car
182325,"9,17E+18",9,2,61,0,2017,9,8,7,3,1,7,1,1,0,0,0,0,0,0,732490.8063,5380502.1721,12.149550042,48.534509504,1,#66c2a5,bicycle
182326,"9,17E+18",9,2,61,0,2017,9,13,7,3,8,6,0,0,0,1,0,1,0,0,733384.4721,5379511.5091,12.161082874,48.525279089,4,#e78ac3,marker
182327,"9,17E+18",9,2,74,126,2017,9,1,7,2,0,1,1,0,0,0,0,0,2,0,735073.9742,5385054.2392,12.187057865,48.574435892,1,#66c2a5,bicycle
182328,"9,17E+18",9,1,90,157,2017,9,11,7,3,0,3,1,1,0,0,0,0,0,1,660106.1045,5300493.1126,11.13967568,47.837836096,1,#66c2a5,bicycle
182330,"9,17E+18",9,1,86,143,2017,9,18,7,3,5,3,1,1,0,0,0,0,1,1,684725.6497,5377996.3022,11.502091641,48.527867512,1,#66c2a5,bicycle
182331,"9,17E+18",9,1,86,143,2017,9,18,7,3,9,7,1,1,0,0,0,0,0,0,685533761.0,5378111.5535,11.513077774,48.52866503,1,#66c2a5,bicycle
182333,"9,17E+18",9,1,88,113,2017,9,11,7,3,0,3,0,1,0,1,0,0,0,1,675933.6376,5315173.6583,11.357006838,47.965674873,2,#fc8d62,car
182334,"9,17E+18",9,1,79,142,2017,9,19,7,2,0,7,0,0,0,0,0,1,2,0,673288.9611,5343443.2728,11.3330803,48.220529039,6,#ffd92f,circle
182335,"9,17E+18",9,1,77,117,2017,9,14,7,3,0,1,1,0,0,0,0,0,0,0,714826.9631,5353586.5818,11.896808116,48.29896887,1,#66c2a5,bicycle
182336,"9,17E+18",9,1,62,0,2017,9,16,6,3,4,6,1,0,0,0,0,0,0,0,691643.9391,5333786.2554,11.575602278,48.128455751,1,#66c2a5,bicycle
182337,"9,17E+18",9,1,62,0,2017,9,23,6,3,4,2,1,0,0,1,0,0,2,0,690359.5879,5333882.8412,11.558402268,48.129709242,1,#66c2a5,bicycle
182338,"9,17E+18",9,1,62,0,2017,9,11,6,3,5,3,1,1,0,0,0,0,0,0,692716.6133,5338821.2899,11.592282978,48.173385485,1,#66c2a5,bicycle
182339,"9,17E+18",9,1,62,0,2017,9,13,6,3,2,2,0,1,0,0,0,0,0,0,688667.2287,5333152.4995,11.535357125,48.123648678,2,#fc8d62,car
182340,"9,17E+18",9,1,62,0,2017,9,10,6,3,0,4,1,0,1,0,0,0,0,1,692334.7166,5337784.3635,11.586682402,48.164181544,1,#66c2a5,bicycle
182341,"9,17E+18",9,1,62,0,2017,9,15,6,3,3,6,1,1,0,1,0,0,0,0,693523.6819,5335174.7489,11.60146898,48.140366419,1,#66c2a5,bicycle
182342,"9,17E+18",9,1,62,0,2017,9,12,6,3,6,4,0,1,1,0,0,0,0,0,696605.8598,5338505.9616,11.644395218,48.169360359,2,#fc8d62,car
182343,"9,17E+18",9,1,62,0,2017,9,9,6,3,6,2,0,1,1,0,0,0,0,0,686692.9184,5329764547.0,11.507369704,48.093778466,2,#fc8d62,car
182344,"9,17E+18",9,1,84,149,2017,9,12,6,3,5,3,1,1,0,0,0,0,0,0,690886.8142,5351147.1895,11.573247201,48.284719944,1,#66c2a5,bicycle
182345,"9,17E+18",9,1,62,0,2017,9,13,6,3,5,3,1,1,0,0,0,0,0,0,691248.2204,5332425.7273,11.569679192,48.116346429,1,#66c2a5,bicycle
182346,"9,17E+18",9,1,62,0,2017,9,3,6,2,6,7,0,1,1,0,0,0,2,0,690481875.0,5333439.9438,11.559846129,48.125691899,2,#fc8d62,car
182347,"9,17E+18",9,1,62,0,2017,9,12,6,2,5,3,0,1,0,1,0,0,0,0,687762.7754,5338146.9389,11.525417816,48.168807157,2,#fc8d62,car
182348,"9,17E+18",9,1,62,0,2017,9,7,6,3,5,3,0,1,0,0,0,0,0,0,688058.6584,5332779.8182,11.527022864,48.120478985,2,#fc8d62,car
182349,"9,17E+18",9,1,62,0,2017,9,16,6,3,5,2,1,1,0,0,0,0,0,0,689125.6324,5333100.9209,11.541488107,48.123049076,1,#66c2a5,bicycle
182350,"9,17E+18",9,1,62,0,2017,9,16,6,3,0,1,0,0,0,1,0,0,0,0,690509.7433,5332942.6673,11.559998014,48.121214038,4,#e78ac3,marker
182351,"9,17E+18",9,1,62,0,2017,9,17,6,3,1,1,1,1,0,0,0,0,0,0,689032.9542,5334502.5248,11.540865714,48.135674396,1,#66c2a5,bicycle
182352,"9,17E+18",9,1,62,0,2017,9,20,6,3,1,6,0,1,0,0,0,0,2,1,690685.5387,5336205.3258,11.56381832,48.150486062,2,#fc8d62,car
182361,"9,17E+18",9,7,73,182,2017,9,15,6,3,5,3,1,1,0,0,0,0,0,0,624144.7593,5380129.8956,10.682623548,48.561962891,1,#66c2a5,bicycle
182363,"9,17E+18",9,7,61,0,2017,9,13,6,2,6,7,1,0,1,0,0,0,0,0,640805169.0,5356150365.0,10.900246495,48.342830435,1,#66c2a5,bicycle
182390,"9,17E+18",9,2,61,0,2017,9,23,6,3,0,1,0,0,0,1,0,0,2,0,731316.7682,5383163.3632,12.135147904,48.55884835,4,#e78ac3,marker
182391,"9,17E+18",9,2,74,194,2017,9,15,6,3,5,3,1,1,0,0,0,0,0,0,721389.2423,5377902.0348,11.997996979,48.515163928,1,#66c2a5,bicycle
182392,"9,17E+18",9,2,61,0,2017,9,11,6,3,2,6,0,0,0,1,0,0,0,0,732271.8129,5382428.0766,12.14766161,48.551890494,4,#e78ac3,marker
182400,"9,17E+18",9,1,79,123,2017,9,13,6,3,5,3,1,0,0,0,0,1,0,0,677454.0272,5335079.7283,11.385613833,48.144197257,1,#66c2a5,bicycle
182401,"9,17E+18",9,1,74,115,2017,9,14,6,3,5,3,1,1,0,0,0,0,0,1,683483.6734,5348846.5999,11.472549238,48.266230377,1,#66c2a5,bicycle
182402,"9,17E+18",9,1,74,115,2017,9,13,6,3,8,1,1,0,0,0,0,0,0,0,680494109.0,5347638.82,11.431785847,48.256232909,1,#66c2a5,bicycle
182403,"9,17E+18",9,1,77,120,2017,9,6,6,2,6,4,0,1,1,0,0,0,0,0,724684.2891,5361495.6179,12.033755,48.366601354,2,#fc8d62,car
182404,"9,17E+18",9,1,77,131,2017,9,11,6,3,6,4,1,0,1,0,0,0,0,0,711878.1575,5346596429.0,11.853595212,48.23715247,1,#66c2a5,bicycle
182405,"9,17E+18",9,1,75,115,2017,9,10,6,2,5,3,0,1,0,1,0,0,0,0,719995.6108,5328897621.0,11.953623841,48.075366017,2,#fc8d62,car
182406,"9,17E+18",9,1,62,0,2017,9,11,5,3,3,6,0,1,0,0,0,0,0,1,693084.2909,5335932.8018,11.595912448,48.147313069,2,#fc8d62,car
182407,"9,17E+18",9,1,62,0,2017,9,17,5,3,4,3,0,1,0,0,0,0,0,1,700147875.0,5334867826.0,11.690271261,48.135559027,2,#fc8d62,car
182408,"9,17E+18",9,1,62,0,2017,9,17,5,3,6,7,0,1,1,0,0,0,0,1,693160.8093,5334102.42,11.596109979,48.130838882,2,#fc8d62,car
182409,"9,17E+18",9,1,62,0,2017,9,11,5,3,2,6,0,1,0,0,0,0,0,1,686042.6322,5338689.3438,11.502542168,48.174188249,2,#fc8d62,car
182410,"9,17E+18",9,1,62,0,2017,9,14,5,3,6,4,1,0,1,0,0,0,0,1,686172.9307,5335275.8766,11.502799414,48.143468694,1,#66c2a5,bicycle
182411,"9,17E+18",9,1,84,146,2017,9,15,5,3,0,7,0,0,0,1,0,0,0,1,696386653.0,5328908271.0,11.637027737,48.083169525,4,#e78ac3,marker
182412,"9,17E+18",9,1,62,0,2017,9,16,5,3,5,2,1,1,0,0,0,0,0,1,690344274.0,5333850.4472,11.558182195,48.129422664,1,#66c2a5,bicycle
182413,"9,17E+18",9,1,62,0,2017,9,18,5,3,3,5,1,1,0,0,0,0,1,0,694482.3296,5335443.8611,11.614464752,48.142492806,1,#66c2a5,bicycle
182414,"9,17E+18",9,1,62,0,2017,9,13,5,3,3,2,0,1,0,0,0,1,0,1,691439.1239,5335448.0584,11.573599367,48.143453482,2,#fc8d62,car
182415,"9,17E+18",9,1,62,0,2017,9,16,5,3,6,7,1,0,1,0,0,0,0,0,691191.8076,5335036.5513,11.570093306,48.139829265,1,#66c2a5,bicycle
182418,"9,17E+18",9,7,62,0,2017,9,8,5,1,6,4,0,1,1,0,0,0,0,0,621333.9157,5304636.1327,10.622931752,47.88358464,2,#fc8d62,car
182421,"9,17E+18",9,7,72,200,2017,9,8,5,3,5,3,0,1,0,0,0,0,0,0,630459.0847,5339114.6597,10.755435444,48.191857853,2,#fc8d62,car
182422,"9,17E+18",9,7,72,202,2017,9,12,5,2,6,4,0,1,1,0,0,0,0,1,636444.3415,5359858.7205,10.842629357,48.377132787,2,#fc8d62,car
182423,"9,17E+18",9,7,61,0,2017,9,9,5,3,5,3,0,1,0,0,0,1,0,0,639729457.0,5356436843.0,10.885832408,48.345645228,2,#fc8d62,car
182424,"9,17E+18",9,7,61,0,2017,9,13,5,3,0,7,0,0,0,1,0,0,0,1,641264.2329,5352286.0566,10.905143296,48.307981275,4,#e78ac3,marker
182425,"9,17E+18",9,7,61,0,2017,9,11,5,3,9,1,0,1,0,0,0,0,0,1,640399.1533,5353666.3899,10.893942601,48.320585537,2,#fc8d62,car
182450,"9,17E+18",9,1,63,0,2017,9,9,5,3,2,6,1,1,0,0,0,0,0,0,734030.2235,5303626.3104,12.128018086,47.843339506,1,#66c2a5,bicycle
182453,"9,17E+18",9,1,86,143,2017,9,18,5,3,1,5,1,1,0,0,0,0,0,0,684906.1307,5377706.8843,11.504405468,48.525213158,1,#66c2a5,bicycle
182454,"9,17E+18",9,1,79,121,2017,9,15,5,3,2,7,0,1,0,0,0,1,0,0,666913.7819,5337746.9413,11.245078202,48.171028484,2,#fc8d62,car
182455,"9,17E+18",9,1,77,115,2017,9,14,5,3,6,6,0,1,1,0,0,0,0,1,735295.1394,5351031.8423,12.170966217,48.268741658,2,#fc8d62,car
182456,"9,17E+18",9,1,62,0,2017,9,14,4,3,0,6,0,1,0,1,0,0,0,1,691351.0284,5334077.4261,11.571800565,48.131160884,2,#fc8d62,car
182457,"9,17E+18",9,1,62,0,2017,9,17,4,3,4,7,0,1,0,1,0,0,0,1,689687.9306,5332125.6969,11.548602726,48.114116397,2,#fc8d62,car
182458,"9,17E+18",9,1,62,0,2017,9,17,4,3,5,3,0,1,0,0,0,0,0,1,697733.2176,5336798.8511,11.658748054,48.153668479,2,#fc8d62,car
182459,"9,17E+18",9,1,84,112,2017,9,10,4,3,5,3,0,1,0,1,0,0,0,1,702968729.0,5338366.8307,11.729811699,48.166110286,2,#fc8d62,car
182460,"9,17E+18",9,1,62,0,2017,9,15,4,2,0,7,0,0,0,0,0,1,0,0,697500.3046,5332575.7688,11.653661957,48.11578671,6,#ffd92f,circle
182461,"9,17E+18",9,1,62,0,2017,9,9,4,3,0,7,0,1,1,0,0,0,0,0,691233526.0,5334149039.0,11.570255096,48.131839849,2,#fc8d62,car
182462,"9,17E+18",9,1,62,0,2017,9,7,4,3,5,3,1,1,0,0,0,0,0,0,690128.8796,5337574.2836,11.556953334,48.162956854,1,#66c2a5,bicycle
182465,"9,17E+18",9,7,71,130,2017,9,7,6,3,5,2,1,1,0,0,0,0,0,0,645947.6271,5357383.4073,10.970032446,48.352750015,1,#66c2a5,bicycle
182466,"9,17E+18",9,7,61,0,2017,9,19,6,3,5,3,0,1,0,0,0,0,2,0,638365.7129,5359345.6828,10.868393652,48.372101239,2,#fc8d62,car
182467,"9,17E+18",9,7,61,0,2017,9,19,6,3,5,3,1,0,0,0,0,0,0,0,638810.5429,5360484.3582,10.874773006,48.382242263,1,#66c2a5,bicycle
182468,"9,17E+18",9,7,61,0,2017,9,15,6,3,0,1,1,0,0,0,0,0,0,0,640586.2459,5358929.1876,10.898221954,48.367865496,1,#66c2a5,bicycle
182506,"9,17E+18",9,1,90,157,2017,9,17,6,3,8,7,1,0,0,0,0,0,0,0,659912.2755,5300564.4679,11.13711355,47.838525899,1,#66c2a5,bicycle
182511,"9,17E+18",9,1,63,0,2017,9,7,6,3,0,1,1,0,0,0,0,0,0,0,733400.0628,5306351.0719,12.121078512,47.868047963,1,#66c2a5,bicycle
182514,"9,17E+18",9,1,79,118,2017,9,10,6,2,0,1,1,0,0,0,0,0,0,0,672982.4716,5337054.9691,11.326355187,48.163185322,1,#66c2a5,bicycle
182515,"9,17E+18",9,1,81,130,2017,9,16,6,3,0,7,1,0,0,0,0,0,0,0,639238.2311,5324332.4963,10.86867349,48.057069729,1,#66c2a5,bicycle
182516,"9,17E+18",9,1,81,130,2017,9,16,6,3,2,6,0,1,0,0,0,0,0,0,639755.4044,5324158.9129,10.875553757,48.055395752,2,#fc8d62,car
182517,"9,17E+18",9,1,81,130,2017,9,13,6,3,5,2,1,1,0,0,0,0,0,0,638780805.0,5322876785.0,10.862065756,48.044079122,1,#66c2a5,bicycle
182518,"9,17E+18",9,1,81,130,2017,9,5,6,3,5,3,1,1,0,0,0,0,2,0,638660.2624,5325025.6504,10.86114573,48.063428671,1,#66c2a5,bicycle
182519,"9,17E+18",9,1,75,132,2017,9,9,6,2,5,3,1,1,0,0,0,0,0,0,707529.8269,5331781.0274,11.787872984,48.105455793,1,#66c2a5,bicycle
182520,"9,17E+18",9,1,77,117,2017,9,13,6,3,1,7,0,1,0,0,0,0,0,0,714769.8392,5354734.1712,11.896622733,48.309299581,2,#fc8d62,car
182521,"9,17E+18",9,1,75,113,2017,9,18,6,2,4,1,0,0,0,1,0,0,0,0,716942751.0,5315178906.0,11.905751812,47.953141514,4,#e78ac3,marker
182522,"9,17E+18",9,1,62,0,2017,9,17,5,3,5,2,1,1,0,0,0,0,0,0,699625.2935,5332827187.0,11.682299246,48.117383704,1,#66c2a5,bicycle
182523,"9,17E+18",9,1,62,0,2017,9,12,5,3,5,3,1,1,0,0,0,0,0,0,693516.4032,5335627.8155,11.601577131,48.14444065,1,#66c2a5,bicycle
182524,"9,17E+18",9,1,62,0,2017,9,7,5,3,5,3,1,1,0,0,0,0,0,0,691719.1395,5332408.6208,11.575992314,48.11605108,1,#66c2a5,bicycle
182525,"9,17E+18",9,1,62,0,2017,9,8,5,3,5,2,1,1,0,0,0,0,0,0,689651.2342,5332596.7699,11.54831969,48.118361375,1,#66c2a5,bicycle
182526,"9,17E+18",9,1,62,0,2017,9,19,5,3,0,7,1,0,0,0,0,0,1,0,693753.7634,5337676.2933,11.605697332,48.162779377,1,#66c2a5,bicycle
182527,"9,17E+18",9,1,62,0,2017,9,11,5,3,2,6,1,0,0,0,0,0,0,0,692472.82,5337110399.0,11.588232833,48.15808233,1,#66c2a5,bicycle
182528,"9,17E+18",9,1,62,0,2017,9,19,5,3,5,2,1,1,0,0,0,0,2,0,687212.4536,5332430.5192,11.515510074,48.11758874,1,#66c2a5,bicycle
182529,"9,17E+18",9,1,62,0,2017,9,18,5,3,5,3,1,0,0,0,0,0,0,0,691026.6483,5337302.9826,11.568892607,48.16024933,1,#66c2a5,bicycle
182530,"9,17E+18",9,1,62,0,2017,9,18,5,2,6,6,1,0,1,0,0,0,0,0,688330.7455,5340728.8244,11.534193552,48.191845372,1,#66c2a5,bicycle
182531,"9,17E+18",9,1,62,0,2017,9,16,5,3,4,2,1,1,0,0,0,0,0,0,694041.7124,5341814.0046,11.611455093,48.199879462,1,#66c2a5,bicycle
182532,"9,17E+18",9,1,62,0,2017,9,13,5,3,0,6,1,1,0,0,0,0,0,0,690125.4842,5334739.9536,11.555641702,48.137482951,1,#66c2a5,bicycle
182533,"9,17E+18",9,1,62,0,2017,9,16,5,3,5,3,0,1,0,0,0,0,0,0,685823714.0,5333378.1634,11.49728158,48.126513353,2,#fc8d62,car
182534,"9,17E+18",9,1,84,136,2017,9,15,5,3,5,3,0,1,0,0,0,0,0,0,697762.7533,5325697.6492,11.654000117,48.053888999,2,#fc8d62,car
182535,"9,17E+18",9,1,62,0,2017,9,8,5,3,4,2,1,1,0,0,0,0,0,0,694585.2968,5334167.8063,11.615264553,48.130992671,1,#66c2a5,bicycle
182536,"9,17E+18",9,1,62,0,2017,9,8,5,3,5,2,1,1,0,0,0,0,0,0,688948.6332,5333363.8665,11.539228557,48.125465023,1,#66c2a5,bicycle
182537,"9,17E+18",9,1,62,0,2017,9,21,5,3,5,2,1,1,0,0,0,0,2,0,689577.3404,5333523.8371,11.547740086,48.126715943,1,#66c2a5,bicycle
182538,"9,17E+18",9,1,62,0,2017,9,17,5,3,4,1,1,0,0,1,0,0,0,0,688504934.0,5338239.3071,11.535430711,48.169417718,1,#66c2a5,bicycle
182552,"9,17E+18",9,7,73,182,2017,9,15,5,3,6,7,0,1,1,0,0,0,0,0,624117683.0,5380316.76,10.682312469,48.563648616,2,#fc8d62,car
182553,"9,17E+18",9,7,72,200,2017,9,22,5,2,5,3,1,1,0,0,0,0,2,0,630682777.0,5337449204.0,10.757931581,48.176834991,1,#66c2a5,bicycle
182554,"9,17E+18",9,7,72,147,2017,9,14,5,3,5,3,1,1,0,0,0,0,0,0,638967342.0,5367364.05,10.879168445,48.444067859,1,#66c2a5,bicycle
182555,"9,17E+18",9,7,72,147,2017,9,15,5,3,6,6,1,0,1,0,0,0,0,0,638575.4928,5366060399.0,10.873441458,48.432432226,1,#66c2a5,bicycle
182556,"9,17E+18",9,7,72,202,2017,9,12,5,3,5,6,1,0,0,0,0,1,0,0,637126.9194,5358003.3153,10.851237329,48.360301187,1,#66c2a5,bicycle
182557,"9,17E+18",9,7,61,0,2017,9,17,5,3,5,3,0,1,0,0,0,0,0,0,642829.8065,5362252.0271,10.929626591,48.397239038,2,#fc8d62,car
182558,"9,17E+18",9,7,61,0,2017,9,8,5,3,0,7,1,0,0,0,0,0,0,1,640617.3059,5357242.7716,10.898077469,48.35269487,1,#66c2a5,bicycle
182559,"9,17E+18",9,7,61,0,2017,9,7,5,2,0,1,0,0,0,1,0,0,0,0,639518.0704,5359615.9988,10.884035268,48.37427814,4,#e78ac3,marker
182590,"9,17E+18",9,2,61,0,2017,9,7,5,3,2,6,1,1,0,0,0,0,0,0,733129.2538,5382142.7078,12.159103232,48.549009064,1,#66c2a5,bicycle
182592,"9,17E+18",9,1,73,126,2017,9,17,5,3,5,3,1,0,0,0,0,0,0,0,685171729.0,5305185.7608,11.476363061,47.873289371,1,#66c2a5,bicycle
182595,"9,17E+18",9,1,63,0,2017,9,8,5,3,5,3,1,1,0,0,0,0,0,1,732987.3149,5304948.4447,12.114811897,47.855596448,1,#66c2a5,bicycle
182598,"9,17E+18",9,1,86,151,2017,9,20,5,2,4,2,0,1,0,1,0,0,2,0,681796.7306,5377125.9953,11.462078772,48.520900244,2,#fc8d62,car
182601,"9,17E+18",9,1,88,137,2017,9,18,5,2,8,1,0,0,0,0,0,1,0,1,670872376.0,5317418.5811,11.290150094,47.987227819,6,#ffd92f,circle
182602,"9,17E+18",9,1,79,142,2017,9,11,5,2,9,1,0,1,0,0,0,0,0,0,672711.9765,5342257.3543,11.32483577,48.210025628,2,#fc8d62,car
182603,"9,17E+18",9,1,81,146,2017,9,7,5,3,2,6,0,1,0,1,0,0,0,0,653675.9015,5323935.6228,11.062170518,48.050187615,2,#fc8d62,car
182604,"9,17E+18",9,1,79,123,2017,9,6,5,3,5,3,0,1,0,0,0,1,0,0,675531.5653,5332493.7318,11.358726483,48.121484195,2,#fc8d62,car
182605,"9,17E+18",9,1,74,115,2017,9,15,5,3,0,1,1,0,0,0,0,0,0,0,681168135.0,5347963681.0,11.4409975,48.258960621,1,#66c2a5,bicycle
182606,"9,17E+18",9,1,75,132,2017,9,17,5,3,6,4,0,1,1,0,0,0,0,0,706640.1828,5332335.0981,11.776204791,48.110724092,2,#fc8d62,car
182607,"9,17E+18",9,1,78,133,2017,9,8,5,2,0,1,1,0,0,0,0,0,0,0,686695627.0,5366428007.0,11.523582886,48.423312513,1,#66c2a5,bicycle
182608,"9,17E+18",9,1,62,0,2017,9,15,4,3,2,6,0,1,0,0,0,0,0,0,690688.0211,5337859.5845,11.564593069,48.16535366,2,#fc8d62,car
182609,"9,17E+18",9,1,62,0,2017,9,0,4,3,6,2,0,1,1,0,0,0,2,0,687468.0308,5338926.7828,11.521801358,48.175903538,2,#fc8d62,car
182610,"9,17E+18",9,1,62,0,2017,9,17,4,3,5,7,0,1,0,1,0,0,0,1,689355.7771,5340880671.0,11.548040049,48.192905404,2,#fc8d62,car
182611,"9,17E+18",9,1,62,0,2017,9,13,4,3,0,7,0,0,0,1,0,0,0,1,684500.9478,5335026.5874,11.48023619,48.141715026,4,#e78ac3,marker
182612,"9,17E+18",9,1,62,0,2017,9,10,4,3,5,2,1,1,0,0,0,0,0,1,687569.5438,5329885193.0,11.51918441,48.094605478,1,#66c2a5,bicycle
182613,"9,17E+18",9,1,84,149,2017,9,10,4,3,4,2,0,1,0,0,0,0,0,1,691296.9655,5351926.5368,11.579123328,48.291600615,2,#fc8d62,car
182614,"9,17E+18",9,1,62,0,2017,9,18,4,3,3,7,0,1,0,0,0,1,0,0,690147.3293,5334483.4755,11.555820549,48.135171196,2,#fc8d62,car
182615,"9,17E+18",9,1,62,0,2017,9,7,4,3,6,4,0,0,1,0,0,1,0,1,694907.4825,5330855023.0,11.618076003,48.101120138,3,#8da0cb,toilet
182616,"9,17E+18",9,1,62,0,2017,9,18,4,2,5,6,0,1,0,1,0,0,1,1,689828.8144,5335981.5739,11.552211529,48.148731236,2,#fc8d62,car
182617,"9,17E+18",9,1,62,0,2017,9,9,4,3,0,3,0,1,0,1,0,0,0,1,685436384.0,5333702.6017,11.492222546,48.1295425,2,#fc8d62,car
182618,"9,17E+18",9,1,84,118,2017,9,6,4,3,5,3,1,1,0,0,0,0,2,0,703861.1547,5336438.5407,11.740876232,48.148495916,1,#66c2a5,bicycle
182619,"9,17E+18",9,1,62,0,2017,9,19,4,3,5,2,1,1,0,0,0,0,1,0,696470.2998,5332661.1106,11.639877154,48.116872308,1,#66c2a5,bicycle
182620,"9,17E+18",9,1,62,0,2017,9,18,4,3,5,3,1,1,0,0,0,0,0,1,692063871.0,5337052.1524,11.582713097,48.15768247,1,#66c2a5,bicycle
182627,"9,17E+18",9,7,62,0,2017,9,18,4,3,5,3,0,1,0,0,0,0,0,0,622461.6046,5305840.3195,10.638350707,47.894200563,2,#fc8d62,car
182630,"9,17E+18",9,7,72,200,2017,9,7,4,3,5,2,1,1,0,0,0,0,0,0,630615006.0,5336265911.0,10.756656792,48.166207947,1,#66c2a5,bicycle
182631,"9,17E+18",9,7,61,0,2017,9,19,4,3,4,3,0,1,0,1,0,0,0,0,638630.3749,5358107.6188,10.871557409,48.360910726,2,#fc8d62,car
182632,"9,17E+18",9,7,61,0,2017,9,16,4,3,6,4,0,1,1,0,0,0,0,0,640391903.0,5359670.4472,10.895846884,48.374573918,2,#fc8d62,car
182660,"9,17E+18",9,1,90,157,2017,9,15,4,3,5,3,0,1,0,0,0,0,0,1,661216.0813,5301579.8446,11.154903535,47.847329628,2,#fc8d62,car
182661,"9,17E+18",9,1,73,126,2017,9,13,4,3,5,3,0,1,0,0,0,0,0,1,685060.9185,5303780.0773,11.474280761,47.860685629,2,#fc8d62,car
182667,"9,17E+18",9,1,81,130,2017,9,16,4,3,5,3,0,1,0,0,0,0,0,0,638502.1676,5324833.9747,10.858962804,48.061739401,2,#fc8d62,car
182668,"9,17E+18",9,1,79,126,2017,9,12,4,3,5,2,1,1,0,0,0,0,0,0,677190.1587,5339788.4238,11.384031533,48.186597908,1,#66c2a5,bicycle
182669,"9,17E+18",9,1,77,117,2017,9,16,4,3,1,7,0,1,0,1,0,0,0,0,715612883.0,5354647.0191,11.907933236,48.308229737,2,#fc8d62,car