OBJECTID,UIDENTSTLA,ULAND,UREGBEZ,UKREIS,UGEMEINDE,UJAHR,UMONAT,USTUNDE,UWOCHENTAG,UKATEGORIE,UART,UTYP1,IstRad,IstPKW,IstFuss,IstKrad,IstGkfz,IstSonstig,ULICHTVERH,STRZUSTAND,LINREFX,LINREFY,XGCSWGS84,YGCSWGS84,Teilnehmer,color,symbol
182670,"9,17E+18",9,1,62,0,2017,9,20,3,3,4,2,0,1,0,0,0,0,2,0,694442834.0,5333026.9677,11.612831436,48.120782781,2,#fc8d62,car
182671,"9,17E+18",9,1,62,0,2017,9,23,3,2,0,7,0,1,1,0,0,0,2,1,691664.16,5337624.8941,11.577601808,48.162950769,2,#fc8d62,car
182672,"9,17E+18",9,1,84,119,2017,9,8,3,3,0,7,1,0,0,0,0,0,0,0,697795.1663,5348812.1858,11.665179954,48.261614694,1,#66c2a5,bicycle
182673,"9,17E+18",9,1,62,0,2017,9,7,3,3,4,6,1,1,0,0,0,0,0,1,698894.9057,5330972.2834,11.671631562,48.100941815,1,#66c2a5,bicycle
182674,"9,17E+18",9,1,62,0,2017,9,8,3,3,5,3,1,1,0,0,0,0,0,0,692202.2788,5339014.7877,11.585459334,48.175280343,1,#66c2a5,bicycle
182675,"9,17E+18",9,1,62,0,2017,9,7,3,3,3,6,1,1,0,0,0,0,0,0,690550.6875,5336983.3262,11.562355451,48.157519094,1,#66c2a5,bicycle
182677,"9,17E+18",9,7,61,0,2017,9,10,3,3,1,7,1,1,0,0,0,0,0,0,638806.3309,5360471.7162,10.874711975,48.382129516,1,#66c2a5,bicycle
182709,"9,17E+18",9,1,90,157,2017,9,15,3,2,5,3,0,1,0,1,0,0,0,1,661049.1213,5302226.8064,11.152914331,47.853188357,2,#fc8d62,car
182711,"9,17E+18",9,1,63,0,2017,9,15,3,3,4,6,0,1,0,0,0,0,0,0,731692.4958,5304883.9753,12.097493134,47.855485302,2,#fc8d62,car
182713,"9,17E+18",9,1,82,120,2017,9,11,3,2,0,1,1,0,0,0,0,0,0,1,701603.8657,5306221.6466,11.696357442,47.877651873,1,#66c2a5,bicycle
182719,"9,17E+18",9,1,81,130,2017,9,13,3,2,5,3,1,1,0,0,0,0,0,1,638662329.0,5326242959.0,10.861568314,48.074374656,1,#66c2a5,bicycle
182720,"9,17E+18",9,1,75,127,2017,9,9,3,3,6,4,0,1,1,0,0,0,0,0,712843.4587,5341884481.0,11.864214694,48.194489632,2,#fc8d62,car
182723,"9,17E+18",9,1,79,121,2017,9,17,4,3,0,7,1,0,1,0,0,0,0,0,664843.4532,5339505439.0,11.217935123,48.187378002,1,#66c2a5,bicycle
182724,"9,17E+18",9,1,81,114,2017,9,17,4,2,0,1,1,0,0,0,0,0,0,0,656207.9654,5311143348.0,11.091469977,47.934555214,1,#66c2a5,bicycle
182725,"9,17E+18",9,1,74,113,2017,9,16,4,3,5,3,0,0,0,0,0,1,0,0,673600.0858,5345844.5643,11.338249266,48.242029981,6,#ffd92f,circle
182726,"9,17E+18",9,1,62,0,2017,9,13,3,3,2,6,0,1,0,0,0,0,0,0,695553.5137,5330988.0102,11.626805251,48.102117425,2,#fc8d62,car
182727,"9,17E+18",9,1,84,131,2017,9,15,3,3,5,3,1,0,0,0,0,1,0,0,704755.4228,5337820.7187,11.753550148,48.160629712,1,#66c2a5,bicycle
182728,"9,17E+18",9,1,62,0,2017,9,20,3,3,6,4,1,0,1,0,0,0,2,0,687137.6077,5330270.8055,11.513558054,48.098198485,1,#66c2a5,bicycle
182729,"9,17E+18",9,1,62,0,2017,9,18,3,3,4,2,1,1,0,0,0,0,0,0,690098639.0,5342632201.0,11.558810347,48.208426057,1,#66c2a5,bicycle
182730,"9,17E+18",9,1,62,0,2017,9,16,3,3,0,1,1,0,0,0,0,0,0,0,684735.2939,5329434.5241,11.480960832,48.091382479,1,#66c2a5,bicycle
182731,"9,17E+18",9,1,62,0,2017,9,16,3,3,4,7,0,1,0,0,0,0,0,0,689554.4377,5333172.9742,11.547276574,48.123569176,2,#fc8d62,car
182732,"9,17E+18",9,1,84,138,2017,9,13,3,3,0,1,1,0,0,0,0,0,0,0,680397799.0,5330351812.0,11.42315136,48.100870417,1,#66c2a5,bicycle
182733,"9,17E+18",9,1,62,0,2017,9,18,3,3,0,6,0,1,0,0,0,1,0,0,686423015.0,5337554279.0,11.507156143,48.163874486,2,#fc8d62,car
182734,"9,17E+18",9,1,62,0,2017,9,16,3,3,5,3,1,1,0,0,0,0,0,0,686237732.0,5332244948.0,11.502345011,48.116206567,1,#66c2a5,bicycle
182735,"9,17E+18",9,1,84,114,2017,9,19,3,2,6,4,0,1,1,0,0,0,1,0,699984.0219,5320173.8665,11.681198092,48.00355313,2,#fc8d62,car
182736,"9,17E+18",9,1,84,118,2017,9,11,3,3,1,5,0,1,0,0,0,0,0,0,702573.3774,5336952.3978,11.723827213,48.153525221,2,#fc8d62,car
182737,"9,17E+18",9,1,62,0,2017,9,13,3,3,1,7,0,1,0,0,0,1,0,0,694464.2721,5334802.2964,11.613929328,48.136732203,2,#fc8d62,car
182738,"9,17E+18",9,1,62,0,2017,9,11,3,3,6,7,0,1,1,0,0,0,0,0,696395.0731,5336334469.0,11.640560789,48.149909518,2,#fc8d62,car
182739,"9,17E+18",9,1,62,0,2017,9,12,3,3,0,1,0,1,0,1,0,0,0,0,688167.5574,5332543.6102,11.528380461,48.11832372,2,#fc8d62,car
182742,"9,17E+18",9,7,77,130,2017,9,14,3,2,0,1,1,0,0,0,0,0,0,0,627191.6135,5314005.1641,10.70401387,47.966709482,1,#66c2a5,bicycle
182744,"9,17E+18",9,7,72,217,2017,9,16,3,3,5,3,0,1,0,1,0,0,0,0,635808.2277,5381561.0997,10.841092801,48.572413655,2,#fc8d62,car
182745,"9,17E+18",9,7,71,130,2017,9,8,3,3,5,3,1,1,0,0,0,0,0,0,647213.3646,5360900.8625,10.988338249,48.384082328,1,#66c2a5,bicycle
182746,"9,17E+18",9,7,61,0,2017,9,14,3,3,5,3,1,1,0,0,0,0,0,0,638366.5662,5359335.3414,10.868401765,48.372008064,1,#66c2a5,bicycle
182747,"9,17E+18",9,7,61,0,2017,9,17,3,3,4,6,1,0,0,0,0,0,0,0,640942.37,5357917993.0,10.902688863,48.358693768,1,#66c2a5,bicycle
182789,"9,17E+18",9,2,61,0,2017,9,16,3,3,1,2,0,1,0,1,0,0,0,0,734854.2947,5382088.6036,12.182411094,48.547879696,2,#fc8d62,car
182790,"9,17E+18",9,2,61,0,2017,9,13,3,3,3,6,1,0,0,0,0,0,0,0,733733.0119,5382024.4024,12.167205287,48.547721735,1,#66c2a5,bicycle
182795,"9,17E+18",9,1,63,0,2017,9,17,3,3,6,7,0,1,1,0,0,0,0,0,733380.0472,5304861.4403,12.120007363,47.854672313,2,#fc8d62,car
182796,"9,17E+18",9,1,63,0,2017,9,17,3,3,1,6,1,1,0,0,0,0,0,0,732522.0231,5305706.7463,12.109008557,47.86257764,1,#66c2a5,bicycle
182800,"9,17E+18",9,1,85,113,2017,9,18,3,3,0,1,1,0,0,0,0,0,0,0,669649.6313,5377923.6996,11.298037539,48.53147074,1,#66c2a5,bicycle
182801,"9,17E+18",9,1,79,142,2017,9,15,3,3,0,1,1,0,0,0,0,0,0,0,674620909.0,5343857819.0,11.351168142,48.223890326,1,#66c2a5,bicycle
182802,"9,17E+18",9,1,79,123,2017,9,10,3,3,4,6,1,0,0,0,0,0,0,0,676804.5856,5334356.1631,11.376590418,48.137873795,1,#66c2a5,bicycle
182803,"9,17E+18",9,1,74,126,2017,9,16,3,3,5,2,1,0,0,0,0,0,0,0,683245.8454,5344383.6852,11.467416007,48.22618457,1,#66c2a5,bicycle
182804,"9,17E+18",9,1,77,133,2017,9,9,3,3,5,3,0,1,0,0,0,0,0,0,709551.6659,5359458.7647,11.828683828,48.353503473,2,#fc8d62,car
182805,"9,17E+18",9,1,75,127,2017,9,8,3,3,5,3,1,1,0,0,0,0,0,0,713002.3495,5341341.7542,11.866077908,48.189559632,1,#66c2a5,bicycle
182806,"9,17E+18",9,1,75,132,2017,9,18,3,3,0,7,1,0,0,0,0,0,1,0,705805579.0,5331528.1112,11.764616222,48.103742282,1,#66c2a5,bicycle
182807,"9,17E+18",9,1,78,140,2017,9,19,3,3,0,1,0,0,0,1,0,0,2,1,707541802.0,5366279.89,11.804955661,48.41546038,4,#e78ac3,marker
182808,"9,17E+18",9,1,77,117,2017,9,7,3,3,5,3,1,1,0,0,0,0,0,0,714468.9514,5353987.5387,11.892190624,48.302692997,1,#66c2a5,bicycle
182809,"9,17E+18",9,1,77,133,2017,9,16,3,3,5,3,0,1,0,0,0,0,0,0,712291.1796,5356325.9423,11.864037531,48.324439011,2,#fc8d62,car
182810,"9,17E+18",9,1,62,0,2017,9,15,2,3,2,2,0,1,0,1,0,0,0,0,691647.3157,5333770.5323,11.575640539,48.128313417,2,#fc8d62,car
182811,"9,17E+18",9,1,62,0,2017,9,16,2,3,2,6,0,1,0,0,0,1,0,1,686403938.0,5333355013.0,11.505061357,48.126135635,2,#fc8d62,car
182812,"9,17E+18",9,1,84,149,2017,9,18,2,3,5,3,1,1,0,0,0,0,0,0,691248.2403,5350901.1111,11.578002909,48.282399206,1,#66c2a5,bicycle
182813,"9,17E+18",9,1,62,0,2017,9,8,2,3,5,3,1,1,0,0,0,0,0,0,689212.3086,5341713089.0,11.546482435,48.20042992,1,#66c2a5,bicycle
182814,"9,17E+18",9,1,84,148,2017,9,13,2,2,1,7,1,1,0,0,0,0,0,0,694392879.0,5327344634.0,11.609573569,48.069727006,1,#66c2a5,bicycle
182815,"9,17E+18",9,1,62,0,2017,9,12,2,3,2,6,0,1,0,0,0,1,0,0,682622989.0,5337422313.0,11.456043112,48.16379123,2,#fc8d62,car
182816,"9,17E+18",9,1,62,0,2017,9,15,2,3,3,6,0,1,0,0,0,1,0,0,691324.5698,5340356.1857,11.574268962,48.187601419,2,#fc8d62,car
182817,"9,17E+18",9,1,62,0,2017,9,17,2,3,5,2,1,1,0,0,0,0,0,1,688401.9772,5336418.3987,11.533240861,48.153081686,1,#66c2a5,bicycle
182819,"9,17E+18",9,7,62,0,2017,9,17,2,3,3,6,0,1,0,0,0,0,0,0,621598.8945,5306086.9808,10.626883291,47.896583034,2,#fc8d62,car
182820,"9,17E+18",9,7,72,170,2017,9,12,2,2,9,1,0,1,0,0,0,0,0,0,632559.6357,5334826.3135,10.782348685,48.152859679,2,#fc8d62,car
182821,"9,17E+18",9,7,71,142,2017,9,17,2,3,0,1,0,0,0,1,0,0,0,0,645621584.0,5351331.3222,10.963543458,48.298408685,4,#e78ac3,marker
182822,"9,17E+18",9,7,72,125,2017,9,18,2,2,0,3,1,1,0,0,0,0,0,0,636035.0444,5347799.8973,10.833213911,48.268787517,1,#66c2a5,bicycle
182823,"9,17E+18",9,7,61,0,2017,9,12,2,3,5,3,1,1,0,0,0,0,0,0,637138.8042,5359384264.0,10.85184796,48.372715968,1,#66c2a5,bicycle
182859,"9,17E+18",9,1,87,130,2017,9,16,2,2,0,6,1,1,0,0,0,0,0,0,713607.8536,5308339.1842,11.857751852,47.892800032,1,#66c2a5,bicycle
182862,"9,17E+18",9,1,86,143,2017,9,11,2,3,6,4,0,1,1,0,0,0,0,0,685148.6598,5378323.1204,11.507960699,48.530680242,2,#fc8d62,car
182865,"9,17E+18",9,1,79,134,2017,9,12,2,3,0,1,1,0,0,0,0,0,0,0,670092.6272,5342662.2505,11.289769126,48.214372863,1,#66c2a5,bicycle
182866,"9,17E+18",9,1,81,122,2017,9,18,2,3,0,3,1,1,0,0,0,0,0,0,651360549.0,5331360.0393,11.033752201,48.117496726,1,#66c2a5,bicycle
182867,"9,17E+18",9,1,79,145,2017,9,13,2,3,0,7,1,0,0,0,0,0,0,0,675891.4337,5338651.7095,11.366102613,48.176740667,1,#66c2a5,bicycle
182868,"9,17E+18",9,1,81,144,2017,9,14,2,3,7,7,1,0,0,0,0,0,0,0,656378.6016,5321357968.0,11.09747163,48.026355212,1,#66c2a5,bicycle
182869,"9,17E+18",9,1,62,0,2017,9,15,1,3,5,3,1,1,0,0,0,0,0,0,695107479.0,5335583165.0,11.622923468,48.143553409,1,#66c2a5,bicycle
182870,"9,17E+18",9,1,62,0,2017,9,19,1,1,6,4,0,0,1,0,0,1,2,1,684319729.0,5333235.9548,11.477027721,48.125672347,3,#8da0cb,toilet
182871,"9,17E+18",9,1,62,0,2017,9,15,1,3,3,2,1,1,0,0,0,0,0,0,691087345.0,5335613128.0,11.568949266,48.145042864,1,#66c2a5,bicycle
182872,"9,17E+18",9,1,62,0,2017,9,1,1,3,6,7,0,1,1,0,0,0,2,0,689774.5742,5334733.9623,11.550927,48.137533847,2,#fc8d62,car
182873,"9,17E+18",9,1,62,0,2017,9,17,1,3,5,7,1,1,0,0,0,0,0,0,688939.9016,5337166.7868,11.540798703,48.159648689,1,#66c2a5,bicycle
182874,"9,17E+18",9,1,62,0,2017,9,21,1,3,0,1,0,0,0,1,0,0,2,1,687520.0841,5330344.3742,11.518722504,48.098747306,4,#e78ac3,marker
182878,"9,17E+18",9,7,73,182,2017,9,17,1,3,0,1,1,0,0,0,0,0,0,0,624454.71,5379833.1045,10.686733877,48.559232569,1,#66c2a5,bicycle
182879,"9,17E+18",9,7,72,171,2017,9,17,1,3,5,3,1,1,0,0,0,0,0,0,636964.8022,5372417.6455,10.853758961,48.489947386,1,#66c2a5,bicycle
182880,"9,17E+18",9,7,61,0,2017,9,12,1,3,0,1,1,0,0,0,0,0,0,0,637057.2972,5360163.8409,10.851002103,48.37974355,1,#66c2a5,bicycle
182881,"9,17E+18",9,7,61,0,2017,9,18,1,3,0,1,0,0,0,1,0,0,0,0,638719.9901,5360569.6614,10.873578841,48.383029208,4,#e78ac3,marker
182905,"9,17E+18",9,1,87,130,2017,9,7,1,3,8,1,0,1,0,0,0,0,1,0,712311.7959,5308540941.0,11.840533892,47.895043094,2,#fc8d62,car
182906,"9,17E+18",9,1,87,179,2017,9,3,1,3,9,1,0,1,0,0,0,0,2,0,721542.0,5314937.6909,11.96714579,47.949399933,2,#fc8d62,car
182907,"9,17E+18",9,1,79,142,2017,9,14,1,3,5,3,1,1,0,0,0,0,0,0,673333.2279,5343596.2708,11.333738323,48.221892303,1,#66c2a5,bicycle
182908,"9,17E+18",9,1,79,134,2017,9,17,1,2,5,3,0,1,1,0,0,0,0,0,665110.4775,5343441.6324,11.223056619,48.22269538,2,#fc8d62,car
182909,"9,17E+18",9,1,81,132,2017,9,16,1,3,0,1,0,0,0,1,0,0,0,0,643339.8573,5326039.0774,10.924260537,48.071507089,4,#e78ac3,marker
182910,"9,17E+18",9,1,79,126,2017,9,18,1,3,0,7,1,0,0,0,0,0,1,0,676611.4069,5340641.1688,11.376606209,48.194424522,1,#66c2a5,bicycle
182911,"9,17E+18",9,1,79,119,2017,9,5,1,3,7,1,0,1,0,0,0,0,2,0,669413.5167,5339537.8498,11.279387506,48.18646697,2,#fc8d62,car
182912,"9,17E+18",9,1,74,115,2017,9,12,1,3,5,3,0,1,0,1,0,0,0,0,680812.8263,5348657.1848,11.436511099,48.265295759,2,#fc8d62,car
182913,"9,17E+18",9,1,74,115,2017,9,16,1,3,4,6,0,1,0,1,0,0,0,0,681722.4646,5347594.2166,11.448300613,48.255480937,2,#fc8d62,car
182914,"9,17E+18",9,1,78,130,2017,9,21,1,3,2,6,1,0,0,1,0,0,2,0,702702.8962,5354587.3762,11.734002397,48.311962428,1,#66c2a5,bicycle
182915,"9,17E+18",9,1,75,113,2017,9,5,1,2,7,1,0,1,0,0,0,0,2,0,716380.5505,5315794.5393,11.898541275,47.958863601,2,#fc8d62,car
182916,"9,17E+18",9,1,62,0,2017,9,1,7,3,9,1,0,1,0,0,0,0,2,0,693127.8855,5341298.1299,11.598935108,48.195521579,2,#fc8d62,car
182917,"9,17E+18",9,1,62,0,2017,9,11,7,3,5,2,0,1,0,0,0,0,0,0,683181142.0,5340735.7504,11.464970553,48.193413737,2,#fc8d62,car
182918,"9,17E+18",9,1,62,0,2017,9,9,7,3,5,3,0,1,0,0,0,0,0,0,687888.1095,5334117.2753,11.525323053,48.13255072,2,#fc8d62,car
182919,"9,17E+18",9,1,62,0,2017,9,10,7,3,0,1,0,0,0,1,0,0,0,0,691359051.0,5334068.9546,11.571904473,48.131082331,4,#e78ac3,marker
182920,"9,17E+18",9,1,62,0,2017,9,23,7,3,3,6,1,1,0,0,0,0,2,0,692207.7745,5334912.0692,11.583679885,48.138404366,1,#66c2a5,bicycle
182921,"9,17E+18",9,1,62,0,2017,9,10,7,3,4,2,0,1,0,0,0,0,0,0,690721.7133,5338140.3726,11.565171656,48.167867248,2,#fc8d62,car
182922,"9,17E+18",9,1,62,0,2017,9,14,7,3,4,3,0,1,0,0,0,0,0,0,690697.9778,5338152.4161,11.56485815,48.167982614,2,#fc8d62,car
182923,"9,17E+18",9,1,62,0,2017,9,9,7,3,5,3,1,1,0,0,0,0,0,0,697793.8096,5333808.1913,11.65817294,48.126771777,1,#66c2a5,bicycle
182924,"9,17E+18",9,1,62,0,2017,9,13,7,3,4,7,0,1,0,0,0,0,0,0,700655006.0,5332950.3852,11.696177281,48.118167275,2,#fc8d62,car
182925,"9,17E+18",9,1,62,0,2017,9,0,7,3,6,7,0,1,1,0,0,0,2,0,700341.1088,5332389802.0,11.691700965,48.113228108,2,#fc8d62,car
182926,"9,17E+18",9,1,62,0,2017,9,20,7,3,0,7,1,0,0,0,0,0,2,0,689566.2712,5333183.9896,11.547440331,48.12366466,1,#66c2a5,bicycle
182927,"9,17E+18",9,1,62,0,2017,9,13,7,3,1,5,1,1,0,0,0,0,0,0,690352.0474,5334573.6594,11.558609674,48.135920569,1,#66c2a5,bicycle
182935,"9,17E+18",9,7,71,163,2017,9,13,7,3,5,3,1,0,0,0,0,0,0,0,642501.3032,5344401.8923,10.919159707,48.236811745,1,#66c2a5,bicycle
182936,"9,17E+18",9,7,61,0,2017,9,22,7,2,1,6,0,1,0,0,0,0,2,0,638166115.0,5360654.0964,10.866129995,48.383909984,2,#fc8d62,car
182937,"9,17E+18",9,7,61,0,2017,9,22,7,3,2,6,0,1,0,0,0,0,2,0,639298.3012,5361784.93,10.88178822,48.393829128,2,#fc8d62,car
182938,"9,17E+18",9,7,71,113,2017,9,16,7,3,3,6,1,0,0,0,0,0,0,0,658109134.0,5372650089.0,11.139832315,48.487074014,1,#66c2a5,bicycle
182958,"9,17E+18",9,2,61,0,2017,9,17,7,3,0,1,1,0,0,0,0,0,0,0,732088.2704,5380680.5919,12.144204794,48.536261179,1,#66c2a5,bicycle
182963,"9,17E+18",9,1,85,158,2017,9,17,7,2,5,2,1,1,0,0,0,0,0,0,667164.3339,5380079239.0,11.265264738,48.551514402,1,#66c2a5,bicycle
182965,"9,17E+18",9,1,88,139,2017,9,14,7,2,5,6,1,0,0,0,0,0,0,0,677694042.0,5322406911.0,11.383565034,48.030211289,1,#66c2a5,bicycle
182966,"9,17E+18",9,1,81,128,2017,9,18,7,2,5,3,0,1,0,1,0,0,0,0,639483.9348,5330502.1641,10.873984043,48.112495202,2,#fc8d62,car
182967,"9,17E+18",9,1,79,123,2017,9,11,7,3,5,3,0,1,0,0,0,0,0,0,676712605.0,5332165584.0,11.374446745,48.118207687,2,#fc8d62,car
182968,"9,17E+18",9,1,62,0,2017,9,13,6,3,5,3,1,1,0,0,0,0,0,0,696769.0018,5330729.7497,11.642995477,48.099422112,1,#66c2a5,bicycle
182969,"9,17E+18",9,1,62,0,2017,9,14,6,3,4,7,0,1,0,1,0,0,0,0,688397.1268,5334321.9093,11.532248105,48.134239539,2,#fc8d62,car
182970,"9,17E+18",9,1,62,0,2017,9,9,6,3,1,6,0,1,0,0,0,1,0,0,690358.2667,5333940.0688,11.558410095,48.130223999,2,#fc8d62,car
182971,"9,17E+18",9,1,84,148,2017,9,10,6,3,0,7,0,0,0,0,0,1,0,0,695282748.0,5326900.5897,11.621303637,48.065464281,6,#ffd92f,circle
182972,"9,17E+18",9,1,62,0,2017,9,17,6,3,2,7,0,1,0,0,0,0,0,0,686108.8526,5334855.6939,11.501755203,48.139710681,2,#fc8d62,car
182973,"9,17E+18",9,1,62,0,2017,9,9,6,3,4,7,0,1,0,0,0,0,0,0,692074.1492,5334946.6522,11.581901166,48.13875554,2,#fc8d62,car
182974,"9,17E+18",9,1,62,0,2017,9,19,6,1,8,1,0,0,0,1,0,0,2,0,696615.5247,5333136.1748,11.642045385,48.121097091,4,#e78ac3,marker
182975,"9,17E+18",9,1,62,0,2017,9,18,6,3,1,6,0,1,0,0,0,0,0,0,686630283.0,5336471.48,11.509465869,48.154081158,2,#fc8d62,car
182976,"9,17E+18",9,1,62,0,2017,9,7,6,1,8,1,0,0,0,1,0,0,0,0,683454.3074,5334169.8109,11.465810783,48.134316428,4,#e78ac3,marker
182977,"9,17E+18",9,1,62,0,2017,9,13,6,2,3,6,1,0,0,0,0,0,0,0,691455.1285,5333967.9031,11.57314902,48.130145199,1,#66c2a5,bicycle
182978,"9,17E+18",9,1,62,0,2017,9,14,6,3,0,7,0,0,0,1,0,0,0,0,689895051.0,5342599.0726,11.55605797,48.208189238,4,#e78ac3,marker
182979,"9,17E+18",9,1,62,0,2017,9,7,6,3,6,2,0,1,1,0,0,0,0,0,687468.4741,5335785.7695,11.520423036,48.147671312,2,#fc8d62,car
182980,"9,17E+18",9,1,62,0,2017,9,16,6,3,5,3,1,1,0,0,0,0,0,0,687194.5295,5333481.2804,11.515730888,48.127038581,1,#66c2a5,bicycle
182981,"9,17E+18",9,1,62,0,2017,9,13,6,2,6,7,1,0,1,0,0,0,0,0,688671.5774,5333143.2789,11.535411424,48.123564513,1,#66c2a5,bicycle
182982,"9,17E+18",9,1,62,0,2017,9,16,6,3,0,2,1,1,0,0,0,0,0,0,689698.7298,5331916.0503,11.548654428,48.112228857,1,#66c2a5,bicycle
183019,"9,17E+18",9,1,88,141,2017,9,11,7,2,6,6,0,1,1,0,0,0,0,0,670522.5959,5308781.0901,11.2820432,47.909669144,2,#fc8d62,car
183020,"9,17E+18",9,1,79,111,2017,9,22,7,3,5,3,0,1,0,0,0,0,2,1,656967.3188,5339523.7241,11.112046691,48.189537617,2,#fc8d62,car
183021,"9,17E+18",9,1,74,115,2017,9,15,7,3,3,6,1,0,0,0,0,0,0,0,681690.5648,5348800.2231,11.448389163,48.266330339,1,#66c2a5,bicycle
183022,"9,17E+18",9,1,62,0,2017,9,8,6,3,5,2,1,1,0,0,0,0,0,0,689523.8857,5335303.4201,11.54781415,48.14272688,1,#66c2a5,bicycle
183023,"9,17E+18",9,1,62,0,2017,9,8,6,3,0,7,1,0,0,0,0,0,0,0,690717.0656,5335724.5179,11.564026359,48.14615514,1,#66c2a5,bicycle
183024,"9,17E+18",9,1,62,0,2017,9,11,6,3,5,3,0,1,0,0,0,0,0,0,695077.2642,5335597.9912,11.62252451,48.143695925,2,#fc8d62,car
183025,"9,17E+18",9,1,62,0,2017,9,6,6,3,6,2,0,1,1,0,0,0,1,0,687609.0038,5341228.0138,11.524712095,48.196545753,2,#fc8d62,car
183026,"9,17E+18",9,1,62,0,2017,9,17,6,3,2,6,0,1,0,0,0,0,0,1,692231.5139,5335495.6145,11.584262063,48.143641986,2,#fc8d62,car
183027,"9,17E+18",9,1,62,0,2017,9,7,6,3,0,1,1,0,0,0,0,0,0,0,683451.2284,5336135331.0,11.466616252,48.151984625,1,#66c2a5,bicycle
183028,"9,17E+18",9,1,62,0,2017,9,11,6,3,3,5,1,1,0,0,0,0,0,0,691745.2075,5335382.5109,11.57768035,48.142772178,1,#66c2a5,bicycle
183029,"9,17E+18",9,1,62,0,2017,9,16,6,3,1,5,0,1,0,1,0,0,0,0,690581.4989,5337156606.0,11.562846964,48.159067287,2,#fc8d62,car
183030,"9,17E+18",9,1,62,0,2017,9,14,6,3,0,7,0,0,0,0,0,1,0,0,689100288.0,5332952.0078,11.541081817,48.121718153,6,#ffd92f,circle
183031,"9,17E+18",9,1,62,0,2017,9,21,6,3,5,3,1,1,0,0,0,0,2,0,690085.9556,5333128.1567,11.554391899,48.123007884,1,#66c2a5,bicycle
183032,"9,17E+18",9,1,62,0,2017,9,15,6,3,5,2,0,1,0,0,0,0,0,0,688599.9421,5335665.5321,11.535566404,48.14625615,2,#fc8d62,car
183033,"9,17E+18",9,1,62,0,2017,9,16,6,3,1,6,0,1,0,0,0,0,0,0,696995.2998,5331704.1976,11.646481582,48.108109962,2,#fc8d62,car
183034,"9,17E+18",9,1,62,0,2017,9,17,6,3,5,3,0,1,0,0,0,0,0,0,695687461.0,5335013936.0,11.630450374,48.138259358,2,#fc8d62,car
183035,"9,17E+18",9,1,62,0,2017,9,11,6,3,2,6,0,1,0,1,0,0,0,0,688959.4885,5334273.3885,11.539777604,48.133636708,2,#fc8d62,car
183036,"9,17E+18",9,1,62,0,2017,9,14,6,2,6,4,1,0,1,0,0,0,0,0,691648.2957,5333890.8773,11.575707818,48.129394769,1,#66c2a5,bicycle
183045,"9,17E+18",9,7,77,130,2017,9,19,6,3,9,1,0,1,0,0,0,0,2,0,622674.0818,5307048.2773,10.641535609,47.905023925,2,#fc8d62,car
183050,"9,17E+18",9,7,72,184,2017,9,16,6,3,2,6,0,1,0,1,0,0,0,0,634979.1744,5362089.8009,10.823570133,48.397509839,2,#fc8d62,car
183051,"9,17E+18",9,7,72,163,2017,9,7,6,3,1,5,0,1,0,0,0,0,0,0,640204.2807,5348403.7519,10.889567692,48.273308105,2,#fc8d62,car
183052,"9,17E+18",9,7,72,202,2017,9,15,6,3,0,7,0,1,0,0,0,0,0,0,636902594.0,5358114.7147,10.848246785,48.361351567,2,#fc8d62,car
183053,"9,17E+18",9,7,61,0,2017,9,16,6,3,0,3,0,0,0,1,0,0,0,1,638327223.0,5362388713.0,10.868876059,48.399471969,4,#e78ac3,marker
183054,"9,17E+18",9,7,61,0,2017,9,16,6,3,2,6,0,1,0,0,0,0,0,1,642636.8919,5359922.6547,10.926231024,48.376338188,2,#fc8d62,car
183055,"9,17E+18",9,7,61,0,2017,9,16,6,3,0,1,0,0,0,1,0,0,0,1,640234.4297,5358516.7042,10.89333684,48.364234837,4,#e78ac3,marker
183056,"9,17E+18",9,7,71,144,2017,9,7,6,3,0,7,0,0,0,1,0,1,0,1,660683.3391,5373496.0161,11.174970768,48.494026077,4,#e78ac3,marker
183092,"9,17E+18",9,1,90,159,2017,9,7,6,3,5,3,0,1,0,1,0,0,0,0,663182.4978,5305195.3796,11.18253291,47.879340232,2,#fc8d62,car
183099,"9,17E+18",9,1,63,0,2017,9,10,6,3,5,3,0,1,0,0,0,1,0,0,730971.7188,5304048.4702,12.08742555,47.848238261,2,#fc8d62,car
183100,"9,17E+18",9,1,87,130,2017,9,9,6,3,5,3,0,1,0,0,0,1,0,0,715393.4273,5306436.8263,11.880660293,47.875108771,2,#fc8d62,car
183101,"9,17E+18",9,1,82,120,2017,9,21,6,3,4,6,0,1,0,0,0,0,2,0,702283011.0,5307349.89,11.705958648,47.887578197,2,#fc8d62,car
183105,"9,17E+18",9,1,79,126,2017,9,10,6,3,3,7,1,1,0,0,0,0,0,0,676361.2441,5340997.3354,11.373390791,48.197695678,1,#66c2a5,bicycle
183106,"9,17E+18",9,1,62,0,2017,9,11,5,3,2,7,0,1,0,0,0,0,0,0,690183.5688,5334740.6871,11.556421989,48.137472187,2,#fc8d62,car