OBJECTID,UIDENTSTLA,ULAND,UREGBEZ,UKREIS,UGEMEINDE,UJAHR,UMONAT,USTUNDE,UWOCHENTAG,UKATEGORIE,UART,UTYP1,IstRad,IstPKW,IstFuss,IstKrad,IstGkfz,IstSonstig,ULICHTVERH,STRZUSTAND,LINREFX,LINREFY,XGCSWGS84,YGCSWGS84,Teilnehmer,color,symbol
183107,"9,17E+18",9,1,62,0,2017,9,21,5,3,5,2,0,1,0,0,0,0,2,0,690476.9033,5336639.5687,11.561210416,48.154451527,2,#fc8d62,car
183108,"9,17E+18",9,1,62,0,2017,9,16,5,3,3,3,1,1,0,0,0,0,0,0,691983.3435,5335132264.0,11.58076549,48.14045119,1,#66c2a5,bicycle
183109,"9,17E+18",9,1,62,0,2017,9,8,5,3,6,7,1,0,1,0,0,0,0,0,691061844.0,5335577766.0,11.568590924,48.144732693,1,#66c2a5,bicycle
183110,"9,17E+18",9,1,62,0,2017,9,14,5,3,0,7,1,0,0,0,0,0,0,0,686242.9214,5332673.9792,11.502602065,48.120061357,1,#66c2a5,bicycle
183111,"9,17E+18",9,1,62,0,2017,9,14,5,3,2,2,1,1,0,0,0,0,0,0,690143.23,5335235348.0,11.556101165,48.141930256,1,#66c2a5,bicycle
183112,"9,17E+18",9,1,62,0,2017,9,15,5,3,6,4,0,1,1,0,0,0,0,0,689948.6892,5333213.5439,11.552587249,48.123816316,2,#fc8d62,car
183113,"9,17E+18",9,1,84,138,2017,9,23,5,3,0,1,1,0,0,0,0,0,2,0,683089.2956,5331149.5724,11.459612274,48.107273547,1,#66c2a5,bicycle
183114,"9,17E+18",9,1,62,0,2017,9,11,5,3,6,4,0,1,1,0,0,0,0,0,685004.4261,5335141.5851,11.487047778,48.142602482,2,#fc8d62,car
183115,"9,17E+18",9,1,62,0,2017,9,13,5,3,1,5,0,1,0,1,0,0,0,0,687701.4322,5339906.3101,11.525370549,48.184638788,2,#fc8d62,car
183116,"9,17E+18",9,1,62,0,2017,9,12,5,3,2,1,0,1,0,1,0,0,0,0,697547.2536,5333937.5905,11.654923117,48.128011286,2,#fc8d62,car
183117,"9,17E+18",9,1,62,0,2017,9,9,5,3,0,1,1,0,0,0,0,0,0,0,693412.8403,5335211.3511,11.599997191,48.14072909,1,#66c2a5,bicycle
183118,"9,17E+18",9,1,62,0,2017,9,20,5,2,0,7,0,0,0,1,0,0,2,0,689064.6315,5332563.7498,11.54043099,48.118239023,4,#e78ac3,marker
183119,"9,17E+18",9,1,62,0,2017,9,9,5,3,1,7,1,1,0,0,0,0,0,0,692956.4674,5335161.9248,11.593846426,48.14042342,1,#66c2a5,bicycle
183124,"9,17E+18",9,7,78,116,2017,9,14,5,2,5,2,1,1,0,0,0,0,0,0,618810233.0,5318509391.0,10.593019592,48.008829997,1,#66c2a5,bicycle
183125,"9,17E+18",9,7,77,121,2017,9,18,5,3,5,3,0,1,0,0,0,0,0,0,627333.4003,5322063.6284,10.708304387,48.039152544,2,#fc8d62,car
183126,"9,17E+18",9,7,72,200,2017,9,11,5,2,2,6,0,1,0,0,0,0,0,0,630343.1474,5338516.9546,10.753692722,48.186506695,2,#fc8d62,car
183127,"9,17E+18",9,7,61,0,2017,9,19,5,3,2,6,0,1,0,0,0,0,0,0,637133.0173,5360818.9766,10.852237965,48.385617997,2,#fc8d62,car
183128,"9,17E+18",9,7,61,0,2017,9,17,5,3,5,3,1,1,0,0,0,0,0,0,643129.6325,5360088.9862,10.932937912,48.377722176,1,#66c2a5,bicycle
183129,"9,17E+18",9,7,61,0,2017,9,16,5,3,0,7,1,0,0,0,0,0,0,0,642728.0101,5360589022.0,10.927687086,48.382309221,1,#66c2a5,bicycle
183130,"9,17E+18",9,7,61,0,2017,9,9,5,3,4,2,0,1,0,1,0,0,0,0,641258.2309,5358170.9332,10.907035377,48.360897525,2,#fc8d62,car
183131,"9,17E+18",9,7,61,0,2017,9,13,5,2,6,2,0,0,1,0,0,1,0,0,641409.1288,5359221.1057,10.909424436,48.370306487,3,#8da0cb,toilet
183132,"9,17E+18",9,7,71,113,2017,9,16,5,3,0,1,1,0,0,0,0,0,0,0,659504.6103,5371550.3899,11.158284985,48.476835122,1,#66c2a5,bicycle
183133,"9,17E+18",9,7,71,113,2017,9,13,5,3,5,3,1,1,0,0,0,0,0,0,657281836.0,5369000995.0,11.127271487,48.454475352,1,#66c2a5,bicycle
183163,"9,17E+18",9,2,61,0,2017,9,15,5,3,0,1,1,0,0,0,0,0,0,0,732567.5807,5380482.2025,12.150577325,48.534301682,1,#66c2a5,bicycle
183171,"9,17E+18",9,1,63,0,2017,9,7,5,3,3,6,1,0,0,0,0,0,0,0,734850932.0,5304940276.0,12.139683672,47.854844822,1,#66c2a5,bicycle
183174,"9,17E+18",9,1,86,143,2017,9,10,5,3,1,6,0,1,0,0,0,0,0,0,685490.7825,5377956.8293,11.512427375,48.527287118,2,#fc8d62,car
183175,"9,17E+18",9,1,88,121,2017,9,8,5,3,2,6,0,1,0,1,0,0,0,0,670619231.0,5330619552.0,11.292022166,48.105971101,2,#fc8d62,car
183176,"9,17E+18",9,1,79,123,2017,9,7,5,3,6,2,0,1,1,0,0,0,0,0,676101.1232,5332666.8021,11.366444724,48.122882699,2,#fc8d62,car
183177,"9,17E+18",9,1,77,117,2017,9,17,5,3,5,3,0,1,0,1,0,0,0,0,715882237.0,5353070578.0,11.910755012,48.293973416,2,#fc8d62,car
183178,"9,17E+18",9,1,77,133,2017,9,7,5,3,6,7,0,1,1,0,0,0,0,0,706225.2489,5359841.0904,11.784024253,48.358033923,2,#fc8d62,car
183179,"9,17E+18",9,1,75,132,2017,9,16,5,3,5,3,1,1,0,0,0,0,0,0,707099.5246,5331659.0817,11.782040364,48.104499962,1,#66c2a5,bicycle
183180,"9,17E+18",9,1,78,120,2017,9,19,5,2,3,1,1,1,0,0,0,0,1,0,695818444.0,5353621.5706,11.64080289,48.305451501,1,#66c2a5,bicycle
183181,"9,17E+18",9,1,78,145,2017,9,15,5,3,2,2,0,1,0,1,0,0,0,0,697661.8051,5355457.4112,11.666494701,48.321376859,2,#fc8d62,car
183182,"9,17E+18",9,1,78,124,2017,9,8,5,3,5,3,0,1,0,0,0,0,0,0,703849.1745,5363540.1342,11.75377949,48.392045745,2,#fc8d62,car
183183,"9,17E+18",9,1,77,117,2017,9,11,5,3,6,4,0,1,1,0,0,0,0,0,715637.0979,5354745034.0,11.908309463,48.309102157,2,#fc8d62,car
183184,"9,17E+18",9,1,62,0,2017,9,7,4,3,5,2,1,1,0,0,0,0,0,0,692457.8786,5335453.2056,11.58728281,48.143192389,1,#66c2a5,bicycle
183185,"9,17E+18",9,1,62,0,2017,9,21,4,3,5,2,0,1,0,0,0,0,2,0,687406.6873,5339596.6794,11.52127241,48.181942786,2,#fc8d62,car
183186,"9,17E+18",9,1,62,0,2017,9,16,4,3,3,6,0,1,0,0,0,0,0,0,687456.4526,5336049983.0,11.520377927,48.150049668,2,#fc8d62,car
183187,"9,17E+18",9,1,62,0,2017,9,21,4,3,0,7,1,0,0,0,0,0,2,0,691063.5004,5333166.1572,11.567531621,48.123056827,1,#66c2a5,bicycle
183188,"9,17E+18",9,1,62,0,2017,9,9,4,3,0,1,0,0,0,1,0,0,0,0,689409.0034,5337180.9652,11.547106876,48.159636563,4,#e78ac3,marker
183189,"9,17E+18",9,1,62,0,2017,9,17,4,3,5,3,1,1,0,0,0,0,0,0,691274.5756,5339014.9319,11.572993245,48.175561531,1,#66c2a5,bicycle
183190,"9,17E+18",9,1,62,0,2017,9,15,4,3,2,6,0,1,0,0,0,1,0,0,686236.9579,5333122.1354,11.502717798,48.12409131,2,#fc8d62,car
183191,"9,17E+18",9,1,62,0,2017,9,9,4,3,2,7,0,1,0,0,0,1,0,0,694280973.0,5333842102.0,11.611030296,48.128158322,2,#fc8d62,car
183192,"9,17E+18",9,1,62,0,2017,9,18,4,3,5,3,1,1,0,0,0,0,0,0,688550.0714,5334716.5132,11.534476413,48.137741009,1,#66c2a5,bicycle
183193,"9,17E+18",9,1,62,0,2017,9,15,4,3,3,2,1,0,0,0,0,0,0,0,692056406.0,5336443215.0,11.582337993,48.152211721,1,#66c2a5,bicycle
183194,"9,17E+18",9,1,62,0,2017,9,6,4,3,5,2,1,1,0,0,0,0,1,0,693031.9325,5336303.7707,11.595377489,48.15066312,1,#66c2a5,bicycle
183195,"9,17E+18",9,1,62,0,2017,9,18,4,2,4,7,1,1,0,0,0,0,0,0,692063.5582,5334943.7179,11.581757626,48.138732364,1,#66c2a5,bicycle
183196,"9,17E+18",9,1,62,0,2017,9,17,4,3,5,2,0,1,0,0,0,1,0,0,687407.4333,5339589.9092,11.52127945,48.181881715,2,#fc8d62,car
183197,"9,17E+18",9,1,84,134,2017,9,11,4,3,6,4,0,1,1,0,0,0,0,0,693543.3116,5322433.0917,11.595960107,48.025841103,2,#fc8d62,car
183198,"9,17E+18",9,1,62,0,2017,9,12,4,3,5,3,0,1,0,1,0,0,0,0,690210.0267,5333695.3892,11.556310596,48.12806913,2,#fc8d62,car
183205,"9,17E+18",9,7,62,0,2017,9,12,4,3,5,3,0,1,0,1,0,0,0,0,620328.6096,5305015.0151,10.609596139,47.887181476,2,#fc8d62,car
183206,"9,17E+18",9,7,72,147,2017,9,16,4,3,5,3,1,1,0,0,0,0,0,0,638801.9976,5364294.8464,10.875917429,48.416507041,1,#66c2a5,bicycle
183207,"9,17E+18",9,7,71,122,2017,9,11,4,3,2,6,0,1,0,0,0,0,0,0,656336.25,5361027463.0,11.111519169,48.383025707,2,#fc8d62,car
183208,"9,17E+18",9,7,61,0,2017,9,15,4,3,6,4,1,1,1,0,0,0,0,0,641369.0729,5352962.3205,10.906783008,48.31403862,1,#66c2a5,bicycle
183209,"9,17E+18",9,7,61,0,2017,9,13,4,3,3,7,1,0,0,0,0,0,0,0,641056.01,5358510.1448,10.904420629,48.363992808,1,#66c2a5,bicycle
183248,"9,17E+18",9,1,73,126,2017,9,19,4,3,1,3,1,1,0,0,0,0,1,0,686015508.0,5303361.9941,11.486851469,47.856651858,1,#66c2a5,bicycle
183261,"9,17E+18",9,7,61,0,2017,10,22,5,3,5,7,1,1,0,0,0,0,2,0,639257.2509,5360376.9418,10.880767267,48.381177954,1,#66c2a5,bicycle
183262,"9,17E+18",9,7,61,0,2017,10,7,5,3,4,1,1,1,0,0,0,0,0,0,640917918.0,5357197297.0,10.902117638,48.35221897,1,#66c2a5,bicycle
183266,"9,17E+18",9,7,61,0,2017,10,9,5,3,0,7,1,0,0,0,0,0,0,0,640551.4868,5354479.5598,10.896267476,48.327863506,1,#66c2a5,bicycle
183267,"9,17E+18",9,7,61,0,2017,10,14,5,3,5,3,1,1,0,0,0,0,0,0,640399.2557,5359215196.0,10.895794101,48.370478813,1,#66c2a5,bicycle
183268,"9,17E+18",9,7,71,156,2017,10,7,5,3,8,1,0,1,0,0,0,0,0,0,650533.7359,5385658.0877,11.042078721,48.605883871,2,#fc8d62,car
183283,"9,17E+18",9,2,61,0,2017,10,22,5,3,0,1,1,0,0,0,0,0,2,1,732840.1266,5380762.3587,12.154420151,48.5367172,1,#66c2a5,bicycle
183284,"9,17E+18",9,2,61,0,2017,10,7,5,3,3,6,0,1,0,0,0,1,0,0,731727.3729,5381631733.0,12.139852106,48.544938452,2,#fc8d62,car
183289,"9,17E+18",9,1,63,0,2017,10,18,5,3,4,3,0,1,0,0,0,0,1,1,733877074.0,5305334.4892,12.126897555,47.858741527,2,#fc8d62,car
183290,"9,17E+18",9,1,63,0,2017,10,2,5,3,5,3,1,1,0,0,0,0,2,0,734433.0922,5304893.7176,12.134081058,47.854579079,1,#66c2a5,bicycle
183295,"9,17E+18",9,1,74,113,2017,10,17,5,3,2,6,0,1,0,1,0,0,0,0,673638.4626,5347198.3716,11.339320975,48.254189239,2,#fc8d62,car
183296,"9,17E+18",9,1,78,124,2017,10,18,5,3,5,3,1,1,0,0,0,0,2,1,703031357.0,5364155228.0,11.743042193,48.397836904,1,#66c2a5,bicycle
183297,"9,17E+18",9,1,77,135,2017,10,11,5,3,4,7,0,1,0,0,0,1,0,0,719122.44,5342794.0632,11.949065286,48.200527081,2,#fc8d62,car
183298,"9,17E+18",9,1,62,0,2017,10,20,4,3,0,7,1,0,0,0,0,0,2,0,695274.6653,5336227.8616,11.625464288,48.149296329,1,#66c2a5,bicycle
183299,"9,17E+18",9,1,62,0,2017,10,4,4,3,1,1,1,1,0,0,0,0,2,1,695871568.0,5331125.9549,11.631136214,48.103259511,1,#66c2a5,bicycle
183300,"9,17E+18",9,1,62,0,2017,10,7,4,3,0,7,0,0,0,0,0,1,0,1,686246.6197,5341761.1178,11.506630239,48.201738456,6,#ffd92f,circle
183301,"9,17E+18",9,1,62,0,2017,10,7,4,3,6,7,0,1,1,0,0,0,1,0,691987.0615,5340259.1034,11.583129516,48.186528994,2,#fc8d62,car
183302,"9,17E+18",9,1,62,0,2017,10,13,4,3,5,2,1,1,0,0,0,0,0,0,690914613.0,5335647.4302,11.566644883,48.145403029,1,#66c2a5,bicycle
183303,"9,17E+18",9,1,62,0,2017,10,8,4,3,3,2,1,1,0,0,0,0,0,0,694206.5515,5334526.7363,11.610343233,48.134334274,1,#66c2a5,bicycle
183304,"9,17E+18",9,1,62,0,2017,10,18,4,3,0,5,0,1,0,0,0,1,2,0,690566.2066,5333260.1263,11.560897875,48.124050462,2,#fc8d62,car
183305,"9,17E+18",9,1,84,135,2017,10,18,4,3,5,3,0,1,0,1,0,0,2,1,689831.5248,5348145.4967,11.557688579,48.258058692,2,#fc8d62,car
183306,"9,17E+18",9,1,62,0,2017,10,15,4,2,6,4,0,0,1,0,0,1,0,0,694514.8794,5335085.5771,11.614738208,48.139262748,3,#8da0cb,toilet
183307,"9,17E+18",9,1,62,0,2017,10,12,4,2,0,5,1,1,0,0,0,0,0,0,699030.5206,5333728.4031,11.674737254,48.125669265,1,#66c2a5,bicycle
183308,"9,17E+18",9,1,62,0,2017,10,18,4,3,5,3,0,1,0,1,0,0,1,0,694749.7023,5334262.8235,11.617515234,48.131796364,2,#fc8d62,car
183309,"9,17E+18",9,1,62,0,2017,10,12,4,3,1,7,1,0,0,0,0,1,0,0,690429.3275,5334959.6897,11.559819942,48.139367083,1,#66c2a5,bicycle
183310,"9,17E+18",9,1,62,0,2017,10,13,4,3,0,2,1,0,0,0,0,1,0,0,688964.3801,5341727.3712,11.543155502,48.20063212,1,#66c2a5,bicycle
183311,"9,17E+18",9,1,62,0,2017,10,10,4,3,5,3,1,1,0,0,0,0,0,0,686047.0862,5340285.3711,11.503300823,48.188532529,1,#66c2a5,bicycle
183312,"9,17E+18",9,1,62,0,2017,10,17,4,3,2,6,0,1,0,0,0,0,0,0,686523.1156,5339626.9175,11.509410428,48.182474579,2,#fc8d62,car
183313,"9,17E+18",9,1,62,0,2017,10,16,4,2,0,1,0,0,0,1,0,0,0,0,689356.4399,5335462.8064,11.545636322,48.144209313,4,#e78ac3,marker
183314,"9,17E+18",9,1,62,0,2017,10,19,4,2,5,3,0,1,0,0,0,0,2,0,686788.99,5328058134.0,11.507912479,48.078412359,2,#fc8d62,car
183315,"9,17E+18",9,1,62,0,2017,10,8,4,3,0,1,1,0,0,0,0,0,0,0,692463.9591,5333506.6784,11.586485075,48.125695563,1,#66c2a5,bicycle
183316,"9,17E+18",9,1,62,0,2017,10,10,4,3,0,7,1,0,0,0,0,0,0,1,686678.2274,5331566018.0,11.507960601,48.109975112,1,#66c2a5,bicycle
183317,"9,17E+18",9,1,62,0,2017,10,19,4,3,0,1,1,0,0,0,0,0,2,1,690851.8899,5338569.0559,11.567113101,48.171681132,1,#66c2a5,bicycle
183326,"9,17E+18",9,7,73,139,2017,10,16,4,2,5,2,1,1,0,0,0,0,0,0,615476.1273,5385942.2509,10.566794233,48.615889599,1,#66c2a5,bicycle
183327,"9,17E+18",9,7,61,0,2017,10,9,4,3,0,7,0,0,0,0,0,1,0,0,641062.0118,5361190.5228,10.905401039,48.3880924,6,#ffd92f,circle
183328,"9,17E+18",9,7,61,0,2017,10,15,4,3,4,3,1,0,0,0,0,0,0,0,641962.6691,5359959.7733,10.917143873,48.376823991,1,#66c2a5,bicycle
183329,"9,17E+18",9,7,61,0,2017,10,6,4,3,6,1,0,1,1,0,0,0,2,0,639978441.0,5358068.7582,10.88973359,48.360263849,2,#fc8d62,car
183330,"9,17E+18",9,7,61,0,2017,10,16,4,3,0,2,0,1,0,1,0,0,0,0,639839.1581,5360003.1919,10.888497551,48.377688593,2,#fc8d62,car
183331,"9,17E+18",9,7,71,141,2017,10,6,4,3,1,5,0,1,0,0,0,0,2,0,656045.9701,5375241.1855,11.11289785,48.510884273,2,#fc8d62,car
183365,"9,17E+18",9,1,81,138,2017,10,17,4,3,0,7,1,0,0,0,0,0,0,0,640923759.0,5337208943.0,10.895537185,48.172485831,1,#66c2a5,bicycle
183366,"9,17E+18",9,1,88,121,2017,10,15,4,3,5,3,1,1,0,0,0,0,0,0,669931936.0,5332143858.0,11.28340432,48.119858111,1,#66c2a5,bicycle
183367,"9,17E+18",9,1,74,126,2017,10,16,4,3,0,1,1,0,0,0,0,0,0,0,682628.9009,5342848.8237,11.458455718,48.212566305,1,#66c2a5,bicycle
183368,"9,17E+18",9,1,75,139,2017,10,9,4,3,6,6,0,1,1,0,0,0,0,0,710343.2732,5330633.3376,11.825054816,48.094219918,2,#fc8d62,car
183369,"9,17E+18",9,1,77,117,2017,10,15,4,3,0,7,1,0,0,0,0,0,0,0,714712.1746,5353433.8132,11.895184638,48.297635168,1,#66c2a5,bicycle
183370,"9,17E+18",9,1,77,119,2017,10,12,4,3,0,7,1,0,0,0,0,0,0,0,721426.8685,5341116.7122,11.979161704,48.184657234,1,#66c2a5,bicycle
183371,"9,17E+18",9,1,77,117,2017,10,11,4,3,5,3,1,1,0,0,0,0,0,0,715136715.0,5354649537.0,11.901521092,48.308414469,1,#66c2a5,bicycle
183372,"9,17E+18",9,1,62,0,2017,10,20,3,3,5,3,0,1,0,0,0,0,2,0,692634.44,5334841.5145,11.589377196,48.137641219,2,#fc8d62,car
183373,"9,17E+18",9,1,62,0,2017,10,17,3,3,0,4,1,0,1,0,0,0,0,0,692185.0937,5334351.4731,11.583122412,48.133372681,1,#66c2a5,bicycle
183374,"9,17E+18",9,1,62,0,2017,10,1,3,3,2,6,1,1,0,0,0,0,2,1,690951.8753,5335091.0355,11.566895807,48.140391013,1,#66c2a5,bicycle
183375,"9,17E+18",9,1,62,0,2017,10,1,3,3,5,2,0,1,0,0,0,0,2,1,690247076.0,5336240.7855,11.557945022,48.150936068,2,#fc8d62,car
183389,"9,17E+18",9,2,74,146,2017,10,13,3,3,5,3,1,1,0,0,0,0,0,1,732976027.0,5376571.9678,12.153918588,48.499025666,1,#66c2a5,bicycle
183391,"9,17E+18",9,1,88,145,2017,10,17,3,2,0,7,1,0,0,0,0,0,0,0,663842.0316,5326831.8297,11.199598033,48.073697178,1,#66c2a5,bicycle
183392,"9,17E+18",9,1,62,0,2017,10,22,2,3,5,3,0,1,0,0,0,0,2,1,691878.8757,5334635.9294,11.579139046,48.136021724,2,#fc8d62,car
183393,"9,17E+18",9,1,84,120,2017,10,17,2,3,5,3,0,1,0,0,0,0,0,0,680189868.0,5332658928.0,11.421335593,48.121667856,2,#fc8d62,car
183394,"9,17E+18",9,1,62,0,2017,10,16,2,3,0,7,0,0,0,0,0,1,0,1,689637.5828,5342147.4,11.552394077,48.204206607,6,#ffd92f,circle
183395,"9,17E+18",9,1,62,0,2017,10,8,2,3,2,6,0,1,0,1,0,0,0,0,690538.0142,5335259.4517,11.56141355,48.142028797,2,#fc8d62,car
183396,"9,17E+18",9,1,62,0,2017,10,15,2,3,5,7,0,1,0,0,0,0,0,0,691567.8016,5340512.5547,11.577608729,48.188933525,2,#fc8d62,car
183397,"9,17E+18",9,1,62,0,2017,10,0,2,3,5,2,1,1,0,0,0,0,2,0,689642.8692,5335661.3041,11.549571431,48.145908103,1,#66c2a5,bicycle
183398,"9,17E+18",9,1,62,0,2017,10,8,2,3,3,2,0,1,0,0,0,1,0,0,686506779.0,5334867717.0,11.507104259,48.139702237,2,#fc8d62,car
183399,"9,17E+18",9,1,84,145,2017,10,19,2,3,6,7,0,1,1,0,0,0,2,1,694845.6959,5324942.3448,11.614551528,48.047997764,2,#fc8d62,car
183400,"9,17E+18",9,1,62,0,2017,10,1,2,3,4,2,0,1,0,0,0,0,2,0,692171.2739,5334414.5985,11.582965333,48.133944214,2,#fc8d62,car
183401,"9,17E+18",9,1,62,0,2017,10,14,2,2,6,4,0,1,1,0,0,0,0,0,688338.1099,5336654.5318,11.532487481,48.155223001,2,#fc8d62,car
183402,"9,17E+18",9,1,62,0,2017,10,12,2,2,4,7,0,1,0,1,0,0,0,0,687448.7956,5336070.6492,11.520284182,48.150237678,2,#fc8d62,car
183403,"9,17E+18",9,1,62,0,2017,10,13,2,3,5,3,1,1,0,0,0,0,0,0,682421951.0,5336492.6444,11.452943337,48.155492454,1,#66c2a5,bicycle
183404,"9,17E+18",9,1,62,0,2017,10,21,2,3,6,4,0,0,1,0,0,1,2,1,690164.2353,5333916.7615,11.555794609,48.13007251,3,#8da0cb,toilet
183405,"9,17E+18",9,1,88,127,2017,10,12,2,3,5,3,1,1,0,0,0,0,0,0,679080.7222,5330064.9262,11.405355885,48.098663123,1,#66c2a5,bicycle
183406,"9,17E+18",9,1,62,0,2017,10,12,2,3,5,2,1,1,0,0,0,0,0,0,688224.8475,5339941.0774,11.532420952,48.184796421,1,#66c2a5,bicycle
183407,"9,17E+18",9,1,62,0,2017,10,9,2,3,2,6,0,1,0,0,0,0,0,0,689838912.0,5337397187.0,11.55297868,48.161451759,2,#fc8d62,car
183408,"9,17E+18",9,1,62,0,2017,10,19,2,3,5,2,1,1,0,0,0,0,2,1,690345.8068,5335863.3901,11.559102365,48.147514512,1,#66c2a5,bicycle
183409,"9,17E+18",9,1,84,122,2017,10,16,2,3,6,4,0,1,1,0,0,0,0,1,687936.2928,5323927.4454,11.521486398,48.040947118,2,#fc8d62,car
183410,"9,17E+18",9,1,62,0,2017,10,8,2,3,3,2,1,1,0,0,0,0,0,0,685997.4015,5329868.8497,11.498083261,48.094919351,1,#66c2a5,bicycle
183411,"9,17E+18",9,1,62,0,2017,10,0,2,3,7,7,1,0,1,0,0,0,2,0,689845.5863,5333455.68,11.551310994,48.126023403,1,#66c2a5,bicycle
183414,"9,17E+18",9,7,62,0,2017,10,7,2,1,3,2,1,0,0,0,0,1,0,0,622250.2346,5305430.8064,10.635408091,47.890557835,1,#66c2a5,bicycle
183417,"9,17E+18",9,7,71,130,2017,10,20,2,3,0,1,1,0,0,0,0,0,1,0,644708.8888,5358170.3868,10.953592451,48.360111122,1,#66c2a5,bicycle
183418,"9,17E+18",9,7,61,0,2017,10,12,2,3,6,4,0,0,1,0,0,1,0,0,641609.6409,5362112.1482,10.913104616,48.396256527,3,#8da0cb,toilet
183419,"9,17E+18",9,7,61,0,2017,10,12,2,3,2,6,0,1,0,0,0,0,0,0,641190.4031,5358828.4166,10.906340883,48.366824545,2,#fc8d62,car
183420,"9,17E+18",9,7,61,0,2017,10,19,2,3,0,1,1,0,0,0,0,0,2,1,640540.2124,5358843.5544,10.89757214,48.367105763,1,#66c2a5,bicycle
183448,"9,17E+18",9,2,61,0,2017,10,18,2,3,4,2,0,1,0,0,0,0,1,1,731700.58,5381877373.0,12.139626255,48.547154884,2,#fc8d62,car
183450,"9,17E+18",9,2,61,0,2017,10,18,2,3,3,6,1,1,0,0,0,0,0,0,732030.5987,5381640.1303,12.143958982,48.544901825,1,#66c2a5,bicycle
183453,"9,17E+18",9,1,73,126,2017,10,17,2,2,5,3,0,1,0,0,0,0,0,1,684276.1552,5305570.9796,11.464562041,47.877009714,2,#fc8d62,car
183459,"9,17E+18",9,1,63,0,2017,10,14,2,3,5,7,1,0,0,0,0,0,0,0,731257.9487,5303934545.0,12.091184987,47.847111824,1,#66c2a5,bicycle
183460,"9,17E+18",9,1,63,0,2017,10,16,2,3,5,3,1,1,0,0,0,0,0,0,732412.2581,5305095.4845,12.107214657,47.857125676,1,#66c2a5,bicycle
183465,"9,17E+18",9,1,79,121,2017,10,16,2,3,4,6,0,1,0,0,0,0,0,1,666576.7738,5338059.1863,11.240671219,48.173923991,2,#fc8d62,car
183466,"9,17E+18",9,1,78,120,2017,10,18,2,2,0,1,1,0,0,0,0,0,0,1,694488.4656,5353461.7853,11.622812801,48.30442573,1,#66c2a5,bicycle
183467,"9,17E+18",9,1,78,124,2017,10,8,2,3,4,2,1,1,0,0,0,0,0,0,702732.2904,5364903.1027,11.739367586,48.404653718,1,#66c2a5,bicycle
183468,"9,17E+18",9,1,84,145,2017,10,1,1,3,6,4,0,1,1,0,0,0,2,0,694473.1858,5325282971.0,11.609713126,48.051172826,2,#fc8d62,car
183469,"9,17E+18",9,1,62,0,2017,10,12,1,3,5,3,0,1,0,0,0,0,0,0,695685033.0,5329902339.0,11.628072307,48.092319514,2,#fc8d62,car
183470,"9,17E+18",9,1,62,0,2017,10,16,1,3,0,7,0,1,0,0,0,0,0,0,692134.0256,5336791.0931,11.583537603,48.155314933,2,#fc8d62,car
183471,"9,17E+18",9,1,62,0,2017,10,15,1,3,0,5,1,1,0,0,0,0,0,1,686068.7835,5333897.6482,11.50079864,48.131111109,1,#66c2a5,bicycle
183472,"9,17E+18",9,1,62,0,2017,10,15,1,3,0,7,0,0,0,0,0,1,0,0,692211.5346,5330432.1165,11.58171088,48.098138088,6,#ffd92f,circle
183473,"9,17E+18",9,1,62,0,2017,10,15,1,3,5,3,0,1,0,0,0,0,0,0,689254.36,5333683.6474,11.543474943,48.128248437,2,#fc8d62,car
183477,"9,17E+18",9,7,72,151,2017,10,13,1,3,9,1,0,1,0,0,0,0,0,0,632058387.0,5342902059.0,10.77812368,48.225585576,2,#fc8d62,car
183478,"9,17E+18",9,7,61,0,2017,10,5,1,3,1,5,0,0,0,1,0,1,2,1,641303.0369,5360758.6977,10.908509589,48.384155658,4,#e78ac3,marker
183479,"9,17E+18",9,7,61,0,2017,10,4,1,3,1,5,0,1,0,0,0,0,2,1,643511749.0,5358568.0977,10.937576196,48.363960383,2,#fc8d62,car
183495,"9,17E+18",9,1,79,145,2017,10,17,1,3,5,3,1,1,0,0,0,0,0,0,675585834.0,5338237426.0,11.361824159,48.17310108,1,#66c2a5,bicycle
183496,"9,17E+18",9,1,79,121,2017,10,10,1,3,0,1,0,0,0,1,0,0,0,1,668415.4619,5339765.0735,11.266060125,48.188775071,4,#e78ac3,marker
183497,"9,17E+18",9,1,79,136,2017,10,15,1,3,0,7,0,1,0,0,0,1,0,0,660397.7789,5342485267.0,11.159290285,48.215306256,2,#fc8d62,car
183498,"9,17E+18",9,1,62,0,2017,9,12,7,3,0,4,1,0,1,0,0,0,0,0,692259.7943,5334288419.0,11.584096936,48.132783401,1,#66c2a5,bicycle
183499,"9,17E+18",9,1,62,0,2017,9,17,7,3,6,7,0,1,1,0,0,0,0,0,690520.2802,5334566.8029,11.56086556,48.135808601,2,#fc8d62,car
183500,"9,17E+18",9,1,62,0,2017,9,19,7,3,3,6,1,1,0,0,0,0,1,0,687499.7562,5340966.5106,11.523127918,48.19422759,1,#66c2a5,bicycle
183501,"9,17E+18",9,1,62,0,2017,9,14,7,3,5,3,1,1,0,0,0,0,0,0,689514.8048,5330981.0601,11.545770538,48.103879802,1,#66c2a5,bicycle