OBJECTID,UIDENTSTLA,ULAND,UREGBEZ,UKREIS,UGEMEINDE,UJAHR,UMONAT,USTUNDE,UWOCHENTAG,UKATEGORIE,UART,UTYP1,IstRad,IstPKW,IstFuss,IstKrad,IstGkfz,IstSonstig,ULICHTVERH,STRZUSTAND,LINREFX,LINREFY,XGCSWGS84,YGCSWGS84,Teilnehmer,color,symbol
183502,"9,17E+18",9,1,62,0,2017,9,14,7,2,5,3,1,1,0,0,0,0,0,0,690630.0425,5329849.0476,11.560230612,48.093372514,1,#66c2a5,bicycle
183503,"9,17E+18",9,1,62,0,2017,9,21,7,3,3,7,0,1,0,0,0,0,2,0,690694.8786,5334114.0937,11.563007343,48.131687373,2,#fc8d62,car
183504,"9,17E+18",9,1,84,149,2017,9,10,7,3,5,3,1,0,0,1,0,0,0,0,691437.4048,5350705.7649,11.580461649,48.280586344,1,#66c2a5,bicycle
183505,"9,17E+18",9,1,62,0,2017,9,13,7,3,0,7,1,0,0,0,0,0,0,0,695315.7254,5339197.2549,11.627379192,48.175971044,1,#66c2a5,bicycle
183506,"9,17E+18",9,1,62,0,2017,9,14,7,3,2,5,0,1,0,0,0,1,0,0,690143.1548,5335231.2122,11.556098308,48.141893106,2,#fc8d62,car
183507,"9,17E+18",9,1,62,0,2017,9,12,7,3,5,2,1,1,0,0,0,0,0,0,690362266.0,5333844365.0,11.558421036,48.129362617,1,#66c2a5,bicycle
183508,"9,17E+18",9,1,62,0,2017,9,16,7,3,0,1,1,0,0,0,0,0,0,0,690854.7878,5333272.4834,11.564777441,48.124075083,1,#66c2a5,bicycle
183518,"9,17E+18",9,7,62,0,2017,9,17,7,2,1,6,0,1,0,0,0,0,0,0,621946.8584,5305224.4129,10.631293057,47.888759312,2,#fc8d62,car
183519,"9,17E+18",9,7,77,158,2017,9,12,7,3,4,6,0,1,0,0,0,0,0,0,620465.1099,5309953.0586,10.612800908,47.931567468,2,#fc8d62,car
183522,"9,17E+18",9,7,72,163,2017,9,18,7,3,0,1,1,0,0,0,0,0,0,0,640092.5746,5347973.0727,10.887920344,48.269460216,1,#66c2a5,bicycle
183523,"9,17E+18",9,7,61,0,2017,9,20,7,3,1,5,1,1,0,0,0,0,2,1,641309.7412,5360937.5439,10.908660236,48.385762267,1,#66c2a5,bicycle
183524,"9,17E+18",9,7,61,0,2017,9,7,7,3,0,1,1,0,0,0,0,0,0,0,640548.7927,5359245.4936,10.897822256,48.370717955,1,#66c2a5,bicycle
183525,"9,17E+18",9,7,71,113,2017,9,8,7,3,5,3,0,1,0,0,0,0,0,0,657924.6807,5370329.7431,11.136461286,48.466260071,2,#fc8d62,car
183526,"9,17E+18",9,1,62,0,2017,10,11,5,3,5,3,1,1,0,0,0,0,0,0,689257.7359,5336130.6244,11.544607627,48.15024108,1,#66c2a5,bicycle
183527,"9,17E+18",9,1,62,0,2017,10,23,5,3,5,2,0,1,0,0,0,0,2,1,690323.5513,5335869.2999,11.558806102,48.147574288,2,#fc8d62,car
183528,"9,17E+18",9,1,62,0,2017,10,11,5,3,6,2,0,1,1,0,0,0,0,0,692956.6526,5335162.4676,11.593849159,48.140428242,2,#fc8d62,car
183529,"9,17E+18",9,1,77,117,2017,10,20,6,3,5,2,0,1,0,0,0,0,2,1,714485.06,5355423849.0,11.893137569,48.315593104,2,#fc8d62,car
183531,"9,17E+18",9,7,72,177,2017,10,14,5,3,0,7,1,0,0,0,0,0,0,0,637315.2066,5380684.3496,10.861221661,48.564201931,1,#66c2a5,bicycle
183532,"9,17E+18",9,1,62,0,2017,10,18,5,3,5,3,0,1,0,1,0,0,2,1,688465.8822,5336911.5671,11.534317675,48.157495416,2,#fc8d62,car
183533,"9,17E+18",9,1,62,0,2017,10,18,5,3,5,2,1,1,0,0,0,0,1,1,686776.1125,5336993.7696,11.511654029,48.158732836,1,#66c2a5,bicycle
183534,"9,17E+18",9,1,62,0,2017,10,12,5,3,0,7,0,0,0,1,0,0,0,0,688013.3801,5339082907.0,11.529198998,48.177145696,4,#e78ac3,marker
183535,"9,17E+18",9,1,62,0,2017,10,20,5,3,5,3,1,1,0,0,0,0,2,1,692828.2014,5338758.6564,11.593753975,48.172788709,1,#66c2a5,bicycle
183536,"9,17E+18",9,1,62,0,2017,10,8,5,3,2,3,0,1,0,0,0,0,0,0,697950.0749,5331202.9974,11.659061453,48.103309543,2,#fc8d62,car
183537,"9,17E+18",9,1,62,0,2017,10,17,5,3,6,7,0,1,1,0,0,0,0,1,688530.5649,5330264.6938,11.532246128,48.097732954,2,#fc8d62,car
183538,"9,17E+18",9,1,62,0,2017,10,21,5,3,2,6,0,1,0,0,0,0,2,1,695781.2248,5338484.1951,11.633305841,48.169419255,2,#fc8d62,car
183539,"9,17E+18",9,7,61,0,2017,10,16,5,3,5,3,0,1,0,0,0,0,0,1,638513.2569,5358201.8845,10.870008188,48.361784053,2,#fc8d62,car
183540,"9,17E+18",9,7,71,142,2017,10,8,5,3,5,3,0,1,0,0,0,0,0,1,645926363.0,5352160.7623,10.967937304,48.305796293,2,#fc8d62,car
183541,"9,17E+18",9,1,84,139,2017,10,16,5,3,1,5,1,1,0,0,0,0,0,0,687799.5568,5325469.4482,11.520330259,48.054847487,1,#66c2a5,bicycle
183542,"9,17E+18",9,1,62,0,2017,10,21,5,3,5,2,0,1,0,0,0,1,2,1,688685.5224,5337882.54,11.537698889,48.166157483,2,#fc8d62,car
183543,"9,17E+18",9,1,84,120,2017,10,15,5,3,0,1,1,0,0,0,0,0,0,0,681542.0782,5333594.9685,11.439887858,48.129697636,1,#66c2a5,bicycle
183544,"9,17E+18",9,1,62,0,2017,10,20,5,2,8,1,0,1,0,0,0,0,2,1,685483.3824,5339076.8907,11.495195983,48.17783513,2,#fc8d62,car
183545,"9,17E+18",9,1,62,0,2017,10,12,5,3,5,3,0,1,0,1,0,0,0,0,691449483.0,5333597661.0,11.572906894,48.126819197,2,#fc8d62,car
183546,"9,17E+18",9,1,62,0,2017,10,12,5,3,6,2,0,1,1,0,0,0,0,0,686221943.0,5333339516.0,11.502611197,48.126049606,2,#fc8d62,car
183547,"9,17E+18",9,7,62,0,2017,10,12,5,3,6,4,0,1,1,0,0,0,0,0,622071806.0,5307329426.0,10.633559371,47.907667388,2,#fc8d62,car
183549,"9,17E+18",9,1,62,0,2017,10,14,5,3,0,6,1,1,0,0,0,0,0,0,688250.7965,5334570.3376,11.530393051,48.13651576,1,#66c2a5,bicycle
183555,"9,17E+18",9,7,72,184,2017,10,12,3,3,5,3,1,0,0,0,0,0,0,0,634970.3992,5361974.3515,10.823414532,48.396473597,1,#66c2a5,bicycle
183556,"9,17E+18",9,7,61,0,2017,10,18,3,3,5,3,1,0,0,0,0,1,0,0,642002.8751,5360720.7502,10.917943635,48.383657301,1,#66c2a5,bicycle
183557,"9,17E+18",9,7,61,0,2017,10,16,3,3,4,2,1,1,0,0,0,0,0,0,641853983.0,5361180.7926,10.916089133,48.387827291,1,#66c2a5,bicycle
183558,"9,17E+18",9,7,61,0,2017,10,15,3,3,1,1,1,1,0,0,0,0,0,0,641475.0575,5359407.5094,10.910376861,48.371967778,1,#66c2a5,bicycle
183586,"9,17E+18",9,2,61,0,2017,10,15,3,3,0,7,1,1,0,0,0,0,0,0,732101.8296,5381088.7074,12.144615474,48.539922176,1,#66c2a5,bicycle
183590,"9,17E+18",9,1,63,0,2017,10,14,3,3,3,5,1,1,0,0,0,0,0,0,733455.1411,5304586.1043,12.120861164,47.852171409,1,#66c2a5,bicycle
183592,"9,17E+18",9,1,79,126,2017,10,7,3,3,5,3,1,1,0,0,0,0,0,0,677467.8271,5340134.4999,11.387908695,48.189631298,1,#66c2a5,bicycle
183593,"9,17E+18",9,1,74,115,2017,10,15,3,2,0,2,0,1,0,1,0,0,0,0,681190.6959,5347108.7127,11.44093515,48.251269193,2,#fc8d62,car
183594,"9,17E+18",9,1,62,0,2017,10,18,2,3,5,7,1,1,0,0,0,0,2,1,688868.8479,5331310.7939,11.537248127,48.107035334,1,#66c2a5,bicycle
183595,"9,17E+18",9,1,62,0,2017,10,9,2,3,5,3,0,1,0,0,0,0,0,1,695479.8084,5334995.2728,11.627653568,48.138155445,2,#fc8d62,car
183596,"9,17E+18",9,1,62,0,2017,10,8,2,3,5,2,0,1,0,0,0,1,0,1,680637.6128,5338484619.0,11.429818708,48.173907321,2,#fc8d62,car
183597,"9,17E+18",9,1,62,0,2017,10,16,2,3,4,6,1,0,0,0,0,0,0,1,690377.5677,5338519.0496,11.56071731,48.171373928,1,#66c2a5,bicycle
183598,"9,17E+18",9,1,62,0,2017,10,15,2,3,5,3,0,1,0,0,0,0,0,0,688949246.0,5333349846.0,11.539230569,48.125338823,2,#fc8d62,car
183599,"9,17E+18",9,1,62,0,2017,10,14,2,3,6,5,0,1,1,0,0,0,0,0,691759.3366,5331999.6102,11.576347946,48.112362831,2,#fc8d62,car
183600,"9,17E+18",9,1,62,0,2017,10,8,2,3,5,2,1,1,0,0,0,0,0,1,688355.7703,5330797.0808,11.530135699,48.102569871,1,#66c2a5,bicycle
183601,"9,17E+18",9,1,62,0,2017,10,12,2,3,2,6,0,1,0,0,0,0,0,0,682389967.0,5334038785.0,11.451462501,48.133444593,2,#fc8d62,car
183602,"9,17E+18",9,1,62,0,2017,10,11,2,3,5,3,0,1,0,0,0,0,0,1,687912286.0,5343607.15,11.529842929,48.217839961,2,#fc8d62,car
183603,"9,17E+18",9,1,62,0,2017,10,16,2,3,1,7,1,1,0,0,0,0,0,0,689448649.0,5337084321.0,11.547596434,48.158756111,1,#66c2a5,bicycle
183604,"9,17E+18",9,1,62,0,2017,10,20,2,3,0,6,1,0,1,0,0,0,2,0,688916.2428,5336721597.0,11.540283202,48.155654314,1,#66c2a5,bicycle
183605,"9,17E+18",9,1,62,0,2017,10,8,2,3,0,1,0,0,0,1,0,0,0,1,686244.3787,5333236.2762,11.502867296,48.125115082,4,#e78ac3,marker
183606,"9,17E+18",9,1,62,0,2017,10,8,2,3,0,1,0,0,0,1,0,0,0,1,695475.8435,5331072.5978,11.625801814,48.102901495,4,#e78ac3,marker
183607,"9,17E+18",9,1,62,0,2017,10,10,2,3,5,3,0,1,0,0,0,1,0,1,694165.6262,5334605.8557,11.609829806,48.135057857,2,#fc8d62,car
183608,"9,17E+18",9,1,62,0,2017,10,15,2,3,3,5,1,1,0,0,0,0,0,0,691760847.0,5334944.3075,11.57769306,48.138828958,1,#66c2a5,bicycle
183609,"9,17E+18",9,7,62,0,2017,10,13,2,3,0,1,1,0,0,0,0,0,0,0,621803.0102,5303796.2996,10.628966766,47.875942563,1,#66c2a5,bicycle
183614,"9,17E+18",9,7,61,0,2017,10,9,2,3,5,3,1,0,0,0,0,0,0,1,639302558.0,5360125131.0,10.881295366,48.378903736,1,#66c2a5,bicycle
183615,"9,17E+18",9,7,61,0,2017,10,8,2,3,0,3,0,1,0,0,0,1,0,1,640958851.0,5357201.8443,10.90267136,48.352250722,2,#fc8d62,car
183629,"9,17E+18",9,2,61,0,2017,10,17,2,3,5,3,1,1,0,0,0,0,0,0,731465086.0,5381799472.0,12.136396926,48.546542035,1,#66c2a5,bicycle
183630,"9,17E+18",9,2,61,0,2017,10,16,2,3,6,7,1,0,1,0,0,0,0,0,732384.8528,5381406.5594,12.148621222,48.54267262,1,#66c2a5,bicycle
183631,"9,17E+18",9,2,74,113,2017,10,17,2,3,0,6,1,0,0,1,0,0,0,0,729716.6548,5382769.2941,12.113276842,48.555896568,1,#66c2a5,bicycle
183634,"9,17E+18",9,1,63,0,2017,10,13,2,3,2,6,0,1,0,0,0,0,0,0,731912.1783,5304580.4025,12.100262887,47.852678706,2,#fc8d62,car
183635,"9,17E+18",9,1,63,0,2017,10,17,2,3,5,3,0,1,0,0,0,0,0,0,732207876.0,5304600.6194,12.104220708,47.852753588,2,#fc8d62,car
183637,"9,17E+18",9,1,74,126,2017,10,11,2,3,0,7,1,1,0,0,0,0,0,0,683447.6561,5344938.9675,11.470371127,48.231117374,1,#66c2a5,bicycle
183638,"9,17E+18",9,1,74,115,2017,10,19,2,3,5,3,0,1,0,0,0,0,2,0,680813.9306,5347164.8837,11.435888267,48.25188169,2,#fc8d62,car
183639,"9,17E+18",9,1,74,126,2017,10,16,2,3,1,6,0,1,0,0,0,0,0,0,683410.6237,5344565.4382,11.469711264,48.227770631,2,#fc8d62,car
183640,"9,17E+18",9,1,74,115,2017,10,13,2,3,5,2,0,1,0,0,0,0,0,1,681313.6743,5347834.3005,11.442901156,48.257756044,2,#fc8d62,car
183641,"9,17E+18",9,1,75,135,2017,10,15,2,2,6,4,1,0,1,0,0,0,0,0,709306139.0,5338674197.0,11.815092333,48.166817524,1,#66c2a5,bicycle
183642,"9,17E+18",9,1,78,120,2017,10,8,2,3,0,1,1,0,0,0,0,0,0,1,694023.2456,5352818.1138,11.616249956,48.298783689,1,#66c2a5,bicycle
183643,"9,17E+18",9,1,62,0,2017,10,5,1,3,9,1,0,1,1,0,0,0,2,1,692340.3158,5337784.3964,11.58675764,48.164180146,2,#fc8d62,car
183644,"9,17E+18",9,1,62,0,2017,10,18,1,3,2,2,0,1,0,0,0,0,2,1,689015.3117,5336201.1411,11.541382829,48.150946975,2,#fc8d62,car
183645,"9,17E+18",9,1,62,0,2017,10,18,1,2,5,3,0,1,0,1,0,0,2,1,692456.5781,5332120.6321,11.585760343,48.113240254,2,#fc8d62,car
183646,"9,17E+18",9,7,72,147,2017,10,19,1,3,4,2,1,1,0,0,0,0,2,1,639024.7092,5365028236.0,10.87916883,48.423052349,1,#66c2a5,bicycle
183647,"9,17E+18",9,7,61,0,2017,10,17,1,3,5,3,0,1,1,0,0,0,1,0,644139.0486,5356419.6642,10.945304638,48.344499959,2,#fc8d62,car
183648,"9,17E+18",9,7,61,0,2017,10,20,1,3,5,3,0,1,0,1,0,0,2,1,639614.1397,5360056.9617,10.885478299,48.378221906,2,#fc8d62,car
183660,"9,17E+18",9,1,87,177,2017,10,15,1,3,6,4,1,0,1,0,0,0,0,0,738258.7001,5304965.4656,12.185183173,47.853816985,1,#66c2a5,bicycle
183661,"9,17E+18",9,1,87,122,2017,10,0,1,3,0,1,1,0,0,0,0,0,2,1,716768.0916,5306694.1755,11.899149827,47.876958787,1,#66c2a5,bicycle
183662,"9,17E+18",9,1,74,137,2017,10,11,1,3,4,6,0,1,0,0,0,0,0,0,659332.9278,5353076.8926,11.148955234,48.310797993,2,#fc8d62,car
183663,"9,17E+18",9,1,62,0,2017,10,14,7,3,6,1,1,0,1,0,0,0,0,0,691967.8872,5338506.4284,11.582080124,48.170782172,1,#66c2a5,bicycle
183664,"9,17E+18",9,1,62,0,2017,10,15,7,3,4,3,0,1,0,0,0,0,0,0,693905592.0,5335099383.0,11.606563041,48.139572789,2,#fc8d62,car
183665,"9,17E+18",9,1,62,0,2017,10,11,7,3,2,6,0,1,0,0,0,0,0,0,691471.2088,5337437.9233,11.574925457,48.161328443,2,#fc8d62,car
183666,"9,17E+18",9,1,62,0,2017,10,22,7,3,5,3,0,1,0,0,0,0,2,0,689892.4503,5331554192.0,11.551093357,48.108918717,2,#fc8d62,car
183667,"9,17E+18",9,1,62,0,2017,10,15,7,3,5,2,1,1,0,0,0,0,0,0,685458.1715,5328735.2133,11.490355785,48.084886769,1,#66c2a5,bicycle
183668,"9,17E+18",9,1,62,0,2017,10,5,7,3,6,7,0,0,1,0,0,1,2,1,693809.3555,5333910.2988,11.60472983,48.128915016,3,#8da0cb,toilet
183674,"9,17E+18",9,7,62,0,2017,10,15,7,3,1,1,0,1,0,1,0,0,0,0,622072.6064,5304504.5985,10.63277097,47.882261605,2,#fc8d62,car
183675,"9,17E+18",9,7,62,0,2017,10,18,7,3,0,7,1,0,0,0,0,0,2,0,621338711.0,5306212742.0,10.623439085,47.897763354,1,#66c2a5,bicycle
183676,"9,17E+18",9,7,72,200,2017,10,12,7,2,0,1,0,0,0,1,0,0,0,0,630069.6776,5337495.2952,10.749702337,48.177375279,4,#e78ac3,marker
183677,"9,17E+18",9,7,72,207,2017,10,14,7,3,5,3,0,1,0,0,0,0,0,0,639978.5248,5381291.2433,10.897505043,48.569069671,2,#fc8d62,car
183678,"9,17E+18",9,7,71,130,2017,10,14,7,3,5,3,0,1,0,0,0,0,0,0,647364106.0,5360509457.0,10.990235709,48.380527946,2,#fc8d62,car
183679,"9,17E+18",9,7,61,0,2017,10,12,7,3,5,3,0,1,0,0,0,0,0,0,639195.9798,5361662.2814,10.880366079,48.392748901,2,#fc8d62,car
183680,"9,17E+18",9,7,61,0,2017,10,13,7,3,2,6,0,1,0,0,0,0,0,0,641760.6467,5361754.9331,10.915022893,48.393010684,2,#fc8d62,car
183700,"9,17E+18",9,2,74,113,2017,10,17,7,3,0,1,1,0,0,0,0,0,0,0,726951264.0,5384504.2157,12.076801114,48.572488672,1,#66c2a5,bicycle
183701,"9,17E+18",9,2,74,126,2017,10,11,7,2,5,3,0,1,0,0,0,0,0,0,733597.2909,5383834.1454,12.166384429,48.564028417,2,#fc8d62,car
183702,"9,17E+18",9,1,73,126,2017,10,11,7,3,5,3,0,1,0,0,0,0,0,0,684018.7149,5305854032.0,11.461242826,47.879627917,2,#fc8d62,car
183707,"9,17E+18",9,1,81,130,2017,10,12,7,3,6,7,0,1,1,0,0,0,0,0,641167.4023,5323792.8101,10.894371656,48.051792874,2,#fc8d62,car
183708,"9,17E+18",9,1,75,132,2017,10,15,7,3,5,3,1,1,0,0,0,0,0,0,707346.3792,5330537.7812,11.784807709,48.09434323,1,#66c2a5,bicycle
183709,"9,17E+18",9,1,62,0,2017,10,9,6,3,5,2,0,1,0,0,0,0,0,0,687820.7952,5334459.9926,11.524570316,48.135651011,2,#fc8d62,car
183710,"9,17E+18",9,1,62,0,2017,10,12,6,3,5,3,1,1,0,0,0,0,0,0,684870.1724,5332263.3199,11.483996015,48.11677018,1,#66c2a5,bicycle
183711,"9,17E+18",9,1,62,0,2017,10,17,6,3,2,7,0,1,0,0,0,0,0,1,686390372.0,5337573.5816,11.506726031,48.164057555,2,#fc8d62,car
183712,"9,17E+18",9,1,62,0,2017,10,13,6,3,5,2,1,1,0,0,0,0,0,0,686652.8842,5337393.9663,11.510174171,48.162366105,1,#66c2a5,bicycle
183713,"9,17E+18",9,1,62,0,2017,10,13,6,3,5,3,1,1,0,0,0,0,0,0,691931.0171,5336080.8888,11.580490442,48.14899305,1,#66c2a5,bicycle
183714,"9,17E+18",9,1,62,0,2017,10,23,6,2,5,6,1,1,0,0,0,0,2,0,687814.3496,5334466.6978,11.524486722,48.135713182,1,#66c2a5,bicycle
183715,"9,17E+18",9,1,62,0,2017,10,13,6,3,4,6,1,0,0,0,0,0,0,0,689398.9867,5332028.3666,11.544681294,48.113327575,1,#66c2a5,bicycle
183716,"9,17E+18",9,1,62,0,2017,10,13,6,2,2,6,1,0,0,0,0,0,0,0,691856.1144,5335794.9208,11.579355564,48.146445415,1,#66c2a5,bicycle
183717,"9,17E+18",9,1,62,0,2017,10,16,6,2,3,7,0,1,0,0,0,1,0,1,694594.0358,5336080.8164,11.616255933,48.148183331,2,#fc8d62,car
183718,"9,17E+18",9,1,84,149,2017,10,14,6,3,0,3,0,1,0,0,0,1,0,1,691436.2777,5350706.7177,11.580446904,48.280595248,2,#fc8d62,car
183719,"9,17E+18",9,1,62,0,2017,10,11,6,3,6,7,1,0,1,0,0,0,0,0,682969.0655,5335532.81,11.459880486,48.146707665,1,#66c2a5,bicycle
183720,"9,17E+18",9,1,62,0,2017,10,14,6,3,6,4,0,1,1,0,0,0,0,0,682526.0301,5335985215.0,11.454123874,48.150901468,2,#fc8d62,car
183721,"9,17E+18",9,1,62,0,2017,10,12,6,3,5,2,0,1,0,1,0,0,0,0,683815.4493,5337557.4056,11.472123109,48.164661864,2,#fc8d62,car
183722,"9,17E+18",9,1,62,0,2017,10,14,6,3,6,4,0,1,1,0,0,0,0,1,687356.1531,5334994.2438,11.518566158,48.140589967,2,#fc8d62,car
183723,"9,17E+18",9,1,62,0,2017,10,11,6,3,2,6,0,1,0,0,0,0,0,0,686288.7478,5333273.0541,11.50347904,48.125432674,2,#fc8d62,car
183724,"9,17E+18",9,1,62,0,2017,10,8,6,2,5,3,1,1,0,0,0,0,0,0,699921.2663,5335135.1138,11.687354241,48.138032386,1,#66c2a5,bicycle
183725,"9,17E+18",9,1,62,0,2017,10,15,6,3,1,1,1,1,0,0,0,0,0,1,692290.0591,5332515.0161,11.583703251,48.116835214,1,#66c2a5,bicycle
183726,"9,17E+18",9,1,62,0,2017,10,15,6,3,6,4,1,0,1,0,0,0,0,1,691048.6151,5334400.2035,11.567885036,48.134152829,1,#66c2a5,bicycle
183728,"9,17E+18",9,7,78,209,2017,10,15,6,3,0,7,1,0,0,0,0,0,0,1,617411.1966,5323590.7391,10.575661448,48.054788841,1,#66c2a5,bicycle
183731,"9,17E+18",9,7,72,163,2017,10,16,6,3,0,1,1,0,0,0,0,0,0,1,639805.4479,5349455.5903,10.884543492,48.282854284,1,#66c2a5,bicycle
183732,"9,17E+18",9,7,61,0,2017,10,14,6,2,4,6,0,1,0,0,0,1,0,1,643995.2616,5357685.3139,10.943798162,48.355912782,2,#fc8d62,car
183733,"9,17E+18",9,7,61,0,2017,10,17,6,3,5,3,0,1,0,0,0,0,0,0,642425.8338,5360231.5529,10.923487139,48.379163326,2,#fc8d62,car
183734,"9,17E+18",9,7,61,0,2017,10,12,6,3,3,6,1,1,0,0,0,0,0,1,640251.8397,5358600.2914,10.893599633,48.364982559,1,#66c2a5,bicycle
183735,"9,17E+18",9,7,61,0,2017,10,22,6,3,5,3,0,1,0,0,0,0,2,1,639973674.0,5359177909.0,10.890038368,48.370238072,2,#fc8d62,car
183760,"9,17E+18",9,2,74,126,2017,10,19,6,3,5,3,0,1,0,1,0,0,2,1,733373.3616,5384343.7891,12.163639729,48.568689709,2,#fc8d62,car
183761,"9,17E+18",9,2,61,0,2017,10,14,6,3,2,6,0,1,0,0,0,0,0,0,732219.22,5379350.1453,12.145235073,48.524261633,2,#fc8d62,car
183762,"9,17E+18",9,1,90,157,2017,10,14,6,3,5,3,0,1,0,0,0,0,0,0,660303.2006,5302086.3778,11.142898004,47.852112246,2,#fc8d62,car
183765,"9,17E+18",9,1,63,0,2017,10,15,6,3,5,3,1,1,0,0,0,0,0,0,732232.1798,5305120.97,12.104824456,47.857419737,1,#66c2a5,bicycle
183766,"9,17E+18",9,1,87,122,2017,10,13,6,3,0,1,1,0,0,0,0,0,0,0,721859.7693,5306204.9411,11.966903602,47.870824158,1,#66c2a5,bicycle
183767,"9,17E+18",9,1,86,143,2017,10,17,6,2,0,7,0,0,0,1,0,0,0,1,685893.3542,5384335.1417,11.520722711,48.584493799,4,#e78ac3,marker
183768,"9,17E+18",9,1,86,143,2017,10,23,6,3,8,1,0,1,0,0,0,0,2,1,685481.7093,5377961.6652,11.512306755,48.527333262,2,#fc8d62,car
183769,"9,17E+18",9,1,86,152,2017,10,2,6,3,0,1,0,0,0,1,0,0,2,1,690785.0478,5376039.7255,11.583185304,48.508471035,4,#e78ac3,marker
183772,"9,17E+18",9,1,81,130,2017,10,22,6,3,5,3,0,1,0,0,0,0,2,1,638660.2139,5325025.8547,10.861145146,48.063430519,2,#fc8d62,car
183773,"9,17E+18",9,1,79,126,2017,10,7,6,3,6,4,0,1,1,0,0,0,0,1,676243.1059,5341543.6784,11.372029198,48.202639639,2,#fc8d62,car
183774,"9,17E+18",9,1,74,126,2017,10,7,6,3,0,6,1,0,0,0,0,0,0,0,683646.4929,5344954.0049,11.473052662,48.231194997,1,#66c2a5,bicycle
183775,"9,17E+18",9,1,74,115,2017,10,21,6,3,2,6,0,1,0,0,0,0,2,1,682283.8962,5347773.1741,11.455934517,48.256928258,2,#fc8d62,car
183777,"9,17E+18",9,1,62,0,2017,10,11,5,3,5,2,1,1,0,0,0,0,0,0,686221942.0,5333339.5494,11.502611198,48.126049906,1,#66c2a5,bicycle
183780,"9,17E+18",9,1,62,0,2017,10,8,5,3,3,6,0,1,0,0,0,0,0,0,686230.1744,5332841.5609,11.502504153,48.121571378,2,#fc8d62,car
183781,"9,17E+18",9,1,84,134,2017,10,12,5,3,5,6,1,0,0,0,0,0,0,0,692369.4946,5322380.7786,11.580209026,48.025725453,1,#66c2a5,bicycle
183782,"9,17E+18",9,1,62,0,2017,10,7,5,3,2,6,0,1,0,0,0,0,0,0,689230.6315,5333434.9417,11.543045942,48.126020096,2,#fc8d62,car
183783,"9,17E+18",9,1,79,142,2017,10,19,7,3,0,1,1,0,0,0,0,0,2,0,673275.7584,5343658.2988,11.332990577,48.222465593,1,#66c2a5,bicycle
183784,"9,17E+18",9,1,74,113,2017,10,16,7,3,9,1,0,1,0,0,0,0,0,0,678263.3205,5345377.5069,11.400806095,48.236537679,2,#fc8d62,car
183785,"9,17E+18",9,1,74,113,2017,10,15,7,3,6,7,0,1,1,0,0,0,0,0,674748.9756,5345385199.0,11.353520823,48.237585029,2,#fc8d62,car
183786,"9,17E+18",9,1,78,124,2017,10,10,7,3,5,7,1,1,0,0,0,0,0,0,702288.4038,5362945588.0,11.732433958,48.387205444,1,#66c2a5,bicycle
183787,"9,17E+18",9,1,77,139,2017,10,15,7,3,5,3,0,1,0,1,0,0,0,0,731460.3858,5359476.5771,12.123998352,48.346016181,2,#fc8d62,car
183788,"9,17E+18",9,1,62,0,2017,10,16,6,3,3,2,1,0,0,0,0,0,0,0,690700.9371,5340283.1471,11.565853951,48.18713248,1,#66c2a5,bicycle
183789,"9,17E+18",9,1,62,0,2017,10,8,6,3,0,7,1,0,0,0,0,0,0,0,689049.1844,5337509411.0,11.542419065,48.162695736,1,#66c2a5,bicycle
183790,"9,17E+18",9,1,62,0,2017,10,19,6,3,2,6,0,1,0,0,0,0,2,0,686754.6976,5337077.3163,11.511403015,48.159490068,2,#fc8d62,car
183791,"9,17E+18",9,1,62,0,2017,10,15,6,3,1,5,0,1,0,0,0,0,0,0,686260.3141,5331649.0384,11.502387883,48.110843679,2,#fc8d62,car
183792,"9,17E+18",9,1,62,0,2017,10,8,6,3,5,3,1,1,0,0,0,0,0,0,683357.0143,5334839.7281,11.464792705,48.14036611,1,#66c2a5,bicycle
183793,"9,17E+18",9,1,62,0,2017,10,17,6,3,6,2,0,1,1,0,0,0,0,0,692002.8866,5341260.5875,11.583794969,48.19552528,2,#fc8d62,car
183794,"9,17E+18",9,1,62,0,2017,10,7,6,3,5,2,1,1,0,0,0,0,1,0,687450.1273,5336043.6053,11.520290159,48.149994208,1,#66c2a5,bicycle
183795,"9,17E+18",9,1,62,0,2017,10,20,6,3,5,3,0,1,0,0,0,0,2,0,686605345.0,5339383607.0,11.510408759,48.180263496,2,#fc8d62,car
183796,"9,17E+18",9,1,62,0,2017,10,15,6,3,3,7,0,1,0,0,0,0,0,0,690641458.0,5335217.2609,11.562783821,48.141618602,2,#fc8d62,car
183797,"9,17E+18",9,1,62,0,2017,10,7,6,3,6,4,0,1,1,0,0,0,0,0,686519589.0,5338321168.0,11.508790019,48.170739182,2,#fc8d62,car
183798,"9,17E+18",9,1,62,0,2017,10,14,6,3,6,7,0,0,1,0,0,1,0,0,688585.5042,5332031.8481,11.533764347,48.113600262,3,#8da0cb,toilet
183799,"9,17E+18",9,1,62,0,2017,10,16,6,3,3,7,0,1,0,0,0,1,0,0,690746454.0,5337368.6626,11.565157974,48.160923772,2,#fc8d62,car