OBJECTID,UIDENTSTLA,ULAND,UREGBEZ,UKREIS,UGEMEINDE,UJAHR,UMONAT,USTUNDE,UWOCHENTAG,UKATEGORIE,UART,UTYP1,IstRad,IstPKW,IstFuss,IstKrad,IstGkfz,IstSonstig,ULICHTVERH,STRZUSTAND,LINREFX,LINREFY,XGCSWGS84,YGCSWGS84,Teilnehmer,color,symbol
183800,"9,17E+18",9,1,62,0,2017,10,2,6,3,5,3,1,0,0,0,0,1,2,0,687819.9208,5334446043.0,11.524552424,48.135525887,1,#66c2a5,bicycle
183801,"9,17E+18",9,1,62,0,2017,10,6,6,3,6,7,0,1,1,0,0,0,2,0,688172.6222,5339264.1864,11.531419253,48.178727922,2,#fc8d62,car
183802,"9,17E+18",9,1,62,0,2017,10,15,6,3,6,4,1,0,1,0,0,0,0,0,684733.2278,5333988.6292,11.482905516,48.132317926,1,#66c2a5,bicycle
183803,"9,17E+18",9,1,62,0,2017,10,19,6,3,6,7,1,0,1,0,0,0,2,0,690452.3212,5338181.9306,11.561570754,48.168321536,1,#66c2a5,bicycle
183804,"9,17E+18",9,1,62,0,2017,10,8,6,3,4,2,1,1,0,0,0,0,0,0,689338381.0,5335460.8899,11.545392941,48.144197462,1,#66c2a5,bicycle
183805,"9,17E+18",9,1,84,146,2017,10,8,6,3,5,3,1,1,0,0,0,0,0,0,697930.6263,5328182.3796,11.65740053,48.076168228,1,#66c2a5,bicycle
183806,"9,17E+18",9,1,62,0,2017,10,16,6,3,0,7,1,0,0,0,0,0,0,0,694308.1976,5330846.0531,11.610030756,48.101222556,1,#66c2a5,bicycle
183807,"9,17E+18",9,1,62,0,2017,10,16,6,3,5,3,1,1,0,0,0,0,0,0,692052.2893,5330100.9574,11.579425225,48.095209675,1,#66c2a5,bicycle
183808,"9,17E+18",9,1,62,0,2017,10,18,6,2,2,7,1,0,0,0,0,0,0,0,691375.8791,5334466.8915,11.572309157,48.134653889,1,#66c2a5,bicycle
183809,"9,17E+18",9,1,62,0,2017,10,12,6,3,5,3,1,1,0,0,0,0,0,0,691812.9795,5334652.6398,11.578261757,48.13619178,1,#66c2a5,bicycle
183814,"9,17E+18",9,7,78,116,2017,10,16,6,3,0,6,1,1,0,0,0,0,0,0,619699.9709,5319305.0756,10.605166584,48.01582007,1,#66c2a5,bicycle
183821,"9,17E+18",9,7,72,147,2017,10,8,6,3,6,2,0,1,1,0,0,0,0,0,639046.3051,5363761.7403,10.879040713,48.411659651,2,#fc8d62,car
183822,"9,17E+18",9,7,72,163,2017,10,11,6,3,6,4,0,1,1,0,0,0,0,0,640938.08,5348387.7773,10.89944633,48.273001577,2,#fc8d62,car
183823,"9,17E+18",9,7,72,202,2017,10,15,6,3,4,6,1,0,0,0,0,0,0,0,637201183.0,5358355886.0,10.852354338,48.363455337,1,#66c2a5,bicycle
183824,"9,17E+18",9,7,61,0,2017,10,12,6,3,1,6,0,1,0,0,0,0,0,0,637487.3808,5359472.3226,10.856581178,48.373431933,2,#fc8d62,car
183825,"9,17E+18",9,7,61,0,2017,10,18,6,3,5,1,0,1,0,0,0,0,0,0,639094.7586,5355113.0172,10.876833949,48.333881708,2,#fc8d62,car
183826,"9,17E+18",9,7,61,0,2017,10,15,6,3,4,6,1,0,0,0,0,0,0,0,641039.7445,5357827.5496,10.903972327,48.357858788,1,#66c2a5,bicycle
183827,"9,17E+18",9,7,61,0,2017,10,9,6,3,4,2,1,1,0,0,0,0,0,0,639837.2708,5360021101.0,10.888478036,48.377850044,1,#66c2a5,bicycle
183828,"9,17E+18",9,7,61,0,2017,10,16,6,3,3,7,0,1,0,0,0,1,0,0,639655.5707,5360045.5463,10.886033713,48.378110093,2,#fc8d62,car
183829,"9,17E+18",9,7,71,113,2017,10,8,6,3,6,2,0,1,1,0,0,0,0,0,657689294.0,5369495.8004,11.132964897,48.458821796,2,#fc8d62,car
183861,"9,17E+18",9,2,61,0,2017,10,12,6,3,6,4,1,0,1,0,0,0,0,0,731250.2438,5382550.5929,12.133907341,48.553368465,1,#66c2a5,bicycle
183866,"9,17E+18",9,1,73,147,2017,10,15,6,3,6,6,0,1,1,0,0,0,0,0,681448.4878,5310186.0141,11.428720002,47.919300697,2,#fc8d62,car
183868,"9,17E+18",9,1,73,126,2017,10,17,6,3,5,3,1,1,0,0,0,0,0,0,685305.0216,5302179.4537,11.476855605,47.846227272,1,#66c2a5,bicycle
183869,"9,17E+18",9,1,73,126,2017,10,6,6,3,5,2,1,1,0,0,0,0,2,0,684704.8744,5305589.6319,11.470298324,47.877054209,1,#66c2a5,bicycle
183874,"9,17E+18",9,1,63,0,2017,10,13,6,3,5,3,1,1,0,0,0,0,0,0,732740.9412,5303872.4763,12.1109444,47.846019056,1,#66c2a5,bicycle
183878,"9,17E+18",9,1,88,139,2017,10,17,6,3,0,7,1,0,0,0,0,0,0,0,674731.8657,5318713.2169,11.342360328,47.997823574,1,#66c2a5,bicycle
183879,"9,17E+18",9,1,79,142,2017,10,16,6,3,2,2,1,1,0,0,0,0,0,0,672464.5862,5342763.3627,11.321714277,48.214641639,1,#66c2a5,bicycle
183880,"9,17E+18",9,1,81,128,2017,10,15,6,3,5,3,1,1,0,0,0,0,0,0,638301.6838,5327264622.0,10.857059942,48.08364011,1,#66c2a5,bicycle
183881,"9,17E+18",9,1,79,121,2017,10,18,6,3,0,7,0,1,0,0,0,1,0,0,666401.5528,5338591.0458,11.238524373,48.178751331,2,#fc8d62,car
183882,"9,17E+18",9,1,79,121,2017,10,5,6,3,5,3,0,1,0,0,0,0,2,0,667073.4882,5338514.6622,11.247526382,48.17788832,2,#fc8d62,car
183883,"9,17E+18",9,1,74,113,2017,10,7,6,3,0,1,1,0,0,0,0,0,0,0,676894.4139,5350118.6148,11.384368678,48.279538781,1,#66c2a5,bicycle
183884,"9,17E+18",9,1,74,115,2017,10,13,6,3,5,3,0,1,0,0,0,0,0,0,680524.5283,5348126496.0,11.432403362,48.2606078,2,#fc8d62,car
183885,"9,17E+18",9,1,74,115,2017,10,11,6,3,6,4,0,1,1,0,0,0,0,0,681227.3867,5347838.8031,11.441741599,48.2578212,2,#fc8d62,car
183886,"9,17E+18",9,1,75,132,2017,10,13,6,2,0,1,1,0,0,0,0,0,0,0,707923.7953,5331714.5643,11.793126499,48.104730082,1,#66c2a5,bicycle
183887,"9,17E+18",9,1,78,145,2017,10,14,6,3,8,3,0,1,0,1,0,0,0,0,697679.8064,5353898.0526,11.666006574,48.30735737,2,#fc8d62,car
183888,"9,17E+18",9,1,78,124,2017,10,19,6,3,4,2,0,1,0,1,0,0,2,0,703009.61,5363868579.0,11.742610172,48.395268007,2,#fc8d62,car
183889,"9,17E+18",9,1,62,0,2017,10,22,5,3,5,3,0,1,0,0,0,1,2,0,682673.0762,5337591.9668,11.456788945,48.165301799,2,#fc8d62,car
183890,"9,17E+18",9,1,62,0,2017,10,8,5,3,1,3,1,0,0,0,0,0,0,0,691436.3938,5332792667.0,11.572369657,48.119587916,1,#66c2a5,bicycle
183891,"9,17E+18",9,1,62,0,2017,10,13,5,3,5,3,0,1,0,0,0,0,0,0,687788.7007,5339313.0537,11.526281302,48.179280724,2,#fc8d62,car
183892,"9,17E+18",9,1,62,0,2017,10,7,5,3,2,6,0,1,0,0,0,0,0,0,682711.0575,5337561.1951,11.457286052,48.165014288,2,#fc8d62,car
183893,"9,17E+18",9,1,84,145,2017,10,19,5,2,0,1,0,0,0,1,0,0,2,0,695732.0672,5324130.5747,11.626061319,48.040430693,4,#e78ac3,marker
183894,"9,17E+18",9,1,84,131,2017,10,6,5,3,5,3,1,0,0,1,0,0,0,0,703820.2227,5339317.2325,11.741705794,48.174378759,1,#66c2a5,bicycle
183895,"9,17E+18",9,1,62,0,2017,10,11,5,3,3,3,1,0,0,0,0,1,0,0,686814.4996,5334850.5394,11.511229119,48.139457569,1,#66c2a5,bicycle
183896,"9,17E+18",9,1,84,149,2017,10,9,5,2,5,3,1,0,0,0,0,0,0,0,691753.1992,5350416.2344,11.58458252,48.277888609,1,#66c2a5,bicycle
183897,"9,17E+18",9,1,62,0,2017,10,16,5,3,9,1,0,1,0,1,0,0,0,0,690351855.0,5336019819.0,11.559253543,48.14891868,2,#fc8d62,car
183898,"9,17E+18",9,1,84,136,2017,10,16,5,3,6,4,0,1,1,0,0,0,0,0,699703.9078,5326786.9753,11.680529772,48.063074602,2,#fc8d62,car
183899,"9,17E+18",9,1,84,123,2017,10,8,5,3,3,2,1,1,0,0,0,0,0,0,702603.9749,5331443.1079,11.721618957,48.104004517,1,#66c2a5,bicycle
183900,"9,17E+18",9,1,62,0,2017,10,8,5,3,6,4,0,1,1,0,0,0,0,0,698427.8075,5333086505.0,11.66634782,48.120088513,2,#fc8d62,car
183901,"9,17E+18",9,1,62,0,2017,10,12,5,2,6,7,0,0,1,0,0,1,0,0,694476.4041,5333678.2764,11.613579194,48.126626246,3,#8da0cb,toilet
183902,"9,17E+18",9,1,62,0,2017,10,12,5,3,4,6,1,0,0,0,0,0,0,0,690937.1792,5335070.7369,11.566689358,48.140212981,1,#66c2a5,bicycle
183907,"9,17E+18",9,1,81,131,2017,10,20,5,3,9,1,0,0,0,1,0,0,2,0,636090.9536,5333845.3886,10.829491079,48.143292939,4,#e78ac3,marker
183908,"9,17E+18",9,7,61,0,2017,10,14,5,3,0,2,0,1,1,0,0,0,0,0,644071332.0,5357433457.0,10.94473821,48.353630874,2,#fc8d62,car
183909,"9,17E+18",9,7,61,0,2017,10,10,5,3,0,1,0,0,0,1,0,0,0,1,640067328.0,5359906.3234,10.891544913,48.376766971,4,#e78ac3,marker
183910,"9,17E+18",9,7,61,0,2017,10,7,5,3,6,4,1,0,1,0,0,0,0,0,639457.9568,5359771.1518,10.883275426,48.375686522,1,#66c2a5,bicycle
183941,"9,17E+18",9,1,63,0,2017,10,7,5,3,5,2,1,1,0,0,0,0,0,0,732683.6029,5304859.7697,12.11071006,47.854909801,1,#66c2a5,bicycle
183945,"9,17E+18",9,1,74,126,2017,10,18,5,3,5,3,1,1,0,0,0,0,1,0,683744.2506,5344169.8575,11.47402789,48.22411843,1,#66c2a5,bicycle
183946,"9,17E+18",9,1,74,115,2017,10,19,5,3,5,3,1,1,0,0,0,0,2,0,682910464.0,5348418.2303,11.46464711,48.262545768,1,#66c2a5,bicycle
183947,"9,17E+18",9,1,78,145,2017,10,8,5,3,0,3,1,1,0,0,0,0,0,0,697835.0609,5354653.2804,11.66845215,48.314096017,1,#66c2a5,bicycle
183948,"9,17E+18",9,1,77,117,2017,10,13,5,3,4,6,0,1,0,1,0,0,0,0,716099.5748,5354560.2036,11.914443896,48.307283634,2,#fc8d62,car
183949,"9,17E+18",9,1,77,137,2017,10,12,5,3,5,3,0,1,0,1,0,0,0,0,734145.6231,5348137062.0,12.153897792,48.243163346,2,#fc8d62,car
183950,"9,17E+18",9,1,62,0,2017,10,9,4,3,5,3,1,1,0,0,0,0,0,0,686765.6204,5337180.6038,11.511595099,48.160415237,1,#66c2a5,bicycle
183951,"9,17E+18",9,1,62,0,2017,10,10,4,3,3,6,0,1,0,0,0,0,0,0,694587.4824,5341639.0428,11.618712035,48.198139984,2,#fc8d62,car
183952,"9,17E+18",9,1,62,0,2017,10,12,4,3,1,6,0,1,0,0,0,1,0,0,689605534.0,5342328.9344,11.552044273,48.205847798,2,#fc8d62,car
183953,"9,17E+18",9,1,62,0,2017,10,22,4,3,1,5,0,1,0,0,0,0,2,0,690808.0982,5335148.3291,11.564990744,48.140949096,2,#fc8d62,car
183954,"9,17E+18",9,1,62,0,2017,10,19,4,3,3,6,0,1,0,0,0,1,1,0,692644.2632,5338029.1803,11.590951929,48.166288168,2,#fc8d62,car
183955,"9,17E+18",9,1,62,0,2017,10,18,4,3,3,7,0,1,0,1,0,0,0,0,690971.0412,5339447.7561,11.569108893,48.179542976,2,#fc8d62,car
183956,"9,17E+18",9,1,62,0,2017,10,19,4,3,1,7,1,1,0,0,0,0,2,0,693116.8357,5339065.9576,11.597771893,48.175462993,1,#66c2a5,bicycle
183957,"9,17E+18",9,1,62,0,2017,10,17,4,3,3,2,1,1,0,0,0,0,0,0,693614.3112,5334680.9894,11.602461528,48.135901098,1,#66c2a5,bicycle
183958,"9,17E+18",9,1,62,0,2017,10,7,4,3,3,2,0,1,0,1,0,0,0,0,688409.7128,5332395.0889,11.531565352,48.116917177,2,#fc8d62,car
183959,"9,17E+18",9,1,62,0,2017,10,11,4,2,6,4,0,1,1,0,0,0,0,0,690981.4025,5342275.3277,11.570519726,48.204953578,2,#fc8d62,car
183960,"9,17E+18",9,1,62,0,2017,10,16,4,3,3,6,1,0,0,0,0,1,0,0,691293.5562,5336057.1528,11.571918159,48.148971736,1,#66c2a5,bicycle
183961,"9,17E+18",9,1,62,0,2017,10,18,4,3,5,3,1,1,0,0,0,0,1,0,688606.5949,5330518.0062,11.53337822,48.099987285,1,#66c2a5,bicycle
183962,"9,17E+18",9,1,62,0,2017,10,6,4,3,0,3,1,1,0,0,0,0,1,0,691572589.0,5335404914.0,11.575372306,48.143025533,1,#66c2a5,bicycle
183963,"9,17E+18",9,1,62,0,2017,10,14,4,3,0,1,1,1,0,0,0,0,0,0,686550.5802,5339317.9661,11.509643923,48.17968958,1,#66c2a5,bicycle
183964,"9,17E+18",9,1,62,0,2017,10,19,4,3,6,4,0,1,1,0,0,0,2,0,689917424.0,5342180713.0,11.556171571,48.204422371,2,#fc8d62,car
183965,"9,17E+18",9,1,62,0,2017,10,11,4,3,0,5,0,1,0,0,0,0,0,0,688585.4861,5341776.3125,11.538083143,48.201184654,2,#fc8d62,car
183966,"9,17E+18",9,1,62,0,2017,10,18,4,3,0,5,1,1,0,0,0,0,0,0,688017.4108,5330440.7783,11.525438217,48.099467265,1,#66c2a5,bicycle
183967,"9,17E+18",9,1,62,0,2017,10,10,4,3,9,7,0,1,0,0,0,0,0,0,688987.0698,5334510.7671,11.540253249,48.135762106,2,#fc8d62,car
183968,"9,17E+18",9,1,62,0,2017,10,9,4,3,5,2,1,1,0,0,0,0,0,0,690688.3109,5336212.3281,11.563858692,48.150548167,1,#66c2a5,bicycle
183969,"9,17E+18",9,1,62,0,2017,10,17,4,3,5,3,1,0,0,0,0,1,0,0,693054.07,5338219.3018,11.596544032,48.167872602,1,#66c2a5,bicycle
183970,"9,17E+18",9,1,62,0,2017,10,8,4,3,3,6,1,0,0,0,0,0,0,0,690742.3657,5335682.4125,11.564347279,48.145769114,1,#66c2a5,bicycle
183980,"9,17E+18",9,7,61,0,2017,10,16,4,3,6,2,0,1,1,0,0,0,0,0,636971.9409,5360825.1277,10.850065512,48.385708305,2,#fc8d62,car
183981,"9,17E+18",9,7,61,0,2017,10,9,4,3,0,6,1,0,0,0,0,1,0,0,639251.5703,5360975.8702,10.880889072,48.386564611,1,#66c2a5,bicycle
183982,"9,17E+18",9,7,61,0,2017,10,16,4,3,5,3,1,1,0,0,0,0,0,0,639599.83,5358839.7617,10.884881019,48.367280344,1,#66c2a5,bicycle
183983,"9,17E+18",9,7,61,0,2017,10,21,4,3,0,3,1,1,0,0,0,0,2,0,640103.2085,5359047.1692,10.891742899,48.369033757,1,#66c2a5,bicycle
183984,"9,17E+18",9,7,61,0,2017,10,16,4,3,0,1,1,0,0,0,0,0,0,0,640656.5252,5359307.7942,10.899296971,48.37125414,1,#66c2a5,bicycle
184010,"9,17E+18",9,2,61,0,2017,10,16,4,3,5,3,1,1,0,0,0,0,0,0,735048.9544,5382242.4742,12.185131427,48.549188928,1,#66c2a5,bicycle
184011,"9,17E+18",9,2,61,0,2017,10,12,4,3,5,3,1,1,0,0,0,0,0,0,731480.5467,5382885.0481,12.137209465,48.556287869,1,#66c2a5,bicycle
184021,"9,17E+18",9,1,79,126,2017,10,11,4,3,5,3,0,1,0,0,0,1,0,0,677302.5082,5339903.5994,11.385589871,48.187601883,2,#fc8d62,car
184022,"9,17E+18",9,1,79,121,2017,10,21,4,2,5,3,0,1,0,0,0,1,2,0,667689.8416,5338227.4503,11.25569779,48.175143946,2,#fc8d62,car
184023,"9,17E+18",9,1,74,115,2017,10,22,4,2,4,1,0,1,0,0,0,0,2,0,681539.0548,5347064755.0,11.445604827,48.250774394,2,#fc8d62,car
184024,"9,17E+18",9,1,62,0,2017,10,15,3,3,4,6,1,1,0,0,0,0,0,0,680194.9003,5336463.0488,11.423012639,48.155861368,1,#66c2a5,bicycle
184025,"9,17E+18",9,1,62,0,2017,10,17,3,3,6,4,0,1,1,0,0,0,0,0,685637.9091,5328016.9082,11.492454848,48.078377947,2,#fc8d62,car
184026,"9,17E+18",9,1,62,0,2017,10,18,3,3,1,5,1,1,0,0,0,0,0,0,691494.1828,5336245351.0,11.574697401,48.150602869,1,#66c2a5,bicycle
184027,"9,17E+18",9,1,62,0,2017,10,10,3,3,2,6,1,1,0,0,0,0,0,0,683664.6844,5336426.1061,11.469609028,48.154536676,1,#66c2a5,bicycle
184028,"9,17E+18",9,1,62,0,2017,10,15,3,3,2,6,0,1,0,1,0,0,0,0,690744.8791,5342256.4156,11.567331052,48.204854708,2,#fc8d62,car
184029,"9,17E+18",9,1,62,0,2017,10,14,3,3,3,6,0,1,0,1,0,0,0,0,689088.5626,5334943.9135,11.541808352,48.139625125,2,#fc8d62,car
184030,"9,17E+18",9,1,62,0,2017,10,16,3,3,6,4,0,1,1,0,0,0,0,0,697951.8328,5331142094.0,11.65905679,48.102761639,2,#fc8d62,car
184031,"9,17E+18",9,1,62,0,2017,10,14,3,3,1,5,1,1,0,0,0,0,0,0,691995.5315,5339743.4032,11.583010312,48.181891453,1,#66c2a5,bicycle
184032,"9,17E+18",9,1,62,0,2017,10,9,3,2,6,4,0,1,1,0,0,0,0,0,689618.5329,5342531515.0,11.552309579,48.207664695,2,#fc8d62,car
184033,"9,17E+18",9,1,62,0,2017,10,13,3,3,2,6,0,1,0,0,0,0,0,0,688826458.0,5335635677.0,11.538595378,48.145920614,2,#fc8d62,car
184034,"9,17E+18",9,1,62,0,2017,10,9,3,3,1,2,0,1,0,0,0,1,0,0,693930.9275,5334371.2283,11.606571745,48.133020668,2,#fc8d62,car
184035,"9,17E+18",9,1,62,0,2017,10,18,3,3,4,2,0,1,0,1,0,0,0,0,690141516.0,5335251594.0,11.556085401,48.142076787,2,#fc8d62,car
184036,"9,17E+18",9,1,62,0,2017,10,13,3,3,5,4,1,0,1,0,0,0,0,0,692263.8075,5334268.9886,11.584142051,48.132607552,1,#66c2a5,bicycle
184037,"9,17E+18",9,1,62,0,2017,10,9,3,3,3,2,0,1,0,0,0,1,0,0,690680.6388,5337774.2006,11.564455606,48.164588452,2,#fc8d62,car
184038,"9,17E+18",9,7,61,0,2017,10,15,3,3,5,3,0,1,0,0,0,0,0,0,638653.2377,5358597.2215,10.872027266,48.365308119,2,#fc8d62,car
184061,"9,17E+18",9,7,72,147,2017,10,17,3,3,1,7,1,1,0,0,0,0,0,0,639019.0546,5365118.3369,10.879122315,48.423863755,1,#66c2a5,bicycle
184075,"9,17E+18",9,2,74,132,2017,10,16,3,3,4,3,0,1,0,0,0,0,0,0,725825.6552,5386141.0755,12.062452859,48.587599787,2,#fc8d62,car
184076,"9,17E+18",9,2,61,0,2017,10,17,3,2,0,1,0,0,0,1,0,0,0,0,733043.6681,5381054.9097,12.157336864,48.539269546,4,#e78ac3,marker
184077,"9,17E+18",9,2,61,0,2017,10,17,3,3,5,3,1,1,0,0,0,0,0,0,731895.3509,5380537.5432,12.141515739,48.535047507,1,#66c2a5,bicycle
184078,"9,17E+18",9,2,61,0,2017,10,18,3,3,4,2,1,1,0,0,0,0,1,0,731685.7045,5381890.1292,12.139432096,48.547274963,1,#66c2a5,bicycle
184079,"9,17E+18",9,2,61,0,2017,10,13,3,3,6,4,0,1,1,0,0,0,0,0,732513.8529,5380646.6529,12.149942352,48.535798801,2,#fc8d62,car
184086,"9,17E+18",9,1,63,0,2017,10,8,3,3,2,3,1,1,0,0,0,0,0,0,734566.5949,5304874.2582,12.13585251,47.854355552,1,#66c2a5,bicycle
184089,"9,17E+18",9,1,88,121,2017,10,17,3,3,6,6,0,1,1,0,0,0,0,0,671178.5154,5330053.8955,11.299302162,48.100735936,2,#fc8d62,car
184090,"9,17E+18",9,1,79,121,2017,10,9,3,3,0,7,1,0,0,0,0,0,0,1,666826.0533,5338396.2602,11.244153982,48.176888897,1,#66c2a5,bicycle
184091,"9,17E+18",9,1,74,115,2017,10,22,3,3,5,3,0,1,0,0,0,0,2,0,681499.7091,5348137.1173,11.445535192,48.260424679,2,#fc8d62,car
184092,"9,17E+18",9,1,74,113,2017,10,17,3,3,5,2,0,1,0,0,0,0,0,0,677824.2807,5346910.9619,11.395542513,48.250445071,2,#fc8d62,car
184093,"9,17E+18",9,1,74,143,2017,10,12,3,3,1,1,0,1,0,1,0,0,0,0,673910.0053,5356187.6904,11.346678151,48.334921395,2,#fc8d62,car
184094,"9,17E+18",9,1,75,132,2017,10,6,3,3,4,5,0,1,0,0,0,1,2,0,707329.5798,5330475.7963,11.784552259,48.093791674,2,#fc8d62,car
184095,"9,17E+18",9,1,62,0,2017,10,15,2,3,6,4,0,1,1,0,0,0,0,0,691490.3008,5332105.0723,11.572784494,48.11339166,2,#fc8d62,car
184096,"9,17E+18",9,1,62,0,2017,10,8,2,3,6,4,0,1,1,0,0,0,0,0,689812.8305,5334903.6198,11.551516315,48.139047325,2,#fc8d62,car
184097,"9,17E+18",9,1,62,0,2017,10,6,2,3,6,3,0,1,1,0,0,0,1,0,690471.8794,5342218.5398,11.563643433,48.20459625,2,#fc8d62,car
184098,"9,17E+18",9,1,62,0,2017,10,14,2,3,3,6,1,1,0,0,0,0,0,0,694731.2758,5336528.3193,11.61830381,48.152163287,1,#66c2a5,bicycle
184099,"9,17E+18",9,1,62,0,2017,10,20,2,2,0,5,1,1,0,0,0,0,2,0,684892.1198,5328460.7021,11.482643367,48.082583716,1,#66c2a5,bicycle
184100,"9,17E+18",9,1,62,0,2017,10,18,2,3,1,5,1,1,0,0,0,0,0,0,690127.7156,5336366.7152,11.556398088,48.152103612,1,#66c2a5,bicycle
184101,"9,17E+18",9,1,88,127,2017,10,15,2,3,3,6,1,1,0,0,0,0,0,0,680207.3067,5329993.5658,11.42044373,48.097704051,1,#66c2a5,bicycle
184102,"9,17E+18",9,1,62,0,2017,10,10,2,2,0,7,0,0,0,0,0,1,0,0,692275796.0,5336395122.0,11.585263011,48.151713187,6,#ffd92f,circle
184103,"9,17E+18",9,1,62,0,2017,10,12,2,3,0,7,0,1,0,1,0,1,0,0,691456265.0,5335178.2306,11.573708246,48.141023145,2,#fc8d62,car
184104,"9,17E+18",9,1,62,0,2017,10,14,2,3,0,7,0,1,0,0,0,1,0,0,690428.2983,5333460.1112,11.559135878,48.125889192,2,#fc8d62,car
184105,"9,17E+18",9,1,62,0,2017,10,20,2,3,5,2,1,1,0,0,0,0,2,0,691781.2933,5342953.1583,11.581580925,48.210804601,1,#66c2a5,bicycle
184106,"9,17E+18",9,1,62,0,2017,10,15,2,3,5,3,0,1,0,0,0,0,0,0,683143.0877,5337546.0684,11.46308436,48.164754007,2,#fc8d62,car
184107,"9,17E+18",9,1,62,0,2017,10,15,2,3,0,1,1,0,0,0,0,0,0,0,683087.8404,5335738.1252,11.461564099,48.148518996,1,#66c2a5,bicycle
184108,"9,17E+18",9,1,62,0,2017,10,8,2,3,0,5,1,1,0,0,0,0,0,0,689633.5884,5343094.0357,11.552763454,48.212716087,1,#66c2a5,bicycle
184109,"9,17E+18",9,1,62,0,2017,10,12,2,3,0,7,1,0,0,0,0,0,0,1,686228177.0,5343335.4881,11.507073296,48.215894681,1,#66c2a5,bicycle
184110,"9,17E+18",9,1,62,0,2017,10,16,2,3,3,6,0,1,0,1,0,0,0,0,688666.3837,5337892.9761,11.537446377,48.166256964,2,#fc8d62,car
184111,"9,17E+18",9,1,84,129,2017,10,8,2,3,0,3,1,1,0,0,0,0,0,0,699466.4075,5326320.7417,11.677128108,48.058958734,1,#66c2a5,bicycle
184112,"9,17E+18",9,1,62,0,2017,10,16,2,3,6,4,0,1,1,0,0,0,0,0,694691.1631,5336570.3421,11.617784273,48.152553249,2,#fc8d62,car
184113,"9,17E+18",9,1,62,0,2017,10,14,2,3,0,7,1,0,0,0,0,0,0,0,696393.6738,5336295.7911,11.640524151,48.149562337,1,#66c2a5,bicycle
184114,"9,17E+18",9,1,62,0,2017,10,18,2,3,0,4,1,0,1,0,0,0,0,0,692253.9232,5338503.4263,11.585922055,48.170668738,1,#66c2a5,bicycle
184115,"9,17E+18",9,1,62,0,2017,10,15,2,3,2,6,0,1,0,1,0,0,0,0,690468.0858,5335820.5916,11.560725492,48.14709324,2,#fc8d62,car
184124,"9,17E+18",9,7,72,149,2017,10,19,2,3,1,6,0,1,0,0,0,1,2,0,635316.1052,5338921.4609,10.820695496,48.189104213,2,#fc8d62,car
184125,"9,17E+18",9,7,72,184,2017,10,15,2,3,0,7,1,0,0,0,0,1,0,0,634704645.0,5361661444.0,10.819725776,48.393716756,1,#66c2a5,bicycle
184126,"9,17E+18",9,7,72,163,2017,10,13,2,3,1,6,0,1,0,0,0,0,0,0,640663.4142,5350124.1552,10.896324718,48.288675832,2,#fc8d62,car
184127,"9,17E+18",9,7,61,0,2017,10,13,2,3,2,6,0,1,0,0,0,1,0,0,639287.1925,5361459.2479,10.881530229,48.390903142,2,#fc8d62,car
184128,"9,17E+18",9,7,61,0,2017,10,19,2,3,4,6,1,0,0,0,0,0,1,0,640293.5781,5357286.4402,10.893724774,48.353159527,1,#66c2a5,bicycle
184129,"9,17E+18",9,7,61,0,2017,10,16,2,2,0,1,1,0,0,0,0,0,0,1,641956.4846,5357776.8326,10.916323617,48.357197319,1,#66c2a5,bicycle
184130,"9,17E+18",9,7,61,0,2017,10,16,2,2,2,3,1,1,0,0,0,0,0,0,642778202.0,5358471717.0,10.927645585,48.363260113,1,#66c2a5,bicycle
184131,"9,17E+18",9,7,71,122,2017,10,15,2,2,9,1,0,1,0,0,0,0,0,0,653179.5072,5362352.3757,11.069395691,48.395711994,2,#fc8d62,car
184167,"9,17E+18",9,1,63,0,2017,10,9,2,3,5,2,1,1,0,0,0,0,0,0,732354.5789,5304596.9248,12.106176911,47.852667382,1,#66c2a5,bicycle
184173,"9,17E+18",9,1,85,158,2017,10,10,2,3,0,3,1,0,0,0,0,1,0,0,666977.1182,5381207.5069,11.263182396,48.561706597,1,#66c2a5,bicycle
184174,"9,17E+18",9,1,86,152,2017,10,17,2,3,4,6,0,0,0,0,0,1,0,0,691590.9791,5378510.9093,11.595220777,48.530434609,6,#ffd92f,circle
184175,"9,17E+18",9,1,79,126,2017,10,18,2,2,6,4,1,0,1,0,0,0,0,0,676355606.0,5340816386.0,11.373239818,48.196070662,1,#66c2a5,bicycle
184176,"9,17E+18",9,1,79,121,2017,10,13,2,3,5,3,0,1,0,0,0,0,0,0,667745.9624,5338982.6866,11.256750211,48.181918648,2,#fc8d62,car
184177,"9,17E+18",9,1,78,124,2017,10,15,2,3,5,3,0,1,0,0,0,0,0,0,703627572.0,5364190977.0,11.751105008,48.397965918,2,#fc8d62,car
184178,"9,17E+18",9,1,78,124,2017,10,16,2,2,5,3,1,1,0,0,0,0,0,0,701087.3425,5364104.2444,11.716784158,48.398001635,1,#66c2a5,bicycle