OBJECTID,UIDENTSTLA,ULAND,UREGBEZ,UKREIS,UGEMEINDE,UJAHR,UMONAT,USTUNDE,UWOCHENTAG,UKATEGORIE,UART,UTYP1,IstRad,IstPKW,IstFuss,IstKrad,IstGkfz,IstSonstig,ULICHTVERH,STRZUSTAND,LINREFX,LINREFY,XGCSWGS84,YGCSWGS84,Teilnehmer,color,symbol
184179,"9,17E+18",9,1,78,124,2017,10,9,2,3,4,2,1,1,0,0,0,0,0,0,702426.02,5365531619.0,11.735537217,48.410400151,1,#66c2a5,bicycle
184180,"9,17E+18",9,1,75,115,2017,10,16,2,3,0,1,0,0,0,0,0,1,0,0,721152299.0,5328000.9166,11.968667945,48.066909122,6,#ffd92f,circle
184181,"9,17E+18",9,1,62,0,2017,10,11,1,3,8,7,0,1,0,0,0,0,0,0,688365.1132,5334354.9531,11.531832856,48.134546019,2,#fc8d62,car
184182,"9,17E+18",9,1,84,123,2017,10,23,1,3,9,1,0,1,0,0,0,0,2,0,704292.8764,5332329.3877,11.744703799,48.111429937,2,#fc8d62,car
184183,"9,17E+18",9,1,62,0,2017,10,17,1,3,7,1,1,0,0,0,0,0,0,0,696566.8158,5330572.3236,11.640210216,48.098069652,1,#66c2a5,bicycle
184184,"9,17E+18",9,1,62,0,2017,10,10,1,3,4,6,0,1,0,1,0,0,0,0,691469.6118,5332292.1541,11.572590806,48.115079358,2,#fc8d62,car
184185,"9,17E+18",9,1,62,0,2017,10,17,1,3,3,6,1,1,0,0,0,0,0,0,691250.0408,5335803.5191,11.571219765,48.14670519,1,#66c2a5,bicycle
184187,"9,17E+18",9,7,78,116,2017,10,11,1,3,0,7,1,0,0,0,0,0,0,0,620896.0343,5319531.8096,10.621263019,48.017634028,1,#66c2a5,bicycle
184192,"9,17E+18",9,7,61,0,2017,10,14,1,3,0,7,1,0,0,0,0,0,0,0,636924.1432,5352989.9879,10.84687177,48.315265497,1,#66c2a5,bicycle
184193,"9,17E+18",9,7,61,0,2017,10,15,1,3,0,1,1,0,0,0,0,0,0,0,639710.7111,5357845.6196,10.886047136,48.358316748,1,#66c2a5,bicycle
184194,"9,17E+18",9,7,61,0,2017,10,12,1,3,5,1,0,1,0,0,0,0,0,0,641133.8589,5351859.9822,10.903243531,48.304179232,2,#fc8d62,car
184195,"9,17E+18",9,7,61,0,2017,10,15,1,3,2,6,0,1,0,0,0,0,0,0,641194.3679,5358008.1538,10.906119074,48.359448158,2,#fc8d62,car
184196,"9,17E+18",9,7,61,0,2017,10,14,1,3,0,7,1,0,0,0,0,0,0,0,641306.5893,5357592.9783,10.90749377,48.355689946,1,#66c2a5,bicycle
184222,"9,17E+18",9,2,61,0,2017,10,15,1,3,6,7,0,1,1,0,0,0,0,0,733181299.0,5380029299.0,12.158624874,48.530005713,2,#fc8d62,car
184223,"9,17E+18",9,2,74,124,2017,10,14,1,2,8,1,0,0,0,1,0,1,0,1,725474598.0,5375367.8392,12.051870434,48.490944436,4,#e78ac3,marker
184228,"9,17E+18",9,1,88,113,2017,10,14,1,2,0,1,1,0,0,0,0,0,0,0,677230878.0,5317681.2968,11.375405098,47.987859421,1,#66c2a5,bicycle
184229,"9,17E+18",9,1,79,137,2017,10,18,1,2,2,7,1,0,0,0,0,0,0,0,655464508.0,5346909271.0,11.094548446,48.256309403,1,#66c2a5,bicycle
184230,"9,17E+18",9,1,81,114,2017,10,18,1,3,3,7,1,0,0,0,0,0,2,0,655208.3757,5311834762.0,11.078344847,47.941014852,1,#66c2a5,bicycle
184231,"9,17E+18",9,1,74,115,2017,10,13,1,3,6,4,0,1,1,0,0,0,0,0,682285.2483,5348240.2866,11.456153954,48.261126512,2,#fc8d62,car
184232,"9,17E+18",9,1,78,116,2017,10,18,1,2,9,7,1,0,0,0,0,0,0,0,698586.3881,5379006.0647,11.690107001,48.532710189,1,#66c2a5,bicycle
184233,"9,17E+18",9,1,62,0,2017,10,17,7,3,5,7,1,1,0,0,0,0,0,0,691012.5559,5333876.0904,11.567165907,48.129452956,1,#66c2a5,bicycle
184234,"9,17E+18",9,1,62,0,2017,10,0,7,3,0,7,1,0,0,0,0,0,2,0,691948.9626,5336128.9213,11.580753122,48.149419343,1,#66c2a5,bicycle
184235,"9,17E+18",9,1,84,129,2017,10,16,7,3,0,7,1,0,1,0,0,0,0,0,699241.6735,5325736.5718,11.673843216,48.053778839,1,#66c2a5,bicycle
184236,"9,17E+18",9,1,62,0,2017,10,12,7,3,2,6,0,1,0,0,0,0,0,0,690371.5739,5343125.7818,11.562701839,48.212780491,2,#fc8d62,car
184237,"9,17E+18",9,1,62,0,2017,10,14,7,2,4,2,0,1,0,1,0,0,0,0,689023.9151,5332207.4301,11.5397265,48.115048454,2,#fc8d62,car
184238,"9,17E+18",9,1,62,0,2017,10,11,7,3,6,4,0,1,1,0,0,0,0,0,685941755.0,5329876.8778,11.49734012,48.09500775,2,#fc8d62,car
184244,"9,17E+18",9,7,72,177,2017,10,9,7,3,6,4,0,1,1,0,0,0,0,0,636761.0696,5378163445.0,10.852886673,48.541656091,2,#fc8d62,car
184245,"9,17E+18",9,7,61,0,2017,10,14,7,3,5,3,0,1,0,0,0,0,0,0,638755104.0,5360331546.0,10.873974211,48.380880407,2,#fc8d62,car
184246,"9,17E+18",9,7,61,0,2017,10,12,7,3,6,7,0,1,1,0,0,0,0,0,638150336.0,5361740924.0,10.866274414,48.393685974,2,#fc8d62,car
184247,"9,17E+18",9,7,61,0,2017,10,10,7,3,5,1,0,1,0,0,0,0,0,0,641304724.0,5351377.5932,10.905384895,48.299803575,2,#fc8d62,car
184248,"9,17E+18",9,7,61,0,2017,10,14,7,3,0,7,1,0,0,0,0,0,0,0,641487.3669,5355805.1829,10.909331888,48.339574257,1,#66c2a5,bicycle
184249,"9,17E+18",9,7,61,0,2017,10,2,7,2,7,1,0,0,0,1,0,0,2,0,641739.5925,5358395.1091,10.913605691,48.362805337,4,#e78ac3,marker
184282,"9,17E+18",9,1,87,177,2017,10,9,7,2,3,6,1,1,0,0,0,0,0,0,735730.7714,5305612.2007,12.151793929,47.860559174,1,#66c2a5,bicycle
184283,"9,17E+18",9,1,87,163,2017,10,14,7,2,0,1,1,0,0,0,0,0,0,0,737362987.0,5309891.0793,12.175933483,47.898397899,1,#66c2a5,bicycle
184284,"9,17E+18",9,1,63,0,2017,10,13,7,3,4,2,1,1,0,0,0,0,0,0,732780.3095,5303022.4413,12.111012733,47.838367957,1,#66c2a5,bicycle
184286,"9,17E+18",9,1,82,123,2017,10,14,7,3,8,7,0,1,0,0,0,1,0,1,711968.1708,5301983.1524,11.832726999,47.836225914,2,#fc8d62,car
184288,"9,17E+18",9,1,87,165,2017,10,12,7,3,0,7,1,0,0,0,0,0,0,0,733360.3069,5299545.2142,12.11687986,47.806917903,1,#66c2a5,bicycle
184290,"9,17E+18",9,1,86,143,2017,10,16,7,2,5,3,1,1,0,0,0,0,0,0,685092.6274,5378423.2434,11.507246915,48.531596646,1,#66c2a5,bicycle
184305,"9,17E+18",9,1,73,120,2017,10,15,6,3,8,1,0,1,0,0,0,0,0,0,689634791.0,5308918429.0,11.53762882,47.905538307,2,#fc8d62,car
184307,"9,17E+18",9,1,73,126,2017,10,14,6,3,6,4,0,1,1,0,0,0,0,0,685126.6538,5305344.2957,11.475828762,47.874727432,2,#fc8d62,car
184314,"9,17E+18",9,1,82,127,2017,10,13,6,3,1,3,0,1,0,0,0,1,0,0,699696.0616,5309233.7731,11.672263658,47.905319669,2,#fc8d62,car
184315,"9,17E+18",9,1,85,158,2017,10,7,6,3,5,6,1,1,0,0,0,0,0,0,667426734.0,5380607626.0,11.26903014,48.556194214,1,#66c2a5,bicycle
184322,"9,17E+18",9,1,81,128,2017,10,14,6,3,0,1,1,0,0,0,0,0,0,0,638500.4143,5327349.9827,10.859754639,48.084364553,1,#66c2a5,bicycle
184323,"9,17E+18",9,1,81,130,2017,10,11,6,2,0,7,0,0,0,1,0,0,0,0,638667.2112,5325924.1954,10.861530399,48.071507171,4,#e78ac3,marker
184324,"9,17E+18",9,1,79,126,2017,10,15,6,3,5,3,0,1,0,1,0,0,0,0,675764.5497,5340002.0362,11.364955881,48.18891417,2,#fc8d62,car
184325,"9,17E+18",9,1,88,121,2017,10,17,6,3,5,3,1,1,0,0,0,0,0,0,670616666.0,5330621603.0,11.291988558,48.105990226,1,#66c2a5,bicycle
184326,"9,17E+18",9,1,79,119,2017,10,16,6,2,6,4,0,1,1,0,0,0,0,0,669433.1531,5339710.1153,11.279720203,48.188010359,2,#fc8d62,car
184327,"9,17E+18",9,1,79,119,2017,10,12,6,3,0,7,1,0,0,0,0,0,0,0,669437.5592,5339977918.0,11.279886276,48.190416665,1,#66c2a5,bicycle
184328,"9,17E+18",9,1,74,126,2017,10,16,6,3,1,5,1,1,0,0,0,0,0,0,684417.7421,5344355.5918,11.483168105,48.225592463,1,#66c2a5,bicycle
184329,"9,17E+18",9,1,74,131,2017,10,14,6,3,2,6,0,1,0,0,0,0,0,0,675646535.0,5357739.8653,11.370736772,48.348393544,2,#fc8d62,car
184330,"9,17E+18",9,1,74,115,2017,10,10,6,3,5,3,0,1,0,0,0,0,0,0,680380.9673,5348739.6548,11.430732277,48.266160167,2,#fc8d62,car
184331,"9,17E+18",9,1,74,115,2017,10,16,6,3,5,7,0,1,0,0,0,0,0,0,683594.9212,5348338981.0,11.473826598,48.261635476,2,#fc8d62,car
184332,"9,17E+18",9,1,77,117,2017,10,18,6,2,5,2,0,1,0,0,0,0,2,0,715078.8014,5352934169.0,11.899867216,48.29302128,2,#fc8d62,car
184333,"9,17E+18",9,1,77,116,2017,10,10,6,3,5,3,0,1,0,0,0,0,0,0,714220.2721,5360070.4084,11.891932861,48.357433086,2,#fc8d62,car
184334,"9,17E+18",9,1,75,115,2017,10,13,6,3,6,7,0,1,1,0,0,0,0,0,721012801.0,5330486081.0,11.968083177,48.089286625,2,#fc8d62,car
184335,"9,17E+18",9,1,84,138,2017,10,8,5,3,5,3,1,1,0,0,0,0,0,0,681346692.0,5330718913.0,11.436041231,48.103900879,1,#66c2a5,bicycle
184336,"9,17E+18",9,1,62,0,2017,10,9,5,3,0,2,0,1,0,0,0,1,0,0,692143.1635,5336824.1739,11.583675283,48.155609495,2,#fc8d62,car
184337,"9,17E+18",9,1,62,0,2017,10,19,5,3,2,6,0,1,0,0,0,0,2,0,692159338.0,5335338.4829,11.583221882,48.142251521,2,#fc8d62,car
184338,"9,17E+18",9,1,62,0,2017,10,8,5,3,4,6,1,0,0,0,0,0,0,0,690454.7077,5330275.0807,11.558068294,48.097254145,1,#66c2a5,bicycle
184339,"9,17E+18",9,1,62,0,2017,10,16,5,3,6,4,0,1,1,0,0,0,0,0,690523.3474,5334954.9356,11.561080356,48.139296209,2,#fc8d62,car
184340,"9,17E+18",9,1,62,0,2017,10,10,5,2,5,3,0,1,0,0,0,1,0,0,684481.2521,5332973.1406,11.479082535,48.12326324,2,#fc8d62,car
184341,"9,17E+18",9,1,62,0,2017,10,14,5,3,2,6,0,1,0,0,0,0,0,0,693619799.0,5340316.8741,11.605100384,48.186552687,2,#fc8d62,car
184342,"9,17E+18",9,1,62,0,2017,10,17,5,3,6,4,0,1,1,0,0,0,0,0,692259804.0,5334444.7335,11.584167606,48.134188324,2,#fc8d62,car
184343,"9,17E+18",9,1,62,0,2017,10,1,5,3,0,5,0,1,0,0,0,0,2,0,680002.2138,5335237.5482,11.419905784,48.144900017,2,#fc8d62,car
184344,"9,17E+18",9,1,62,0,2017,10,7,5,3,6,2,0,1,1,0,0,0,0,0,696460.0657,5331739.0971,11.639315112,48.108588913,2,#fc8d62,car
184345,"9,17E+18",9,1,62,0,2017,10,19,5,3,4,2,1,1,0,0,0,0,2,0,689068.5616,5333352.3683,11.540833498,48.12532607,1,#66c2a5,bicycle
184346,"9,17E+18",9,1,62,0,2017,10,8,5,3,2,7,1,1,0,0,0,0,0,0,690162.3808,5333965.6994,11.55579155,48.130512919,1,#66c2a5,bicycle
184347,"9,17E+18",9,1,84,138,2017,10,11,5,3,3,2,1,1,0,0,0,0,0,0,679995.8403,5331188.6658,11.418110152,48.108506578,1,#66c2a5,bicycle
184348,"9,17E+18",9,1,62,0,2017,10,17,5,3,5,3,1,0,0,0,0,1,0,0,681629.2338,5335768.6362,11.441985117,48.149211414,1,#66c2a5,bicycle
184349,"9,17E+18",9,1,62,0,2017,10,14,5,3,5,3,1,1,0,0,0,0,0,0,683457.0409,5336210.1475,11.466726581,48.152655444,1,#66c2a5,bicycle
184350,"9,17E+18",9,1,62,0,2017,10,7,5,3,5,3,1,0,0,1,0,0,0,0,690831.6565,5339420.0417,11.567223278,48.179335758,1,#66c2a5,bicycle
184351,"9,17E+18",9,1,62,0,2017,10,13,5,3,3,6,1,0,0,0,0,0,0,0,688357.4894,5336648.3447,11.532745065,48.155161651,1,#66c2a5,bicycle
184352,"9,17E+18",9,1,62,0,2017,10,13,5,3,2,6,0,1,0,0,0,0,0,0,686761.8373,5336643.7195,11.511308604,48.155590678,2,#fc8d62,car
184353,"9,17E+18",9,1,62,0,2017,10,18,5,3,3,2,1,1,0,0,0,0,1,0,695903.1613,5338335.1251,11.634875441,48.168041936,1,#66c2a5,bicycle
184354,"9,17E+18",9,1,62,0,2017,10,13,5,3,0,7,1,0,0,0,0,0,0,0,690005214.0,5331414.6706,11.552544573,48.107631062,1,#66c2a5,bicycle
184355,"9,17E+18",9,1,62,0,2017,10,17,5,3,6,7,0,1,1,0,0,0,0,0,686651.7487,5331899.6074,11.507751198,48.112981302,2,#fc8d62,car
184356,"9,17E+18",9,1,62,0,2017,10,8,5,3,5,3,0,1,0,0,0,0,0,0,688000595.0,5332202.0942,11.525988706,48.115303405,2,#fc8d62,car
184357,"9,17E+18",9,1,62,0,2017,10,16,5,3,4,3,1,0,0,0,0,0,0,0,689632.6138,5334816.1524,11.549057337,48.138314896,1,#66c2a5,bicycle
184358,"9,17E+18",9,1,62,0,2017,10,19,5,3,5,3,1,1,0,0,0,0,2,1,692336.4173,5337784.3735,11.586705255,48.164181119,1,#66c2a5,bicycle
184362,"9,17E+18",9,7,62,0,2017,10,15,5,3,5,3,1,1,0,0,0,0,0,0,621822.5231,5307928.2115,10.63039406,47.913100072,1,#66c2a5,bicycle
184365,"9,17E+18",9,7,72,179,2017,10,19,5,2,6,7,0,1,1,0,0,0,2,0,618632.2226,5337080.2812,10.595794309,48.175881465,2,#fc8d62,car
184366,"9,17E+18",9,7,72,184,2017,10,13,5,3,6,7,0,1,1,0,0,0,0,0,635779.2267,5362064.6602,10.834364973,48.397111995,2,#fc8d62,car
184367,"9,17E+18",9,7,72,177,2017,10,19,5,3,5,3,0,1,0,0,0,0,2,0,636780.4259,5378171.4034,10.853151389,48.54172343,2,#fc8d62,car
184368,"9,17E+18",9,7,72,147,2017,10,8,5,3,0,7,0,0,0,1,0,1,0,0,637802.4573,5365068.1176,10.862670131,48.423679508,4,#e78ac3,marker
184369,"9,17E+18",9,7,72,163,2017,10,15,5,3,5,3,1,0,0,0,0,0,0,0,640121.4803,5347367.6541,10.888109066,48.264009972,1,#66c2a5,bicycle
184370,"9,17E+18",9,7,61,0,2017,10,14,5,3,3,6,1,1,0,0,0,0,0,0,638655.3161,5358514.7297,10.872028119,48.364565913,1,#66c2a5,bicycle
184371,"9,17E+18",9,7,61,0,2017,10,15,5,2,0,3,0,1,0,1,0,0,0,0,644231.7124,5357080.1856,10.946780749,48.350417848,2,#fc8d62,car
184372,"9,17E+18",9,7,61,0,2017,10,18,5,3,2,6,0,1,0,0,0,0,1,1,639403.6515,5358692.0899,10.882184753,48.365995874,2,#fc8d62,car
184373,"9,17E+18",9,7,61,0,2017,10,18,5,3,3,2,1,1,0,0,0,0,1,0,640785762.0,5359235627.0,10.901016906,48.370576421,1,#66c2a5,bicycle
184408,"9,17E+18",9,2,61,0,2017,10,5,5,3,0,1,1,0,0,0,0,0,2,1,731463.4979,5381475.7164,12.13619557,48.543634377,1,#66c2a5,bicycle
184413,"9,17E+18",9,1,73,126,2017,10,15,5,3,5,3,1,1,0,0,0,0,0,0,683956554.0,5305966.3096,11.460460037,47.880655,1,#66c2a5,bicycle
184421,"9,17E+18",9,1,87,124,2017,10,19,5,3,5,3,0,1,0,0,0,0,2,0,736513.4057,5327892.7118,12.174492652,48.0604281,2,#fc8d62,car
184422,"9,17E+18",9,1,63,0,2017,10,19,5,2,4,6,1,1,0,0,0,0,2,0,733393167.0,5304445.9924,12.119958378,47.850935139,1,#66c2a5,bicycle
184423,"9,17E+18",9,1,63,0,2017,10,22,5,3,4,2,1,1,0,0,0,0,2,0,733980.1517,5305320.2737,12.128265873,47.858576295,1,#66c2a5,bicycle
184424,"9,17E+18",9,1,63,0,2017,10,11,5,3,5,3,1,1,0,0,0,0,0,0,733803.3709,5305076.0946,12.125774002,47.856446926,1,#66c2a5,bicycle
184425,"9,17E+18",9,1,63,0,2017,10,9,5,3,5,3,1,1,0,0,0,0,0,0,732453.0721,5304375.5575,12.107372664,47.85064297,1,#66c2a5,bicycle
184426,"9,17E+18",9,1,82,136,2017,10,10,5,2,5,3,0,1,0,0,0,1,0,0,702842.5995,5300653.8243,11.710295181,47.827221925,2,#fc8d62,car
184429,"9,17E+18",9,1,79,123,2017,10,14,5,3,5,3,1,1,0,0,0,0,0,0,675658.9644,5333190.0547,11.360723891,48.127708547,1,#66c2a5,bicycle
184430,"9,17E+18",9,1,79,123,2017,10,6,5,3,5,3,0,1,0,0,0,0,1,0,675330.2557,5333333.4545,11.356369173,48.129088245,2,#fc8d62,car
184431,"9,17E+18",9,1,79,123,2017,10,11,5,3,6,4,1,0,1,0,0,0,0,0,676007.3614,5333151.4046,11.365385987,48.127264872,1,#66c2a5,bicycle
184432,"9,17E+18",9,1,75,132,2017,10,23,5,3,0,7,1,0,0,0,0,0,2,0,707529133.0,5331177393.0,11.787570143,48.100031541,1,#66c2a5,bicycle
184433,"9,17E+18",9,1,78,130,2017,10,8,5,3,1,5,0,1,0,0,0,0,0,0,702986.3771,5354533.48,11.73779545,48.311387184,2,#fc8d62,car
184434,"9,17E+18",9,1,62,0,2017,10,17,4,3,3,5,0,1,0,0,0,0,0,0,688953.7775,5337604.1904,11.541179404,48.163575982,2,#fc8d62,car
184435,"9,17E+18",9,1,62,0,2017,10,10,4,3,5,2,1,1,0,0,0,0,0,0,686474.3388,5337668.3134,11.507895695,48.16488441,1,#66c2a5,bicycle
184436,"9,17E+18",9,1,62,0,2017,10,10,4,3,4,7,1,1,0,0,0,0,0,0,680627962.0,5338537654.0,11.429711549,48.174386786,1,#66c2a5,bicycle
184437,"9,17E+18",9,1,62,0,2017,10,15,4,3,6,4,1,0,1,0,0,0,0,0,697091.2388,5336237.7526,11.649865693,48.148824975,1,#66c2a5,bicycle
184438,"9,17E+18",9,1,62,0,2017,10,7,4,3,5,2,0,1,0,0,0,1,1,0,688928.7726,5333952.2354,11.539222768,48.13075926,2,#fc8d62,car
184439,"9,17E+18",9,1,62,0,2017,10,19,4,2,4,2,0,1,0,1,0,0,2,0,693008.3774,5333856.9505,11.593952269,48.128678903,2,#fc8d62,car
184440,"9,17E+18",9,1,62,0,2017,10,13,4,3,3,2,1,1,0,0,0,0,0,0,690514.6986,5334442.8886,11.560735196,48.134696533,1,#66c2a5,bicycle
184441,"9,17E+18",9,1,62,0,2017,10,16,4,2,3,7,1,0,0,0,0,0,0,0,689004.2432,5334659.0608,11.540549647,48.137089887,1,#66c2a5,bicycle
184442,"9,17E+18",9,1,84,134,2017,10,7,4,3,0,6,1,1,0,0,0,0,0,0,693660.6451,5322835.5137,11.597714077,48.029422468,1,#66c2a5,bicycle
184443,"9,17E+18",9,1,62,0,2017,10,8,4,3,5,3,1,1,0,0,0,0,0,0,683077.4482,5335667.2895,11.461394048,48.147885271,1,#66c2a5,bicycle
184444,"9,17E+18",9,1,62,0,2017,10,19,4,3,5,2,0,1,0,0,0,0,2,0,688698.6067,5336275.6351,11.537161971,48.151710572,2,#fc8d62,car
184445,"9,17E+18",9,1,84,123,2017,10,16,4,3,0,1,1,0,0,0,0,0,0,0,702595028.0,5331438.0203,11.721496497,48.10396164,1,#66c2a5,bicycle
184446,"9,17E+18",9,1,62,0,2017,10,7,4,3,5,3,1,0,0,0,0,0,0,0,690157.72,5335250795.0,11.556302651,48.142064763,1,#66c2a5,bicycle
184447,"9,17E+18",9,1,62,0,2017,10,16,4,3,5,3,1,1,0,0,0,0,0,0,688597.3612,5331890.7419,11.533861097,48.11232846,1,#66c2a5,bicycle
184448,"9,17E+18",9,1,62,0,2017,10,15,4,2,3,6,1,0,0,0,0,0,0,0,689881.7909,5333709.4129,11.551910091,48.12829317,1,#66c2a5,bicycle
184449,"9,17E+18",9,1,62,0,2017,10,9,4,3,3,6,1,1,0,0,0,0,0,0,690352758.0,5334286.7526,11.558491018,48.13334164,1,#66c2a5,bicycle
184453,"9,17E+18",9,7,78,116,2017,10,16,4,3,5,3,0,1,0,0,0,0,0,0,620657.6497,5317999.6757,10.617636408,48.003899724,2,#fc8d62,car
184454,"9,17E+18",9,7,78,116,2017,10,15,4,2,0,7,1,0,0,0,0,0,0,0,619672.4629,5319299643.0,10.604796337,48.015776364,1,#66c2a5,bicycle
184460,"9,17E+18",9,7,73,140,2017,10,9,4,2,0,7,1,0,0,0,0,0,0,0,615151.6546,5375673.6798,10.559550499,48.523604665,1,#66c2a5,bicycle
184461,"9,17E+18",9,7,72,184,2017,10,7,4,3,4,2,0,1,0,0,0,0,1,0,636060.4244,5364143.5898,10.838835892,48.415744929,2,#fc8d62,car
184462,"9,17E+18",9,7,61,0,2017,10,10,4,2,5,3,0,1,0,1,0,0,0,0,639398.9168,5361218.6609,10.882958744,48.388715169,2,#fc8d62,car
184463,"9,17E+18",9,7,61,0,2017,10,14,4,3,0,7,1,0,0,0,0,0,0,0,638104.1217,5355393.2862,10.86356633,48.336619134,1,#66c2a5,bicycle
184464,"9,17E+18",9,7,61,0,2017,10,17,4,3,6,4,0,1,1,0,0,0,0,0,640736.8278,5357957.7956,10.899928992,48.359097509,2,#fc8d62,car
184497,"9,17E+18",9,2,61,0,2017,10,16,4,3,5,3,1,1,0,0,0,0,0,0,731831.5152,5381710.9158,12.141305063,48.545611265,1,#66c2a5,bicycle
184499,"9,17E+18",9,1,90,157,2017,10,17,4,3,4,2,1,1,0,0,0,0,0,0,660567468.0,5301465.9,11.146197828,47.846467494,1,#66c2a5,bicycle
184500,"9,17E+18",9,1,90,157,2017,10,12,4,3,4,2,0,1,0,0,0,0,0,0,659989.1116,5298949.3876,11.137542993,47.823985303,2,#fc8d62,car
184507,"9,17E+18",9,1,63,0,2017,10,6,4,3,6,2,0,1,1,0,0,0,1,0,733978.6353,5305325019.0,12.128248198,47.858619479,2,#fc8d62,car
184509,"9,17E+18",9,1,87,150,2017,10,14,4,3,2,6,0,1,0,0,0,1,0,0,730041.7789,5304094738.0,12.075038078,47.848987379,2,#fc8d62,car
184512,"9,17E+18",9,1,79,142,2017,10,16,4,3,0,7,1,0,0,0,0,0,0,0,673227.1051,5342089.4344,11.331695282,48.20837575,1,#66c2a5,bicycle
184513,"9,17E+18",9,1,79,142,2017,10,7,4,3,3,6,1,0,0,0,0,1,0,0,673199.7223,5343357.2639,11.331844731,48.219780239,1,#66c2a5,bicycle
184514,"9,17E+18",9,1,81,126,2017,10,20,4,2,6,6,1,0,1,0,0,0,2,0,635963.5409,5331569.8509,10.827052862,48.122857648,1,#66c2a5,bicycle
184515,"9,17E+18",9,1,74,115,2017,10,19,4,3,0,1,1,0,0,0,0,0,2,0,681154297.0,5348844.1823,11.441188285,48.266879051,1,#66c2a5,bicycle
184516,"9,17E+18",9,1,62,0,2017,10,19,3,3,5,3,1,0,0,1,0,0,1,0,692056406.0,5336443215.0,11.582337993,48.152211721,1,#66c2a5,bicycle
184517,"9,17E+18",9,1,62,0,2017,10,14,3,3,3,2,0,1,0,1,0,0,0,0,691447.0908,5333595.5926,11.572873849,48.126801326,2,#fc8d62,car
184518,"9,17E+18",9,1,62,0,2017,10,8,3,3,2,6,1,1,0,0,0,0,0,0,691404.8216,5335461.5057,11.573144753,48.143584665,1,#66c2a5,bicycle
184519,"9,17E+18",9,1,62,0,2017,10,16,3,3,6,3,0,1,1,0,0,0,0,0,690885.1115,5333259.5711,11.565178736,48.123949937,2,#fc8d62,car
184520,"9,17E+18",9,1,62,0,2017,10,14,3,3,0,1,1,0,0,0,0,0,0,0,687986.9239,5338826.7897,11.52873019,48.174851505,1,#66c2a5,bicycle
184521,"9,17E+18",9,1,62,0,2017,10,16,3,3,0,7,0,0,0,1,0,0,0,0,689659.5877,5330680.0381,11.547579647,48.101131096,4,#e78ac3,marker
184522,"9,17E+18",9,1,84,112,2017,10,9,3,3,5,3,0,0,0,1,0,1,0,0,702502266.0,5339047483.0,11.723869549,48.172375886,4,#e78ac3,marker
184523,"9,17E+18",9,1,62,0,2017,10,11,3,3,3,7,0,1,0,0,0,1,0,0,693988.3008,5336348.9411,11.608242973,48.150778143,2,#fc8d62,car
184524,"9,17E+18",9,1,62,0,2017,10,18,3,3,6,4,0,1,1,0,0,0,1,0,695877.5242,5330739.1444,11.631038606,48.099781209,2,#fc8d62,car
184525,"9,17E+18",9,1,62,0,2017,10,20,3,3,0,7,1,0,0,0,0,1,2,0,691692.6956,5334811.1966,11.576718007,48.13765311,1,#66c2a5,bicycle
184526,"9,17E+18",9,1,62,0,2017,10,7,3,3,0,7,1,0,0,0,0,0,0,0,690983143.0,5333456061.0,11.566582787,48.125686579,1,#66c2a5,bicycle
184527,"9,17E+18",9,1,62,0,2017,10,10,3,3,1,3,0,1,0,0,0,0,0,0,692390.9766,5341649.1065,11.589188049,48.198899714,2,#fc8d62,car
184528,"9,17E+18",9,1,62,0,2017,10,16,3,2,3,2,1,1,0,0,0,0,0,0,697819.5494,5332828.9185,11.65806406,48.117962761,1,#66c2a5,bicycle
184529,"9,17E+18",9,1,62,0,2017,10,17,3,3,5,2,1,1,0,0,0,0,0,0,689378.7287,5334767.1961,11.545626321,48.137950481,1,#66c2a5,bicycle
184530,"9,17E+18",9,1,62,0,2017,10,18,3,3,0,2,0,1,0,0,0,1,1,0,692282002.0,5338138729.0,11.586134416,48.167382438,2,#fc8d62,car
184531,"9,17E+18",9,1,62,0,2017,10,18,3,3,6,4,0,1,1,0,0,0,0,0,692889.0258,5340986.2328,11.595582504,48.192790954,2,#fc8d62,car
184532,"9,17E+18",9,1,62,0,2017,10,15,3,3,3,6,1,0,0,0,0,0,0,0,682415.0508,5339475.2991,11.454130213,48.182304511,1,#66c2a5,bicycle
184533,"9,17E+18",9,1,62,0,2017,10,6,3,3,0,3,0,0,0,1,0,1,1,1,690121.9928,5342184.5376,11.558923805,48.204395518,4,#e78ac3,marker
184534,"9,17E+18",9,1,84,145,2017,10,12,3,3,5,7,1,1,0,0,0,0,0,0,694474.5912,5325282.6974,11.609731841,48.051169939,1,#66c2a5,bicycle
184535,"9,17E+18",9,1,84,131,2017,10,6,3,3,5,3,1,1,0,0,0,0,1,0,704809.1569,5337747.2487,11.754236528,48.159952167,1,#66c2a5,bicycle
184536,"9,17E+18",9,1,62,0,2017,10,13,3,3,2,6,0,1,0,0,0,0,0,0,694440.0479,5329562.6285,11.611215394,48.089647323,2,#fc8d62,car