OBJECTID,UIDENTSTLA,ULAND,UREGBEZ,UKREIS,UGEMEINDE,UJAHR,UMONAT,USTUNDE,UWOCHENTAG,UKATEGORIE,UART,UTYP1,IstRad,IstPKW,IstFuss,IstKrad,IstGkfz,IstSonstig,ULICHTVERH,STRZUSTAND,LINREFX,LINREFY,XGCSWGS84,YGCSWGS84,Teilnehmer,color,symbol
184537,"9,17E+18",9,1,62,0,2017,10,17,3,3,3,2,1,1,0,0,0,0,0,0,691296064.0,5331895875.0,11.570083708,48.111569775,1,#66c2a5,bicycle
184538,"9,17E+18",9,1,62,0,2017,10,16,3,3,6,7,1,0,1,0,0,0,0,0,692594342.0,5334540132.0,11.58870251,48.134944597,1,#66c2a5,bicycle
184539,"9,17E+18",9,1,62,0,2017,10,20,3,3,1,5,0,1,0,1,0,0,2,0,689797.4513,5333419.2572,11.550648559,48.125710385,2,#fc8d62,car
184540,"9,17E+18",9,1,62,0,2017,10,13,3,3,5,3,1,1,0,0,0,0,0,0,691834.2654,5335665915.0,11.579004003,48.145292522,1,#66c2a5,bicycle
184541,"9,17E+18",9,1,62,0,2017,10,17,3,3,6,2,0,1,1,0,0,0,1,0,692091.2763,5334382.8533,11.581876908,48.133683043,2,#fc8d62,car
184547,"9,17E+18",9,7,78,203,2017,10,7,3,3,5,4,1,0,1,0,0,0,0,0,622402.4954,5324323.1689,10.642826461,48.060437933,1,#66c2a5,bicycle
184549,"9,17E+18",9,7,77,112,2017,10,18,3,3,6,4,0,1,1,0,0,0,1,0,622633785.0,5299353.7016,10.638812824,47.835828916,2,#fc8d62,car
184550,"9,17E+18",9,7,62,0,2017,10,7,3,3,1,1,1,1,0,0,0,0,0,0,622477.5169,5307936.0283,10.639158594,47.913045605,1,#66c2a5,bicycle
184551,"9,17E+18",9,7,62,0,2017,10,6,3,1,0,7,0,1,0,0,0,1,1,0,620933.9637,5304380.9558,10.61751284,47.881365109,2,#fc8d62,car
184557,"9,17E+18",9,1,87,117,2017,10,7,4,3,5,3,0,1,0,1,0,0,0,1,726407.4265,5305644.6502,12.027338512,47.864203346,2,#fc8d62,car
184558,"9,17E+18",9,1,85,158,2017,10,10,4,3,5,3,1,1,0,0,0,0,0,0,668829263.0,5381533.85,11.288397735,48.564144124,1,#66c2a5,bicycle
184561,"9,17E+18",9,1,79,118,2017,10,7,4,3,8,1,1,0,0,0,0,0,0,0,673418.0072,5337583.6942,11.332423064,48.167819623,1,#66c2a5,bicycle
184562,"9,17E+18",9,1,79,118,2017,10,13,4,3,0,1,1,0,0,0,0,0,0,0,672621.1263,5338163.6098,11.32194985,48.173249694,1,#66c2a5,bicycle
184563,"9,17E+18",9,1,88,132,2017,10,21,4,3,8,1,0,1,0,0,0,0,2,0,665711.6549,5323039.6059,11.223209505,48.039120827,2,#fc8d62,car
184564,"9,17E+18",9,1,75,122,2017,10,7,4,3,0,1,1,0,0,0,0,0,1,0,721258.0773,5325826908.0,11.96896165,48.047338979,1,#66c2a5,bicycle
184565,"9,17E+18",9,1,77,115,2017,10,16,4,3,6,4,0,1,1,0,0,0,0,0,733974.4705,5351644.5151,12.153535205,48.274734486,2,#fc8d62,car
184566,"9,17E+18",9,1,62,0,2017,10,4,3,3,0,7,1,0,0,0,0,0,2,0,688723778.0,5336553.5301,11.537623301,48.154200855,1,#66c2a5,bicycle
184567,"9,17E+18",9,1,62,0,2017,10,15,3,3,5,3,1,1,0,0,0,0,0,0,691573.3352,5334543.9512,11.574995066,48.135287086,1,#66c2a5,bicycle
184568,"9,17E+18",9,1,84,149,2017,10,17,3,3,6,4,0,1,1,0,0,0,0,0,691350.3906,5351802.4067,11.57978663,48.290468834,2,#fc8d62,car
184570,"9,17E+18",9,1,62,0,2017,10,17,3,3,0,7,0,0,1,0,0,1,0,0,688548045.0,5334612.5243,11.534403171,48.136806941,3,#8da0cb,toilet
184571,"9,17E+18",9,1,62,0,2017,10,14,3,3,2,2,0,1,0,1,0,0,0,0,685671.9483,5334787.3315,11.495858131,48.13922385,2,#fc8d62,car
184572,"9,17E+18",9,2,61,0,2017,10,16,4,3,5,2,0,1,0,0,0,0,0,0,730975212.0,5382290904.0,12.130041875,48.551137044,2,#fc8d62,car
184574,"9,17E+18",9,1,62,0,2017,10,18,3,3,1,5,1,1,0,0,0,0,2,0,687008728.0,5334691963.0,11.513767776,48.137975183,1,#66c2a5,bicycle
184575,"9,17E+18",9,1,62,0,2017,10,19,3,3,2,6,0,1,0,0,0,0,2,0,686284.4453,5333271345.0,11.50342053,48.125418571,2,#fc8d62,car
184576,"9,17E+18",9,1,62,0,2017,10,16,3,3,3,2,1,1,0,0,0,0,0,0,687834.4142,5334446.3987,11.524747196,48.135524807,1,#66c2a5,bicycle
184577,"9,17E+18",9,1,62,0,2017,10,18,3,3,4,2,1,1,0,0,0,0,2,1,693634.9859,5333345.3667,11.60213221,48.123890643,1,#66c2a5,bicycle
184578,"9,17E+18",9,1,62,0,2017,10,13,3,3,2,6,0,1,0,0,0,1,0,0,690406.4847,5332681.0415,11.558495057,48.118893428,2,#fc8d62,car
184579,"9,17E+18",9,1,62,0,2017,10,14,3,3,0,1,1,0,0,0,0,0,0,0,688996136.0,5334580.8566,11.540406084,48.136389387,1,#66c2a5,bicycle
184580,"9,17E+18",9,1,62,0,2017,10,18,3,3,0,3,0,1,0,1,0,0,2,0,691027.1491,5335103.7243,11.567912323,48.140482465,2,#fc8d62,car
184585,"9,17E+18",9,7,71,130,2017,10,17,3,3,3,6,0,1,0,1,0,1,0,0,643970488.0,5363443.7615,10.945436692,48.407694935,2,#fc8d62,car
184586,"9,17E+18",9,7,61,0,2017,10,16,3,3,0,7,1,1,0,0,0,0,1,1,641011635.0,5357721791.0,10.903557639,48.356914122,1,#66c2a5,bicycle
184587,"9,17E+18",9,7,61,0,2017,10,16,3,3,0,1,1,0,0,0,0,0,0,0,639261.7729,5357427.8405,10.879851767,48.354659351,1,#66c2a5,bicycle
184619,"9,17E+18",9,1,90,151,2017,10,17,3,2,4,7,0,1,0,0,0,1,0,0,637370.4129,5299818.8188,10.835793994,47.837032253,2,#fc8d62,car
184621,"9,17E+18",9,1,83,119,2017,10,7,3,3,1,7,0,1,0,0,0,1,0,0,736819555.0,5339222.3071,12.18488434,48.162089735,2,#fc8d62,car
184624,"9,17E+18",9,1,63,0,2017,10,13,3,3,4,6,0,1,0,1,0,0,0,0,734002.2175,5305794.8707,12.128817231,47.86283203,2,#fc8d62,car
184625,"9,17E+18",9,1,63,0,2017,10,13,3,3,5,3,1,1,0,0,0,0,0,0,732701.8207,5304035.4326,12.110509908,47.847497241,1,#66c2a5,bicycle
184626,"9,17E+18",9,1,63,0,2017,10,14,3,2,6,2,0,1,1,0,0,0,0,0,733893.8858,5305592896.0,12.12726173,47.861056933,2,#fc8d62,car
184628,"9,17E+18",9,1,87,117,2017,10,17,3,3,5,3,1,1,0,0,0,0,1,0,724780803.0,5304967.4039,12.005267625,47.8586894,1,#66c2a5,bicycle
184629,"9,17E+18",9,1,87,117,2017,10,17,3,3,4,2,1,1,0,0,0,0,0,0,722223678.0,5306135.11,11.971727441,47.870070918,1,#66c2a5,bicycle
184630,"9,17E+18",9,1,86,132,2017,10,17,3,3,5,3,0,1,0,0,0,0,0,0,678979.8731,5367371.0236,11.419789765,48.43402805,2,#fc8d62,car
184632,"9,17E+18",9,1,79,142,2017,10,7,3,3,2,6,0,1,1,0,0,0,0,1,673280.7955,5343435.4746,11.33296727,48.220461168,2,#fc8d62,car
184633,"9,17E+18",9,1,79,142,2017,10,14,3,3,2,7,1,1,0,0,0,0,0,0,673870.2473,5342705589.0,11.340597246,48.213738731,1,#66c2a5,bicycle
184634,"9,17E+18",9,1,81,130,2017,10,6,3,3,5,3,1,1,0,0,0,0,1,1,638382.5519,5326016.2908,10.857740907,48.072397156,1,#66c2a5,bicycle
184635,"9,17E+18",9,1,79,121,2017,10,10,3,3,5,3,0,1,0,0,0,0,0,0,666320.9561,5337836.1967,11.23714562,48.171986307,2,#fc8d62,car
184636,"9,17E+18",9,1,77,117,2017,10,17,3,3,5,3,0,1,0,0,0,0,0,0,714796.6715,5353805.2926,11.89651146,48.300944315,2,#fc8d62,car
184637,"9,17E+18",9,1,62,0,2017,10,18,2,3,4,2,0,1,0,0,0,0,1,0,685684.7582,5334865.3784,11.496064183,48.139921631,2,#fc8d62,car
184638,"9,17E+18",9,1,62,0,2017,10,21,2,3,5,3,0,1,0,1,0,0,2,1,694436.7726,5329545.5349,11.611163674,48.08949469,2,#fc8d62,car
184639,"9,17E+18",9,1,62,0,2017,10,8,2,3,0,7,0,1,0,1,0,0,0,0,691128.3253,5333325.4575,11.568473265,48.124469152,2,#fc8d62,car
184640,"9,17E+18",9,1,62,0,2017,10,10,2,3,5,3,1,1,0,0,0,0,0,0,694396.8486,5334791.7649,11.613019213,48.13665815,1,#66c2a5,bicycle
184641,"9,17E+18",9,1,62,0,2017,10,9,2,3,0,7,1,0,0,0,0,1,0,0,689082.3084,5335633.3107,11.542030487,48.145823353,1,#66c2a5,bicycle
184642,"9,17E+18",9,1,84,119,2017,10,7,2,3,5,2,1,1,0,0,0,0,1,1,696986.1655,5347962.2599,11.653895644,48.254228338,1,#66c2a5,bicycle
184643,"9,17E+18",9,1,62,0,2017,10,21,2,3,9,1,0,1,0,0,0,0,2,1,692923.9233,5341323.0271,11.596204613,48.195807339,2,#fc8d62,car
184644,"9,17E+18",9,1,62,0,2017,10,16,2,3,2,6,0,1,0,0,0,0,0,0,688450029.0,5338161.3855,11.534658443,48.16873363,2,#fc8d62,car
184645,"9,17E+18",9,1,62,0,2017,10,16,2,3,4,3,1,1,0,0,0,0,0,1,689006.5701,5332117.1745,11.53945369,48.114242371,1,#66c2a5,bicycle
184649,"9,17E+18",9,7,61,0,2017,10,15,2,3,0,7,0,0,0,0,0,1,0,1,641433572.0,5360292.3032,10.910114676,48.379932781,6,#ffd92f,circle
184650,"9,17E+18",9,7,61,0,2017,10,16,2,3,0,1,0,0,0,1,0,0,0,0,641008.5503,5357900.5744,10.903575932,48.358522369,4,#e78ac3,marker
184681,"9,17E+18",9,2,61,0,2017,10,10,2,3,1,1,0,1,0,0,0,0,0,0,732285145.0,5379944.7396,12.146457758,48.529578358,2,#fc8d62,car
184686,"9,17E+18",9,1,63,0,2017,10,7,2,2,6,2,0,1,1,0,0,0,1,1,733551.2098,5305208.2746,12.122479347,47.857726115,2,#fc8d62,car
184689,"9,17E+18",9,1,79,121,2017,10,8,2,2,4,7,1,0,0,1,0,0,0,1,666434.2513,5338871.9691,11.239073933,48.181268275,1,#66c2a5,bicycle
184690,"9,17E+18",9,1,81,139,2017,10,7,2,3,6,7,0,1,1,0,0,0,0,0,656196.7268,5324223.4289,11.096079156,48.052163359,2,#fc8d62,car
184691,"9,17E+18",9,1,75,111,2017,10,7,2,3,0,7,1,0,0,0,0,0,0,0,712384.9741,5336464.1029,11.855345528,48.145937089,1,#66c2a5,bicycle
184692,"9,17E+18",9,1,78,124,2017,10,13,2,3,5,3,1,1,0,0,0,0,0,0,701079.2798,5364105.4536,11.716675934,48.398015072,1,#66c2a5,bicycle
184693,"9,17E+18",9,1,84,131,2017,10,19,1,3,5,3,0,1,0,0,0,0,2,1,704607.6381,5338048.6183,11.751674732,48.162725313,2,#fc8d62,car
184694,"9,17E+18",9,1,62,0,2017,10,17,1,3,1,5,0,1,0,0,0,0,0,0,693610.7498,5331069.2002,11.600773599,48.103440455,2,#fc8d62,car
184695,"9,17E+18",9,1,62,0,2017,10,14,1,3,5,3,0,1,0,0,0,0,0,0,690874.1045,5334266.8663,11.565482141,48.133006763,2,#fc8d62,car
184696,"9,17E+18",9,1,62,0,2017,10,21,1,2,6,4,0,1,1,0,0,0,2,1,693266.3766,5333627.5784,11.59731196,48.126539089,2,#fc8d62,car
184697,"9,17E+18",9,1,62,0,2017,10,1,1,3,6,4,0,1,1,0,0,0,2,1,695709.4815,5330895.3927,11.628855557,48.101237133,2,#fc8d62,car
184698,"9,17E+18",9,1,62,0,2017,10,12,1,3,6,7,0,1,1,0,0,0,0,0,691947.6518,5333043.2675,11.579345152,48.12168637,2,#fc8d62,car
184699,"9,17E+18",9,1,84,120,2017,10,15,1,3,3,2,1,1,0,0,0,0,0,0,681353.1051,5332060.7243,11.436697755,48.115960421,1,#66c2a5,bicycle
184700,"9,17E+18",9,1,62,0,2017,10,22,1,3,5,3,0,1,0,0,0,0,2,1,690451944.0,5338184.2789,11.561566738,48.168342755,2,#fc8d62,car
184701,"9,17E+18",9,1,62,0,2017,10,18,1,3,6,4,0,1,1,0,0,0,2,0,689177.5039,5332589.2677,11.541957412,48.118434859,2,#fc8d62,car
184702,"9,17E+18",9,1,62,0,2017,10,18,1,3,6,4,0,1,1,0,0,0,1,0,692004.6377,5336325.8386,11.581589713,48.151172394,2,#fc8d62,car
184706,"9,17E+18",9,7,72,184,2017,10,16,1,3,5,3,0,1,0,0,0,0,0,1,634988.4835,5359749.5605,10.822943895,48.376464363,2,#fc8d62,car
184707,"9,17E+18",9,7,61,0,2017,10,2,1,3,0,1,1,0,0,0,0,0,2,1,639710.2306,5357321353.0,10.885866607,48.353602781,1,#66c2a5,bicycle
184708,"9,17E+18",9,7,61,0,2017,10,15,1,3,5,2,0,1,0,0,0,0,0,0,640950353.0,5351180.6868,10.900543467,48.298112087,2,#fc8d62,car
184719,"9,17E+18",9,1,73,147,2017,10,13,1,3,6,4,0,1,1,0,0,0,0,1,681406.6903,5308183.1599,11.427318505,47.901308383,2,#fc8d62,car
184722,"9,17E+18",9,1,81,134,2017,10,16,1,3,9,1,0,1,0,0,0,0,0,1,643644.6804,5336355038.0,10.931825879,48.164198495,2,#fc8d62,car
184723,"9,17E+18",9,1,62,0,2017,10,14,7,3,1,5,1,1,0,0,0,0,0,0,691582173.0,5334545.5381,11.575114447,48.135298688,1,#66c2a5,bicycle
184724,"9,17E+18",9,1,62,0,2017,10,18,7,3,2,6,0,1,0,0,0,0,2,0,695506.5079,5337646.1655,11.629229634,48.161972066,2,#fc8d62,car
184725,"9,17E+18",9,1,62,0,2017,10,18,7,3,6,4,0,1,1,0,0,0,1,0,686952.3779,5339280724.0,11.515027481,48.179236749,2,#fc8d62,car
184726,"9,17E+18",9,1,62,0,2017,10,9,7,3,4,3,0,1,0,0,0,0,0,1,690436255.0,5340242.0251,11.562277955,48.186842281,2,#fc8d62,car
184727,"9,17E+18",9,1,62,0,2017,10,11,7,3,6,4,0,1,1,0,0,0,0,0,690353.1314,5337309.9595,11.559847787,48.160514024,2,#fc8d62,car
184728,"9,17E+18",9,1,62,0,2017,10,15,7,3,4,6,1,1,0,0,0,0,0,0,686703.7876,5334557.3719,11.509613859,48.136854977,1,#66c2a5,bicycle
184729,"9,17E+18",9,1,84,113,2017,10,14,7,3,5,1,1,1,0,0,0,0,0,0,685280.1221,5322614.7913,11.485316489,48.029924432,1,#66c2a5,bicycle
184730,"9,17E+18",9,1,62,0,2017,10,15,7,3,1,6,1,1,0,0,0,0,0,0,693751.6591,5334649.9794,11.604291604,48.135580589,1,#66c2a5,bicycle
184731,"9,17E+18",9,1,62,0,2017,10,18,7,3,0,1,1,1,0,0,0,0,1,0,692634.4405,5338131.5738,11.590866341,48.167211429,1,#66c2a5,bicycle
184737,"9,17E+18",9,7,62,0,2017,10,12,7,3,0,1,1,0,0,0,0,0,0,0,621017.66,5305043.8036,10.618817614,47.88731084,1,#66c2a5,bicycle
184738,"9,17E+18",9,7,72,170,2017,10,21,7,2,8,1,0,1,0,0,0,0,2,0,632737.1689,5334931.2307,10.78476726,48.153766123,2,#fc8d62,car
184739,"9,17E+18",9,7,72,177,2017,10,18,7,2,4,2,0,1,0,1,0,0,0,0,636567.3613,5379738.2836,10.850780152,48.55585865,2,#fc8d62,car
184764,"9,17E+18",9,1,90,159,2017,10,18,7,3,0,1,1,0,0,0,0,0,0,0,662548.4212,5303946.27,11.173588653,47.868270451,1,#66c2a5,bicycle
184765,"9,17E+18",9,1,87,122,2017,10,17,7,3,5,3,0,1,0,0,0,0,1,0,721296.2067,5306075.1173,11.959311087,47.869852038,2,#fc8d62,car
184766,"9,17E+18",9,1,81,116,2017,10,16,7,3,5,3,1,1,0,0,0,0,0,0,647414.0124,5340594.9378,10.983958338,48.201458661,1,#66c2a5,bicycle
184767,"9,17E+18",9,1,79,121,2017,10,14,7,3,0,7,1,0,0,0,0,0,0,0,666775.6378,5338637.0787,11.243570835,48.17906709,1,#66c2a5,bicycle
184768,"9,17E+18",9,1,81,144,2017,10,2,7,3,0,1,1,0,0,0,0,0,2,0,655941807.0,5321064.9188,11.091510407,48.023827148,1,#66c2a5,bicycle
184769,"9,17E+18",9,1,77,117,2017,10,20,7,2,5,3,0,1,0,0,0,0,2,0,714485.06,5355423849.0,11.893137569,48.315593104,2,#fc8d62,car
184770,"9,17E+18",9,1,75,115,2017,10,1,7,2,0,1,1,0,0,0,0,0,2,0,721468.5791,5329395072.0,11.973629928,48.079325819,1,#66c2a5,bicycle
184771,"9,17E+18",9,1,84,141,2017,10,16,6,3,5,3,1,1,0,0,0,0,0,0,695088672.0,5314768.6721,11.613182954,47.956484634,1,#66c2a5,bicycle
184772,"9,17E+18",9,1,62,0,2017,10,16,6,3,2,6,0,1,0,0,0,0,0,0,693318.1249,5332356.0324,11.597430095,48.115095053,2,#fc8d62,car
184773,"9,17E+18",9,1,62,0,2017,10,13,6,3,6,2,0,1,1,0,0,0,0,0,689680.1262,5332188.5076,11.548525911,48.11468327,2,#fc8d62,car
184774,"9,17E+18",9,1,62,0,2017,10,8,6,3,4,6,1,0,0,0,0,0,0,0,690981.3842,5335621.7349,11.56753009,48.14515204,1,#66c2a5,bicycle
184775,"9,17E+18",9,1,62,0,2017,10,15,6,3,0,1,1,0,0,0,0,0,0,0,691040.2247,5334140.7277,11.56765603,48.131823196,1,#66c2a5,bicycle
184776,"9,17E+18",9,1,62,0,2017,10,18,6,3,4,6,0,1,0,0,0,0,2,0,687144.8081,5327865.1488,11.51260058,48.076573403,2,#fc8d62,car
184777,"9,17E+18",9,1,62,0,2017,10,15,6,3,5,3,1,1,0,0,0,0,0,0,693466.9194,5338359.1924,11.602154496,48.169004375,1,#66c2a5,bicycle
184778,"9,17E+18",9,1,62,0,2017,10,19,6,3,6,7,1,0,1,0,0,0,2,0,691935.9065,5336081.9764,11.580556601,48.14900135,1,#66c2a5,bicycle
184779,"9,17E+18",9,1,62,0,2017,10,11,6,3,2,6,0,1,0,0,0,0,0,0,697810.4945,5333805436.0,11.658395641,48.126741831,2,#fc8d62,car
184780,"9,17E+18",9,1,62,0,2017,10,11,6,3,0,6,0,0,0,0,0,1,0,0,692298.3713,5337354.2791,11.585999688,48.160327044,6,#ffd92f,circle
184781,"9,17E+18",9,1,84,148,2017,10,13,6,3,5,7,1,1,0,0,0,0,0,0,694774.7039,5326440.0879,11.61428174,48.061480735,1,#66c2a5,bicycle
184782,"9,17E+18",9,1,62,0,2017,10,17,6,3,0,7,1,0,0,0,0,0,0,0,691769.2914,5337058.7644,11.578758984,48.157830801,1,#66c2a5,bicycle
184783,"9,17E+18",9,1,62,0,2017,10,19,6,3,1,6,0,1,0,0,0,0,2,0,694000.7943,5340269.6687,11.610199497,48.186012193,2,#fc8d62,car
184784,"9,17E+18",9,1,62,0,2017,10,15,6,3,5,3,1,1,0,0,0,0,0,0,692997.7658,5339434.4782,11.596339232,48.178811302,1,#66c2a5,bicycle
184785,"9,17E+18",9,1,62,0,2017,10,21,6,3,0,7,0,1,1,0,0,0,2,0,680825.2497,5335746.1983,11.431176224,48.14923879,2,#fc8d62,car
184786,"9,17E+18",9,1,84,120,2017,10,10,6,2,0,1,0,0,0,1,0,0,0,0,681264.4043,5333337.9636,11.436050159,48.127466596,4,#e78ac3,marker
184787,"9,17E+18",9,1,62,0,2017,10,20,6,3,0,3,1,1,0,0,0,0,2,0,688409.2594,5341621049.0,11.535644888,48.199841455,1,#66c2a5,bicycle
184788,"9,17E+18",9,1,62,0,2017,10,19,6,3,0,3,1,1,0,0,0,0,2,0,688940.0881,5328565.2162,11.536989138,48.082336397,1,#66c2a5,bicycle
184789,"9,17E+18",9,1,62,0,2017,10,14,6,3,6,4,0,1,1,0,0,0,0,0,696935.2714,5335109.2473,11.647249123,48.138731013,2,#fc8d62,car
184790,"9,17E+18",9,1,62,0,2017,10,12,6,3,4,2,0,0,0,1,0,1,0,0,690596.8593,5337238.1266,11.56308983,48.159795384,4,#e78ac3,marker
184794,"9,17E+18",9,7,62,0,2017,10,13,6,3,4,2,0,1,0,1,0,0,0,0,620557.8188,5305633.9915,10.61283382,47.892705408,2,#fc8d62,car
184797,"9,17E+18",9,7,72,184,2017,10,19,6,3,0,6,1,1,0,0,0,0,2,0,635881.5375,5361804.7313,10.835662334,48.39475269,1,#66c2a5,bicycle
184798,"9,17E+18",9,7,72,163,2017,10,14,6,3,0,1,1,0,0,0,0,0,0,0,639507.5966,5349354.3104,10.880497339,48.282009295,1,#66c2a5,bicycle
184799,"9,17E+18",9,7,61,0,2017,10,15,6,3,6,7,0,1,1,0,0,0,0,0,640431.4322,5352009.7355,10.893826264,48.305682109,2,#fc8d62,car
184800,"9,17E+18",9,7,61,0,2017,10,14,6,3,0,1,1,0,0,0,0,0,0,0,640740.9084,5352112.9913,10.89803185,48.306541778,1,#66c2a5,bicycle
184801,"9,17E+18",9,7,61,0,2017,10,14,6,3,6,4,0,1,1,0,0,0,0,0,641569.5134,5352050.5385,10.909179037,48.30579531,2,#fc8d62,car
184802,"9,17E+18",9,7,61,0,2017,10,13,6,3,0,7,0,0,0,0,0,1,0,0,640515214.0,5359399.69,10.897420632,48.372111915,6,#ffd92f,circle
184803,"9,17E+18",9,7,71,113,2017,10,15,6,3,5,3,0,1,0,0,0,0,0,0,657982.7485,5369065.8084,11.136769098,48.454882467,2,#fc8d62,car
184804,"9,17E+18",9,7,71,113,2017,10,19,6,2,0,1,1,0,0,0,0,0,2,0,658447.7476,5368911.8506,11.142995517,48.45338145,1,#66c2a5,bicycle
184817,"9,17E+18",9,1,62,0,2017,10,3,1,3,1,7,0,1,0,0,0,0,2,1,695553.5346,5330870.6164,11.626751741,48.101062335,2,#fc8d62,car
184818,"9,17E+18",9,1,62,0,2017,10,21,1,3,5,3,0,0,0,1,0,1,2,0,700302966.0,5334639019.0,11.692245941,48.133453938,4,#e78ac3,marker
184822,"9,17E+18",9,7,72,184,2017,10,4,1,3,9,1,0,1,0,0,0,0,2,1,634956.8098,5361883.2597,10.823201764,48.395657408,2,#fc8d62,car
184823,"9,17E+18",9,7,61,0,2017,10,14,1,3,0,7,0,0,0,0,0,1,0,0,640358.6787,5363362.6227,10.896632269,48.407780022,6,#ffd92f,circle
184832,"9,17E+18",9,1,62,0,2017,10,1,1,3,9,1,0,1,0,0,0,0,2,1,689937.2336,5340154.9807,11.555531753,48.186209331,2,#fc8d62,car
184833,"9,17E+18",9,1,62,0,2017,10,23,1,2,5,3,0,1,0,0,0,0,2,0,688881.7726,5336694699.0,11.539808228,48.155422791,2,#fc8d62,car
184834,"9,17E+18",9,1,62,0,2017,10,14,1,2,6,4,0,1,1,0,0,0,0,1,693145964.0,5329714159.0,11.59392367,48.091402686,2,#fc8d62,car
184837,"9,17E+18",9,1,81,130,2017,10,0,1,2,6,4,0,1,1,0,0,0,2,1,639153.7255,5323614.2285,10.86730637,48.050629272,2,#fc8d62,car
184838,"9,17E+18",9,1,79,121,2017,10,18,1,3,4,3,0,1,0,0,0,0,2,1,668411.5501,5339763.2243,11.266006801,48.188759484,2,#fc8d62,car
184839,"9,17E+18",9,1,62,0,2017,10,20,7,3,5,2,0,1,0,1,0,0,2,0,692235.6986,5330449.2944,11.582042836,48.098285192,2,#fc8d62,car
184840,"9,17E+18",9,1,62,0,2017,10,16,7,3,0,7,1,0,0,0,0,0,0,0,694022.1329,5334892.6861,11.608033794,48.137679548,1,#66c2a5,bicycle
184841,"9,17E+18",9,1,62,0,2017,10,19,7,3,2,6,0,1,0,0,0,0,2,1,693805.9629,5331822.1706,11.603735119,48.11014859,2,#fc8d62,car
184842,"9,17E+18",9,1,62,0,2017,10,13,7,3,6,4,0,1,1,0,0,0,0,0,691954463.0,5334609.7096,11.580142169,48.13576327,2,#fc8d62,car
184843,"9,17E+18",9,1,62,0,2017,10,13,7,3,5,2,1,1,0,0,0,0,0,0,688722.6437,5336269.5679,11.537482143,48.151648908,1,#66c2a5,bicycle
184844,"9,17E+18",9,1,62,0,2017,10,14,7,3,3,6,0,1,0,0,0,0,0,0,692130562.0,5334540.2954,11.582475391,48.135086247,2,#fc8d62,car
184845,"9,17E+18",9,1,62,0,2017,10,9,7,3,5,2,1,1,0,0,0,0,0,0,684642.7456,5329136.7519,11.479590382,48.088732739,1,#66c2a5,bicycle
184846,"9,17E+18",9,1,62,0,2017,10,22,7,2,5,3,0,1,0,0,0,0,2,1,687350.9933,5332456.7878,11.517381264,48.117784106,2,#fc8d62,car
184847,"9,17E+18",9,1,62,0,2017,10,13,7,3,2,6,0,1,0,0,0,1,0,0,686043.0842,5340301.4933,11.50325409,48.188678612,2,#fc8d62,car
184848,"9,17E+18",9,1,62,0,2017,10,16,7,3,3,6,0,1,0,0,0,0,0,0,694624.4966,5342872.3811,11.619775194,48.209213212,2,#fc8d62,car
184849,"9,17E+18",9,1,62,0,2017,10,15,7,3,6,2,0,1,1,0,0,0,0,0,686471.7671,5328459.4205,11.503832654,48.082112152,2,#fc8d62,car
184850,"9,17E+18",9,1,62,0,2017,10,10,7,3,2,2,0,1,0,1,0,0,0,0,689775.4174,5334733.9732,11.550938327,48.137533693,2,#fc8d62,car
184851,"9,17E+18",9,1,62,0,2017,10,1,7,3,7,7,1,0,0,0,0,0,2,0,691747.9703,5335439.9959,11.577743338,48.143288011,1,#66c2a5,bicycle
184855,"9,17E+18",9,7,72,170,2017,10,10,7,3,0,3,0,1,0,0,0,0,0,0,630354.7366,5334334.7583,10.752566356,48.148895055,2,#fc8d62,car
184856,"9,17E+18",9,7,61,0,2017,10,8,7,3,5,1,1,1,0,0,0,0,0,0,639221.6551,5358597.2792,10.879697489,48.365183526,1,#66c2a5,bicycle
184857,"9,17E+18",9,7,61,0,2017,10,4,7,3,0,1,1,0,0,0,0,0,2,0,639287.2532,5359772.9929,10.880972104,48.375740781,1,#66c2a5,bicycle
184858,"9,17E+18",9,7,61,0,2017,10,12,7,3,3,6,0,1,0,1,0,0,0,0,640792.9968,5358014.5103,10.90070581,48.359594946,2,#fc8d62,car
184866,"9,17E+18",9,2,74,126,2017,10,0,7,2,8,1,0,1,0,0,0,0,2,0,732975.4382,5383391.8402,12.157721077,48.560286711,2,#fc8d62,car
184867,"9,17E+18",9,2,61,0,2017,10,11,7,3,8,1,0,0,0,1,0,0,0,0,732582.1213,5380405.3991,12.150731146,48.53360639,4,#e78ac3,marker
184868,"9,17E+18",9,2,61,0,2017,10,16,7,3,5,3,1,1,0,0,0,0,0,0,731480.6689,5382885.0605,12.137211126,48.556287936,1,#66c2a5,bicycle
184869,"9,17E+18",9,1,73,147,2017,10,15,7,3,0,6,1,0,1,0,0,0,2,0,681635.1791,5308842.0301,11.43065039,47.907166477,1,#66c2a5,bicycle
184871,"9,17E+18",9,1,63,0,2017,10,22,7,3,0,1,1,0,0,0,0,0,2,1,732181.4637,5304332.0577,12.103724043,47.850350315,1,#66c2a5,bicycle