OBJECTID,UIDENTSTLA,ULAND,UREGBEZ,UKREIS,UGEMEINDE,UJAHR,UMONAT,USTUNDE,UWOCHENTAG,UKATEGORIE,UART,UTYP1,IstRad,IstPKW,IstFuss,IstKrad,IstGkfz,IstSonstig,ULICHTVERH,STRZUSTAND,LINREFX,LINREFY,XGCSWGS84,YGCSWGS84,Teilnehmer,color,symbol
184873,"9,17E+18",9,1,79,145,2017,10,12,7,3,0,7,1,0,0,0,0,0,0,0,675174252.0,5337649.5009,11.356050551,48.167929622,1,#66c2a5,bicycle
184874,"9,17E+18",9,1,77,117,2017,10,18,7,3,5,3,0,1,0,0,0,0,2,0,714179.08,5354478935.0,11.888536108,48.307206507,2,#fc8d62,car
184875,"9,17E+18",9,1,62,0,2017,10,12,6,3,5,6,1,1,0,0,0,0,0,1,690526.1675,5335800.4762,11.561496553,48.146895051,1,#66c2a5,bicycle
184876,"9,17E+18",9,1,62,0,2017,10,22,6,3,2,6,0,1,0,0,0,0,2,0,686772872.0,5336926.8205,11.511581105,48.158132031,2,#fc8d62,car
184877,"9,17E+18",9,1,62,0,2017,10,17,6,3,0,1,0,0,0,1,0,0,0,0,692234.9347,5341891.8039,11.587200174,48.201128261,4,#e78ac3,marker
184878,"9,17E+18",9,1,62,0,2017,10,16,6,3,4,2,0,0,0,1,0,1,0,0,688286.7519,5335734.0591,11.531390401,48.146964856,4,#e78ac3,marker
184879,"9,17E+18",9,1,62,0,2017,10,12,6,3,0,1,1,1,0,0,0,0,0,0,691950.3903,5334978.8156,11.580253818,48.139081963,1,#66c2a5,bicycle
184880,"9,17E+18",9,1,62,0,2017,10,16,6,3,3,6,0,1,0,0,0,1,0,1,692310.8151,5337819.3683,11.586377122,48.164503389,2,#fc8d62,car
184881,"9,17E+18",9,1,62,0,2017,10,13,6,3,0,7,1,0,0,0,0,0,0,1,690629.0514,5336779446.0,11.563316784,48.155663148,1,#66c2a5,bicycle
184882,"9,17E+18",9,1,62,0,2017,10,1,6,3,1,1,1,1,0,0,0,0,2,0,694039.3212,5334877.4194,11.608257635,48.137537095,1,#66c2a5,bicycle
184883,"9,17E+18",9,1,62,0,2017,10,12,6,3,5,3,0,1,0,0,0,0,0,1,696938628.0,5330680046.0,11.645248442,48.098923001,2,#fc8d62,car
184884,"9,17E+18",9,1,62,0,2017,10,11,6,3,6,4,1,0,1,0,0,0,0,0,694053.7057,5341208399.0,11.611339527,48.194432904,1,#66c2a5,bicycle
184885,"9,17E+18",9,1,84,139,2017,10,14,6,3,5,3,0,1,0,0,0,0,0,1,687721682.0,5326600.4252,11.519782548,48.065036054,2,#fc8d62,car
184886,"9,17E+18",9,1,62,0,2017,10,10,6,1,5,3,1,0,0,0,0,1,0,0,688218.6458,5330158.2679,11.528013896,48.096868577,1,#66c2a5,bicycle
184887,"9,17E+18",9,1,62,0,2017,10,12,6,3,5,3,1,1,0,0,0,0,0,1,696934206.0,5330688221.0,11.645192884,48.09899784,1,#66c2a5,bicycle
184888,"9,17E+18",9,1,84,120,2017,10,0,6,3,0,1,1,0,0,0,0,0,2,0,680691.8626,5334112.9329,11.428691479,48.134595487,1,#66c2a5,bicycle
184889,"9,17E+18",9,1,62,0,2017,10,16,6,3,6,7,0,1,1,0,0,0,0,0,688473.6899,5336433.4207,11.53421078,48.153195459,2,#fc8d62,car
184890,"9,17E+18",9,1,62,0,2017,10,13,6,2,0,1,1,0,0,0,0,0,0,1,688794.6835,5336115.7678,11.538381552,48.150245156,1,#66c2a5,bicycle
184891,"9,17E+18",9,1,62,0,2017,10,19,6,3,3,2,1,1,0,0,0,0,2,0,689233.3378,5337338.5057,11.544817082,48.161104848,1,#66c2a5,bicycle
184892,"9,17E+18",9,1,62,0,2017,10,14,6,3,2,1,0,1,0,0,0,0,0,1,691351.7197,5336200.5269,11.572763794,48.15024287,2,#fc8d62,car
184898,"9,17E+18",9,7,62,0,2017,10,17,6,3,1,6,0,1,0,0,0,0,0,0,621516277.0,5304709219.0,10.625390525,47.884207463,2,#fc8d62,car
184899,"9,17E+18",9,7,62,0,2017,10,7,6,3,5,3,1,1,0,0,0,0,1,1,621687736.0,5305279.0584,10.627843609,47.889299963,1,#66c2a5,bicycle
184901,"9,17E+18",9,7,72,200,2017,10,9,6,2,0,7,1,0,0,0,0,0,0,0,631048.4049,5337665.0788,10.762914132,48.17870097,1,#66c2a5,bicycle
184902,"9,17E+18",9,7,61,0,2017,10,16,6,3,5,3,1,1,0,0,0,0,0,0,641327.2196,5360447.2465,10.908731279,48.3813498,1,#66c2a5,bicycle
184903,"9,17E+18",9,7,61,0,2017,10,12,6,2,5,3,0,1,0,0,0,1,0,1,641728.4795,5362332.4474,10.914783517,48.398210655,2,#fc8d62,car
184904,"9,17E+18",9,7,61,0,2017,10,18,6,3,5,2,1,1,0,0,0,0,2,1,639230.4772,5357060.4864,10.879308036,48.351363082,1,#66c2a5,bicycle
184905,"9,17E+18",9,7,61,0,2017,10,13,6,3,2,1,0,1,0,0,0,0,0,0,641154134.0,5358132.0312,10.905617789,48.360571015,2,#fc8d62,car
184906,"9,17E+18",9,7,61,0,2017,10,11,6,3,6,1,1,0,1,0,0,0,0,1,640734.2546,5355607.6919,10.899108689,48.337966681,1,#66c2a5,bicycle
184939,"9,17E+18",9,2,61,0,2017,10,17,6,3,2,6,1,1,0,0,0,0,0,0,732514839.0,5380315139.0,12.149770783,48.532820533,1,#66c2a5,bicycle
184940,"9,17E+18",9,2,61,0,2017,10,16,6,3,1,3,1,1,0,0,0,0,0,0,732675.55,5381797.7401,12.152772177,48.546078757,1,#66c2a5,bicycle
184941,"9,17E+18",9,2,61,0,2017,10,15,6,3,5,3,1,1,0,0,0,0,0,0,731659247.0,5380447918.0,12.138272404,48.534329603,1,#66c2a5,bicycle
184943,"9,17E+18",9,1,90,157,2017,10,19,6,3,0,7,1,0,0,0,0,0,2,0,660188.8625,5299878.8452,11.140553603,47.832292507,1,#66c2a5,bicycle
184944,"9,17E+18",9,1,90,157,2017,10,10,6,3,6,4,0,0,1,0,0,1,0,1,659978.8513,5300241.8064,11.137883414,47.835608232,3,#8da0cb,toilet
184945,"9,17E+18",9,1,73,126,2017,10,14,6,3,5,3,0,1,0,0,0,0,0,1,683854.1211,5306248729.0,11.459211503,47.883223029,2,#fc8d62,car
184947,"9,17E+18",9,1,82,120,2017,10,12,6,3,5,3,1,1,0,0,0,0,0,1,703106205.0,5306351786.0,11.716488441,47.878348071,1,#66c2a5,bicycle
184948,"9,17E+18",9,1,63,0,2017,10,9,6,3,5,3,1,1,0,0,0,0,0,0,733864.3012,5304752.3886,12.126412345,47.853516582,1,#66c2a5,bicycle
184950,"9,17E+18",9,1,88,121,2017,10,9,6,3,5,3,0,1,0,0,0,0,0,0,670618.9798,5330250.4612,11.291871208,48.10265311,2,#fc8d62,car
184951,"9,17E+18",9,1,75,127,2017,10,7,6,2,5,3,0,1,0,1,0,0,1,0,711660.4811,5341295.0767,11.848022205,48.189588722,2,#fc8d62,car
184952,"9,17E+18",9,1,62,0,2017,10,12,5,3,1,5,0,1,0,0,0,0,0,0,693743.0364,5335995184.0,11.604787832,48.147673454,2,#fc8d62,car
184953,"9,17E+18",9,1,62,0,2017,10,12,5,3,5,3,0,1,0,0,0,0,0,0,687558.7404,5327417.8413,11.517956173,48.072431227,2,#fc8d62,car
184954,"9,17E+18",9,1,62,0,2017,10,17,5,3,2,6,0,1,1,1,0,0,0,0,695423.4466,5338946.7234,11.628711495,48.173686294,2,#fc8d62,car
184955,"9,17E+18",9,1,62,0,2017,10,18,5,2,5,2,1,1,0,0,0,0,2,0,688497.5534,5330505.9327,11.531909717,48.099911033,1,#66c2a5,bicycle
184956,"9,17E+18",9,1,62,0,2017,10,11,5,3,5,3,0,1,0,0,0,0,0,0,700885889.0,5334447369.0,11.699981563,48.131547865,2,#fc8d62,car
184957,"9,17E+18",9,1,62,0,2017,10,14,5,3,4,2,0,0,0,1,0,1,0,0,692303482.0,5337896.3497,11.58631341,48.165197497,4,#e78ac3,marker
184958,"9,17E+18",9,1,62,0,2017,10,11,5,3,6,6,0,1,1,0,0,0,0,0,692306.9129,5337386.6194,11.586129052,48.160615128,2,#fc8d62,car
184959,"9,17E+18",9,1,62,0,2017,10,15,5,2,3,6,1,1,0,0,0,0,0,0,689650.0207,5330909.9313,11.547553434,48.103200252,1,#66c2a5,bicycle
184960,"9,17E+18",9,1,62,0,2017,10,14,5,3,5,3,1,1,0,0,0,0,0,0,684312.4842,5336611.5997,11.47839144,48.156016577,1,#66c2a5,bicycle
184961,"9,17E+18",9,1,62,0,2017,10,19,5,3,5,3,0,1,0,1,0,0,2,0,697222.0237,5332210082.0,11.649757954,48.112586385,2,#fc8d62,car
184962,"9,17E+18",9,1,62,0,2017,10,7,5,3,5,7,1,1,0,0,0,0,0,0,682718.8376,5340392.6051,11.458607882,48.190462517,1,#66c2a5,bicycle
184963,"9,17E+18",9,1,62,0,2017,10,16,5,3,6,4,0,1,1,0,0,0,0,0,687457.4214,5338899.7244,11.521646852,48.175663462,2,#fc8d62,car
184964,"9,17E+18",9,1,62,0,2017,10,16,5,3,5,2,1,1,0,0,0,0,0,0,691205.0763,5340352.4617,11.572661185,48.187603927,1,#66c2a5,bicycle
184965,"9,17E+18",9,1,62,0,2017,10,11,5,3,6,7,0,0,1,0,0,1,0,0,691722.9324,5331670.7949,11.575711568,48.109418428,3,#8da0cb,toilet
184966,"9,17E+18",9,1,62,0,2017,10,12,5,3,0,1,0,0,0,1,0,0,0,0,691418.3556,5332923.8133,11.572186408,48.120772072,4,#e78ac3,marker
184967,"9,17E+18",9,1,62,0,2017,10,10,5,3,3,6,0,1,0,1,0,0,0,0,689686.0425,5334844.3096,11.549787332,48.13855205,2,#fc8d62,car
184968,"9,17E+18",9,1,62,0,2017,10,17,5,3,0,7,1,0,0,0,0,0,1,0,691581.4297,5336195.6989,11.575846884,48.150130331,1,#66c2a5,bicycle
184969,"9,17E+18",9,1,62,0,2017,10,15,5,3,0,6,0,0,0,1,0,0,0,0,691408.4371,5335753.5257,11.573324586,48.146208217,4,#e78ac3,marker
184970,"9,17E+18",9,1,62,0,2017,10,18,5,3,2,6,1,0,0,0,0,0,2,0,691861.4257,5335837.8934,11.579446261,48.146830044,1,#66c2a5,bicycle
184971,"9,17E+18",9,1,62,0,2017,10,18,5,3,0,2,1,0,0,0,0,0,2,0,691908.6118,5333894.9361,11.579204559,48.12935282,1,#66c2a5,bicycle
184972,"9,17E+18",9,1,62,0,2017,10,13,5,3,6,4,0,1,1,0,0,0,0,0,692017.1049,5334581.3388,11.580970491,48.13548938,2,#fc8d62,car
184976,"9,17E+18",9,7,62,0,2017,10,19,5,3,4,6,0,1,0,0,0,0,2,0,619302.0289,5305185.3981,10.595916529,47.888905521,2,#fc8d62,car
184977,"9,17E+18",9,7,62,0,2017,10,16,5,3,5,3,0,1,0,0,0,0,0,0,621888.6849,5307765.9273,10.631233274,47.911627968,2,#fc8d62,car
184980,"9,17E+18",9,7,72,163,2017,10,17,5,2,2,6,1,0,0,0,0,0,0,0,640203941.0,5348350525.0,10.889545464,48.272829572,1,#66c2a5,bicycle
184981,"9,17E+18",9,7,61,0,2017,10,10,5,3,0,1,1,0,0,0,0,0,0,0,641403.1006,5353321.3261,10.90736207,48.317259083,1,#66c2a5,bicycle
184982,"9,17E+18",9,7,61,0,2017,10,16,5,3,5,1,1,0,0,0,0,1,0,0,636610.8785,5352929.0198,10.842628893,48.314785027,1,#66c2a5,bicycle
184983,"9,17E+18",9,7,61,0,2017,10,15,5,3,0,1,1,0,1,0,0,0,0,0,640584.5315,5359040.2979,10.898235961,48.368864945,1,#66c2a5,bicycle
185021,"9,17E+18",9,1,88,141,2017,10,7,5,2,0,1,1,0,0,0,0,0,0,0,669386.3391,5307783.3233,11.266457601,47.901000018,1,#66c2a5,bicycle
185022,"9,17E+18",9,1,88,126,2017,10,16,5,3,0,5,1,0,0,0,0,0,0,0,661087.1348,5325091.0629,11.161984914,48.058748361,1,#66c2a5,bicycle
185023,"9,17E+18",9,1,88,120,2017,10,19,5,3,3,3,0,1,0,1,0,0,2,0,676999.3458,5327520896.0,11.376370245,48.076375644,2,#fc8d62,car
185024,"9,17E+18",9,1,74,131,2017,10,16,5,2,9,6,0,0,0,1,0,1,0,0,670254.3353,5361036884.0,11.299353359,48.379508091,4,#e78ac3,marker
185025,"9,17E+18",9,1,78,124,2017,10,16,5,3,5,1,1,1,0,0,0,0,0,0,705010.4869,5363948.6713,11.769647933,48.395340497,1,#66c2a5,bicycle
185026,"9,17E+18",9,1,77,134,2017,10,16,5,2,4,6,0,1,0,0,0,1,0,0,714155.1499,5344418.1964,11.883121419,48.216815331,2,#fc8d62,car
185027,"9,17E+18",9,1,77,117,2017,10,18,5,3,2,6,0,1,0,0,0,0,1,0,715629.8305,5353985.7939,11.907823711,48.302282781,2,#fc8d62,car
185029,"9,17E+18",9,1,62,0,2017,10,7,4,3,5,3,1,1,0,0,0,0,0,0,678962.8107,5338836846.0,11.407459405,48.177547305,1,#66c2a5,bicycle
185030,"9,17E+18",9,1,62,0,2017,10,7,4,3,5,3,1,1,0,0,0,0,0,0,695649148.0,5338905593.0,11.631725235,48.173247199,1,#66c2a5,bicycle
185031,"9,17E+18",9,1,84,146,2017,10,19,4,3,0,7,0,0,0,0,0,1,2,0,694498.2421,5328467.9139,11.61149763,48.079790607,6,#ffd92f,circle
185032,"9,17E+18",9,1,62,0,2017,10,7,4,3,5,3,1,1,0,0,0,0,0,0,689376.8134,5330944.7466,11.543902666,48.103594443,1,#66c2a5,bicycle
185033,"9,17E+18",9,1,62,0,2017,10,17,4,3,4,7,1,1,0,0,0,0,0,0,691713.9146,5338436.5386,11.578636123,48.17023067,1,#66c2a5,bicycle
185034,"9,17E+18",9,1,62,0,2017,10,16,4,3,1,2,0,1,0,0,0,0,0,0,688564.3989,5339420.5646,11.536753717,48.180017324,2,#fc8d62,car
185035,"9,17E+18",9,1,62,0,2017,10,9,4,3,3,5,1,1,0,0,0,0,0,0,691964.7021,5334975167.0,11.580444355,48.139044853,1,#66c2a5,bicycle
185036,"9,17E+18",9,1,62,0,2017,10,18,4,2,1,5,1,1,0,0,0,0,2,0,687995.3164,5336827587.0,11.527959226,48.156879877,1,#66c2a5,bicycle
185037,"9,17E+18",9,1,62,0,2017,10,7,4,3,2,2,1,0,0,1,0,0,0,0,683476.9934,5340724.0834,11.468942793,48.193223467,1,#66c2a5,bicycle
185038,"9,17E+18",9,1,62,0,2017,10,17,4,3,0,4,0,1,1,0,0,0,0,0,695724.8451,5332502.8925,11.629799182,48.115679868,2,#fc8d62,car
185039,"9,17E+18",9,1,62,0,2017,10,7,4,3,4,2,1,1,0,0,0,0,0,0,697738.6733,5336059.3924,11.658477814,48.14702108,1,#66c2a5,bicycle
185040,"9,17E+18",9,1,62,0,2017,10,11,4,3,8,1,1,0,0,0,0,0,0,0,692666402.0,5332565863.0,11.588777605,48.117178467,1,#66c2a5,bicycle
185041,"9,17E+18",9,1,62,0,2017,10,9,4,3,6,4,1,0,1,0,0,0,0,0,692348.9012,5338138428.0,11.587033102,48.167359494,1,#66c2a5,bicycle
185042,"9,17E+18",9,1,62,0,2017,10,18,4,3,3,2,1,1,0,0,0,0,2,0,690528.7742,5335807366.0,11.561534646,48.146956196,1,#66c2a5,bicycle
185048,"9,17E+18",9,7,62,0,2017,10,10,4,3,5,3,0,1,0,0,0,0,0,0,622183.3803,5306777.0908,10.634895347,47.902678623,2,#fc8d62,car
185052,"9,17E+18",9,7,61,0,2017,10,16,4,2,5,7,1,0,0,0,0,1,0,0,642416.1403,5357843.6341,10.922547663,48.35769446,1,#66c2a5,bicycle
185053,"9,17E+18",9,7,72,147,2017,10,17,4,2,0,7,0,0,0,0,0,1,0,0,638772.2919,5367467.0654,10.876566512,48.445037167,6,#ffd92f,circle
185054,"9,17E+18",9,7,72,177,2017,10,15,4,3,0,7,1,0,0,0,0,0,0,0,636736812.0,5378412504.0,10.852639957,48.543900824,1,#66c2a5,bicycle
185055,"9,17E+18",9,7,61,0,2017,10,6,4,3,5,3,0,1,0,1,0,0,1,0,637888783.0,5358581054.0,10.861706359,48.365330198,2,#fc8d62,car
185056,"9,17E+18",9,7,61,0,2017,10,19,4,3,6,7,1,0,1,0,0,0,0,0,638788.2706,5360413.1327,10.874448841,48.38160672,1,#66c2a5,bicycle
185057,"9,17E+18",9,7,61,0,2017,10,10,4,3,0,1,0,0,0,1,0,0,0,0,639539.0079,5358142.3109,10.883828899,48.361022493,4,#e78ac3,marker
185082,"9,17E+18",9,1,62,0,2017,10,12,1,3,5,6,1,1,0,0,0,0,0,1,691130636.0,5335608082.0,11.569528392,48.144984507,1,#66c2a5,bicycle
185087,"9,17E+18",9,2,61,0,2017,11,11,2,3,5,3,1,1,0,0,0,0,0,0,731326.2167,5382582.8309,12.13495323,48.553630041,1,#66c2a5,bicycle
185090,"9,17E+18",9,1,87,117,2017,11,6,2,3,5,3,1,1,0,0,0,0,2,1,724627.0775,5305786.6336,12.00364084,47.866103953,1,#66c2a5,bicycle
185091,"9,17E+18",9,1,74,115,2017,11,7,2,3,5,3,0,1,0,1,0,0,1,1,682280.7057,5347671421.0,11.455847743,48.256014567,2,#fc8d62,car
185092,"9,17E+18",9,1,74,115,2017,11,20,2,3,2,6,1,1,0,0,0,0,2,1,681389.4429,5347832529.0,11.443920289,48.257718437,1,#66c2a5,bicycle
185096,"9,17E+18",9,1,74,126,2017,11,15,2,3,5,2,1,1,0,0,0,0,0,0,683904543.0,5343761.3228,11.476006851,48.220399901,1,#66c2a5,bicycle
185097,"9,17E+18",9,1,75,111,2017,11,18,2,3,5,2,0,1,0,0,0,1,2,1,712153.0959,5337894.8486,11.852945272,48.158870826,2,#fc8d62,car
185098,"9,17E+18",9,1,77,117,2017,11,5,2,3,5,3,0,1,0,0,0,0,2,1,715080.6663,5352933.5804,11.899892027,48.293015357,2,#fc8d62,car
185099,"9,17E+18",9,1,75,121,2017,11,7,2,3,5,3,0,1,0,0,0,0,0,1,713989.6424,5318238.3802,11.867771985,47.98162726,2,#fc8d62,car
185100,"9,17E+18",9,1,62,0,2017,11,22,1,3,4,2,0,1,0,0,0,0,2,1,687439.4777,5336063.1771,11.520155736,48.150173262,2,#fc8d62,car
185105,"9,17E+18",9,1,62,0,2017,11,18,1,3,6,4,0,1,1,0,0,0,2,1,686404.1413,5339701.6339,11.507844164,48.183181067,2,#fc8d62,car
185106,"9,17E+18",9,1,62,0,2017,11,23,1,2,6,4,0,0,1,1,0,0,2,1,690772.4711,5339876.8771,11.566632994,48.183459504,3,#8da0cb,toilet
185107,"9,17E+18",9,1,62,0,2017,11,21,1,3,3,2,0,1,0,0,0,0,2,1,691124454.0,5335157.7458,11.56924324,48.140938785,2,#fc8d62,car
185108,"9,17E+18",9,1,62,0,2017,11,17,1,3,6,2,0,1,1,0,0,0,2,1,686234.7469,5334375266.0,11.503235794,48.135355581,2,#fc8d62,car
185109,"9,17E+18",9,1,62,0,2017,11,17,1,3,5,3,1,1,0,0,0,0,2,1,691383.7524,5336587.7105,11.573368135,48.153713186,1,#66c2a5,bicycle
185120,"9,17E+18",9,1,63,0,2017,11,22,1,3,5,3,0,1,0,0,0,0,2,1,733708.4862,5306217.1232,12.125124067,47.866732446,2,#fc8d62,car
185121,"9,17E+18",9,1,87,122,2017,11,14,1,3,4,2,0,1,0,0,0,0,0,1,719256.6664,5307718.8972,11.932908388,47.885321729,2,#fc8d62,car
185122,"9,17E+18",9,1,88,121,2017,11,13,1,3,0,1,1,0,0,0,0,0,0,1,671107.4833,5330821.3263,11.298656588,48.107654046,1,#66c2a5,bicycle
185123,"9,17E+18",9,1,74,115,2017,11,17,1,3,5,3,0,1,0,0,0,0,2,1,681390.0622,5346654.4114,11.443423752,48.247128634,2,#fc8d62,car
185124,"9,17E+18",9,1,62,0,2017,11,1,7,3,0,1,1,0,0,0,0,0,2,0,691477.7284,5337393.0969,11.574992864,48.160923587,1,#66c2a5,bicycle
185125,"9,17E+18",9,1,62,0,2017,11,14,7,3,3,6,1,1,0,0,0,0,0,0,688392.3342,5329694.3987,11.530139703,48.092647879,1,#66c2a5,bicycle
185126,"9,17E+18",9,1,62,0,2017,11,17,7,3,3,2,0,1,0,1,0,0,2,0,690578.0555,5337137.4028,11.562792105,48.158895722,2,#fc8d62,car
185127,"9,17E+18",9,1,62,0,2017,11,14,7,3,5,3,0,1,0,0,0,0,0,0,694203.0125,5334325.8758,11.610204158,48.132530094,2,#fc8d62,car
185128,"9,17E+18",9,1,62,0,2017,11,4,7,3,1,6,0,1,0,0,0,1,2,1,694514.1903,5334964.1736,11.614673511,48.138171833,2,#fc8d62,car
185129,"9,17E+18",9,1,62,0,2017,11,12,7,3,6,4,1,0,1,0,0,0,0,0,686209096.0,5334430.7356,11.502915601,48.135861669,1,#66c2a5,bicycle
185130,"9,17E+18",9,1,62,0,2017,11,5,7,3,2,6,0,1,0,0,0,0,1,0,692464.2999,5335460.4779,11.58737233,48.143255809,2,#fc8d62,car
185131,"9,17E+18",9,1,62,0,2017,11,12,7,3,5,3,0,1,0,0,0,0,0,0,687002.8399,5333995.5624,11.513383007,48.131717451,2,#fc8d62,car
185137,"9,17E+18",9,7,61,0,2017,11,17,7,3,2,6,0,1,0,0,0,0,1,0,637482.9099,5359511.8956,10.856533778,48.373788743,2,#fc8d62,car
185138,"9,17E+18",9,7,72,202,2017,11,13,7,3,0,1,1,0,0,0,0,0,0,0,635396.1912,5358368.8347,10.828002279,48.363961496,1,#66c2a5,bicycle
185139,"9,17E+18",9,7,61,0,2017,11,0,7,3,0,1,1,0,0,0,0,0,2,0,642595.3344,5357840371.0,10.92496417,48.357624676,1,#66c2a5,bicycle
185140,"9,17E+18",9,7,61,0,2017,11,9,7,3,0,1,1,0,0,0,0,0,0,0,640766.1144,5352970.1636,10.898657585,48.314243652,1,#66c2a5,bicycle
185154,"9,17E+18",9,2,61,0,2017,11,14,7,3,5,2,1,0,0,0,0,1,0,0,732233.7062,5381575.2852,12.146670573,48.544244198,1,#66c2a5,bicycle
185159,"9,17E+18",9,1,87,150,2017,11,14,7,2,0,1,0,0,0,1,0,0,0,0,729807.1291,5304828.2452,12.072295711,47.855661476,4,#e78ac3,marker
185160,"9,17E+18",9,1,87,150,2017,11,15,7,3,4,2,1,1,0,0,0,0,0,0,729449.6117,5304090.1808,12.067131724,47.849158059,1,#66c2a5,bicycle
185162,"9,17E+18",9,1,81,131,2017,11,13,7,2,9,1,0,0,0,1,0,0,0,0,634512.2257,5334030.2446,10.80833744,48.145291038,4,#e78ac3,marker
185163,"9,17E+18",9,1,88,120,2017,11,18,7,2,8,1,0,0,0,1,0,0,2,0,679031.8381,5325540.4059,11.402804205,48.058005328,4,#e78ac3,marker
185164,"9,17E+18",9,1,79,121,2017,11,12,7,3,5,3,0,1,0,0,0,0,0,0,666916.8335,5339706.8913,11.245889096,48.188647606,2,#fc8d62,car
185165,"9,17E+18",9,1,78,143,2017,11,19,7,2,6,4,0,1,1,0,0,0,2,0,716773747.0,5373271501.0,11.933178477,48.47517043,2,#fc8d62,car
185166,"9,17E+18",9,1,84,148,2017,11,11,6,3,5,3,1,1,0,0,0,0,0,1,695571.7532,5326718.4265,11.625095464,48.063738535,1,#66c2a5,bicycle
185167,"9,17E+18",9,1,62,0,2017,11,14,6,3,5,2,0,1,0,0,0,0,0,0,693119.4769,5331875.8907,11.594546492,48.110839916,2,#fc8d62,car
185168,"9,17E+18",9,1,84,113,2017,11,11,6,3,6,7,0,1,1,0,0,0,0,0,685352.0834,5322470.7421,11.486218508,48.028608745,2,#fc8d62,car
185169,"9,17E+18",9,1,62,0,2017,11,12,6,3,2,6,0,1,0,0,0,0,0,0,688647.6184,5335660.4509,11.536204468,48.146196343,2,#fc8d62,car
185170,"9,17E+18",9,1,62,0,2017,11,18,6,3,3,6,0,1,0,1,0,0,1,0,692411.1901,5334363.0721,11.58616336,48.133408617,2,#fc8d62,car
185172,"9,17E+18",9,7,62,0,2017,11,18,6,2,5,3,1,1,0,0,0,0,2,0,621507.7076,5304975.0917,10.625350775,47.886600276,1,#66c2a5,bicycle
185174,"9,17E+18",9,7,72,147,2017,11,14,6,3,3,5,1,1,0,0,0,0,0,0,639027.5904,5365068.8754,10.879221228,48.42341713,1,#66c2a5,bicycle
185175,"9,17E+18",9,7,61,0,2017,11,11,6,3,5,3,0,1,0,0,0,0,0,0,637301.4334,5359788.3117,10.854174779,48.376313755,2,#fc8d62,car
185198,"9,17E+18",9,2,74,132,2017,11,14,6,3,0,1,0,0,0,1,0,0,0,0,722427.2744,5386192.7103,12.016461663,48.589279427,4,#e78ac3,marker
185202,"9,17E+18",9,1,63,0,2017,11,13,6,3,5,3,1,1,0,0,0,0,0,0,733708.98,5306215936.0,12.125130018,47.866721601,1,#66c2a5,bicycle
185203,"9,17E+18",9,1,87,117,2017,11,15,6,3,0,2,1,1,0,0,0,0,0,0,724448.3374,5305977389.0,12.001353215,47.867880365,1,#66c2a5,bicycle
185204,"9,17E+18",9,1,88,113,2017,11,16,6,3,0,7,0,0,0,1,0,0,0,1,675275.0307,5311943.8548,11.346875355,47.936820566,4,#e78ac3,marker
185205,"9,17E+18",9,1,74,115,2017,11,13,6,3,6,4,1,0,1,0,0,0,0,0,681677.9653,5346903.3448,11.447405116,48.249283745,1,#66c2a5,bicycle
185206,"9,17E+18",9,1,74,126,2017,11,13,6,1,0,1,1,0,0,0,0,0,0,0,683173.18,5343828613.0,11.466198672,48.221216295,1,#66c2a5,bicycle
185207,"9,17E+18",9,1,74,113,2017,11,12,6,3,5,3,0,1,0,0,0,1,0,0,680452.1322,5344715.3447,11.4299751,48.229966621,2,#fc8d62,car
185208,"9,17E+18",9,1,78,124,2017,11,8,6,3,5,7,0,1,0,0,0,1,0,0,704758.1313,5363956.1125,11.766246426,48.395489344,2,#fc8d62,car
185209,"9,17E+18",9,1,78,124,2017,11,14,6,2,5,2,0,1,0,0,0,0,0,0,703792.4325,5364331.0789,11.753397668,48.399171641,2,#fc8d62,car
185210,"9,17E+18",9,1,62,0,2017,11,20,5,3,1,7,0,1,0,1,0,0,2,0,691677545.0,5333710.6785,11.576019459,48.127766357,2,#fc8d62,car
185211,"9,17E+18",9,1,62,0,2017,11,16,5,2,4,6,0,1,0,0,0,0,0,0,691460.2883,5335505.0157,11.573909202,48.143959038,2,#fc8d62,car
185212,"9,17E+18",9,1,62,0,2017,11,7,5,3,5,3,1,1,0,0,0,0,0,0,684348198.0,5335133038.0,11.47823086,48.142716137,1,#66c2a5,bicycle
185213,"9,17E+18",9,1,62,0,2017,11,9,5,2,6,4,0,1,1,0,0,0,0,0,694526.9026,5337818.9457,11.616148911,48.163825397,2,#fc8d62,car
185214,"9,17E+18",9,1,62,0,2017,11,7,5,3,5,7,0,1,0,0,0,1,0,0,689559.0619,5337281.1795,11.549167393,48.160492575,2,#fc8d62,car
185215,"9,17E+18",9,1,62,0,2017,11,13,5,3,5,2,1,1,0,0,0,0,0,0,687458.4954,5336049.6186,11.520405205,48.150045791,1,#66c2a5,bicycle
185216,"9,17E+18",9,1,62,0,2017,11,10,5,3,2,6,0,1,0,0,0,0,0,0,689964.4071,5331938.3034,11.552230117,48.112349685,2,#fc8d62,car