OBJECTID,UIDENTSTLA,ULAND,UREGBEZ,UKREIS,UGEMEINDE,UJAHR,UMONAT,USTUNDE,UWOCHENTAG,UKATEGORIE,UART,UTYP1,IstRad,IstPKW,IstFuss,IstKrad,IstGkfz,IstSonstig,ULICHTVERH,STRZUSTAND,LINREFX,LINREFY,XGCSWGS84,YGCSWGS84,Teilnehmer,color,symbol
185217,"9,17E+18",9,1,62,0,2017,11,7,5,3,6,4,1,0,1,0,0,0,0,0,690511.2556,5334385.72,11.560663401,48.134183733,1,#66c2a5,bicycle
185218,"9,17E+18",9,1,62,0,2017,11,17,5,3,2,6,0,1,0,0,0,0,2,0,690982.7404,5335621213.0,11.56754807,48.145146942,2,#fc8d62,car
185219,"9,17E+18",9,1,62,0,2017,11,14,5,3,6,4,0,1,1,0,0,0,0,0,691461.6692,5334348.7917,11.573407991,48.133566618,2,#fc8d62,car
185224,"9,17E+18",9,7,61,0,2017,11,18,5,3,5,3,0,1,0,1,0,0,2,0,642786.0657,5358484.7799,10.927756125,48.36337579,2,#fc8d62,car
185253,"9,17E+18",9,1,90,157,2017,11,18,5,3,5,3,1,1,0,0,0,0,2,0,660803.1105,5300756.5306,11.149081639,47.84003058,1,#66c2a5,bicycle
185260,"9,17E+18",9,1,87,150,2017,11,12,5,3,1,5,0,1,0,0,0,1,0,0,729721.5583,5304136.2404,12.070785985,47.849474762,2,#fc8d62,car
185261,"9,17E+18",9,1,79,123,2017,11,18,5,3,5,3,1,1,0,0,0,0,1,0,676468.0545,5333567.4149,11.371744088,48.130876952,1,#66c2a5,bicycle
185262,"9,17E+18",9,1,78,124,2017,11,8,5,3,2,6,0,1,0,0,0,0,0,0,704873.9148,5359232.1289,11.765507126,48.353001561,2,#fc8d62,car
185263,"9,17E+18",9,1,78,113,2017,11,9,5,3,0,1,1,0,0,0,0,0,0,0,691990.7345,5367393997.0,11.595524355,48.430402856,1,#66c2a5,bicycle
185264,"9,17E+18",9,1,84,119,2017,11,19,4,3,6,4,0,1,1,0,0,0,2,0,694156.2568,5347463011.0,11.615582268,48.25061465,2,#fc8d62,car
185265,"9,17E+18",9,1,62,0,2017,11,3,4,3,6,7,0,0,1,0,0,1,2,0,690853.2117,5335027.9698,11.565542627,48.139853784,3,#8da0cb,toilet
185266,"9,17E+18",9,1,62,0,2017,11,17,4,3,6,4,0,1,1,0,0,0,2,0,688519.6478,5330508.3892,11.532207275,48.099926576,2,#fc8d62,car
185267,"9,17E+18",9,7,72,147,2017,11,16,4,3,5,3,0,1,0,0,0,0,0,0,639056.2739,5363762.2161,10.879175512,48.41166173,2,#fc8d62,car
185277,"9,17E+18",9,1,87,117,2017,11,19,4,3,9,1,0,1,0,0,0,0,2,0,727229584.0,5305599.4692,12.038292045,47.863507179,2,#fc8d62,car
185278,"9,17E+18",9,1,85,131,2017,11,7,4,2,8,1,0,0,0,1,0,0,2,0,669814.4867,5372719.6773,11.298151479,48.48464649,4,#e78ac3,marker
185279,"9,17E+18",9,1,62,0,2017,10,22,3,3,2,6,0,1,0,0,0,0,2,0,690482.3054,5342691.4345,11.563995893,48.208843426,2,#fc8d62,car
185280,"9,17E+18",9,1,62,0,2017,10,17,3,3,5,2,1,1,0,0,0,0,2,0,683457.9734,5337547.9862,11.467316003,48.164680455,1,#66c2a5,bicycle
185281,"9,17E+18",9,1,62,0,2017,10,18,3,3,3,7,0,1,0,0,0,0,2,0,693954.4607,5333016.1132,11.606271017,48.120834174,2,#fc8d62,car
185282,"9,17E+18",9,1,62,0,2017,10,14,3,3,5,6,0,1,0,1,0,0,0,0,693151.8108,5332722.5193,11.595363871,48.118439413,2,#fc8d62,car
185285,"9,17E+18",9,7,62,0,2017,10,14,3,3,5,3,0,1,0,0,0,0,0,0,621875887.0,5303858787.0,10.629958627,47.876490729,2,#fc8d62,car
185286,"9,17E+18",9,7,72,184,2017,10,5,3,3,1,5,0,1,0,0,0,0,2,0,635238.1424,5359509.9328,10.826236531,48.374256166,2,#fc8d62,car
185287,"9,17E+18",9,7,61,0,2017,10,18,3,3,0,1,0,1,1,0,0,0,2,0,641853.6777,5360404547.0,10.915822955,48.380847711,2,#fc8d62,car
185288,"9,17E+18",9,7,61,0,2017,10,23,3,3,3,2,1,1,0,0,0,0,2,0,640557.2724,5359230604.0,10.897931715,48.370582185,1,#66c2a5,bicycle
185300,"9,17E+18",9,1,73,120,2017,10,14,3,3,5,3,0,1,0,0,0,0,0,0,685438.6713,5309681.1895,11.481860863,47.913621356,2,#fc8d62,car
185301,"9,17E+18",9,1,74,131,2017,10,21,3,3,0,1,0,1,0,0,0,0,2,0,676180.1232,5359096.8251,11.378500254,48.360442481,2,#fc8d62,car
185302,"9,17E+18",9,1,62,0,2017,10,12,2,3,5,3,0,1,0,0,0,0,0,0,686452.6505,5329811.9992,11.504166719,48.094275325,2,#fc8d62,car
185303,"9,17E+18",9,1,62,0,2017,10,14,2,3,5,2,0,1,0,0,0,0,0,0,693274.5158,5334644.6883,11.597882581,48.135678121,2,#fc8d62,car
185304,"9,17E+18",9,1,62,0,2017,10,15,2,3,5,2,1,1,0,0,0,0,0,0,698251.9717,5333177.6402,11.664030077,48.120962339,1,#66c2a5,bicycle
185305,"9,17E+18",9,1,62,0,2017,10,20,2,3,5,2,0,1,0,0,0,0,2,0,694339.0891,5341654427.0,11.615379876,48.198354316,2,#fc8d62,car
185306,"9,17E+18",9,1,62,0,2017,10,13,2,3,6,7,0,1,1,0,0,0,0,0,690866.3238,5334476.8456,11.565471745,48.134896379,2,#fc8d62,car
185307,"9,17E+18",9,1,84,112,2017,10,15,2,3,8,1,0,1,0,0,0,0,0,0,699259.1014,5336856.6568,11.67926918,48.153711769,2,#fc8d62,car
185314,"9,17E+18",9,7,61,0,2017,10,12,2,3,6,4,1,0,1,0,0,0,0,0,641799.0707,5360272.0379,10.915041175,48.379668524,1,#66c2a5,bicycle
185315,"9,17E+18",9,7,61,0,2017,10,20,2,3,5,3,0,1,0,0,0,0,2,0,644082608.0,5356490.2921,10.944567536,48.345147882,2,#fc8d62,car
185316,"9,17E+18",9,7,61,0,2017,10,17,2,3,3,6,0,1,0,1,0,0,2,1,639603.2375,5358123.9365,10.884689438,48.360843076,2,#fc8d62,car
185317,"9,17E+18",9,7,61,0,2017,10,13,2,3,6,7,1,0,1,0,0,0,0,0,640673.0661,5359269.9015,10.89950752,48.370909735,1,#66c2a5,bicycle
185318,"9,17E+18",9,7,61,0,2017,10,16,2,3,4,2,0,1,0,1,0,0,2,0,640225.0937,5359980.8731,10.893699126,48.377402257,2,#fc8d62,car
185346,"9,17E+18",9,2,61,0,2017,10,13,2,3,1,7,0,1,0,0,0,0,0,0,733185.4429,5382168.9315,12.159878117,48.54922374,2,#fc8d62,car
185347,"9,17E+18",9,2,61,0,2017,10,23,2,3,6,4,0,1,1,0,0,0,2,0,732867.5622,5382651063.0,12.15584693,48.553672636,2,#fc8d62,car
185349,"9,17E+18",9,1,63,0,2017,10,14,2,3,3,6,0,1,0,1,0,0,0,0,732360.8451,5304596.7202,12.106260442,47.852663279,2,#fc8d62,car
185350,"9,17E+18",9,1,63,0,2017,10,14,2,3,3,2,1,1,0,0,0,0,0,0,732976.3276,5306763.4425,12.115643162,47.871906532,1,#66c2a5,bicycle
185351,"9,17E+18",9,1,74,131,2017,10,14,2,2,9,1,0,1,0,0,0,0,0,1,669653.7685,5361070.3344,11.291262721,48.379970556,2,#fc8d62,car
185352,"9,17E+18",9,1,74,115,2017,10,10,2,3,2,6,0,1,0,0,0,0,0,0,681755.6421,5346311.8117,11.448196591,48.243944436,2,#fc8d62,car
185353,"9,17E+18",9,1,77,133,2017,10,20,2,3,2,6,0,1,0,0,0,0,2,0,706323.7398,5359463.3711,11.785167087,48.354607572,2,#fc8d62,car
185354,"9,17E+18",9,1,77,117,2017,10,8,2,3,5,7,1,1,0,0,0,0,0,0,714803.2406,5353705.6855,11.89654925,48.300047095,1,#66c2a5,bicycle
185356,"9,17E+18",9,7,77,177,2017,11,6,6,3,9,1,0,1,0,0,0,0,1,1,634706.8274,5320309.0454,10.806624934,48.021861055,2,#fc8d62,car
185359,"9,17E+18",9,7,72,200,2017,11,13,6,3,4,6,1,0,0,0,0,0,0,0,631187.8816,5338324.6289,10.764993161,48.184603274,1,#66c2a5,bicycle
185360,"9,17E+18",9,7,72,177,2017,11,12,6,3,4,2,0,1,0,1,0,0,0,1,636611843.0,5376933134.0,10.850462657,48.530626084,2,#fc8d62,car
185361,"9,17E+18",9,7,72,202,2017,11,20,6,3,2,6,1,1,0,0,0,0,2,1,637290.3425,5358652.3818,10.853654199,48.366102013,1,#66c2a5,bicycle
185362,"9,17E+18",9,7,61,0,2017,11,15,6,3,6,2,0,1,1,0,0,0,0,0,641891.0407,5360436982.0,10.916338224,48.38113095,2,#fc8d62,car
185363,"9,17E+18",9,7,61,0,2017,11,11,6,2,6,2,0,0,1,0,0,1,0,0,641123.4336,5352740.8511,10.90339764,48.312102095,3,#8da0cb,toilet
185398,"9,17E+18",9,1,73,126,2017,11,16,6,3,4,2,0,1,0,0,0,0,0,1,686073.0804,5303324.7545,11.487604386,47.856300446,2,#fc8d62,car
185400,"9,17E+18",9,1,63,0,2017,11,18,6,3,5,3,1,1,0,0,0,0,2,1,732947.77,5303051.5099,12.113262999,47.838568479,1,#66c2a5,bicycle
185401,"9,17E+18",9,1,63,0,2017,11,9,6,3,2,7,0,1,0,0,0,1,0,0,731371.4783,5304410.5847,12.092954759,47.851347862,2,#fc8d62,car
185405,"9,17E+18",9,1,79,121,2017,11,13,6,3,0,7,1,0,0,0,0,0,0,0,666503.1586,5337768.7374,11.239568022,48.171332137,1,#66c2a5,bicycle
185406,"9,17E+18",9,1,74,115,2017,11,20,6,3,0,1,1,0,0,0,0,0,2,1,681158.0174,5345498.6701,11.439806557,48.23680645,1,#66c2a5,bicycle
185407,"9,17E+18",9,1,78,116,2017,11,14,6,2,6,4,0,1,1,0,0,0,0,1,702457.3314,5381885.2046,11.743881121,48.557345516,2,#fc8d62,car
185408,"9,17E+18",9,1,77,117,2017,11,11,6,3,4,2,0,1,0,0,0,0,0,0,715317.1252,5354210.2685,11.903726925,48.304406204,2,#fc8d62,car
185409,"9,17E+18",9,1,62,0,2017,11,13,5,3,0,5,1,1,0,0,0,0,0,0,687637813.0,5336405.6418,11.522970689,48.153192932,1,#66c2a5,bicycle
185410,"9,17E+18",9,1,62,0,2017,11,16,5,3,3,7,0,1,0,0,0,1,0,0,689564.8713,5337267.7402,11.549239448,48.16037005,2,#fc8d62,car
185411,"9,17E+18",9,1,62,0,2017,11,9,5,3,2,1,0,1,0,1,0,0,0,0,690333.9536,5333842.7768,11.558040208,48.129356808,2,#fc8d62,car
185412,"9,17E+18",9,1,62,0,2017,11,13,5,3,5,3,1,1,0,0,0,0,0,0,682483.6995,5341356.7278,11.455861308,48.199196237,1,#66c2a5,bicycle
185413,"9,17E+18",9,1,62,0,2017,11,7,5,3,0,7,0,1,0,1,0,0,0,1,694352.2382,5340555.5212,11.615053704,48.188473876,2,#fc8d62,car
185414,"9,17E+18",9,1,62,0,2017,11,14,5,3,5,3,1,0,0,0,0,1,0,0,690497.3246,5339896.1857,11.562943705,48.183715607,1,#66c2a5,bicycle
185415,"9,17E+18",9,1,62,0,2017,11,23,5,3,0,7,0,0,0,1,0,0,2,0,690782.7339,5335322.9266,11.564728353,48.142525973,4,#e78ac3,marker
185416,"9,17E+18",9,1,62,0,2017,11,12,5,3,3,6,0,1,0,0,0,0,0,0,692268.8143,5337286.2018,11.585571862,48.15972412,2,#fc8d62,car
185417,"9,17E+18",9,1,84,149,2017,11,19,5,3,4,2,0,1,0,0,0,0,2,0,691824.5456,5349585.3699,11.585166182,48.270399534,2,#fc8d62,car
185418,"9,17E+18",9,1,62,0,2017,11,7,5,3,3,2,1,1,0,0,0,0,0,0,692369.7212,5337509723.0,11.587028469,48.161702554,1,#66c2a5,bicycle
185419,"9,17E+18",9,1,62,0,2017,11,16,5,2,6,4,0,1,1,0,0,0,1,0,692270.8135,5334906.7878,11.584523985,48.138337854,2,#fc8d62,car
185420,"9,17E+18",9,1,62,0,2017,11,7,5,1,8,7,0,1,0,0,0,0,0,1,692759979.0,5329864712.0,11.588813399,48.092872682,2,#fc8d62,car
185421,"9,17E+18",9,1,84,149,2017,11,9,5,3,5,3,0,1,0,0,0,0,0,0,690611.8361,5350803.4922,11.569389204,48.281713751,2,#fc8d62,car
185422,"9,17E+18",9,1,62,0,2017,11,7,5,3,4,3,0,1,0,0,0,0,0,1,690700.2268,5338149.9246,11.56488725,48.167959546,2,#fc8d62,car
185423,"9,17E+18",9,1,84,118,2017,11,7,5,3,5,3,0,1,0,0,0,0,0,0,703857882.0,5336441.1636,11.740833539,48.148520536,2,#fc8d62,car
185424,"9,17E+18",9,1,62,0,2017,11,18,5,3,4,2,0,1,0,0,0,1,2,0,698572.3067,5335291.6516,11.669314902,48.139861587,2,#fc8d62,car
185425,"9,17E+18",9,1,62,0,2017,11,8,5,3,2,6,0,1,0,1,0,0,1,1,691901.72,5337058.1514,11.580537628,48.157785342,2,#fc8d62,car
185432,"9,17E+18",9,7,61,0,2017,11,12,5,3,5,3,1,1,0,0,0,0,0,0,639388.4288,5360052.1532,10.882430208,48.378228574,1,#66c2a5,bicycle
185433,"9,17E+18",9,7,72,149,2017,11,9,5,3,5,3,1,1,0,0,0,0,0,0,636630.8217,5338514.2007,10.838244761,48.185160557,1,#66c2a5,bicycle
185434,"9,17E+18",9,7,71,130,2017,11,13,5,3,1,3,0,1,0,1,0,0,0,0,647775.3771,5357161.4271,10.994610434,48.350329106,2,#fc8d62,car
185435,"9,17E+18",9,7,72,125,2017,11,7,5,3,5,3,1,1,0,0,0,0,0,1,637616.8071,5349372.8861,10.855030402,48.282590176,1,#66c2a5,bicycle
185436,"9,17E+18",9,7,61,0,2017,11,13,5,3,4,6,1,1,0,0,0,0,0,0,638803835.0,5358975982.0,10.874184426,48.368680757,1,#66c2a5,bicycle
185437,"9,17E+18",9,7,61,0,2017,11,16,5,3,5,2,1,1,0,0,0,0,0,0,640873.0351,5357207582.0,10.901515596,48.352321463,1,#66c2a5,bicycle
185438,"9,17E+18",9,7,61,0,2017,11,8,5,3,5,7,1,1,0,0,0,0,0,0,640619985.0,5357242422.0,10.898113495,48.35269113,1,#66c2a5,bicycle
185439,"9,17E+18",9,7,61,0,2017,11,9,5,3,1,5,0,1,1,0,0,0,0,1,640576.9396,5359109.6829,10.898156704,48.369490522,2,#fc8d62,car
185466,"9,17E+18",9,1,87,177,2017,11,7,5,3,2,6,0,1,0,0,0,0,0,0,736309.8742,5305690.5437,12.159567364,47.861050298,2,#fc8d62,car
185467,"9,17E+18",9,1,87,117,2017,11,17,5,3,5,3,1,1,0,0,0,0,2,0,725540.3773,5304818.8931,12.015331,47.857088914,1,#66c2a5,bicycle
185469,"9,17E+18",9,1,79,134,2017,11,17,5,3,5,3,0,1,0,0,0,0,2,0,671057.2526,5342751.6555,11.302780013,48.214917301,2,#fc8d62,car
185470,"9,17E+18",9,1,88,132,2017,11,5,5,3,2,7,0,1,0,0,0,0,2,1,666147.2782,5322958.7498,11.229017936,48.038280699,2,#fc8d62,car
185471,"9,17E+18",9,1,88,121,2017,11,17,5,3,5,3,1,1,0,0,0,0,2,0,670383.8707,5330777.3796,11.288926091,48.10745294,1,#66c2a5,bicycle
185472,"9,17E+18",9,1,74,135,2017,11,17,5,3,4,6,0,1,0,0,0,0,2,0,662923.3692,5353145.0381,11.197369953,48.310495936,2,#fc8d62,car
185473,"9,17E+18",9,1,77,133,2017,11,10,5,3,3,6,0,1,0,0,0,0,0,0,706504651.0,5359160.3993,11.787457589,48.351825951,2,#fc8d62,car
185474,"9,17E+18",9,1,62,0,2017,11,22,4,3,5,2,1,1,0,0,0,0,2,1,689887.5841,5335954.8336,11.552988935,48.148473353,1,#66c2a5,bicycle
185475,"9,17E+18",9,1,62,0,2017,11,8,4,3,5,3,1,1,0,0,0,0,0,0,688538.5965,5335690.4239,11.534753525,48.146498065,1,#66c2a5,bicycle
185476,"9,17E+18",9,1,62,0,2017,11,11,4,3,5,3,1,1,0,0,0,0,0,0,692249.8582,5338465.8436,11.585850443,48.170332184,1,#66c2a5,bicycle
185477,"9,17E+18",9,1,62,0,2017,11,23,4,3,8,1,0,1,0,0,0,0,2,1,695696.4384,5332800.0778,11.629554305,48.118359556,2,#fc8d62,car
185478,"9,17E+18",9,1,62,0,2017,11,16,4,3,1,6,0,1,0,1,0,0,2,0,689923.0878,5336597.4671,11.55375254,48.154238746,2,#fc8d62,car
185479,"9,17E+18",9,1,62,0,2017,11,21,4,2,6,2,0,1,1,0,0,0,2,0,689378192.0,5333630215.0,11.54511373,48.127731353,2,#fc8d62,car
185480,"9,17E+18",9,1,62,0,2017,11,8,4,3,0,7,0,1,0,0,0,1,0,0,694690.3307,5336674.5112,11.617820745,48.153489728,2,#fc8d62,car
185481,"9,17E+18",9,1,62,0,2017,11,8,4,3,0,7,0,1,0,0,0,1,0,0,694301.3501,5332836.1293,11.61084532,48.119110783,2,#fc8d62,car
185482,"9,17E+18",9,1,62,0,2017,11,8,4,3,5,3,1,1,0,0,0,0,0,0,679909576.0,5335756.1678,11.418880713,48.149588057,1,#66c2a5,bicycle
185483,"9,17E+18",9,1,62,0,2017,11,18,4,2,0,5,1,1,0,0,0,0,1,0,687192.2248,5339657.2977,11.518416742,48.182550857,1,#66c2a5,bicycle
185484,"9,17E+18",9,1,62,0,2017,11,8,4,3,4,6,1,0,0,0,0,0,0,0,687101.6689,5339180.4833,11.516989717,48.178291823,1,#66c2a5,bicycle
185485,"9,17E+18",9,1,62,0,2017,11,13,4,3,6,4,1,0,1,0,0,0,0,0,689288.8078,5337306.9472,11.545548238,48.160804687,1,#66c2a5,bicycle
185486,"9,17E+18",9,1,62,0,2017,11,12,4,3,3,6,0,1,0,1,0,0,0,0,689384758.0,5335454.7842,11.546013062,48.144128779,2,#fc8d62,car
185487,"9,17E+18",9,1,84,145,2017,11,13,4,3,0,1,1,0,0,0,0,0,0,0,695626224.0,5325166306.0,11.625116098,48.049771933,1,#66c2a5,bicycle
185488,"9,17E+18",9,1,62,0,2017,11,6,4,3,5,2,1,1,0,0,0,0,1,1,697922.6124,5330935.7042,11.658569001,48.100915823,1,#66c2a5,bicycle
185489,"9,17E+18",9,1,62,0,2017,11,7,4,3,5,3,1,1,0,0,0,0,0,0,695108.4347,5335582.5694,11.622936029,48.143547763,1,#66c2a5,bicycle
185490,"9,17E+18",9,1,62,0,2017,11,14,4,3,0,1,1,0,0,0,0,0,0,0,693623.5111,5336161.7657,11.603258358,48.149207024,1,#66c2a5,bicycle
185491,"9,17E+18",9,1,62,0,2017,11,14,4,3,1,1,1,1,0,0,0,0,0,0,691057.7735,5333558.5322,11.567630621,48.126585192,1,#66c2a5,bicycle
185492,"9,17E+18",9,1,62,0,2017,11,10,4,3,5,2,1,1,0,0,0,0,0,0,692295.8934,5338142.2664,11.586322653,48.16741003,1,#66c2a5,bicycle
185497,"9,17E+18",9,7,77,121,2017,11,19,4,3,3,2,0,1,0,1,0,0,2,0,628553.8171,5321134.1294,10.724390833,48.03054894,2,#fc8d62,car
185501,"9,17E+18",9,7,72,147,2017,11,16,4,3,2,1,0,1,0,0,0,0,0,0,636030085.0,5364302573.0,10.838477638,48.417181039,2,#fc8d62,car
185502,"9,17E+18",9,7,72,147,2017,11,13,4,3,1,2,1,1,0,0,0,0,0,0,639131.7236,5364472.0605,10.880429986,48.418027774,1,#66c2a5,bicycle
185503,"9,17E+18",9,7,72,184,2017,11,6,4,3,5,3,1,1,0,0,0,0,2,0,636165.4217,5363086.0326,10.83991094,48.406212804,1,#66c2a5,bicycle
185504,"9,17E+18",9,7,61,0,2017,11,19,4,3,5,3,1,1,0,0,0,0,2,1,639713.7841,5357601.2373,10.886007459,48.356118644,1,#66c2a5,bicycle
185505,"9,17E+18",9,7,61,0,2017,11,7,4,3,0,7,1,0,0,0,0,0,0,1,640811.7429,5357215.7385,10.900691471,48.352408473,1,#66c2a5,bicycle
185527,"9,17E+18",9,2,61,0,2017,11,17,4,3,6,4,0,1,1,0,0,0,2,0,731831.0804,5381710.7971,12.141299115,48.54561036,2,#fc8d62,car
185528,"9,17E+18",9,2,61,0,2017,11,17,4,2,6,4,0,0,1,1,0,0,2,1,731699.4514,5381615.7354,12.139465471,48.54480506,3,#8da0cb,toilet
185532,"9,17E+18",9,1,63,0,2017,11,11,4,2,5,3,1,1,0,0,0,0,0,0,733184866.0,5304936.6315,12.117442553,47.855418676,1,#66c2a5,bicycle
185533,"9,17E+18",9,1,63,0,2017,11,11,4,3,5,3,0,1,0,0,0,0,0,0,733452754.0,5307368474.0,12.122331595,47.877169175,2,#fc8d62,car
185534,"9,17E+18",9,1,63,0,2017,11,10,4,3,1,3,0,1,0,0,0,1,0,0,734360.7321,5304907.6592,12.133122741,47.854730718,2,#fc8d62,car
185535,"9,17E+18",9,1,87,163,2017,11,7,4,3,6,4,0,0,1,0,0,1,1,0,737317.3777,5307856.4862,12.174205993,47.880136929,3,#8da0cb,toilet
185536,"9,17E+18",9,1,63,0,2017,11,15,4,3,3,6,1,1,0,0,0,0,0,0,732877.9618,5303300.7528,12.112465522,47.840832997,1,#66c2a5,bicycle
185539,"9,17E+18",9,1,86,125,2017,11,17,4,3,6,6,0,1,1,0,0,0,2,1,677956.5498,5371343265.0,11.40765567,48.470022652,2,#fc8d62,car
185541,"9,17E+18",9,1,74,141,2017,11,18,4,3,7,7,0,1,0,0,0,0,2,1,682746.4907,5357711.8346,11.466463622,48.3461275,2,#fc8d62,car
185542,"9,17E+18",9,1,78,124,2017,11,2,4,3,0,1,1,0,0,0,0,0,2,0,703430.5056,5364582303.0,11.748635319,48.401546051,1,#66c2a5,bicycle
185543,"9,17E+18",9,1,77,117,2017,11,7,4,3,5,2,1,0,0,0,0,1,1,0,714946.5763,5350802.6338,11.897002661,48.273913874,1,#66c2a5,bicycle
185544,"9,17E+18",9,1,75,123,2017,11,18,4,3,5,2,0,1,0,0,0,0,2,1,722324.5024,5337992.6092,11.989588379,48.156274802,2,#fc8d62,car
185545,"9,17E+18",9,1,62,0,2017,11,7,3,2,5,3,1,1,0,0,0,0,0,1,689571097.0,5333535201.0,11.547661322,48.126819942,1,#66c2a5,bicycle
185546,"9,17E+18",9,1,62,0,2017,11,9,3,3,1,7,0,1,0,0,0,1,0,0,701828.5502,5331770.1999,11.711369355,48.107190184,2,#fc8d62,car
185547,"9,17E+18",9,1,62,0,2017,11,14,3,2,3,2,1,1,0,0,0,0,0,0,686478.1145,5336304.3877,11.5073486,48.152623915,1,#66c2a5,bicycle
185548,"9,17E+18",9,1,62,0,2017,11,5,3,3,5,3,1,0,0,1,0,0,2,1,689007684.0,5341642506.0,11.54369992,48.199856464,1,#66c2a5,bicycle
185549,"9,17E+18",9,1,62,0,2017,11,12,3,3,2,6,0,1,0,0,0,0,0,1,691360.4406,5332958.2711,11.571424454,48.121099184,2,#fc8d62,car
185550,"9,17E+18",9,1,62,0,2017,11,10,3,2,3,7,1,1,0,0,0,0,2,1,694266.7227,5334270.9567,11.611034499,48.132017059,1,#66c2a5,bicycle
185551,"9,17E+18",9,1,62,0,2017,11,10,3,3,5,3,0,1,0,0,0,0,0,1,685657.2201,5334418.5719,11.49549961,48.135913579,2,#fc8d62,car
185552,"9,17E+18",9,1,62,0,2017,11,14,3,3,5,3,1,1,0,0,0,0,0,0,686478.2004,5339516.5443,11.508758318,48.1814957,1,#66c2a5,bicycle
185553,"9,17E+18",9,1,62,0,2017,11,17,3,3,6,4,0,1,1,0,0,0,2,0,688298.8996,5330556.4424,11.529266369,48.100423763,2,#fc8d62,car
185554,"9,17E+18",9,1,62,0,2017,11,18,3,3,2,6,0,1,0,0,0,0,2,0,698069.3909,5333032.3109,11.661511861,48.119713045,2,#fc8d62,car
185555,"9,17E+18",9,1,62,0,2017,11,7,3,3,5,3,1,1,0,0,0,0,1,1,695688.5097,5329902.3769,11.628118966,48.092318787,1,#66c2a5,bicycle
185556,"9,17E+18",9,1,62,0,2017,11,17,3,3,6,4,0,1,1,0,0,0,2,0,692567.3513,5335064.7623,11.588577285,48.139668025,2,#fc8d62,car
185562,"9,17E+18",9,7,72,217,2017,11,17,3,3,5,3,0,1,0,0,0,0,2,0,635857.8926,5381246.5224,10.841662966,48.569574326,2,#fc8d62,car
185563,"9,17E+18",9,7,61,0,2017,11,13,3,3,2,6,0,1,0,1,0,0,0,1,639924.9206,5359221.1717,10.889394828,48.370637888,2,#fc8d62,car
185588,"9,17E+18",9,1,73,126,2017,11,7,3,2,3,2,1,1,0,0,0,0,0,1,685079357.0,5303725.7835,11.474503809,47.860192271,1,#66c2a5,bicycle
185589,"9,17E+18",9,1,87,169,2017,11,23,3,3,0,7,1,0,0,0,0,0,2,0,736119.8382,5303018.6841,12.155572628,47.837116812,1,#66c2a5,bicycle
185590,"9,17E+18",9,1,63,0,2017,11,16,3,3,3,6,1,0,0,0,0,1,0,0,733526.7785,5305884.1415,12.122518174,47.863807003,1,#66c2a5,bicycle
185592,"9,17E+18",9,1,86,143,2017,11,15,3,3,5,7,1,1,0,0,0,0,0,0,685277.0079,5378176.7929,11.509632491,48.529327219,1,#66c2a5,bicycle
185593,"9,17E+18",9,1,81,130,2017,11,21,3,3,0,1,1,0,0,0,0,0,2,0,639036.5388,5324494.4186,10.866020761,48.058569768,1,#66c2a5,bicycle
185594,"9,17E+18",9,1,81,130,2017,11,17,3,3,2,6,0,1,0,0,0,0,2,1,639099.9055,5324785.4464,10.866965396,48.061172969,2,#fc8d62,car
185595,"9,17E+18",9,1,74,113,2017,11,15,3,2,4,5,0,1,0,0,0,1,0,0,674158.6252,5345446.2398,11.345602005,48.238296157,2,#fc8d62,car
185596,"9,17E+18",9,1,62,0,2017,11,23,2,3,5,3,0,1,0,0,0,0,2,1,692329.5085,5334249.1636,11.585015231,48.132409518,2,#fc8d62,car
185597,"9,17E+18",9,1,62,0,2017,11,17,2,3,5,2,0,1,0,0,0,0,2,1,686204.0642,5334849.0949,11.503030926,48.139623512,2,#fc8d62,car
185598,"9,17E+18",9,1,62,0,2017,11,13,2,3,5,3,1,1,0,0,0,0,0,1,687489849.0,5340899455.0,11.522965127,48.193627809,1,#66c2a5,bicycle
185599,"9,17E+18",9,1,62,0,2017,11,7,2,3,6,4,0,1,1,0,0,0,0,1,689413.0154,5337176.2026,11.547158652,48.159592562,2,#fc8d62,car
185600,"9,17E+18",9,1,62,0,2017,11,19,2,3,5,2,1,0,0,0,0,1,2,1,683463.1138,5336670.9669,11.467006832,48.156795811,1,#66c2a5,bicycle
185601,"9,17E+18",9,1,62,0,2017,11,6,2,3,5,2,1,0,0,0,0,1,2,1,682679.6365,5335502.3655,11.455979979,48.14651719,1,#66c2a5,bicycle
185602,"9,17E+18",9,1,62,0,2017,11,6,2,3,0,7,1,0,0,0,0,0,1,1,688227.8509,5336079.0029,11.530751843,48.150082699,1,#66c2a5,bicycle
185603,"9,17E+18",9,1,62,0,2017,11,12,2,3,5,2,0,1,0,0,0,0,0,1,693429.6602,5333490.6185,11.599441836,48.12525854,2,#fc8d62,car
185604,"9,17E+18",9,1,62,0,2017,11,11,2,3,5,2,1,1,0,0,0,0,0,1,689566.7588,5333540.9852,11.547605653,48.126873222,1,#66c2a5,bicycle