OBJECTID,UIDENTSTLA,ULAND,UREGBEZ,UKREIS,UGEMEINDE,UJAHR,UMONAT,USTUNDE,UWOCHENTAG,UKATEGORIE,UART,UTYP1,IstRad,IstPKW,IstFuss,IstKrad,IstGkfz,IstSonstig,ULICHTVERH,STRZUSTAND,LINREFX,LINREFY,XGCSWGS84,YGCSWGS84,Teilnehmer,color,symbol
185605,"9,17E+18",9,1,62,0,2017,11,6,2,3,5,3,1,1,0,0,0,0,2,1,692243792.0,5335553191.0,11.584452945,48.144155762,1,#66c2a5,bicycle
185609,"9,17E+18",9,7,62,0,2017,11,17,2,3,5,3,0,1,0,0,0,0,2,1,623229.5777,5307789.7291,10.649177562,47.911585766,2,#fc8d62,car
185612,"9,17E+18",9,7,71,130,2017,11,17,2,2,6,2,0,1,1,0,0,0,2,1,647055.4452,5357208.2542,10.984915528,48.350918179,2,#fc8d62,car
185613,"9,17E+18",9,7,61,0,2017,11,17,2,3,5,3,0,1,0,0,0,0,2,1,643198356.0,5362160.7328,10.934571602,48.39633458,2,#fc8d62,car
185614,"9,17E+18",9,7,61,0,2017,11,18,2,3,5,3,0,1,0,0,0,1,2,1,639459.9037,5359754.2767,10.883296104,48.375534355,2,#fc8d62,car
185619,"9,17E+18",9,1,62,0,2017,11,11,4,3,5,3,1,1,0,0,0,0,0,0,690348.2221,5334750.5888,11.558637373,48.137511954,1,#66c2a5,bicycle
185620,"9,17E+18",9,1,62,0,2017,11,14,4,3,5,2,1,0,0,0,0,1,0,0,684402.3529,5329840.2748,11.476669071,48.095126033,1,#66c2a5,bicycle
185621,"9,17E+18",9,1,62,0,2017,11,17,4,3,6,4,0,0,1,0,0,1,2,0,697800.9519,5333501.6762,11.658126576,48.124014816,3,#8da0cb,toilet
185622,"9,17E+18",9,1,62,0,2017,11,15,4,3,5,3,1,1,0,0,0,0,0,0,691421.8888,5335418796.0,11.573354756,48.143195661,1,#66c2a5,bicycle
185629,"9,17E+18",9,7,78,203,2017,11,7,4,2,2,7,0,1,0,0,0,0,1,0,620594.8028,5322662515.0,10.618106501,48.045847102,2,#fc8d62,car
185632,"9,17E+18",9,1,62,0,2017,11,16,4,3,0,5,1,1,0,0,0,0,0,1,691999.7212,5335625.3203,11.581207731,48.144877751,1,#66c2a5,bicycle
185633,"9,17E+18",9,1,84,120,2017,11,11,4,3,6,6,0,1,1,0,0,0,0,0,681165.9706,5332086.4762,11.434196673,48.116245167,2,#fc8d62,car
185634,"9,17E+18",9,1,62,0,2017,11,11,4,3,5,3,0,1,0,0,0,0,0,0,688591.9501,5332557.9747,11.534083541,48.118327282,2,#fc8d62,car
185635,"9,17E+18",9,1,62,0,2017,11,19,4,3,5,2,1,1,0,0,0,0,2,0,679588.1254,5335407.0231,11.414415503,48.14654045,1,#66c2a5,bicycle
185636,"9,17E+18",9,1,84,149,2017,11,15,4,3,4,6,1,0,0,0,0,0,0,0,690813226.0,5350633502.0,11.572024289,48.280125275,1,#66c2a5,bicycle
185637,"9,17E+18",9,1,62,0,2017,11,2,4,3,8,1,0,1,0,0,0,0,2,0,696101.9208,5330094.8659,11.633753455,48.093921726,2,#fc8d62,car
185638,"9,17E+18",9,1,62,0,2017,11,10,4,2,6,4,1,0,1,0,0,0,0,0,688731.4313,5334773.2504,11.536936903,48.138197208,1,#66c2a5,bicycle
185639,"9,17E+18",9,7,72,202,2017,11,17,4,3,2,6,0,1,0,0,0,0,2,0,637335.1828,5358635.4146,10.85425375,48.365939692,2,#fc8d62,car
185640,"9,17E+18",9,7,61,0,2017,11,8,4,3,5,3,0,1,0,0,0,0,0,0,638514.5465,5358204.8113,10.870026552,48.361810087,2,#fc8d62,car
185641,"9,17E+18",9,7,61,0,2017,11,21,4,2,0,7,0,0,0,1,0,0,2,0,641705111.0,5362127.0706,10.914398676,48.396369255,4,#e78ac3,marker
185668,"9,17E+18",9,1,63,0,2017,11,7,4,3,5,3,1,1,0,0,0,0,0,0,733562.2832,5305210.5441,12.122628392,47.857742481,1,#66c2a5,bicycle
185669,"9,17E+18",9,1,87,117,2017,11,10,4,2,0,1,1,0,0,0,0,0,0,0,725213.4863,5305306.9473,12.011221071,47.861588701,1,#66c2a5,bicycle
185671,"9,17E+18",9,1,62,0,2017,11,10,3,2,1,5,1,0,0,0,0,1,0,0,690484.6209,5334743.2698,11.560465658,48.137405356,1,#66c2a5,bicycle
185672,"9,17E+18",9,1,62,0,2017,11,7,3,3,4,6,1,1,0,0,0,0,0,0,695765.52,5338641.1588,11.633167107,48.170834789,1,#66c2a5,bicycle
185673,"9,17E+18",9,1,62,0,2017,11,8,3,3,5,3,1,1,0,0,0,0,0,0,690696.3551,5334124.1232,11.563031656,48.131777075,1,#66c2a5,bicycle
185674,"9,17E+18",9,1,62,0,2017,11,18,3,3,5,2,1,1,0,0,0,0,2,0,691398.6536,5334255.5295,11.572519996,48.132747341,1,#66c2a5,bicycle
185675,"9,17E+18",9,1,84,147,2017,11,12,3,3,0,7,1,0,0,0,0,1,0,0,697264.2622,5341786.5141,11.654764161,48.198639475,1,#66c2a5,bicycle
185676,"9,17E+18",9,1,62,0,2017,11,18,3,3,1,6,1,1,0,0,0,0,2,0,690202.1033,5335415.4196,11.556972216,48.143531142,1,#66c2a5,bicycle
185677,"9,17E+18",9,1,62,0,2017,11,15,3,3,5,2,0,1,0,0,0,0,0,0,691409.4462,5340353.6359,11.575408627,48.187552933,2,#fc8d62,car
185678,"9,17E+18",9,1,62,0,2017,11,16,3,3,2,6,0,1,0,0,0,0,1,0,690510.2487,5337383.5139,11.561991433,48.16112807,2,#fc8d62,car
185679,"9,17E+18",9,1,62,0,2017,11,13,3,2,6,2,0,1,1,0,0,0,0,0,692912.0348,5333617151.0,11.592550292,48.126552846,2,#fc8d62,car
185680,"9,17E+18",9,1,62,0,2017,11,21,3,3,5,3,0,1,0,0,0,0,2,0,687437.1196,5332804.1756,11.518690078,48.120881185,2,#fc8d62,car
185681,"9,17E+18",9,1,62,0,2017,11,16,3,3,5,3,0,1,0,0,0,0,1,0,687357.2002,5331948.9005,11.517241446,48.11321723,2,#fc8d62,car
185682,"9,17E+18",9,1,62,0,2017,11,16,3,3,5,7,0,1,0,0,0,1,1,0,689696.8065,5331907.0255,11.548624601,48.112148314,2,#fc8d62,car
185683,"9,17E+18",9,1,62,0,2017,11,7,3,3,0,7,1,0,0,0,0,0,0,1,696520.1743,5334038.8386,11.641181693,48.129239147,1,#66c2a5,bicycle
185684,"9,17E+18",9,1,62,0,2017,11,7,3,3,6,3,1,0,1,0,0,0,0,1,688039.1292,5331709466.0,11.526288742,48.110864161,1,#66c2a5,bicycle
185685,"9,17E+18",9,1,62,0,2017,11,6,3,2,4,2,1,1,0,0,0,0,2,0,686182.3833,5335684724.0,11.503105151,48.147140797,1,#66c2a5,bicycle
185686,"9,17E+18",9,1,62,0,2017,11,9,3,3,5,3,0,1,0,0,0,0,0,0,683126.0091,5336075.9032,11.462222098,48.151544172,2,#fc8d62,car
185687,"9,17E+18",9,1,62,0,2017,11,7,3,3,5,3,1,1,0,0,0,0,0,0,686950.3402,5339282.0655,11.515000686,48.179249406,1,#66c2a5,bicycle
185688,"9,17E+18",9,1,62,0,2017,11,20,3,3,5,2,0,1,0,0,0,1,2,0,688012119.0,5335814031.0,11.527737192,48.147764885,2,#fc8d62,car
185689,"9,17E+18",9,1,84,142,2017,11,6,3,3,0,1,0,0,0,1,0,0,1,2,683050.3257,5317307.4458,11.453170287,47.982860087,4,#e78ac3,marker
185690,"9,17E+18",9,1,62,0,2017,11,17,3,3,4,2,0,1,0,0,0,0,1,0,685997.6305,5329875.2035,11.498089102,48.094976395,2,#fc8d62,car
185691,"9,17E+18",9,1,62,0,2017,11,16,3,3,6,6,1,0,1,0,0,0,0,0,684986.4462,5329179.2182,11.484219881,48.089014799,1,#66c2a5,bicycle
185692,"9,17E+18",9,1,62,0,2017,11,17,3,3,6,2,0,1,1,0,0,0,1,0,690622.3053,5334839.4057,11.562357496,48.138228193,2,#fc8d62,car
185696,"9,17E+18",9,7,62,0,2017,11,17,3,3,0,3,1,1,0,0,0,0,1,0,621197753.0,5304669.2691,10.62112053,47.883908384,1,#66c2a5,bicycle
185698,"9,17E+18",9,7,72,147,2017,11,19,3,3,0,7,1,0,0,0,0,0,2,1,638725.0396,5365728.8396,10.875352353,48.429418024,1,#66c2a5,bicycle
185699,"9,17E+18",9,7,61,0,2017,11,12,3,3,2,6,0,1,0,0,0,0,2,1,639283.1606,5361344.1041,10.881437615,48.389868692,2,#fc8d62,car
185700,"9,17E+18",9,7,61,0,2017,11,19,3,3,8,7,0,1,0,0,0,0,2,1,644128.9271,5355714.8552,10.944926932,48.338165006,2,#fc8d62,car
185701,"9,17E+18",9,7,61,0,2017,11,16,3,2,0,1,1,0,0,0,0,0,0,1,640908535.0,5358734.6012,10.902505878,48.366043977,1,#66c2a5,bicycle
185734,"9,17E+18",9,1,73,126,2017,11,16,3,2,5,3,0,1,0,0,0,0,0,0,685673.6858,5302993.3533,11.48212782,47.853437016,2,#fc8d62,car
185738,"9,17E+18",9,1,85,158,2017,11,11,3,3,6,7,0,1,0,0,0,1,0,0,668399.3696,5382067.6227,11.282791619,48.569057911,2,#fc8d62,car
185739,"9,17E+18",9,1,85,158,2017,11,7,3,3,5,3,0,1,0,0,0,1,0,1,668404002.0,5381431.3091,11.282596805,48.563336749,2,#fc8d62,car
185740,"9,17E+18",9,1,81,130,2017,11,5,3,3,2,6,0,1,0,0,0,0,2,2,636492.2234,5325866.8959,10.832329695,48.071461126,2,#fc8d62,car
185741,"9,17E+18",9,1,79,123,2017,11,14,3,3,1,5,1,1,0,0,0,0,0,1,677523447.0,5333367.0135,11.385832436,48.12878202,1,#66c2a5,bicycle
185742,"9,17E+18",9,1,79,123,2017,11,7,3,3,5,2,1,1,0,0,0,0,0,2,674759.4802,5333107903.0,11.348612374,48.127217635,1,#66c2a5,bicycle
185743,"9,17E+18",9,1,74,115,2017,11,8,3,3,2,6,0,1,0,0,0,0,0,1,684596.8821,5347631792.0,11.487005704,48.254987926,2,#fc8d62,car
185744,"9,17E+18",9,1,74,115,2017,11,14,3,3,5,3,1,1,0,0,0,0,0,0,682353.8724,5348466.3179,11.457175158,48.263138446,1,#66c2a5,bicycle
185745,"9,17E+18",9,1,62,0,2017,11,12,2,3,1,3,0,1,0,0,0,0,0,1,691068.1418,5335481.3294,11.568632227,48.143864038,2,#fc8d62,car
185746,"9,17E+18",9,1,62,0,2017,11,13,2,3,1,2,1,1,0,0,0,0,0,1,691435.9236,5335344.5462,11.573509853,48.14252409,1,#66c2a5,bicycle
185747,"9,17E+18",9,1,62,0,2017,11,7,2,2,5,3,1,1,0,0,0,0,1,1,693158834.0,5334139758.0,11.596100385,48.131175065,1,#66c2a5,bicycle
185748,"9,17E+18",9,1,62,0,2017,11,9,2,3,2,6,0,1,0,0,0,0,0,1,691539.7319,5335693.6766,11.57506096,48.145630784,2,#fc8d62,car
185749,"9,17E+18",9,1,62,0,2017,11,8,2,3,3,7,0,1,0,0,0,0,0,1,694694.9442,5332468.8962,11.615960697,48.115690013,2,#fc8d62,car
185750,"9,17E+18",9,1,62,0,2017,11,7,2,3,5,3,1,1,0,0,0,0,1,1,682679.6614,5336227.4391,11.4562915,48.153034634,1,#66c2a5,bicycle
185751,"9,17E+18",9,1,62,0,2017,11,15,2,3,0,7,0,0,0,0,0,1,0,0,694042.2783,5341816.6281,11.6114639,48.199902868,6,#ffd92f,circle
185752,"9,17E+18",9,1,84,138,2017,11,7,2,3,5,3,1,1,0,0,0,0,1,1,680280.2029,5330601.1346,11.421678566,48.103144858,1,#66c2a5,bicycle
185753,"9,17E+18",9,1,62,0,2017,11,7,2,2,6,4,1,1,1,0,0,0,0,1,687125.5711,5330254.5455,11.513389416,48.098055869,1,#66c2a5,bicycle
185757,"9,17E+18",9,7,62,0,2017,11,18,2,3,4,2,0,1,0,1,0,0,1,1,621374.6475,5304635.3695,10.62347613,47.883570075,2,#fc8d62,car
185760,"9,17E+18",9,7,61,0,2017,11,21,2,3,5,3,0,1,0,0,0,0,2,1,640248.2642,5358599.3633,10.893551077,48.364975009,2,#fc8d62,car
185761,"9,17E+18",9,7,61,0,2017,11,17,2,3,3,2,0,1,0,0,0,1,1,1,640065212.0,5358145843.0,10.890930012,48.360937729,2,#fc8d62,car
185789,"9,17E+18",9,1,63,0,2017,11,11,2,3,6,7,0,0,1,0,0,1,0,0,732770.5113,5307416786.0,12.113246866,47.877850841,3,#8da0cb,toilet
185793,"9,17E+18",9,1,88,141,2017,11,13,2,2,1,5,1,1,0,0,0,0,0,1,670598.3983,5308857.9626,11.283087216,47.910340084,1,#66c2a5,bicycle
185794,"9,17E+18",9,1,79,121,2017,11,15,2,3,6,7,0,1,1,0,0,0,0,0,668096.8898,5337910.1898,11.261043363,48.172184264,2,#fc8d62,car
185795,"9,17E+18",9,1,75,131,2017,11,17,2,3,5,3,0,1,0,1,0,0,2,0,710413.0761,5323007.1903,11.822239998,48.025667165,2,#fc8d62,car
185796,"9,17E+18",9,1,62,0,2017,11,1,1,3,9,7,0,1,0,0,0,0,2,1,686232.6501,5332698.6702,11.502474969,48.120286294,2,#fc8d62,car
185797,"9,17E+18",9,1,62,0,2017,11,5,1,3,1,5,1,1,0,0,0,1,2,1,690965.4208,5336915.3549,11.567896103,48.156783766,1,#66c2a5,bicycle
185800,"9,17E+18",9,7,62,0,2017,11,16,1,3,6,2,0,1,1,0,0,0,1,1,621393.9951,5304084.1253,10.623579855,47.87860866,2,#fc8d62,car
185802,"9,17E+18",9,7,61,0,2017,11,1,1,2,6,2,0,1,1,0,0,0,2,1,638485.7851,5359324.5564,10.870007167,48.371884937,2,#fc8d62,car
185815,"9,17E+18",9,1,88,120,2017,11,4,1,3,1,5,1,1,0,0,0,0,2,1,676751138.0,5326640408.0,11.37267671,48.068529476,1,#66c2a5,bicycle
185816,"9,17E+18",9,1,79,121,2017,11,11,1,3,5,3,0,1,0,0,0,0,0,1,667860194.0,5337967.2524,11.257884706,48.172759813,2,#fc8d62,car
185817,"9,17E+18",9,1,75,118,2017,11,17,1,3,4,6,1,1,0,0,0,0,2,1,715300.7725,5341732.6736,11.897161952,48.192297371,1,#66c2a5,bicycle
185818,"9,17E+18",9,1,62,0,2017,11,17,7,3,1,6,0,1,0,0,0,1,2,1,689291954.0,5341001.3556,11.5472359,48.194009139,2,#fc8d62,car
185819,"9,17E+18",9,1,62,0,2017,11,12,7,3,5,3,0,1,0,0,0,0,0,1,689824.4239,5334734606.0,11.551596671,48.137524764,2,#fc8d62,car
185820,"9,17E+18",9,1,62,0,2017,11,12,7,2,0,7,1,0,0,0,0,0,0,1,688717.1304,5337165.3084,11.537805347,48.159701556,1,#66c2a5,bicycle
185821,"9,17E+18",9,1,62,0,2017,11,17,7,2,6,4,0,1,1,0,0,0,2,1,697197.5427,5334100.7114,11.650303902,48.129585739,2,#fc8d62,car
185822,"9,17E+18",9,1,62,0,2017,11,17,7,3,6,2,0,1,1,0,0,0,2,1,689899.9912,5343163.5581,11.556377071,48.213261294,2,#fc8d62,car
185823,"9,17E+18",9,1,62,0,2017,11,8,7,3,0,7,1,0,0,0,0,0,0,0,684067.4416,5336617.4907,11.47510217,48.156140502,1,#66c2a5,bicycle
185824,"9,17E+18",9,1,62,0,2017,11,18,7,3,5,3,0,1,0,0,0,0,2,1,688707.0329,5336538.7579,11.537391821,48.15407305,2,#fc8d62,car
185825,"9,17E+18",9,1,62,0,2017,11,10,7,3,5,3,1,1,0,0,0,0,0,1,696406.6367,5336146.1284,11.640629194,48.148213258,1,#66c2a5,bicycle
185826,"9,17E+18",9,1,62,0,2017,11,17,7,3,5,3,0,1,0,0,0,0,2,1,694414.9717,5334794.5957,11.613263847,48.136678055,2,#fc8d62,car
185827,"9,17E+18",9,1,62,0,2017,11,11,7,3,6,4,1,0,1,0,0,0,0,1,690772.1596,5337213.2324,11.565433603,48.159519068,1,#66c2a5,bicycle
185828,"9,17E+18",9,1,62,0,2017,11,1,7,3,0,1,0,0,0,0,0,1,2,0,691010.0068,5334996.1486,11.567633877,48.139520729,6,#ffd92f,circle
185831,"9,17E+18",9,7,78,203,2017,11,1,7,2,0,7,1,0,0,0,0,1,2,1,622039.3087,5324570.0072,10.638024458,48.062727431,1,#66c2a5,bicycle
185832,"9,17E+18",9,7,72,111,2017,11,17,7,2,6,4,0,1,1,0,0,0,2,1,626424.9748,5364898.0956,10.708904283,48.424536833,2,#fc8d62,car
185833,"9,17E+18",9,7,61,0,2017,11,15,7,3,5,3,1,1,0,0,0,0,0,1,639042788.0,5358547515.0,10.877267418,48.364775482,1,#66c2a5,bicycle
185834,"9,17E+18",9,7,61,0,2017,11,14,7,3,5,2,0,1,0,0,0,1,0,1,642532.8309,5361838.8511,10.92547658,48.393591177,2,#fc8d62,car
185835,"9,17E+18",9,7,61,0,2017,11,11,7,2,0,7,0,0,0,0,0,1,0,0,640727.7402,5355034801.0,10.898829474,48.332816862,6,#ffd92f,circle
185836,"9,17E+18",9,7,61,0,2017,11,14,7,3,0,5,1,1,0,0,0,0,0,1,641489.7499,5358431.1306,10.910246668,48.363185275,1,#66c2a5,bicycle
185837,"9,17E+18",9,7,61,0,2017,11,0,7,3,5,3,1,1,0,0,0,0,2,1,640631.3809,5358780.1265,10.898781185,48.366515134,1,#66c2a5,bicycle
185838,"9,17E+18",9,7,61,0,2017,11,19,7,3,6,4,0,1,1,0,0,0,2,1,640233878.0,5359145247.0,10.893538968,48.369886622,2,#fc8d62,car
185868,"9,17E+18",9,2,61,0,2017,11,17,7,3,5,2,0,1,0,0,0,0,1,1,731697.8506,5381893.2781,12.139598174,48.547298764,2,#fc8d62,car
185869,"9,17E+18",9,2,61,0,2017,11,21,7,3,6,4,0,1,1,0,0,0,2,1,731766.7618,5379985.7845,12.139469718,48.530138647,2,#fc8d62,car
185870,"9,17E+18",9,1,73,126,2017,11,12,7,3,5,3,0,1,0,0,0,0,0,1,684523.3979,5306015.7822,11.468055572,47.880937056,2,#fc8d62,car
185872,"9,17E+18",9,1,87,150,2017,11,8,7,2,5,6,1,1,0,0,0,0,0,1,728707.7699,5304055.4608,12.057211539,47.849110461,1,#66c2a5,bicycle
185873,"9,17E+18",9,1,87,150,2017,11,14,7,3,0,4,0,1,1,0,0,0,0,1,729601.0094,5304154911.0,12.069186854,47.849685574,2,#fc8d62,car
185877,"9,17E+18",9,1,77,133,2017,11,17,7,3,3,6,0,1,0,0,0,0,2,1,706730.9004,5359314.4504,11.79058345,48.353136238,2,#fc8d62,car
185878,"9,17E+18",9,1,78,124,2017,11,10,7,3,2,1,0,1,0,0,0,0,0,0,703376.7396,5364781.4305,11.748006192,48.403352794,2,#fc8d62,car
185879,"9,17E+18",9,1,77,117,2017,11,17,7,3,4,2,0,1,0,0,0,0,1,1,715082372.0,5352930.7831,11.899913569,48.292989644,2,#fc8d62,car
185880,"9,17E+18",9,1,77,117,2017,11,11,7,3,4,2,0,1,0,0,0,0,0,1,715081.8467,5352928958.0,11.899905567,48.292973423,2,#fc8d62,car
185881,"9,17E+18",9,1,75,115,2017,11,14,7,3,5,2,0,1,0,0,0,0,0,1,720647.9459,5328999.0816,11.962422243,48.076052302,2,#fc8d62,car
185882,"9,17E+18",9,1,62,0,2017,11,14,6,3,6,4,0,0,1,0,0,1,0,1,678967.2339,5338821.7686,11.407512503,48.177410529,3,#8da0cb,toilet
185883,"9,17E+18",9,1,62,0,2017,11,13,6,3,5,6,1,1,0,0,0,0,0,0,693068.6397,5335837.5071,11.595659034,48.146461338,1,#66c2a5,bicycle
185884,"9,17E+18",9,1,62,0,2017,11,19,6,3,5,7,0,1,0,0,0,0,2,1,692591.7676,5338066.3933,11.590263496,48.166638534,2,#fc8d62,car
185885,"9,17E+18",9,1,62,0,2017,11,8,6,3,5,3,0,1,0,0,0,1,0,0,684235797.0,5332697826.0,11.475668288,48.120859627,2,#fc8d62,car
185886,"9,17E+18",9,1,62,0,2017,11,12,6,3,6,4,0,1,1,0,0,0,0,1,691603.1924,5335401.1746,11.575781604,48.142982708,2,#fc8d62,car
185887,"9,17E+18",9,1,62,0,2017,11,7,6,3,1,5,1,1,0,0,0,0,1,0,684185.1242,5337529.5725,11.477077975,48.164304692,1,#66c2a5,bicycle
185888,"9,17E+18",9,1,62,0,2017,11,16,6,2,4,6,1,0,0,0,0,0,1,1,682818.4282,5334490.1085,11.457409558,48.137378467,1,#66c2a5,bicycle
185889,"9,17E+18",9,1,62,0,2017,11,15,6,3,0,7,0,0,1,0,0,1,0,1,691277.1781,5338909.3442,11.572980704,48.174611743,3,#8da0cb,toilet
185890,"9,17E+18",9,1,62,0,2017,11,9,6,3,3,2,0,1,0,0,0,0,0,0,689373.3037,5333631.2736,11.545048573,48.127742322,2,#fc8d62,car
185891,"9,17E+18",9,1,62,0,2017,11,14,6,3,2,6,0,1,0,0,0,1,0,1,689327.5139,5340133.6451,11.54732713,48.186199571,2,#fc8d62,car
185892,"9,17E+18",9,1,62,0,2017,11,13,6,3,6,7,0,1,1,0,0,0,0,0,688362584.0,5337713.2809,11.533285019,48.16473193,2,#fc8d62,car
185893,"9,17E+18",9,1,84,136,2017,11,17,6,3,5,3,0,1,0,0,0,0,2,1,698301731.0,5326341.7593,11.661523734,48.059510626,2,#fc8d62,car
185894,"9,17E+18",9,1,84,123,2017,11,17,6,3,5,3,1,1,0,0,0,0,2,1,702920.8905,5332082.6681,11.726175322,48.109651275,1,#66c2a5,bicycle
185895,"9,17E+18",9,1,62,0,2017,11,16,6,3,0,1,1,0,0,0,0,0,1,1,692868246.0,5338820.38,11.594320049,48.173331311,1,#66c2a5,bicycle
185897,"9,17E+18",9,7,78,203,2017,11,17,6,3,0,1,1,0,0,0,0,0,2,1,621912.2366,5323762.7398,10.636089495,48.055491633,1,#66c2a5,bicycle
185909,"9,17E+18",9,7,61,0,2017,11,13,5,3,0,7,1,0,0,0,0,0,0,1,641728.6233,5360001.4331,10.913999068,48.377251192,1,#66c2a5,bicycle
185918,"9,17E+18",9,1,87,122,2017,11,9,4,3,0,3,1,1,0,0,0,0,0,0,719404.2941,5306827.5264,11.934427717,47.877261833,1,#66c2a5,bicycle
185921,"9,17E+18",9,1,88,120,2017,11,15,4,2,7,7,1,0,0,0,0,1,0,0,677232.3178,5326448.1467,11.379050523,48.066667663,1,#66c2a5,bicycle
185922,"9,17E+18",9,1,78,124,2017,11,15,4,2,5,3,1,0,0,0,0,0,0,0,703527957.0,5364821625.0,11.750066465,48.403665194,1,#66c2a5,bicycle
185923,"9,17E+18",9,1,62,0,2017,11,8,3,3,2,6,0,1,0,1,0,0,0,1,693709.0999,5332227419.0,11.60261922,48.113820313,2,#fc8d62,car
185924,"9,17E+18",9,1,62,0,2017,11,14,3,3,5,2,0,0,0,0,0,1,0,1,691919339.0,5332204.3609,11.578587506,48.114154914,6,#ffd92f,circle
185925,"9,17E+18",9,1,62,0,2017,11,15,3,3,5,4,0,1,1,0,0,0,0,1,699342.2821,5335188.9828,11.679605551,48.138698145,2,#fc8d62,car
185926,"9,17E+18",9,1,84,136,2017,11,17,3,2,6,2,0,1,1,0,0,0,2,1,697921.1431,5326108.7131,11.656313515,48.057534304,2,#fc8d62,car
185927,"9,17E+18",9,1,62,0,2017,11,13,3,3,2,6,0,1,0,0,0,0,0,1,687709.7853,5336749.4296,11.524089099,48.156261729,2,#fc8d62,car
185928,"9,17E+18",9,1,62,0,2017,11,8,3,3,0,1,1,0,0,0,0,0,0,1,687481.8999,5337550.3033,11.521380801,48.163527379,1,#66c2a5,bicycle
185929,"9,17E+18",9,1,62,0,2017,11,20,3,3,5,3,0,1,0,0,0,0,2,0,687887.5419,5334116.7604,11.525315204,48.13254626,2,#fc8d62,car
185930,"9,17E+18",9,1,84,131,2017,11,14,3,3,5,2,0,1,1,0,0,0,0,1,704423.0323,5339494031.0,11.749889886,48.175773965,2,#fc8d62,car
185931,"9,17E+18",9,1,84,130,2017,11,15,3,2,5,3,1,1,0,0,0,0,0,1,698992459.0,5345667648.0,11.679816686,48.232980036,1,#66c2a5,bicycle
185937,"9,17E+18",9,7,61,0,2017,11,12,3,3,0,1,1,0,0,0,0,0,0,1,641338.2421,5358174.6267,10.908116174,48.360912828,1,#66c2a5,bicycle
185938,"9,17E+18",9,7,61,0,2017,11,8,3,3,1,6,1,1,0,0,0,1,0,0,639477.9901,5359288.8534,10.883385808,48.371345395,1,#66c2a5,bicycle
185939,"9,17E+18",9,7,61,0,2017,11,9,3,2,0,1,1,0,0,0,0,0,0,1,640456.4331,5358800.7787,10.896427312,48.366739786,1,#66c2a5,bicycle
185940,"9,17E+18",9,7,71,113,2017,11,7,3,3,5,3,1,1,0,0,0,0,0,1,658313.3908,5369402.2196,11.141365141,48.457823769,1,#66c2a5,bicycle
185964,"9,17E+18",9,2,61,0,2017,11,14,3,3,2,6,1,1,0,0,0,0,0,1,731468.4702,5381808.9443,12.136447974,48.546625875,1,#66c2a5,bicycle
185965,"9,17E+18",9,1,73,147,2017,11,13,3,3,2,6,0,1,0,0,0,0,0,1,681536.2116,5308740263.0,11.429284402,47.906279684,2,#fc8d62,car
185967,"9,17E+18",9,1,87,117,2017,11,16,3,3,5,3,1,1,0,0,0,0,1,0,724475.7251,5306093.9943,12.00177948,47.868918498,1,#66c2a5,bicycle
185968,"9,17E+18",9,1,88,132,2017,11,8,3,3,4,6,0,1,0,0,0,1,0,1,664442.6449,5322245.4957,11.205892516,48.032309508,2,#fc8d62,car
185969,"9,17E+18",9,1,78,120,2017,11,18,3,2,6,1,0,1,1,0,0,0,2,0,694375.4027,5352686.1583,11.620932612,48.297489692,2,#fc8d62,car
185970,"9,17E+18",9,1,62,0,2017,11,19,2,3,5,2,1,1,0,0,0,0,2,1,687422.8725,5336433.8076,11.520095913,48.15350947,1,#66c2a5,bicycle
185971,"9,17E+18",9,1,62,0,2017,11,19,2,3,5,7,0,1,0,1,0,0,2,1,691477.7841,5332320.7318,11.572713325,48.115333755,2,#fc8d62,car
185972,"9,17E+18",9,1,62,0,2017,11,17,2,3,6,4,1,0,1,0,0,0,1,0,692118.7886,5330237.9113,11.58037906,48.09642056,1,#66c2a5,bicycle
185973,"9,17E+18",9,1,62,0,2017,11,22,2,3,5,3,1,1,0,0,0,0,2,1,690715705.0,5338141.2738,11.565091333,48.16787715,1,#66c2a5,bicycle
185974,"9,17E+18",9,1,62,0,2017,11,20,2,3,5,3,0,1,0,0,0,0,2,1,687436.4,5332801.7,11.51867933,48.120859146,2,#fc8d62,car
185975,"9,17E+18",9,1,62,0,2017,11,17,2,3,1,5,1,0,0,0,0,1,1,0,683486.9109,5339744.7371,11.468653049,48.184417721,1,#66c2a5,bicycle
185976,"9,17E+18",9,1,62,0,2017,11,14,2,3,1,5,1,1,0,0,0,0,0,0,682847552.0,5336667.5121,11.458735881,48.156942051,1,#66c2a5,bicycle
185977,"9,17E+18",9,1,62,0,2017,11,13,2,3,4,7,0,1,0,0,0,0,0,0,693297406.0,5332344429.0,11.597146752,48.114997053,2,#fc8d62,car
185978,"9,17E+18",9,1,62,0,2017,11,13,2,3,5,3,1,1,0,0,0,0,0,0,691607.9145,5335719.6732,11.575988346,48.145843906,1,#66c2a5,bicycle
185979,"9,17E+18",9,1,62,0,2017,11,0,2,3,5,3,0,1,0,0,0,1,2,0,694520.4498,5334810.5071,11.614687386,48.136788828,2,#fc8d62,car