OBJECTID,UIDENTSTLA,ULAND,UREGBEZ,UKREIS,UGEMEINDE,UJAHR,UMONAT,USTUNDE,UWOCHENTAG,UKATEGORIE,UART,UTYP1,IstRad,IstPKW,IstFuss,IstKrad,IstGkfz,IstSonstig,ULICHTVERH,STRZUSTAND,LINREFX,LINREFY,XGCSWGS84,YGCSWGS84,Teilnehmer,color,symbol
185980,"9,17E+18",9,1,84,119,2017,11,18,2,3,5,3,1,1,0,0,0,0,2,1,695308.7851,5347566.6651,11.631139462,48.251192145,1,#66c2a5,bicycle
185981,"9,17E+18",9,1,62,0,2017,11,13,2,3,2,6,0,1,0,0,0,0,0,0,680002.6742,5335908.9206,11.420195858,48.1509348,2,#fc8d62,car
185982,"9,17E+18",9,1,62,0,2017,11,7,2,3,2,6,0,1,0,0,0,0,0,0,689419515.0,5340133.2327,11.548563514,48.186168439,2,#fc8d62,car
185983,"9,17E+18",9,1,84,148,2017,11,11,2,3,5,3,0,1,0,0,0,0,0,0,694813.5042,5326524.2867,11.61484031,48.062225644,2,#fc8d62,car
185984,"9,17E+18",9,1,62,0,2017,11,19,2,3,5,2,1,1,0,0,0,0,2,0,699624.2566,5332828.12,11.682285766,48.117392414,1,#66c2a5,bicycle
185985,"9,17E+18",9,1,62,0,2017,11,11,2,3,5,3,0,1,0,0,0,0,0,0,696482.0432,5332660.4864,11.640034483,48.116863075,2,#fc8d62,car
185986,"9,17E+18",9,1,62,0,2017,11,17,2,2,0,7,0,0,0,0,0,1,1,0,696374.2449,5335941.0482,11.640099578,48.146380122,6,#ffd92f,circle
185987,"9,17E+18",9,1,62,0,2017,11,14,2,3,5,3,1,1,0,0,0,0,0,0,692729.6839,5333321.0116,11.589968366,48.12394644,1,#66c2a5,bicycle
185988,"9,17E+18",9,1,62,0,2017,11,19,2,3,3,2,1,1,0,0,0,0,2,1,691315.0541,5333802544.0,11.571194154,48.128701082,1,#66c2a5,bicycle
185989,"9,17E+18",9,1,62,0,2017,11,11,2,3,0,1,1,0,0,0,0,0,0,0,689464.8668,5334912.2161,11.546847513,48.139228291,1,#66c2a5,bicycle
185990,"9,17E+18",9,1,62,0,2017,11,18,2,3,0,5,1,1,0,0,0,0,2,1,688798.5766,5337725546.0,11.539148153,48.164712843,1,#66c2a5,bicycle
185998,"9,17E+18",9,7,61,0,2017,11,13,2,3,2,6,0,1,0,0,0,1,0,0,638403.7693,5362834.7046,10.87005671,48.403465419,2,#fc8d62,car
185999,"9,17E+18",9,7,61,0,2017,11,11,2,3,6,4,0,1,1,0,0,0,0,0,639237.1214,5360477.4472,10.880528856,48.382086115,2,#fc8d62,car
186000,"9,17E+18",9,7,61,0,2017,11,19,2,3,0,7,0,0,0,1,0,0,2,1,641149353.0,5358180.15,10.905569425,48.361004751,4,#e78ac3,marker
186001,"9,17E+18",9,7,61,0,2017,11,8,2,3,3,6,1,0,0,0,0,1,0,0,639395.1653,5360068.2151,10.88252646,48.37837151,1,#66c2a5,bicycle
186029,"9,17E+18",9,1,90,157,2017,11,12,2,2,1,2,1,0,0,0,0,0,0,0,660048.5358,5300864648.0,11.139044253,47.841190963,1,#66c2a5,bicycle
186034,"9,17E+18",9,1,85,158,2017,11,6,2,2,1,6,0,1,0,0,0,1,2,0,666219412.0,5382018.4428,11.253244826,48.569197713,2,#fc8d62,car
186037,"9,17E+18",9,1,79,126,2017,11,11,2,3,5,2,0,1,1,0,0,0,0,0,677030.4562,5339498.3529,11.381763841,48.184034954,2,#fc8d62,car
186038,"9,17E+18",9,1,78,124,2017,11,13,2,2,6,3,1,0,1,0,0,0,0,0,703263.3753,5364824.6133,11.746497164,48.4037774,1,#66c2a5,bicycle
186039,"9,17E+18",9,1,62,0,2017,11,22,1,3,5,3,0,1,0,0,0,0,2,1,681147.1667,5335918.9269,11.435573822,48.150699819,2,#fc8d62,car
186040,"9,17E+18",9,1,62,0,2017,11,2,1,2,6,4,0,1,1,0,0,0,2,1,694477433.0,5333741129.0,11.613621687,48.127190826,2,#fc8d62,car
186041,"9,17E+18",9,1,62,0,2017,11,17,1,2,5,3,1,1,0,0,0,0,2,0,685626.9936,5333855.7115,11.494848478,48.130863161,1,#66c2a5,bicycle
186042,"9,17E+18",9,1,62,0,2017,11,18,1,1,6,2,0,0,1,0,0,1,2,0,683077.4182,5335543.7558,11.461340519,48.146774879,3,#8da0cb,toilet
186043,"9,17E+18",9,1,62,0,2017,11,13,1,3,5,3,0,1,0,0,0,0,0,0,690432.4236,5342685.4305,11.56332246,48.208804429,2,#fc8d62,car
186045,"9,17E+18",9,7,72,170,2017,11,2,1,3,8,1,0,1,0,0,0,0,2,1,632372543.0,5331871.2748,10.778915769,48.126325101,2,#fc8d62,car
186046,"9,17E+18",9,7,61,0,2017,11,22,1,3,5,3,0,1,0,0,0,0,2,1,638158254.0,5357813857.0,10.865090674,48.358372759,2,#fc8d62,car
186047,"9,17E+18",9,7,61,0,2017,11,5,1,3,0,4,0,1,1,0,0,0,2,0,643908.5914,5357479.4988,10.942558522,48.354081964,2,#fc8d62,car
186048,"9,17E+18",9,7,61,0,2017,11,0,1,3,1,1,0,1,0,0,0,0,2,0,639248.8072,5358622936.0,10.880072371,48.365408237,2,#fc8d62,car
186059,"9,17E+18",9,1,87,117,2017,11,14,1,3,0,7,0,0,0,0,0,1,0,0,725016.6507,5305319.6131,12.008599621,47.86177146,6,#ffd92f,circle
186061,"9,17E+18",9,1,81,130,2017,11,5,1,2,0,1,1,0,0,0,0,0,2,1,639721.2818,5324197.2169,10.875108587,48.055747665,1,#66c2a5,bicycle
186062,"9,17E+18",9,1,62,0,2017,11,18,7,3,0,7,0,0,0,1,0,0,2,0,690431.7793,5335323.2336,11.560015431,48.142633872,4,#e78ac3,marker
186063,"9,17E+18",9,1,62,0,2017,11,2,7,3,3,6,1,0,0,0,0,0,2,0,690530.0165,5335810.6496,11.5615528,48.146985336,1,#66c2a5,bicycle
186064,"9,17E+18",9,1,62,0,2017,11,10,7,3,5,3,1,1,0,0,0,0,0,0,691916.7221,5330230.6394,11.577664651,48.096416086,1,#66c2a5,bicycle
186065,"9,17E+18",9,1,62,0,2017,11,19,7,3,0,7,0,1,1,0,0,0,2,0,688403.8141,5343541.2738,11.53642433,48.217102121,2,#fc8d62,car
186066,"9,17E+18",9,1,62,0,2017,11,22,7,3,4,2,0,1,0,0,0,0,2,0,688698.6618,5336275.6201,11.537162704,48.151710421,2,#fc8d62,car
186067,"9,17E+18",9,1,62,0,2017,11,9,7,2,3,2,0,1,0,0,0,0,0,1,690455.4915,5340139.0008,11.56249032,48.185910543,2,#fc8d62,car
186068,"9,17E+18",9,1,62,0,2017,11,12,7,3,5,3,1,1,0,0,0,0,0,1,689899.4449,5343193.9264,11.55638332,48.213534405,1,#66c2a5,bicycle
186069,"9,17E+18",9,1,62,0,2017,11,18,7,2,6,4,0,0,1,0,0,1,2,0,686512.6019,5338325.2252,11.508697912,48.170777699,3,#8da0cb,toilet
186070,"9,17E+18",9,1,84,146,2017,11,17,7,3,1,7,1,1,0,0,0,0,2,1,697110.3454,5328779.5076,11.646675151,48.081788949,1,#66c2a5,bicycle
186071,"9,17E+18",9,1,62,0,2017,11,13,7,3,2,6,0,1,0,0,0,0,0,0,690206.1225,5335461.6207,11.55704683,48.143945195,2,#fc8d62,car
186072,"9,17E+18",9,1,62,0,2017,11,20,7,3,3,6,0,1,0,0,0,0,2,0,692150.7075,5335582.2673,11.583215993,48.144445215,2,#fc8d62,car
186073,"9,17E+18",9,1,62,0,2017,11,13,7,3,5,3,1,1,0,0,0,0,0,0,692087.5331,5334493.5551,11.581876563,48.134679142,1,#66c2a5,bicycle
186075,"9,17E+18",9,7,62,0,2017,11,10,7,3,4,2,1,1,0,0,0,0,0,0,622039.1796,5306620.7663,10.63292243,47.90130014,1,#66c2a5,bicycle
186076,"9,17E+18",9,7,72,217,2017,11,10,7,2,4,6,0,1,0,0,0,0,0,0,635935.1908,5380766.0348,10.842553231,48.565237195,2,#fc8d62,car
186077,"9,17E+18",9,7,61,0,2017,11,22,7,3,4,2,0,1,0,0,0,0,2,1,639264.6461,5362255.2721,10.881489813,48.398065741,2,#fc8d62,car
186089,"9,17E+18",9,1,79,145,2017,11,23,7,3,1,7,0,1,0,0,0,1,2,0,676373.1295,5338923.2414,11.372689345,48.179048004,2,#fc8d62,car
186090,"9,17E+18",9,1,78,120,2017,11,14,7,3,6,4,0,1,1,0,0,0,0,1,695209.9353,5353471.2529,11.63253605,48.30428862,2,#fc8d62,car
186091,"9,17E+18",9,1,62,0,2017,11,16,6,3,6,2,0,1,1,0,0,0,1,0,695224.8469,5334252.4042,11.623889659,48.131557162,2,#fc8d62,car
186092,"9,17E+18",9,1,62,0,2017,11,8,6,3,2,6,0,1,0,0,0,0,0,0,692245.0708,5335086.3984,11.584259386,48.139959937,2,#fc8d62,car
186093,"9,17E+18",9,1,62,0,2017,11,8,6,3,3,6,0,1,0,0,0,1,0,0,689265.1161,5334934.1257,11.544174883,48.139484661,2,#fc8d62,car
186094,"9,17E+18",9,1,62,0,2017,11,13,6,3,5,3,0,1,0,0,0,0,0,0,689706.9352,5343351.5165,11.553864953,48.215008381,2,#fc8d62,car
186095,"9,17E+18",9,1,62,0,2017,11,9,6,3,5,3,1,1,0,0,0,0,0,0,688018.3381,5339139021.0,11.52929045,48.177648589,1,#66c2a5,bicycle
186096,"9,17E+18",9,1,62,0,2017,11,14,6,3,6,4,0,1,1,0,0,0,0,0,690820.8308,5340000.4609,11.567338448,48.184555735,2,#fc8d62,car
186097,"9,17E+18",9,1,62,0,2017,11,19,6,3,3,5,0,1,0,0,0,0,2,1,691237.1076,5339948.5208,11.57290988,48.183963739,2,#fc8d62,car
186098,"9,17E+18",9,1,62,0,2017,11,17,6,3,3,2,1,1,0,0,0,0,2,0,687675219.0,5336203274.0,11.523383905,48.151362971,1,#66c2a5,bicycle
186099,"9,17E+18",9,1,62,0,2017,11,18,6,3,5,2,1,1,0,0,0,0,1,1,689049.0615,5333349.0303,11.540570229,48.125301858,1,#66c2a5,bicycle
186100,"9,17E+18",9,1,62,0,2017,11,15,6,3,5,3,0,1,0,1,0,0,0,0,691836.3845,5336830.2681,11.579557232,48.155756883,2,#fc8d62,car
186102,"9,17E+18",9,7,77,177,2017,11,14,6,2,9,1,1,0,0,0,0,0,0,0,634290.9203,5317574.9534,10.800193693,47.997361687,1,#66c2a5,bicycle
186104,"9,17E+18",9,7,71,142,2017,11,11,6,3,6,2,0,1,1,0,0,0,0,0,646276.4439,5352536.3516,10.972785729,48.309092495,2,#fc8d62,car
186105,"9,17E+18",9,7,61,0,2017,11,6,6,3,6,3,0,1,1,0,0,0,2,1,638044.8764,5358309.3609,10.863723535,48.362853057,2,#fc8d62,car
186106,"9,17E+18",9,7,61,0,2017,11,13,6,3,2,2,0,1,0,0,0,0,0,0,642369.4,5360169.5403,10.922704432,48.378618476,2,#fc8d62,car
186107,"9,17E+18",9,7,61,0,2017,11,16,6,3,0,1,1,0,0,0,0,0,1,1,641137.2508,5358182.7053,10.905406992,48.361030433,1,#66c2a5,bicycle
186108,"9,17E+18",9,7,61,0,2017,11,7,6,3,6,7,1,0,1,0,0,0,0,0,640593.8069,5357245.8375,10.897761481,48.35272767,1,#66c2a5,bicycle
186128,"9,17E+18",9,2,61,0,2017,11,8,6,3,0,2,1,1,0,0,0,0,1,0,731595.4806,5381876.8712,12.138204067,48.54718918,1,#66c2a5,bicycle
186130,"9,17E+18",9,1,63,0,2017,11,15,6,3,2,7,1,1,0,0,0,0,0,0,734014.1601,5305331.1015,12.128725716,47.85866119,1,#66c2a5,bicycle
186134,"9,17E+18",9,1,79,145,2017,11,15,6,3,0,1,1,1,0,0,0,0,0,1,674738.0356,5335633.8616,11.349360779,48.149930374,1,#66c2a5,bicycle
186135,"9,17E+18",9,1,79,121,2017,11,21,6,3,0,7,1,0,0,0,0,0,2,1,665459.2597,5336991206.0,11.225235417,48.164614653,1,#66c2a5,bicycle
186136,"9,17E+18",9,1,62,0,2017,11,19,5,3,5,2,0,1,0,1,0,0,2,0,690094.0422,5335921.7503,11.555747073,48.148114337,2,#fc8d62,car
186137,"9,17E+18",9,1,62,0,2017,11,18,5,3,6,7,1,0,0,0,0,1,2,0,693502.5203,5335452.2313,11.601310901,48.142866778,1,#66c2a5,bicycle
186138,"9,17E+18",9,1,62,0,2017,11,9,5,3,3,2,1,0,0,0,0,1,0,0,690146522.0,5335251029.0,11.556152376,48.142070213,1,#66c2a5,bicycle
186139,"9,17E+18",9,1,62,0,2017,11,9,5,3,3,2,1,1,0,0,0,0,0,0,690302.4451,5336002.6557,11.558582249,48.148779201,1,#66c2a5,bicycle
186140,"9,17E+18",9,1,62,0,2017,11,18,5,3,0,6,0,1,0,0,0,1,2,0,693764695.0,5336016.1637,11.605088259,48.147855415,2,#fc8d62,car
186141,"9,17E+18",9,1,62,0,2017,11,7,5,3,6,2,0,1,1,0,0,0,1,0,685080.0765,5339237.6097,11.489845867,48.179397331,2,#fc8d62,car
186142,"9,17E+18",9,1,62,0,2017,11,8,5,3,5,2,1,1,0,0,0,0,0,0,688123.8437,5336871.1151,11.529705022,48.157233106,1,#66c2a5,bicycle
186146,"9,17E+18",9,7,72,125,2017,11,9,5,3,5,3,0,1,0,0,0,0,0,0,636744.3965,5347189.9417,10.842570824,48.263149975,2,#fc8d62,car
186149,"9,17E+18",9,7,77,121,2017,11,13,5,3,5,3,0,1,0,0,0,1,0,0,628080761.0,5321376315.0,10.718120749,48.032821985,2,#fc8d62,car
186167,"9,17E+18",9,1,87,150,2017,11,18,2,3,5,3,1,1,0,0,0,0,2,0,728606165.0,5303369147.0,12.055492839,47.842980331,1,#66c2a5,bicycle
186176,"9,17E+18",9,1,79,123,2017,11,12,2,3,5,3,0,1,0,0,0,0,0,0,675790.4444,5333200.2195,11.362493519,48.127763625,2,#fc8d62,car
186177,"9,17E+18",9,1,79,123,2017,11,18,2,3,2,6,0,1,0,0,0,0,2,0,676033.2704,5333254.9,11.365776625,48.128188059,2,#fc8d62,car
186178,"9,17E+18",9,1,88,127,2017,11,6,2,3,5,3,0,1,0,0,0,0,2,1,676532595.0,5329727.7686,11.371021409,48.096343358,2,#fc8d62,car
186179,"9,17E+18",9,1,79,140,2017,11,7,2,3,0,7,1,0,0,0,0,0,0,2,660630.6515,5344862322.0,11.163323757,48.23661806,1,#66c2a5,bicycle
186180,"9,17E+18",9,1,81,114,2017,11,19,2,2,0,7,0,1,1,0,0,1,2,0,656831.1284,5315391.8946,11.101356591,47.972602566,2,#fc8d62,car
186181,"9,17E+18",9,1,62,0,2017,11,11,1,3,5,7,1,1,0,0,0,0,0,0,692152.1864,5336820.2498,11.583794711,48.1555715,1,#66c2a5,bicycle
186182,"9,17E+18",9,1,62,0,2017,11,17,1,2,6,4,0,1,1,0,0,0,2,1,689055.0499,5333365029.0,11.54065772,48.125443878,2,#fc8d62,car
186186,"9,17E+18",9,7,61,0,2017,11,17,1,2,6,2,0,1,1,0,0,0,2,1,638806.2967,5360590.6392,10.874750795,48.383198851,2,#fc8d62,car
186200,"9,17E+18",9,1,79,123,2017,11,12,1,2,0,7,1,0,0,0,0,0,0,0,675299.4538,5332727675.0,11.355706399,48.12365115,1,#66c2a5,bicycle
186201,"9,17E+18",9,1,77,133,2017,11,13,1,3,6,4,0,1,1,0,0,0,0,0,706398.4282,5359257.1041,11.786072937,48.352729657,2,#fc8d62,car
186202,"9,17E+18",9,1,75,115,2017,11,20,1,2,9,1,0,1,0,0,0,0,2,1,719274.5727,5328390.3405,11.943696362,48.071056309,2,#fc8d62,car
186203,"9,17E+18",9,1,62,0,2017,11,13,7,3,6,4,0,1,1,0,0,0,0,1,686671.2511,5339460.6926,11.511328375,48.180937002,2,#fc8d62,car
186204,"9,17E+18",9,1,62,0,2017,11,8,7,3,5,3,1,1,0,0,0,0,0,0,688686.1268,5333250.7381,11.535654311,48.124526063,1,#66c2a5,bicycle
186205,"9,17E+18",9,1,62,0,2017,11,11,7,3,5,3,0,1,0,0,0,0,0,0,686221.5672,5333523.8211,11.502686684,48.127706323,2,#fc8d62,car
186206,"9,17E+18",9,1,62,0,2017,11,7,7,2,6,7,0,0,1,0,0,1,0,0,692213.2337,5339041.3799,11.585618566,48.175516033,3,#8da0cb,toilet
186207,"9,17E+18",9,1,62,0,2017,11,14,7,3,5,3,0,1,0,0,0,0,0,1,696948.66,5333236672.0,11.64656341,48.121897343,2,#fc8d62,car
186208,"9,17E+18",9,1,62,0,2017,11,12,7,3,1,6,0,1,1,0,0,0,0,1,691285251.0,5331887767.0,11.56993495,48.111500149,2,#fc8d62,car
186211,"9,17E+18",9,7,61,0,2017,11,21,7,3,3,6,0,1,0,0,0,0,2,0,636707.1344,5360865.5226,10.846503876,48.386128978,2,#fc8d62,car
186212,"9,17E+18",9,7,61,0,2017,11,16,7,3,1,6,0,1,0,0,0,0,0,0,640268.6423,5359150.3799,10.894009826,48.36992505,2,#fc8d62,car
186226,"9,17E+18",9,1,85,131,2017,11,18,7,2,6,6,0,1,1,0,0,0,2,0,665358.0641,5377871.9039,11.239931222,48.532150508,2,#fc8d62,car
186227,"9,17E+18",9,1,81,130,2017,11,13,7,3,2,6,0,1,0,0,0,0,0,1,638652.7033,5325057.5065,10.861054654,48.063716775,2,#fc8d62,car
186228,"9,17E+18",9,1,79,145,2017,11,15,7,3,1,3,0,1,0,1,0,0,0,1,674802.1759,5338064.7473,11.351221316,48.17176484,2,#fc8d62,car
186229,"9,17E+18",9,1,79,145,2017,11,20,7,2,6,4,1,0,1,0,0,0,2,1,674401.5052,5337797.1806,11.345726927,48.169469656,1,#66c2a5,bicycle
186230,"9,17E+18",9,1,62,0,2017,11,19,6,3,3,7,0,1,0,0,0,1,2,0,690330.5488,5335204.1208,11.558602737,48.14159358,2,#fc8d62,car
186231,"9,17E+18",9,1,62,0,2017,11,9,6,3,5,3,1,0,0,0,0,0,0,0,690468.9474,5335655.3771,11.56066315,48.145608041,1,#66c2a5,bicycle
186232,"9,17E+18",9,1,62,0,2017,11,15,6,3,5,2,1,1,0,0,0,0,0,0,692633.3451,5334758.0539,11.58932475,48.136891425,1,#66c2a5,bicycle
186233,"9,17E+18",9,1,62,0,2017,11,13,6,2,0,1,1,0,0,0,0,0,0,0,691319979.0,5339234641.0,11.57370226,48.17752257,1,#66c2a5,bicycle
186234,"9,17E+18",9,1,62,0,2017,11,17,6,3,0,7,0,0,0,0,0,1,2,0,689035.1482,5332254.8343,11.539898287,48.115471196,6,#ffd92f,circle
186235,"9,17E+18",9,1,62,0,2017,11,9,6,3,3,6,0,1,0,0,0,0,0,0,689302.9536,5337294.8757,11.545732904,48.160691977,2,#fc8d62,car
186236,"9,17E+18",9,1,62,0,2017,11,11,6,2,5,3,1,1,0,0,0,0,0,0,683469764.0,5338983.0927,11.468093721,48.177576598,1,#66c2a5,bicycle
186237,"9,17E+18",9,1,62,0,2017,11,22,6,2,3,6,1,0,0,0,0,0,2,1,688997312.0,5335581.8433,11.540866111,48.145386016,1,#66c2a5,bicycle
186238,"9,17E+18",9,1,62,0,2017,11,23,6,2,0,7,1,0,0,0,0,0,2,0,680698.6624,5341196028.0,11.431792487,48.19826224,1,#66c2a5,bicycle
186239,"9,17E+18",9,1,62,0,2017,11,14,6,3,4,2,0,1,0,0,0,0,0,0,689040.5794,5335549.9872,11.541433057,48.145086835,2,#fc8d62,car
186240,"9,17E+18",9,1,62,0,2017,11,23,6,2,6,4,1,0,1,0,0,0,2,0,689159.1786,5336914.3906,11.543632235,48.157314943,1,#66c2a5,bicycle
186241,"9,17E+18",9,1,62,0,2017,11,16,6,3,0,4,0,0,1,0,0,1,1,0,691967.5554,5332291.7011,11.579273965,48.114925386,3,#8da0cb,toilet
186242,"9,17E+18",9,1,62,0,2017,11,20,6,3,5,7,1,1,0,0,0,0,2,0,694256.2167,5333470.3643,11.610528512,48.124824833,1,#66c2a5,bicycle
186243,"9,17E+18",9,1,62,0,2017,11,15,6,3,3,6,1,1,0,0,0,0,0,0,691928.2593,5338328.1156,11.581467178,48.169191503,1,#66c2a5,bicycle
186244,"9,17E+18",9,1,62,0,2017,11,12,6,3,2,6,0,1,0,0,0,0,0,0,690207225.0,5335465.2338,11.55706325,48.14397734,2,#fc8d62,car
186247,"9,17E+18",9,7,61,0,2017,11,18,6,3,6,6,1,0,1,0,0,0,2,0,643501623.0,5357586.5957,10.93710482,48.355137537,1,#66c2a5,bicycle
186248,"9,17E+18",9,7,72,209,2017,11,5,6,3,5,3,0,1,0,0,0,0,1,0,634982653.0,5336226836.0,10.815355296,48.164944065,2,#fc8d62,car
186249,"9,17E+18",9,7,61,0,2017,11,12,6,3,5,3,0,1,0,1,0,0,0,0,641850428.0,5359407.3303,10.915442591,48.371881907,2,#fc8d62,car
186250,"9,17E+18",9,7,61,0,2017,11,12,6,2,2,6,1,1,0,0,0,0,0,0,640006.3142,5356240.7685,10.889501659,48.343820872,1,#66c2a5,bicycle
186251,"9,17E+18",9,7,61,0,2017,11,17,6,3,0,7,1,0,0,0,0,0,2,0,640367.5192,5358652.8382,10.895178118,48.365429331,1,#66c2a5,bicycle
186252,"9,17E+18",9,7,71,113,2017,11,14,6,3,4,3,0,1,0,0,0,0,0,0,655610.6428,5366648.0329,11.103809971,48.433736719,2,#fc8d62,car
186269,"9,17E+18",9,2,61,0,2017,11,7,6,3,4,2,1,1,0,0,0,0,1,0,730526.2022,5382651.5307,12.124166218,48.554541691,1,#66c2a5,bicycle
186270,"9,17E+18",9,2,61,0,2017,11,7,6,3,6,4,0,1,1,0,0,0,0,0,732085.6462,5381702036.0,12.144738178,48.545437551,2,#fc8d62,car
186277,"9,17E+18",9,1,87,182,2017,11,16,6,3,4,6,0,1,0,0,0,0,2,1,736708.6305,5327033.4123,12.176633437,48.052636413,2,#fc8d62,car
186278,"9,17E+18",9,1,63,0,2017,11,17,6,3,0,1,1,0,0,0,0,0,2,0,734078.7075,5305354738.0,12.129600164,47.858850032,1,#66c2a5,bicycle
186279,"9,17E+18",9,1,63,0,2017,11,16,6,3,5,7,1,1,0,0,0,0,2,0,734687.6522,5304884.7361,12.137474066,47.854405495,1,#66c2a5,bicycle
186280,"9,17E+18",9,1,63,0,2017,11,10,6,2,3,6,1,0,0,0,0,1,0,0,732992.4971,5304783.3797,12.114792171,47.854111608,1,#66c2a5,bicycle
186283,"9,17E+18",9,1,74,131,2017,11,14,6,3,5,3,0,1,0,0,0,0,0,0,676368.1516,5357519.8796,11.380375715,48.34621505,2,#fc8d62,car
186284,"9,17E+18",9,1,75,127,2017,11,17,6,3,5,2,1,1,0,0,0,0,2,0,713256.6599,5341799.4407,11.869725167,48.193586892,1,#66c2a5,bicycle
186285,"9,17E+18",9,1,78,120,2017,11,10,6,3,5,3,1,1,0,0,0,0,0,0,696209.4616,5354234.1599,11.646355126,48.310835751,1,#66c2a5,bicycle
186286,"9,17E+18",9,1,77,133,2017,11,12,6,3,9,1,0,1,0,0,0,0,0,0,707664.6993,5355331.9099,11.801210239,48.317043249,2,#fc8d62,car
186287,"9,17E+18",9,1,77,117,2017,11,12,6,3,0,1,1,0,0,0,0,0,0,0,715152.8492,5351345.5233,11.90005535,48.278721819,1,#66c2a5,bicycle
186288,"9,17E+18",9,1,75,119,2017,11,13,6,2,5,3,0,1,0,0,0,1,0,0,726349103.0,5323486472.0,12.035940829,48.024526762,2,#fc8d62,car
186289,"9,17E+18",9,1,62,0,2017,11,16,5,3,1,5,0,1,0,0,0,0,1,0,692049.1165,5340298.9354,11.583981574,48.186868237,2,#fc8d62,car
186290,"9,17E+18",9,1,62,0,2017,11,6,5,3,5,3,0,1,0,1,0,0,1,0,687140.1023,5336977.2285,11.516536578,48.158477143,2,#fc8d62,car
186291,"9,17E+18",9,1,62,0,2017,11,17,5,3,2,6,1,1,0,0,0,0,2,0,691884.1732,5329794.0465,11.57703172,48.092501822,1,#66c2a5,bicycle
186292,"9,17E+18",9,1,62,0,2017,11,19,5,3,0,7,0,0,1,0,0,1,2,0,691856.0895,5332364.6716,11.57781071,48.115614826,3,#8da0cb,toilet
186293,"9,17E+18",9,1,62,0,2017,11,15,5,3,3,2,1,1,0,0,0,0,0,0,689523.9768,5336061.3554,11.548152776,48.149539214,1,#66c2a5,bicycle
186294,"9,17E+18",9,1,62,0,2017,11,13,5,3,5,2,1,1,0,0,0,0,0,0,684282.9755,5331255061.0,11.475678204,48.107877542,1,#66c2a5,bicycle
186295,"9,17E+18",9,1,84,131,2017,11,2,5,3,1,7,1,1,0,0,0,0,2,0,704861087.0,5339788.5178,11.755917448,48.178279315,1,#66c2a5,bicycle
186296,"9,17E+18",9,1,62,0,2017,11,10,5,3,5,2,0,1,0,0,0,0,0,0,690623.4235,5337363.8524,11.563503023,48.160917435,2,#fc8d62,car
186297,"9,17E+18",9,1,62,0,2017,11,9,5,3,1,6,0,1,0,0,0,1,0,0,692144.3093,5335591.3528,11.583134168,48.144528806,2,#fc8d62,car
186302,"9,17E+18",9,7,72,200,2017,11,16,5,3,5,3,0,1,0,0,0,0,0,0,630538395.0,5338387699.0,10.756278664,48.185304247,2,#fc8d62,car
186303,"9,17E+18",9,7,72,200,2017,11,18,5,3,5,3,1,1,0,0,0,0,2,0,630620.3058,5338459.4598,10.757402231,48.185932728,1,#66c2a5,bicycle
186304,"9,17E+18",9,7,61,0,2017,11,18,5,3,4,7,0,1,0,1,0,0,2,0,642948.2673,5362075.8124,10.93116606,48.395627768,2,#fc8d62,car
186305,"9,17E+18",9,7,61,0,2017,11,19,5,3,3,2,1,1,0,0,0,0,1,0,642186.2013,5358305.4749,10.919601483,48.361898954,1,#66c2a5,bicycle
186306,"9,17E+18",9,7,61,0,2017,11,8,5,3,4,1,1,1,0,0,0,0,0,1,641604.4418,5358856.8973,10.911937556,48.366987882,1,#66c2a5,bicycle
186307,"9,17E+18",9,7,61,0,2017,11,16,5,3,1,5,0,1,0,0,0,0,1,1,640799.8325,5356593.4669,10.900322675,48.34681586,2,#fc8d62,car
186362,"9,17E+18",9,1,79,119,2017,11,7,5,3,5,3,1,1,0,0,0,0,0,0,669189309.0,5339302.8763,11.276279775,48.184414364,1,#66c2a5,bicycle
186363,"9,17E+18",9,1,79,121,2017,11,9,5,3,0,3,1,1,0,0,0,0,0,0,665526.4513,5336830.2029,11.226075697,48.163149722,1,#66c2a5,bicycle
186364,"9,17E+18",9,1,75,132,2017,11,16,5,3,5,3,0,1,0,0,0,0,1,0,707593.5693,5331368.4656,11.788527533,48.1017276,2,#fc8d62,car
186365,"9,17E+18",9,1,77,117,2017,11,13,5,3,5,3,0,1,0,1,0,0,0,0,714406.9371,5354501.5008,11.891616512,48.307332086,2,#fc8d62,car
186366,"9,17E+18",9,1,62,0,2017,11,11,4,3,6,3,0,1,1,0,0,0,0,0,688304.1656,5330527.1783,11.52932412,48.100159174,2,#fc8d62,car
186367,"9,17E+18",9,1,62,0,2017,11,11,4,3,5,3,0,1,0,0,0,1,0,0,682777.8788,5334803.6912,11.456999596,48.140208812,2,#fc8d62,car
186368,"9,17E+18",9,1,62,0,2017,11,12,4,3,6,3,0,0,1,0,0,1,0,0,690270.9104,5334943789.0,11.55768554,48.139271557,3,#8da0cb,toilet
186369,"9,17E+18",9,1,62,0,2017,11,7,4,3,5,3,1,0,0,0,0,1,0,0,689559.1852,5337281.2853,11.549169097,48.160493489,1,#66c2a5,bicycle