OBJECTID,UIDENTSTLA,ULAND,UREGBEZ,UKREIS,UGEMEINDE,UJAHR,UMONAT,USTUNDE,UWOCHENTAG,UKATEGORIE,UART,UTYP1,IstRad,IstPKW,IstFuss,IstKrad,IstGkfz,IstSonstig,ULICHTVERH,STRZUSTAND,LINREFX,LINREFY,XGCSWGS84,YGCSWGS84,Teilnehmer,color,symbol
186370,"9,17E+18",9,1,62,0,2017,11,12,4,2,5,3,0,1,0,0,0,1,0,0,690148.2799,5334618.6641,11.555893658,48.136385989,2,#fc8d62,car
186371,"9,17E+18",9,1,62,0,2017,11,9,4,3,3,2,1,1,0,0,0,0,0,0,696022.7325,5334987.1367,11.634939854,48.137915311,1,#66c2a5,bicycle
186372,"9,17E+18",9,1,84,138,2017,11,15,4,3,5,3,0,1,0,0,0,0,0,0,682502.1057,5331601.3805,11.451924788,48.111503244,2,#fc8d62,car
186373,"9,17E+18",9,1,62,0,2017,11,18,4,3,6,7,0,1,1,0,0,0,2,0,683130.9959,5335985.7736,11.462250304,48.150732594,2,#fc8d62,car
186374,"9,17E+18",9,1,62,0,2017,11,22,4,3,0,7,1,0,0,0,0,0,2,0,689712.6942,5336414.8362,11.550845033,48.152660051,1,#66c2a5,bicycle
186375,"9,17E+18",9,1,62,0,2017,11,11,4,3,2,6,1,0,0,0,0,1,0,0,691569319.0,5332607.2256,11.574070614,48.117881209,1,#66c2a5,bicycle
186376,"9,17E+18",9,1,62,0,2017,11,11,4,3,6,7,0,0,1,0,0,1,0,0,689608.8674,5334736.7102,11.548703099,48.137607941,3,#8da0cb,toilet
186378,"9,17E+18",9,7,78,116,2017,11,19,4,3,8,1,0,1,0,0,0,0,2,0,620239899.0,5318950.7,10.612304626,48.012531581,2,#fc8d62,car
186382,"9,17E+18",9,7,61,0,2017,11,18,4,2,0,1,1,0,0,0,0,0,1,0,639451.5667,5359827.6674,10.883207929,48.376196107,1,#66c2a5,bicycle
186383,"9,17E+18",9,7,61,0,2017,11,12,4,3,3,2,1,1,0,0,0,0,0,0,640072.0733,5358137.3126,10.89101975,48.360859504,1,#66c2a5,bicycle
186399,"9,17E+18",9,2,74,113,2017,11,11,4,3,0,7,1,0,0,0,0,0,0,0,728778.9958,5381844.4123,12.100080395,48.54793095,1,#66c2a5,bicycle
186401,"9,17E+18",9,2,61,0,2017,11,13,4,2,5,3,0,1,0,0,0,0,0,0,730849403.0,5382249134.0,12.128316481,48.550808138,2,#fc8d62,car
186405,"9,17E+18",9,1,87,117,2017,11,8,4,3,0,1,1,0,0,0,0,0,0,2,722954933.0,5304745.9414,11.980776301,47.857335566,1,#66c2a5,bicycle
186406,"9,17E+18",9,1,88,121,2017,12,20,7,3,3,6,0,1,0,0,0,0,2,1,670042.6534,5329263448.0,11.283742772,48.093934069,2,#fc8d62,car
186407,"9,17E+18",9,1,79,121,2017,12,18,7,3,2,2,0,1,0,0,0,0,2,0,667202.2359,5338913.7733,11.249413993,48.181442448,2,#fc8d62,car
186408,"9,17E+18",9,1,78,143,2017,12,16,7,3,1,6,0,1,0,0,0,0,1,1,717192.3299,5372388.1422,11.938375926,48.467089397,2,#fc8d62,car
186409,"9,17E+18",9,1,77,137,2017,12,9,7,3,5,3,0,1,0,0,0,0,0,1,732790.4927,5344900.7236,12.133895559,48.214589137,2,#fc8d62,car
186410,"9,17E+18",9,1,62,0,2017,12,23,6,3,2,6,0,1,0,0,0,0,2,0,692188.3512,5336985.7673,11.58435525,48.157048207,2,#fc8d62,car
186411,"9,17E+18",9,1,62,0,2017,12,19,6,2,6,4,0,1,1,0,0,0,2,1,691224.7964,5334406.3078,11.57025336,48.134154782,2,#fc8d62,car
186412,"9,17E+18",9,1,62,0,2017,12,10,6,3,5,3,0,1,0,0,0,0,0,1,687458.6665,5328667.2736,11.517162141,48.083691013,2,#fc8d62,car
186413,"9,17E+18",9,1,62,0,2017,12,8,6,3,5,3,0,1,0,0,0,0,0,0,691115.2908,5335167.3336,11.569124492,48.141027712,2,#fc8d62,car
186414,"9,17E+18",9,1,62,0,2017,12,21,6,3,5,3,0,1,0,0,0,1,2,1,690834.5011,5339418.6493,11.56726088,48.179322389,2,#fc8d62,car
186415,"9,17E+18",9,1,62,0,2017,12,19,6,3,2,6,0,1,0,0,0,0,2,1,691225.6511,5341805.3415,11.573592007,48.200655923,2,#fc8d62,car
186416,"9,17E+18",9,1,62,0,2017,12,8,6,2,6,4,1,0,1,0,0,0,0,2,685940554.0,5329475.5159,11.497149216,48.091400465,1,#66c2a5,bicycle
186420,"9,17E+18",9,1,84,140,2017,12,8,6,3,5,3,1,1,0,0,0,0,0,1,701559.2832,5330084.7619,11.706960317,48.092128447,1,#66c2a5,bicycle
186421,"9,17E+18",9,1,62,0,2017,12,5,6,3,5,3,0,0,0,0,0,1,2,1,696945.2439,5329927.5,11.644990052,48.092157496,6,#ffd92f,circle
186428,"9,17E+18",9,7,62,0,2017,12,7,6,3,4,1,0,1,0,0,0,1,0,2,621161.7783,5308282.9557,10.621654464,47.916415727,2,#fc8d62,car
186432,"9,17E+18",9,7,61,0,2017,12,13,6,3,2,6,0,1,0,0,0,0,0,0,643262.3838,5361490.1389,10.935207339,48.390290438,2,#fc8d62,car
186433,"9,17E+18",9,7,61,0,2017,12,7,6,2,6,2,0,1,1,0,0,0,2,1,641062.6793,5359208.8617,10.904744969,48.370273924,2,#fc8d62,car
186454,"9,17E+18",9,2,61,0,2017,12,0,6,3,5,3,0,1,0,0,0,0,2,0,732447472.0,5382736028.0,12.150210223,48.554591666,2,#fc8d62,car
186458,"9,17E+18",9,1,87,150,2017,12,12,6,3,2,6,0,1,0,1,0,0,0,0,729403.9716,5303789.9613,12.066363397,47.846477017,2,#fc8d62,car
186460,"9,17E+18",9,1,86,143,2017,12,8,6,3,0,6,0,1,0,0,0,0,0,2,681258.5928,5381249.5646,11.45659153,48.558118742,2,#fc8d62,car
186461,"9,17E+18",9,1,62,0,2017,12,19,6,3,2,6,0,1,0,0,0,0,2,1,682567.2459,5337689.9693,11.45540905,48.166213111,2,#fc8d62,car
186462,"9,17E+18",9,1,79,123,2017,12,12,6,3,0,1,1,0,0,0,0,0,0,1,675824.7537,5333956.5446,11.363266311,48.134552997,1,#66c2a5,bicycle
186463,"9,17E+18",9,1,79,119,2017,12,13,6,2,5,3,1,1,0,0,0,0,0,1,669178.8941,5339347.7546,11.276157639,48.184820584,1,#66c2a5,bicycle
186464,"9,17E+18",9,1,74,118,2017,12,23,6,3,8,1,0,1,0,0,0,0,2,1,670606.7862,5354496.6729,11.30145904,48.320620566,2,#fc8d62,car
186465,"9,17E+18",9,1,77,112,2017,12,9,6,2,4,6,0,0,0,0,0,1,0,2,714746.3122,5364295.6377,11.90118284,48.395218364,6,#ffd92f,circle
186466,"9,17E+18",9,1,62,0,2017,11,13,5,3,5,3,1,1,0,0,0,0,0,1,690529.4911,5339645.3155,11.56326353,48.181451168,1,#66c2a5,bicycle
186467,"9,17E+18",9,1,62,0,2017,11,16,5,3,5,2,0,1,0,0,0,0,2,1,685454.4873,5339101.4142,11.494818358,48.17806399,2,#fc8d62,car
186468,"9,17E+18",9,1,62,0,2017,11,13,5,3,0,7,0,0,0,0,0,1,0,1,693625.1454,5334669.8696,11.602601945,48.13579786,6,#ffd92f,circle
186469,"9,17E+18",9,1,62,0,2017,11,7,5,3,5,3,1,0,0,0,0,1,1,1,687433.0985,5336054.1512,11.520066078,48.150094015,1,#66c2a5,bicycle
186470,"9,17E+18",9,1,62,0,2017,11,6,5,3,1,5,1,1,0,0,0,0,2,1,689393.9274,5335668.3568,11.546231209,48.146045654,1,#66c2a5,bicycle
186471,"9,17E+18",9,1,62,0,2017,11,19,5,3,4,6,0,1,0,0,0,1,2,1,689444.3926,5343254.1389,11.550290708,48.214211584,2,#fc8d62,car
186472,"9,17E+18",9,1,62,0,2017,11,18,5,3,4,7,0,1,0,0,0,0,2,2,691263.2808,5329947.6522,11.568770557,48.094069053,2,#fc8d62,car
186473,"9,17E+18",9,1,62,0,2017,11,8,5,3,6,3,0,1,1,0,0,0,0,1,687587.4127,5341274.1281,11.524442204,48.196966613,2,#fc8d62,car
186474,"9,17E+18",9,1,62,0,2017,11,20,5,3,5,3,1,1,0,0,0,0,2,1,692102.1851,5336676.1277,11.583058011,48.154291267,1,#66c2a5,bicycle
186475,"9,17E+18",9,1,62,0,2017,11,21,5,3,0,5,1,1,0,0,0,0,2,1,691471.5733,5337567.4699,11.574988665,48.162492677,1,#66c2a5,bicycle
186476,"9,17E+18",9,1,62,0,2017,11,18,5,3,6,4,0,1,1,0,0,0,2,1,693485.1381,5341396.3537,11.603782293,48.196295632,2,#fc8d62,car
186477,"9,17E+18",9,1,88,127,2017,11,19,5,3,0,1,0,1,0,0,0,0,2,2,678026.4682,5330312.9655,11.391311763,48.101188216,2,#fc8d62,car
186478,"9,17E+18",9,1,62,0,2017,11,6,5,3,5,3,1,1,0,0,0,0,2,1,680162.4604,5335376.1115,11.42211674,48.146100189,1,#66c2a5,bicycle
186483,"9,17E+18",9,7,72,131,2017,11,16,5,3,4,2,0,1,0,1,0,0,0,0,619146.7741,5355033.6364,10.607768657,48.337244169,2,#fc8d62,car
186484,"9,17E+18",9,7,72,202,2017,11,7,5,3,6,6,1,0,1,0,0,0,0,1,635777.6434,5359913.6436,10.833648399,48.377770474,1,#66c2a5,bicycle
186485,"9,17E+18",9,7,61,0,2017,11,9,5,3,0,7,1,0,0,0,0,0,0,1,641285.4565,5353026.6236,10.90567738,48.314635503,1,#66c2a5,bicycle
186486,"9,17E+18",9,7,71,113,2017,11,15,5,2,6,4,0,1,1,0,0,0,1,1,657351.1084,5369171.3349,11.128271772,48.455989434,2,#fc8d62,car
186522,"9,17E+18",9,2,61,0,2017,11,16,5,3,0,1,0,0,0,1,0,0,1,1,732353.5888,5382078.8183,12.148573224,48.548722919,4,#e78ac3,marker
186523,"9,17E+18",9,2,61,0,2017,11,19,5,3,0,1,1,0,0,0,0,0,2,1,731460.5848,5381814.3275,12.136344283,48.54667714,1,#66c2a5,bicycle
186525,"9,17E+18",9,1,87,176,2017,11,20,5,3,9,1,0,1,0,0,0,0,2,1,738545269.0,5329625275.0,12.202686914,48.075235488,2,#fc8d62,car
186526,"9,17E+18",9,1,63,0,2017,11,16,5,3,5,2,0,1,0,0,0,0,1,0,732856.9121,5305245.7878,12.11323127,47.85831507,2,#fc8d62,car
186528,"9,17E+18",9,1,86,130,2017,11,8,5,3,0,1,1,0,0,0,0,0,0,2,685156.4212,5372352.9399,11.505418006,48.477019313,1,#66c2a5,bicycle
186531,"9,17E+18",9,1,78,124,2017,11,16,5,2,6,4,0,1,1,0,0,0,2,2,702651.6432,5364367832.0,11.738020793,48.399869558,2,#fc8d62,car
186532,"9,17E+18",9,1,78,124,2017,11,7,5,3,5,3,1,1,0,0,0,0,0,1,703792.4325,5364331.0789,11.753397668,48.399171641,1,#66c2a5,bicycle
186533,"9,17E+18",9,1,62,0,2017,11,22,4,3,1,1,0,1,0,0,0,0,2,1,687050.8912,5339214709.0,11.516322376,48.1786144,2,#fc8d62,car
186534,"9,17E+18",9,1,62,0,2017,11,8,4,2,6,4,0,1,1,0,0,0,0,0,690805.6979,5342277.6232,11.568158324,48.205027042,2,#fc8d62,car
186535,"9,17E+18",9,1,62,0,2017,11,13,4,2,5,3,0,1,0,0,0,0,0,1,695296576.0,5332975025.0,11.624267375,48.120054662,2,#fc8d62,car
186536,"9,17E+18",9,1,62,0,2017,11,9,4,2,0,7,0,0,0,0,0,1,0,0,685059.6973,5337549.4033,11.488837119,48.164228965,6,#ffd92f,circle
186537,"9,17E+18",9,1,62,0,2017,11,15,4,3,2,2,0,1,0,0,0,0,1,1,691233.4609,5339994.1349,11.572881399,48.184374808,2,#fc8d62,car
186538,"9,17E+18",9,1,62,0,2017,11,5,4,3,5,3,1,1,0,0,0,0,2,1,691215.3882,5341865.5598,11.573481156,48.201200243,1,#66c2a5,bicycle
186539,"9,17E+18",9,1,62,0,2017,11,17,4,3,0,7,0,0,0,0,0,1,1,1,683946.4264,5338327.0311,11.474215837,48.171541778,6,#ffd92f,circle
186540,"9,17E+18",9,1,62,0,2017,11,8,4,2,0,1,0,1,0,1,0,0,0,1,693590.4158,5335766.5446,11.602634147,48.145664984,2,#fc8d62,car
186541,"9,17E+18",9,1,62,0,2017,11,20,4,3,5,2,1,1,0,0,0,0,2,0,692670386.0,5334197392.0,11.589568553,48.131841109,1,#66c2a5,bicycle
186542,"9,17E+18",9,1,62,0,2017,11,20,4,3,5,3,0,1,0,0,0,0,2,1,693210.8555,5336180.4969,11.597724648,48.149500849,2,#fc8d62,car
186543,"9,17E+18",9,1,62,0,2017,11,13,4,3,3,6,0,1,0,0,0,0,0,1,690526.1675,5335800.4762,11.561496553,48.146895051,2,#fc8d62,car
186546,"9,17E+18",9,7,62,0,2017,11,11,4,3,5,3,0,1,0,0,0,0,0,0,621314.3443,5304640.8461,10.622671403,47.88363073,2,#fc8d62,car
186549,"9,17E+18",9,7,61,0,2017,11,6,4,3,6,4,1,0,1,0,0,0,2,1,641572.0095,5360182.0502,10.911946108,48.378910384,1,#66c2a5,bicycle
186550,"9,17E+18",9,7,61,0,2017,11,12,4,3,1,3,1,1,0,0,0,0,0,0,639415.7359,5357409.3257,10.881922768,48.354458897,1,#66c2a5,bicycle
186551,"9,17E+18",9,7,61,0,2017,11,14,4,3,2,6,0,1,0,0,0,0,0,0,639535.8457,5358152.3486,10.883789561,48.361113449,2,#fc8d62,car
186552,"9,17E+18",9,7,61,0,2017,11,17,4,2,1,5,1,1,0,0,0,0,2,1,641341362.0,5359248761.0,10.908519215,48.370570333,1,#66c2a5,bicycle
186553,"9,17E+18",9,7,61,0,2017,11,13,4,3,2,6,0,1,0,0,0,0,0,1,641376498.0,5359223013.0,10.908984723,48.370330947,2,#fc8d62,car
186578,"9,17E+18",9,2,61,0,2017,11,12,4,3,2,6,0,1,0,0,0,0,0,0,731596.0951,5382505994.0,12.138562199,48.552840246,2,#fc8d62,car
186579,"9,17E+18",9,2,61,0,2017,11,16,4,3,5,3,0,1,0,0,0,1,2,1,730719.6461,5380364.6928,12.125517401,48.53392807,2,#fc8d62,car
186582,"9,17E+18",9,1,73,147,2017,11,12,4,2,0,7,1,1,0,0,0,0,0,1,681148.0399,5309897.1347,11.42458078,47.916788839,1,#66c2a5,bicycle
186587,"9,17E+18",9,1,63,0,2017,11,18,4,2,6,2,0,1,1,0,0,0,2,1,734412.3172,5304194.8244,12.133425118,47.848307835,2,#fc8d62,car
186588,"9,17E+18",9,1,63,0,2017,11,23,4,3,0,1,1,0,0,0,0,0,2,2,733333.5245,5304418037.0,12.119147234,47.850705637,1,#66c2a5,bicycle
186589,"9,17E+18",9,1,63,0,2017,11,13,4,3,6,4,0,1,1,0,0,0,0,1,733360.9404,5304404.2089,12.119505704,47.850571452,2,#fc8d62,car
186591,"9,17E+18",9,1,87,122,2017,11,17,4,3,5,3,0,1,0,0,0,0,2,1,721922.5735,5306516.5945,11.967902343,47.873602765,2,#fc8d62,car
186592,"9,17E+18",9,1,81,128,2017,11,15,4,3,8,1,0,1,0,0,0,0,0,1,639308009.0,5332009.07,10.87211419,48.126084098,2,#fc8d62,car
186593,"9,17E+18",9,1,79,123,2017,11,7,4,3,6,3,1,0,1,0,0,0,1,0,675347.4756,5332902.2194,11.356422965,48.12520697,1,#66c2a5,bicycle
186594,"9,17E+18",9,1,88,127,2017,11,19,4,3,1,6,0,1,0,0,0,0,2,1,676745.8422,5330472.2127,11.374191283,48.102976278,2,#fc8d62,car
186595,"9,17E+18",9,1,77,117,2017,11,13,4,3,0,1,1,0,0,0,0,0,0,1,714474.0524,5353987.9435,11.892259528,48.302694906,1,#66c2a5,bicycle
186596,"9,17E+18",9,1,62,0,2017,11,21,3,3,1,5,1,1,0,0,0,0,2,0,692189.0041,5336661.3198,11.584217484,48.154131947,1,#66c2a5,bicycle
186597,"9,17E+18",9,1,62,0,2017,11,7,3,3,5,3,1,0,0,0,0,0,0,0,691423.5829,5334950.5483,11.573167031,48.138986597,1,#66c2a5,bicycle
186598,"9,17E+18",9,1,62,0,2017,11,21,3,3,3,7,0,1,0,0,0,0,2,0,692591.7676,5338066.3933,11.590263496,48.166638534,2,#fc8d62,car
186599,"9,17E+18",9,1,62,0,2017,11,12,3,3,5,4,0,1,1,0,0,0,0,0,694509.8591,5329582.1073,11.61216078,48.089801094,2,#fc8d62,car
186600,"9,17E+18",9,1,62,0,2017,11,17,3,3,5,3,1,1,0,0,0,0,2,0,696789.3486,5330495.7043,11.643160575,48.097312358,1,#66c2a5,bicycle
186601,"9,17E+18",9,1,62,0,2017,11,17,3,3,6,4,0,1,1,0,0,0,2,0,683832.0299,5340837216.0,11.473764672,48.194137692,2,#fc8d62,car
186602,"9,17E+18",9,1,62,0,2017,11,11,3,3,6,7,0,1,1,0,0,0,0,0,696544.0653,5338396.5925,11.643514434,48.168396532,2,#fc8d62,car
186603,"9,17E+18",9,1,62,0,2017,11,16,3,3,5,3,1,0,0,0,0,0,0,0,692781.6941,5337414.5288,11.592519749,48.160722199,1,#66c2a5,bicycle
186604,"9,17E+18",9,1,62,0,2017,11,9,3,3,1,7,0,1,0,0,0,0,0,0,692250.51,5339916.7707,11.58651548,48.183372533,2,#fc8d62,car
186605,"9,17E+18",9,1,62,0,2017,11,6,3,3,5,3,1,1,0,0,0,0,2,0,688519.9195,5331162834.0,11.532500029,48.105808794,1,#66c2a5,bicycle
186606,"9,17E+18",9,1,62,0,2017,11,8,3,3,1,6,0,1,0,1,0,0,0,0,688700.2786,5333421.5934,11.535919939,48.126057545,2,#fc8d62,car
186607,"9,17E+18",9,1,62,0,2017,11,18,3,3,0,5,1,1,0,0,0,0,2,1,691596.3284,5336204.3836,11.576050899,48.1502039,1,#66c2a5,bicycle
186609,"9,17E+18",9,7,62,0,2017,11,14,3,3,0,7,1,0,0,0,0,0,0,0,622438.1564,5304288.6473,10.637597061,47.880249788,1,#66c2a5,bicycle
186612,"9,17E+18",9,7,61,0,2017,11,10,3,3,0,2,0,1,0,0,0,1,0,1,639289.4093,5361660871.0,10.881627021,48.39271559,2,#fc8d62,car
186613,"9,17E+18",9,7,61,0,2017,11,15,3,2,6,4,0,1,1,0,0,0,0,1,644048.6758,5357550.7487,10.944472713,48.354690664,2,#fc8d62,car
186614,"9,17E+18",9,7,61,0,2017,11,20,3,2,0,1,0,1,0,0,0,0,2,1,637404093.0,5352945.5624,10.853327483,48.314761915,2,#fc8d62,car
186639,"9,17E+18",9,2,61,0,2017,11,19,3,2,4,6,0,1,0,1,0,0,2,1,731379.4559,5383163.43,12.135996252,48.558825825,2,#fc8d62,car
186641,"9,17E+18",9,1,73,126,2017,11,7,3,2,6,4,0,0,1,0,0,1,1,0,684702.6038,5305567.0899,11.470258348,47.876852232,3,#8da0cb,toilet
186642,"9,17E+18",9,1,63,0,2017,11,10,3,3,2,6,0,1,0,0,0,0,0,0,731044.6367,5304065.1945,12.088407717,47.848362317,2,#fc8d62,car
186645,"9,17E+18",9,1,74,122,2017,11,12,3,3,0,1,1,0,0,0,0,0,0,1,681463.5706,5351568.5332,11.446521707,48.291278472,1,#66c2a5,bicycle
186646,"9,17E+18",9,1,77,117,2017,11,8,3,3,5,3,0,1,0,0,0,0,0,0,714760264.0,5355039.0087,11.896648908,48.312041855,2,#fc8d62,car
186647,"9,17E+18",9,1,62,0,2017,11,16,2,3,4,2,1,1,0,0,0,0,2,0,683508.0663,5337490.7846,11.46796437,48.164151837,1,#66c2a5,bicycle
186648,"9,17E+18",9,1,62,0,2017,11,15,2,3,6,4,0,1,1,0,0,0,1,0,693135.9439,5333736.8514,11.595610457,48.127560791,2,#fc8d62,car
186649,"9,17E+18",9,1,62,0,2017,11,18,2,3,4,2,1,1,0,0,0,0,2,0,691575.1921,5335408.9286,11.57540907,48.143060831,1,#66c2a5,bicycle
186650,"9,17E+18",9,1,62,0,2017,11,17,2,3,2,6,0,1,0,0,0,0,2,0,689413.3467,5340133.2604,11.54848062,48.186170527,2,#fc8d62,car
186651,"9,17E+18",9,1,62,0,2017,11,15,2,3,5,3,0,1,0,0,0,0,0,0,690014.8597,5335750.9272,11.554607345,48.146602636,2,#fc8d62,car
186652,"9,17E+18",9,1,62,0,2017,11,10,2,3,5,3,0,1,0,0,0,1,0,1,693136.2016,5332716.2665,11.595151522,48.118387949,2,#fc8d62,car
186653,"9,17E+18",9,1,62,0,2017,11,18,2,3,6,4,1,0,1,0,0,0,2,0,691653.3819,5334013.0235,11.57583104,48.130491073,1,#66c2a5,bicycle
186654,"9,17E+18",9,1,62,0,2017,11,7,2,3,0,1,1,0,0,0,0,0,0,2,689426674.0,5334147219.0,11.545994459,48.132363807,1,#66c2a5,bicycle
186658,"9,17E+18",9,7,72,163,2017,11,8,2,3,5,3,1,1,0,0,0,0,0,2,640215.1391,5350367.9381,10.890365743,48.290967354,1,#66c2a5,bicycle
186659,"9,17E+18",9,7,61,0,2017,11,10,2,2,6,4,0,1,1,0,0,0,0,0,641791.9939,5360247.0689,10.914937233,48.379445604,2,#fc8d62,car
186660,"9,17E+18",9,7,61,0,2017,11,14,2,3,4,2,0,1,0,0,0,1,0,0,640545.4685,5359227.6278,10.897771424,48.370558052,2,#fc8d62,car
186690,"9,17E+18",9,1,63,0,2017,12,15,6,3,6,2,0,1,1,0,0,0,0,0,733590.9358,5304749.3895,12.122761859,47.853589038,2,#fc8d62,car
186692,"9,17E+18",9,1,87,117,2017,12,21,6,3,5,3,0,1,0,0,0,1,2,2,724414.9087,5305869.9258,12.00085105,47.866926482,2,#fc8d62,car
186693,"9,17E+18",9,1,87,117,2017,12,7,6,3,0,3,1,1,0,0,0,0,0,0,725261.2351,5305410.6993,12.011912633,47.862504172,1,#66c2a5,bicycle
186694,"9,17E+18",9,1,86,143,2017,12,6,6,3,5,3,1,1,0,0,0,0,2,1,684386.8523,5377885954.0,11.497458409,48.526975333,1,#66c2a5,bicycle
186695,"9,17E+18",9,1,79,134,2017,12,16,6,3,8,1,0,1,0,0,0,0,2,2,665259.5734,5346757.8184,11.226356243,48.252469129,2,#fc8d62,car
186696,"9,17E+18",9,1,79,142,2017,12,9,6,3,5,3,0,1,0,0,0,0,0,1,673385.0403,5341669.4496,11.333647702,48.204557221,2,#fc8d62,car
186697,"9,17E+18",9,1,79,142,2017,12,7,6,3,1,7,1,1,0,0,0,0,0,1,671727466.0,5341398.3366,11.311247079,48.202570593,1,#66c2a5,bicycle
186698,"9,17E+18",9,1,79,142,2017,12,13,6,3,2,6,0,1,0,0,0,1,0,0,672482.9702,5342786.5736,11.32197099,48.214845296,2,#fc8d62,car
186699,"9,17E+18",9,1,81,130,2017,12,12,6,3,6,2,0,1,1,0,0,0,0,1,639069.6265,5324905.1487,10.866598149,48.06225597,2,#fc8d62,car
186700,"9,17E+18",9,1,79,123,2017,12,7,6,3,5,3,0,1,0,0,0,0,0,0,675327.3117,5333333.9299,11.356329837,48.129093329,2,#fc8d62,car
186701,"9,17E+18",9,1,75,122,2017,12,17,6,3,1,5,1,1,0,0,0,0,2,1,721544.5154,5325495.2345,11.972628241,48.044259561,1,#66c2a5,bicycle
186702,"9,17E+18",9,1,77,139,2017,12,7,6,3,6,4,0,1,1,0,0,0,1,1,731806.9583,5359683.8395,12.128782839,48.347751008,2,#fc8d62,car
186703,"9,17E+18",9,1,62,0,2017,12,14,5,3,2,6,1,1,0,0,0,0,0,0,691063.3424,5333185.1873,11.56753803,48.123227916,1,#66c2a5,bicycle
186704,"9,17E+18",9,1,62,0,2017,12,23,5,3,0,7,1,0,0,0,0,0,2,0,684526.9697,5332191.9543,11.479358194,48.116228247,1,#66c2a5,bicycle
186705,"9,17E+18",9,1,62,0,2017,12,11,5,3,6,7,0,1,1,0,0,0,0,0,690463.6324,5334742.5654,11.560183511,48.137405307,2,#fc8d62,car
186706,"9,17E+18",9,1,62,0,2017,12,11,5,3,2,6,0,1,0,0,0,1,0,0,690165741.0,5334189094.0,11.555936368,48.13251979,2,#fc8d62,car
186707,"9,17E+18",9,1,62,0,2017,12,13,5,3,5,3,1,1,0,0,0,0,0,0,689012.8037,5333491.5399,11.540146668,48.12659352,1,#66c2a5,bicycle
186708,"9,17E+18",9,1,62,0,2017,12,10,5,3,5,2,1,1,0,0,0,0,0,0,694041718.0,5341814.0309,11.61145518,48.199879696,1,#66c2a5,bicycle
186709,"9,17E+18",9,1,84,149,2017,12,13,5,3,5,3,1,1,0,0,0,0,0,0,691297.4511,5350827.4232,11.578632211,48.281722061,1,#66c2a5,bicycle
186710,"9,17E+18",9,1,62,0,2017,12,10,5,2,0,7,1,1,0,0,0,0,0,0,698719.0568,5333531261.0,11.670464355,48.123994804,1,#66c2a5,bicycle
186711,"9,17E+18",9,1,62,0,2017,12,17,5,1,6,7,0,0,1,0,0,1,2,0,688452.0542,5336425933.0,11.533916846,48.15313457,3,#8da0cb,toilet
186712,"9,17E+18",9,1,62,0,2017,12,19,5,2,3,6,1,0,0,0,0,1,2,0,691922.0047,5336031.6452,11.580347197,48.148553177,1,#66c2a5,bicycle
186713,"9,17E+18",9,1,62,0,2017,12,9,5,3,5,3,0,1,0,0,0,0,0,0,687774.1908,5331253.0919,11.522532021,48.106840301,2,#fc8d62,car
186714,"9,17E+18",9,1,62,0,2017,12,8,5,3,1,5,1,1,0,0,0,0,0,0,685983.1826,5334927.4306,11.500098889,48.140392223,1,#66c2a5,bicycle
186715,"9,17E+18",9,1,84,149,2017,12,17,5,3,5,2,1,1,0,0,0,0,2,0,690939.5342,5350505.3062,11.573667134,48.27893502,1,#66c2a5,bicycle
186716,"9,17E+18",9,1,62,0,2017,12,17,5,3,5,2,1,0,0,0,0,1,1,0,686649.7227,5338265.5598,11.510514234,48.170201159,1,#66c2a5,bicycle
186717,"9,17E+18",9,1,62,0,2017,12,22,5,2,3,6,1,1,0,0,0,0,2,0,689870.3739,5335970.9915,11.552764993,48.148623718,1,#66c2a5,bicycle
186718,"9,17E+18",9,1,62,0,2017,12,18,5,2,0,4,0,0,1,0,0,1,2,0,692993.6397,5332072.6379,11.592946693,48.112646379,3,#8da0cb,toilet
186723,"9,17E+18",9,7,73,182,2017,12,12,5,3,2,6,0,1,0,0,0,0,0,0,624514373.0,5380187.8634,10.687648274,48.562410856,2,#fc8d62,car
186724,"9,17E+18",9,7,71,168,2017,12,9,5,3,5,2,0,1,0,0,0,0,0,0,648927.2249,5342935.5086,11.005132669,48.222150365,2,#fc8d62,car
186725,"9,17E+18",9,7,61,0,2017,12,19,5,3,0,7,1,0,0,0,0,0,2,0,637422.3792,5355413.0492,10.854378417,48.336945481,1,#66c2a5,bicycle
186726,"9,17E+18",9,7,61,0,2017,12,12,5,3,5,3,0,1,0,0,0,0,0,0,641370.9282,5353658.3067,10.907041322,48.320296304,2,#fc8d62,car
186727,"9,17E+18",9,7,61,0,2017,12,15,5,3,1,7,0,1,0,0,0,0,0,0,640488628.0,5360181612.0,10.897323147,48.379148609,2,#fc8d62,car
186728,"9,17E+18",9,7,61,0,2017,12,7,5,3,3,6,0,1,0,1,0,0,0,0,639863.1558,5360064.8488,10.888841968,48.378237674,2,#fc8d62,car
186747,"9,17E+18",9,2,74,113,2017,12,13,5,3,0,6,0,1,0,0,0,1,0,0,729249465.0,5382941322.0,12.107049599,48.557612842,2,#fc8d62,car