OBJECTID,UIDENTSTLA,ULAND,UREGBEZ,UKREIS,UGEMEINDE,UJAHR,UMONAT,USTUNDE,UWOCHENTAG,UKATEGORIE,UART,UTYP1,IstRad,IstPKW,IstFuss,IstKrad,IstGkfz,IstSonstig,ULICHTVERH,STRZUSTAND,LINREFX,LINREFY,XGCSWGS84,YGCSWGS84,Teilnehmer,color,symbol
186750,"9,17E+18",9,1,73,126,2017,12,13,5,3,6,4,0,1,1,0,0,0,0,0,684518.8648,5305352.2204,11.467711567,47.874973587,2,#fc8d62,car
186753,"9,17E+18",9,1,63,0,2017,12,22,5,3,0,1,1,0,0,0,0,0,2,0,732682.6184,5304978.6738,12.110760875,47.855978409,1,#66c2a5,bicycle
186755,"9,17E+18",9,1,86,143,2017,12,6,5,3,5,3,0,1,0,0,0,0,2,0,685254.3335,5380078078.0,11.51017089,48.546422094,2,#fc8d62,car
186758,"9,17E+18",9,1,88,120,2017,12,15,5,3,0,7,1,0,0,0,0,0,0,0,677368.7365,5327376.2767,11.38126518,48.074972983,1,#66c2a5,bicycle
186759,"9,17E+18",9,1,75,139,2017,12,8,5,3,2,2,0,1,0,0,0,1,0,0,710366.6496,5329146153.0,11.82463593,48.080848212,2,#fc8d62,car
186760,"9,17E+18",9,1,62,0,2017,12,18,4,3,1,5,0,1,0,0,0,0,1,0,686285.86,5333525.7157,11.503550707,48.12770454,2,#fc8d62,car
186761,"9,17E+18",9,1,62,0,2017,12,11,4,2,9,1,0,1,0,0,0,0,0,0,682832.3018,5336193204.0,11.45832722,48.152683045,2,#fc8d62,car
186762,"9,17E+18",9,1,62,0,2017,12,8,4,3,1,5,1,1,0,0,0,0,0,0,692118.0884,5337029.6513,11.583431238,48.157463858,1,#66c2a5,bicycle
186763,"9,17E+18",9,1,62,0,2017,12,18,4,3,0,7,0,0,0,0,0,1,2,0,698181.7521,5333698.6268,11.663329761,48.125666442,6,#ffd92f,circle
186764,"9,17E+18",9,1,62,0,2017,12,16,4,2,0,7,1,0,0,0,0,0,0,0,691301.4695,5334134.2676,11.571160698,48.131686668,1,#66c2a5,bicycle
186765,"9,17E+18",9,1,62,0,2017,12,23,4,2,9,1,0,1,0,0,0,0,2,0,684416.2737,5332592.3863,11.478045483,48.119859628,2,#fc8d62,car
186766,"9,17E+18",9,1,62,0,2017,12,17,4,3,3,2,0,1,0,0,0,1,2,1,693207.7222,5336174782.0,11.597679971,48.149450437,2,#fc8d62,car
186767,"9,17E+18",9,1,62,0,2017,12,17,4,3,1,6,0,1,0,0,0,0,2,1,692914.8847,5339932.5358,11.595451556,48.183312842,2,#fc8d62,car
186768,"9,17E+18",9,1,84,138,2017,12,11,4,3,6,4,0,1,1,0,0,0,0,0,679971.6582,5330792.9387,11.417618654,48.10495622,2,#fc8d62,car
186769,"9,17E+18",9,1,62,0,2017,12,11,4,3,2,6,0,1,0,0,0,0,0,0,685977.3749,5329740.0699,11.497758457,48.093767661,2,#fc8d62,car
186770,"9,17E+18",9,1,62,0,2017,12,9,4,3,0,3,1,1,0,0,0,0,0,0,692186.5866,5331300.0258,11.581766985,48.105946281,1,#66c2a5,bicycle
186771,"9,17E+18",9,1,62,0,2017,12,8,4,3,0,1,1,0,0,0,0,0,0,0,689766.3088,5334546.1988,11.550732363,48.135848685,1,#66c2a5,bicycle
186777,"9,17E+18",9,7,61,0,2017,12,12,4,3,0,3,0,1,0,0,0,1,0,0,638653.3091,5358597.2268,10.872028231,48.365308151,2,#fc8d62,car
186778,"9,17E+18",9,7,61,0,2017,12,18,4,2,4,2,0,1,0,0,0,0,2,0,638508.6383,5362332.9209,10.871307313,48.398930471,2,#fc8d62,car
186804,"9,17E+18",9,1,87,150,2017,12,16,4,3,6,7,0,1,1,0,0,0,0,1,728259.7218,5302923.5449,12.05063421,47.83909982,2,#fc8d62,car
186807,"9,17E+18",9,1,79,142,2017,12,11,4,2,1,5,0,1,0,0,0,0,0,0,672479.8743,5342782.6648,11.321927759,48.214810999,2,#fc8d62,car
186808,"9,17E+18",9,1,79,121,2017,12,15,4,3,1,7,0,1,0,0,0,0,0,0,667964.1435,5340363.9447,11.260229332,48.194278355,2,#fc8d62,car
186809,"9,17E+18",9,1,77,117,2017,12,15,4,3,5,3,0,1,0,0,0,0,0,0,715003.4546,5354708.4676,11.899756241,48.308989275,2,#fc8d62,car
186810,"9,17E+18",9,1,62,0,2017,12,16,3,3,5,3,0,1,0,0,0,0,2,0,690085.9088,5333129.1164,11.554391699,48.123016524,2,#fc8d62,car
186811,"9,17E+18",9,1,62,0,2017,12,8,3,2,3,6,1,0,0,0,0,0,0,1,694285.5967,5336481.7772,11.612296553,48.15188128,1,#66c2a5,bicycle
186812,"9,17E+18",9,1,62,0,2017,12,16,3,3,2,6,0,1,0,1,0,0,1,0,692011.1943,5334963.3146,11.581063315,48.138924298,2,#fc8d62,car
186813,"9,17E+18",9,1,62,0,2017,12,7,3,3,1,3,1,1,0,0,0,0,0,1,690085.9069,5333129.1554,11.554391691,48.123016875,1,#66c2a5,bicycle
186814,"9,17E+18",9,1,62,0,2017,12,8,3,3,5,3,1,1,0,0,0,0,0,0,692154.7252,5333108.4179,11.58215419,48.122209473,1,#66c2a5,bicycle
186815,"9,17E+18",9,1,62,0,2017,12,16,3,3,6,4,1,0,1,0,0,0,0,0,690474.6755,5334742936.0,11.560331962,48.137405333,1,#66c2a5,bicycle
186816,"9,17E+18",9,1,62,0,2017,12,12,3,3,6,7,0,1,1,0,0,0,0,0,691321.9094,5333809.6403,11.571289376,48.128762803,2,#fc8d62,car
186817,"9,17E+18",9,1,84,146,2017,12,8,3,3,1,7,1,1,0,0,0,0,0,1,700246.8557,5327952.9741,11.688355283,48.073383454,1,#66c2a5,bicycle
186818,"9,17E+18",9,1,62,0,2017,12,18,3,3,1,7,0,1,0,0,0,0,2,0,693980.4666,5342394.9674,11.610897236,48.205119588,2,#fc8d62,car
186819,"9,17E+18",9,1,62,0,2017,12,4,3,3,6,4,0,1,1,0,0,0,2,0,690623.1727,5337362466.0,11.563499032,48.160905049,2,#fc8d62,car
186820,"9,17E+18",9,1,62,0,2017,12,18,3,3,2,6,0,1,0,0,0,0,2,0,690260.2902,5336253.7461,11.558128302,48.151048605,2,#fc8d62,car
186821,"9,17E+18",9,1,62,0,2017,12,15,3,3,6,4,0,1,1,0,0,0,0,0,694187.5355,5332787.3673,11.60929542,48.118707245,2,#fc8d62,car
186822,"9,17E+18",9,1,62,0,2017,12,12,3,3,3,2,0,1,0,0,0,1,0,0,692266.6101,5338373.2209,11.586033643,48.169494648,2,#fc8d62,car
186827,"9,17E+18",9,7,72,147,2017,12,13,3,3,5,3,0,1,0,0,0,0,0,0,638097.8585,5364317.9159,10.866413809,48.416869195,2,#fc8d62,car
186828,"9,17E+18",9,7,61,0,2017,12,8,3,3,2,1,0,1,0,0,0,0,0,0,639287.0375,5355544.2113,10.879569515,48.337716572,2,#fc8d62,car
186829,"9,17E+18",9,7,61,0,2017,12,14,3,3,5,3,1,1,0,0,0,0,0,0,639453.3759,5355855.3606,10.881915874,48.340477672,1,#66c2a5,bicycle
186830,"9,17E+18",9,7,61,0,2017,12,16,3,3,5,3,1,1,0,0,0,0,1,0,641232.0825,5358011.6654,10.906629106,48.359471297,1,#66c2a5,bicycle
186831,"9,17E+18",9,7,61,0,2017,12,16,3,3,0,4,1,0,1,0,0,0,1,0,640960702.0,5358292057.0,10.903061522,48.362053129,1,#66c2a5,bicycle
186832,"9,17E+18",9,7,61,0,2017,12,15,3,3,0,7,1,0,0,0,0,0,0,0,640245.3308,5358545.1463,10.893493417,48.364488158,1,#66c2a5,bicycle
186853,"9,17E+18",9,2,61,0,2017,12,18,3,3,5,3,1,1,0,0,0,0,2,0,731465086.0,5381799472.0,12.136396926,48.546542035,1,#66c2a5,bicycle
186854,"9,17E+18",9,2,61,0,2017,12,16,3,3,6,4,0,1,1,0,0,0,0,0,731785.5806,5381609.1579,12.140627013,48.544714165,2,#fc8d62,car
186855,"9,17E+18",9,2,74,126,2017,12,13,3,3,5,3,0,1,0,0,0,0,0,0,733370.7924,5384349.2617,12.163608025,48.568739824,2,#fc8d62,car
186859,"9,17E+18",9,1,63,0,2017,12,15,3,3,5,4,0,1,1,0,0,0,0,0,731367.2337,5304082.3314,12.092722591,47.848400264,2,#fc8d62,car
186860,"9,17E+18",9,1,63,0,2017,12,21,3,3,4,2,1,1,0,0,0,0,2,1,733869.5544,5305191.9438,12.126720099,47.857463636,1,#66c2a5,bicycle
186861,"9,17E+18",9,1,87,150,2017,12,6,3,3,1,1,0,1,0,0,0,0,2,1,728680.3393,5302902.11,12.056236077,47.838757805,2,#fc8d62,car
186863,"9,17E+18",9,1,79,142,2017,12,0,3,3,8,1,0,1,0,0,0,0,2,1,674660.8312,5343390.8664,11.351512834,48.219681782,2,#fc8d62,car
186864,"9,17E+18",9,1,79,123,2017,12,13,3,3,0,1,1,0,0,0,0,0,0,0,675369.92,5332778704.0,11.356673502,48.124090462,1,#66c2a5,bicycle
186865,"9,17E+18",9,1,77,117,2017,12,7,3,1,6,4,0,0,1,0,0,1,2,1,715502408.0,5354862209.0,11.90655516,48.310200885,3,#8da0cb,toilet
186866,"9,17E+18",9,1,62,0,2017,12,8,2,3,6,4,0,1,1,0,0,0,0,0,700064.3486,5334412.4209,11.688935981,48.131492538,2,#fc8d62,car
186867,"9,17E+18",9,1,62,0,2017,12,14,2,3,1,6,0,1,0,0,0,0,0,0,687737.4856,5339614355.0,11.525726125,48.182004,2,#fc8d62,car
186868,"9,17E+18",9,1,62,0,2017,12,17,2,3,0,3,0,1,0,0,0,1,2,1,691500.4657,5337572.1711,11.575378931,48.162526229,2,#fc8d62,car
186869,"9,17E+18",9,1,62,0,2017,12,8,2,3,6,4,0,1,1,0,0,0,0,1,684359.6771,5332065.6506,11.477057977,48.115141409,2,#fc8d62,car
186870,"9,17E+18",9,1,84,138,2017,12,15,2,3,5,3,1,1,0,0,0,0,0,1,682520.1946,5331308.6503,11.452042329,48.108866777,1,#66c2a5,bicycle
186871,"9,17E+18",9,1,62,0,2017,12,20,2,3,6,4,0,1,1,0,0,0,2,1,687465.5733,5338928496.0,11.521769089,48.175919662,2,#fc8d62,car
186872,"9,17E+18",9,1,62,0,2017,12,10,2,3,3,6,0,1,0,0,0,1,0,1,692206.6297,5332654.2518,11.582646195,48.118111831,2,#fc8d62,car
186873,"9,17E+18",9,1,62,0,2017,12,18,2,3,2,6,0,1,0,0,0,0,2,0,693798.6303,5335116.8592,11.605134709,48.139762445,2,#fc8d62,car
186875,"9,17E+18",9,7,73,116,2017,12,5,2,3,9,1,0,1,0,0,0,0,2,2,620862.8825,5379887.5529,10.638090717,48.560424933,2,#fc8d62,car
186876,"9,17E+18",9,7,71,130,2017,12,8,2,3,5,3,0,1,0,0,0,0,0,1,647293.1805,5361976.6538,10.989792805,48.393736292,2,#fc8d62,car
186877,"9,17E+18",9,7,61,0,2017,12,18,2,3,5,3,0,1,0,0,0,0,2,1,641947.5781,5360946.6971,10.917273539,48.385701356,2,#fc8d62,car
186878,"9,17E+18",9,7,61,0,2017,12,8,2,3,6,2,0,1,1,0,0,0,0,2,640214993.0,5357294.5115,10.892667299,48.353249555,2,#fc8d62,car
186879,"9,17E+18",9,7,71,112,2017,12,7,2,3,9,1,0,1,0,0,0,0,0,2,647308.2827,5365307.9944,10.991166125,48.423685209,2,#fc8d62,car
186898,"9,17E+18",9,2,61,0,2017,12,18,2,3,5,3,1,1,0,0,0,0,2,1,731619.5582,5382386576.0,12.138813255,48.551758874,1,#66c2a5,bicycle
186900,"9,17E+18",9,1,63,0,2017,12,16,2,3,2,6,0,1,0,0,0,0,2,1,734708.5367,5304063.7257,12.137307497,47.84702198,2,#fc8d62,car
186902,"9,17E+18",9,1,86,130,2017,12,16,2,3,5,3,1,1,0,0,0,0,2,1,685505.1422,5373158.3726,11.510489382,48.484155598,1,#66c2a5,bicycle
186904,"9,17E+18",9,1,81,130,2017,12,14,2,3,2,6,0,1,0,0,0,0,0,1,635873.7728,5320580.7979,10.822353456,48.024057685,2,#fc8d62,car
186905,"9,17E+18",9,1,81,130,2017,12,8,2,3,5,3,0,1,0,0,0,0,0,0,638530.9648,5325094.4561,10.859433492,48.064075487,2,#fc8d62,car
186906,"9,17E+18",9,1,88,127,2017,12,7,2,3,4,1,0,1,0,0,0,0,0,2,673475243.0,5329127967.0,11.329749694,48.091791031,2,#fc8d62,car
186907,"9,17E+18",9,1,74,115,2017,12,15,2,3,6,2,0,1,1,0,0,0,0,1,681239.4518,5347851.7707,11.441909558,48.25793431,2,#fc8d62,car
186908,"9,17E+18",9,1,74,115,2017,12,6,2,3,4,1,0,1,0,0,0,1,0,1,681094.8679,5348043.4173,11.440045382,48.259698284,2,#fc8d62,car
186909,"9,17E+18",9,1,77,117,2017,12,14,2,3,5,3,0,1,0,0,0,0,0,1,714763.3185,5355039.4246,11.896690263,48.312044555,2,#fc8d62,car
186910,"9,17E+18",9,1,62,0,2017,12,20,1,3,0,6,0,1,0,0,0,1,2,2,684294019.0,5329360.4713,11.47500837,48.090844592,2,#fc8d62,car
186911,"9,17E+18",9,1,62,0,2017,12,6,1,2,6,4,0,0,1,0,0,1,2,1,689189.3798,5334938.3176,11.543159709,48.139544861,3,#8da0cb,toilet
186912,"9,17E+18",9,1,62,0,2017,12,12,1,3,0,7,1,0,0,0,0,0,0,0,688021.3714,5335815.4773,11.5278621,48.14777515,1,#66c2a5,bicycle
186913,"9,17E+18",9,1,62,0,2017,12,17,1,3,5,3,0,1,0,0,0,0,2,1,690908.3272,5336205.4255,11.5668107,48.15042013,2,#fc8d62,car
186915,"9,17E+18",9,7,78,203,2017,12,18,1,2,0,1,1,0,0,0,0,0,2,2,622969.5412,5324875841.0,10.650592744,48.065299259,1,#66c2a5,bicycle
186930,"9,17E+18",9,1,62,0,2017,12,16,7,2,2,3,0,1,0,1,0,0,1,0,687875.7476,5330055.0025,11.523367528,48.096041583,2,#fc8d62,car
186931,"9,17E+18",9,1,84,147,2017,12,13,7,3,5,2,0,1,0,0,0,0,0,0,695589.6222,5339581.2925,11.631236342,48.179338311,2,#fc8d62,car
186932,"9,17E+18",9,1,62,0,2017,12,6,7,3,5,3,0,1,0,0,0,0,1,1,687496.4923,5338906.7312,11.52217499,48.175714914,2,#fc8d62,car
186933,"9,17E+18",9,1,62,0,2017,12,8,7,3,5,3,1,1,0,0,0,0,0,1,679791223.0,5336454234.0,11.417585837,48.155896389,1,#66c2a5,bicycle
186934,"9,17E+18",9,1,62,0,2017,12,14,7,3,6,7,0,1,0,0,0,1,0,0,690885.9832,5338681.6255,11.567621749,48.172682655,2,#fc8d62,car
186935,"9,17E+18",9,1,62,0,2017,12,9,7,3,2,7,0,1,0,0,0,1,0,0,699388.8173,5334539.9401,11.679926592,48.132850541,2,#fc8d62,car
186936,"9,17E+18",9,1,84,139,2017,12,14,7,3,5,3,0,1,0,0,0,0,0,0,688864.7804,5327372.2572,11.535451749,48.071636101,2,#fc8d62,car
186939,"9,17E+18",9,1,62,0,2017,12,9,4,3,5,3,1,1,0,0,0,0,0,0,692546.6674,5339203.0523,11.590172343,48.176868163,1,#66c2a5,bicycle
186940,"9,17E+18",9,1,62,0,2017,12,9,4,3,5,3,1,1,0,0,0,0,0,0,686145.2672,5339956.9395,11.504476638,48.185551728,1,#66c2a5,bicycle
186941,"9,17E+18",9,1,84,118,2017,12,8,4,3,5,3,0,1,0,0,0,1,0,1,702971.0753,5336652.2143,11.729025271,48.150700763,2,#fc8d62,car
186942,"9,17E+18",9,1,62,0,2017,12,22,4,3,2,6,0,1,0,0,0,0,2,1,690675813.0,5337769192.0,11.564388526,48.164544882,2,#fc8d62,car
186943,"9,17E+18",9,1,62,0,2017,12,11,4,3,5,3,1,1,0,0,0,0,0,0,692179261.0,5331292473.0,11.581665278,48.105880607,1,#66c2a5,bicycle
186944,"9,17E+18",9,1,62,0,2017,12,15,4,2,6,4,0,1,1,0,0,0,0,0,690358.4989,5334953.3308,11.558865982,48.139331122,2,#fc8d62,car
186945,"9,17E+18",9,1,62,0,2017,12,20,4,3,6,2,0,1,1,0,0,0,2,1,693950.7294,5335081.7504,11.607161116,48.139400557,2,#fc8d62,car
186946,"9,17E+18",9,1,62,0,2017,12,8,4,2,5,3,1,1,0,0,0,0,0,0,688469.2885,5338091.8051,11.534886381,48.168102524,1,#66c2a5,bicycle
186947,"9,17E+18",9,1,62,0,2017,12,11,4,3,5,2,1,1,0,0,0,0,0,0,690389.0205,5335336.8669,11.559447306,48.142769205,1,#66c2a5,bicycle
186948,"9,17E+18",9,1,62,0,2017,12,13,4,3,2,6,0,1,0,0,0,0,0,1,694972.2278,5341354.2482,11.623753435,48.195462399,2,#fc8d62,car
186949,"9,17E+18",9,1,62,0,2017,12,13,4,3,5,3,1,0,0,0,0,0,0,0,694684065.0,5341600.6885,11.619992822,48.197765674,1,#66c2a5,bicycle
186950,"9,17E+18",9,1,62,0,2017,12,13,4,3,1,5,1,1,0,0,0,0,0,0,682795915.0,5335871.1715,11.457700129,48.149798863,1,#66c2a5,bicycle
186951,"9,17E+18",9,1,62,0,2017,12,9,4,3,5,3,1,1,0,0,0,0,0,0,695279.1788,5336094.8527,11.62546389,48.148099526,1,#66c2a5,bicycle
186952,"9,17E+18",9,1,62,0,2017,12,18,4,3,5,2,1,1,0,0,0,0,1,1,692333.6177,5337784.3571,11.586667636,48.164181819,1,#66c2a5,bicycle
186953,"9,17E+18",9,1,62,0,2017,12,9,4,3,0,1,1,0,0,0,0,0,0,0,691934.7673,5334982.6985,11.58004578,48.139121575,1,#66c2a5,bicycle
186960,"9,17E+18",9,7,61,0,2017,12,15,4,3,0,7,0,0,0,0,0,1,0,0,640549.9141,5359235756.0,10.897834135,48.370630148,6,#ffd92f,circle
186961,"9,17E+18",9,7,71,130,2017,12,23,4,3,5,3,0,1,0,0,0,1,2,1,645631.2928,5357475.9434,10.96579713,48.353655065,2,#fc8d62,car
186986,"9,17E+18",9,2,61,0,2017,12,13,4,3,2,6,0,1,0,0,0,1,0,0,732597.1986,5382857.2564,12.15230389,48.555625118,2,#fc8d62,car
186990,"9,17E+18",9,1,73,126,2017,12,11,4,3,4,7,0,1,0,0,0,0,0,1,684830.7096,5304957.1567,11.471709108,47.871332681,2,#fc8d62,car
186996,"9,17E+18",9,1,88,144,2017,12,7,4,3,5,3,1,0,0,0,0,1,0,1,667408.5023,5327056.4951,11.247528537,48.074790715,1,#66c2a5,bicycle
186997,"9,17E+18",9,1,74,115,2017,12,14,4,3,2,6,0,1,0,0,0,0,0,0,683763.9099,5347682.5813,11.475816337,48.255686522,2,#fc8d62,car
186998,"9,17E+18",9,1,78,145,2017,12,10,4,3,6,1,0,1,1,0,0,0,0,0,697358.7931,5354964.1015,11.662180758,48.317038155,2,#fc8d62,car
186999,"9,17E+18",9,1,78,124,2017,12,8,4,3,2,6,0,1,0,0,0,0,0,0,703732.0695,5364400.2607,11.75261666,48.399812825,2,#fc8d62,car
187000,"9,17E+18",9,1,77,112,2017,12,7,4,3,8,1,0,1,0,0,0,0,1,2,715332.3226,5362546455.0,11.90819279,48.379302207,2,#fc8d62,car
187001,"9,17E+18",9,1,84,112,2017,12,6,3,3,5,3,0,1,0,0,0,1,2,1,702108.5453,5338912.6801,11.7185157,48.171289758,2,#fc8d62,car
187002,"9,17E+18",9,1,62,0,2017,12,18,3,3,6,4,0,0,1,0,0,1,2,1,691683.5175,5333732427.0,11.576109423,48.127960031,3,#8da0cb,toilet
187003,"9,17E+18",9,1,62,0,2017,12,22,3,2,6,4,0,1,1,0,0,0,2,0,689617.2968,5333452.5332,11.548244789,48.126063157,2,#fc8d62,car
187004,"9,17E+18",9,1,62,0,2017,12,15,3,3,3,1,0,1,0,0,0,1,0,1,691750.3229,5340390.7587,11.580007049,48.187783782,2,#fc8d62,car
187005,"9,17E+18",9,1,62,0,2017,12,20,3,2,8,1,0,1,0,0,0,1,2,1,700115.3356,5335129.9974,11.689957548,48.137925406,2,#fc8d62,car
187006,"9,17E+18",9,1,62,0,2017,12,22,3,3,6,7,1,0,1,0,0,0,2,0,690099.8085,5334927.0739,11.555380444,48.139172461,1,#66c2a5,bicycle
187007,"9,17E+18",9,1,62,0,2017,12,11,3,3,3,2,1,1,0,0,0,0,0,0,690384.0706,5333880.2674,11.558729822,48.129678786,1,#66c2a5,bicycle
187008,"9,17E+18",9,1,62,0,2017,12,18,3,3,5,2,1,1,0,0,0,0,2,0,693523.9307,5335169734.0,11.601470042,48.140321271,1,#66c2a5,bicycle
187009,"9,17E+18",9,1,84,139,2017,12,18,3,2,0,4,1,0,1,0,0,0,2,1,687851.0324,5325845.3241,11.521185427,48.058210852,1,#66c2a5,bicycle
187010,"9,17E+18",9,1,62,0,2017,12,7,3,3,2,6,0,1,0,0,0,0,0,0,686639.8796,5330322.3301,11.50690194,48.098807587,2,#fc8d62,car
187011,"9,17E+18",9,1,84,118,2017,12,12,3,3,5,3,0,1,0,0,0,0,0,1,703249.5925,5336585.7018,11.732733869,48.150014101,2,#fc8d62,car
187012,"9,17E+18",9,1,62,0,2017,12,13,3,3,1,6,0,1,0,0,0,0,0,1,692376.7795,5332286.0007,11.584763928,48.114750669,2,#fc8d62,car
187016,"9,17E+18",9,7,61,0,2017,12,7,3,1,5,3,1,1,0,0,0,0,0,0,644065.9461,5356828.4359,10.944458495,48.348192087,1,#66c2a5,bicycle
187029,"9,17E+18",9,2,61,0,2017,12,7,3,3,0,1,1,0,0,0,0,0,0,1,733690.4507,5381048.9851,12.166082405,48.538975824,1,#66c2a5,bicycle
187032,"9,17E+18",9,1,63,0,2017,12,7,3,3,3,2,1,1,0,0,0,0,1,1,733399.9525,5305048.2126,12.120373836,47.856343058,1,#66c2a5,bicycle
187033,"9,17E+18",9,1,63,0,2017,12,15,3,3,6,2,0,1,1,0,0,0,0,1,733508.8854,5304711.6276,12.121646269,47.853279596,2,#fc8d62,car
187034,"9,17E+18",9,1,63,0,2017,12,8,3,2,5,2,1,1,0,0,0,0,0,1,733891.3902,5305592.0938,12.12722798,47.861050634,1,#66c2a5,bicycle
187035,"9,17E+18",9,1,63,0,2017,12,15,3,2,5,3,1,1,0,0,0,0,1,1,733327.1293,5305273.1014,12.119523051,47.858389914,1,#66c2a5,bicycle
187036,"9,17E+18",9,1,79,111,2017,12,18,3,3,0,7,0,1,0,0,0,0,2,0,657330.0685,5338901.2522,11.116693594,48.183851378,2,#fc8d62,car
187037,"9,17E+18",9,1,77,117,2017,12,15,3,3,5,2,1,1,0,0,0,0,0,1,715052862.0,5353965895.0,11.900043376,48.302300341,1,#66c2a5,bicycle
187038,"9,17E+18",9,1,77,117,2017,12,16,3,2,5,3,0,1,0,0,0,0,1,0,714761.2504,5355039143.0,11.896662263,48.312042727,2,#fc8d62,car
187039,"9,17E+18",9,1,77,117,2017,12,6,3,3,5,3,0,1,0,0,0,0,2,1,716729.3455,5356638.2281,11.923993499,48.325739185,2,#fc8d62,car
187040,"9,17E+18",9,1,77,139,2017,12,5,3,3,5,3,0,1,0,0,0,0,2,1,731939858.0,5359650408.0,12.13055544,48.347401911,2,#fc8d62,car
187041,"9,17E+18",9,1,77,115,2017,12,7,3,3,5,3,1,1,0,0,0,0,1,0,734075.6558,5352202.0029,12.155205507,48.279705068,1,#66c2a5,bicycle
187042,"9,17E+18",9,1,84,148,2017,12,23,2,3,0,7,0,1,0,0,0,0,2,1,694251076.0,5325799567.0,11.606970261,48.055883511,2,#fc8d62,car
187043,"9,17E+18",9,1,62,0,2017,12,19,2,3,5,2,0,1,0,0,0,0,2,0,690817.2287,5339522.4203,11.567075355,48.180260255,2,#fc8d62,car
187044,"9,17E+18",9,1,62,0,2017,12,17,2,3,6,2,0,1,1,0,0,0,2,0,692154.5145,5339732.0601,11.585141801,48.181741444,2,#fc8d62,car
187045,"9,17E+18",9,1,62,0,2017,12,15,2,3,4,6,1,1,0,0,0,0,0,0,691118.9746,5339385.3203,11.571068865,48.178937336,1,#66c2a5,bicycle
187046,"9,17E+18",9,1,84,123,2017,12,16,2,3,5,3,1,1,0,0,0,0,1,0,702746.4598,5331769.0849,11.723685629,48.106888696,1,#66c2a5,bicycle
187047,"9,17E+18",9,1,62,0,2017,12,17,2,3,5,3,0,1,0,0,0,1,2,1,691973.5114,5332320.5627,11.579366897,48.115182995,2,#fc8d62,car
187048,"9,17E+18",9,1,62,0,2017,12,15,2,3,0,6,0,1,0,0,0,1,0,0,690283.7486,5334931.2954,11.557852356,48.139155426,2,#fc8d62,car
187049,"9,17E+18",9,1,62,0,2017,12,15,2,3,6,4,0,1,1,0,0,0,0,0,694005.3305,5336350.9686,11.608472621,48.150791171,2,#fc8d62,car
187051,"9,17E+18",9,7,72,200,2017,12,8,2,3,0,1,1,0,0,0,0,1,0,2,630640.4356,5338420.3726,10.757660909,48.185577091,1,#66c2a5,bicycle
187052,"9,17E+18",9,7,72,184,2017,12,19,2,3,8,1,0,1,0,0,0,0,2,1,636613.9585,5361587.6959,10.845480892,48.392642878,2,#fc8d62,car
187053,"9,17E+18",9,7,61,0,2017,12,8,2,3,2,2,0,1,0,1,0,0,0,1,643191.1002,5361603.6099,10.934283683,48.391326894,2,#fc8d62,car
187054,"9,17E+18",9,7,61,0,2017,12,15,2,3,4,6,1,1,0,0,0,0,0,0,644400.0973,5358006.6806,10.949370048,48.358709874,1,#66c2a5,bicycle
187055,"9,17E+18",9,7,61,0,2017,12,17,2,3,5,1,0,1,0,0,0,0,2,1,640586.7735,5357047.2313,10.897600265,48.35094343,2,#fc8d62,car
187056,"9,17E+18",9,7,61,0,2017,12,7,2,2,0,5,0,1,0,0,0,1,1,2,640964.4072,5358823.9035,10.903289745,48.366834476,2,#fc8d62,car
187057,"9,17E+18",9,7,71,113,2017,12,6,2,3,4,2,0,1,0,0,0,1,1,1,655849.1308,5366934.3058,11.107138461,48.436251455,2,#fc8d62,car
187058,"9,17E+18",9,7,71,113,2017,12,16,2,3,0,1,1,0,0,0,0,0,2,1,658277.7649,5368046.4103,11.140371036,48.445643748,1,#66c2a5,bicycle
187085,"9,17E+18",9,2,61,0,2017,12,18,2,3,6,2,0,1,1,0,0,0,0,1,732391.0232,5380069.7607,12.147959375,48.530662209,2,#fc8d62,car
187087,"9,17E+18",9,1,90,157,2017,12,13,2,3,2,6,0,1,0,0,0,0,0,0,660996.2004,5302146.8987,11.152177656,47.852483162,2,#fc8d62,car
187088,"9,17E+18",9,1,73,126,2017,12,5,2,2,5,3,0,1,0,1,0,0,2,1,687039.8537,5302762.6932,11.500273417,47.850967508,2,#fc8d62,car
187091,"9,17E+18",9,1,85,158,2017,12,18,2,2,6,6,0,0,1,0,0,1,2,1,667282.4187,5381176.1419,11.267304412,48.561343265,3,#8da0cb,toilet
187092,"9,17E+18",9,1,79,142,2017,12,8,2,3,0,1,1,0,0,0,0,0,1,1,673843.7501,5342406.8341,11.340118418,48.211060381,1,#66c2a5,bicycle
187093,"9,17E+18",9,1,81,130,2017,12,17,2,3,2,6,0,1,0,0,0,0,0,0,639218216.0,5324342165.0,10.868408168,48.05716104,2,#fc8d62,car
187094,"9,17E+18",9,1,79,147,2017,12,6,2,3,4,7,0,1,0,0,0,0,2,2,663657.5114,5334441.3768,11.200042003,48.14215732,2,#fc8d62,car
187095,"9,17E+18",9,1,78,124,2017,12,17,2,3,0,7,1,1,0,0,0,0,1,0,701951259.0,5364200.4495,11.728488603,48.398590098,1,#66c2a5,bicycle