OBJECTID,UIDENTSTLA,ULAND,UREGBEZ,UKREIS,UGEMEINDE,UJAHR,UMONAT,USTUNDE,UWOCHENTAG,UKATEGORIE,UART,UTYP1,IstRad,IstPKW,IstFuss,IstKrad,IstGkfz,IstSonstig,ULICHTVERH,STRZUSTAND,LINREFX,LINREFY,XGCSWGS84,YGCSWGS84,Teilnehmer,color,symbol
187096,"9,17E+18",9,1,75,115,2017,12,8,2,3,5,3,1,1,0,0,0,0,0,0,720730622.0,5329009665.0,11.963536181,48.076118786,1,#66c2a5,bicycle
187097,"9,17E+18",9,1,62,0,2017,12,17,1,3,5,3,1,1,0,0,0,0,2,1,691088.1205,5334219.9701,11.568334637,48.132521044,1,#66c2a5,bicycle
187098,"9,17E+18",9,1,84,136,2017,12,13,1,3,4,7,1,1,0,0,0,0,0,1,699956.6533,5327461.1084,11.684233627,48.069054011,1,#66c2a5,bicycle
187099,"9,17E+18",9,1,84,120,2017,12,6,1,3,5,3,0,1,0,0,0,0,2,0,681286187.0,5333118403.0,11.436249233,48.125486796,2,#fc8d62,car
187100,"9,17E+18",9,1,62,0,2017,12,11,1,3,0,7,1,0,0,0,0,0,0,0,687569.5552,5336023.3434,11.52188534,48.149776883,1,#66c2a5,bicycle
187101,"9,17E+18",9,1,62,0,2017,12,13,1,3,4,6,0,1,0,0,0,0,0,2,687646.4932,5337024.5261,11.523360207,48.158753032,2,#fc8d62,car
187102,"9,17E+18",9,1,62,0,2017,12,8,1,3,5,3,0,1,0,0,0,0,0,2,687887.9705,5330409053.0,11.523687367,48.09922029,2,#fc8d62,car
187106,"9,17E+18",9,7,72,130,2017,12,14,1,3,0,1,0,0,0,1,0,0,0,2,631378994.0,5356623.5538,10.77324811,48.349116259,4,#e78ac3,marker
187107,"9,17E+18",9,7,72,147,2017,12,15,1,3,5,3,0,1,0,0,0,0,0,2,638386.6644,5365785.2741,10.870799206,48.429999907,2,#fc8d62,car
187108,"9,17E+18",9,7,61,0,2017,12,2,1,3,8,1,0,1,0,0,0,0,2,0,639283242.0,5361348.62,10.881440211,48.38990928,2,#fc8d62,car
187109,"9,17E+18",9,7,61,0,2017,12,12,1,3,6,4,0,1,1,0,0,0,0,1,638766.8033,5360398.9428,10.874154384,48.38148385,2,#fc8d62,car
187110,"9,17E+18",9,7,61,0,2017,12,0,1,3,1,7,0,1,0,0,0,1,2,0,637962.4977,5360919.8018,10.863468612,48.386343723,2,#fc8d62,car
187123,"9,17E+18",9,1,63,0,2017,12,14,1,3,0,7,1,1,0,0,0,0,0,0,730868.2375,5304042.0288,12.086040942,47.848217559,1,#66c2a5,bicycle
187124,"9,17E+18",9,1,82,123,2017,12,19,1,2,1,7,0,1,0,0,0,0,2,1,718088.0415,5301780283.0,11.914302501,47.832356882,2,#fc8d62,car
187126,"9,17E+18",9,1,88,137,2017,12,13,1,3,2,6,0,1,0,0,0,0,0,2,672350.32,5317071092.0,11.309802474,47.983707425,2,#fc8d62,car
187127,"9,17E+18",9,1,81,122,2017,12,18,1,2,0,1,0,0,0,1,0,0,2,2,650180.9665,5334233.1896,11.018925767,48.14360966,4,#e78ac3,marker
187128,"9,17E+18",9,1,77,133,2017,12,15,1,3,3,6,0,1,0,0,0,0,0,1,706467.1647,5359404.8008,11.787072074,48.354034391,2,#fc8d62,car
187129,"9,17E+18",9,1,75,132,2017,12,16,1,3,6,4,0,1,1,0,0,0,2,2,707814.9056,5331741.0427,11.791678435,48.105003553,2,#fc8d62,car
187130,"9,17E+18",9,1,78,145,2017,12,16,1,3,4,3,0,1,0,0,0,0,2,2,697808.2748,5355493.4015,11.66848526,48.321654497,2,#fc8d62,car
187131,"9,17E+18",9,1,62,0,2017,12,17,7,3,2,1,0,1,0,0,0,0,2,1,693709.6862,5332224.2224,11.602625637,48.113791404,2,#fc8d62,car
187132,"9,17E+18",9,1,62,0,2017,12,12,7,3,0,6,0,1,0,0,0,1,0,0,691994.9058,5337290.2059,11.581894115,48.159842871,2,#fc8d62,car
187133,"9,17E+18",9,1,62,0,2017,12,12,7,3,6,4,0,1,1,0,0,0,0,0,686216.4302,5333883.8532,11.502775047,48.130943934,2,#fc8d62,car
187134,"9,17E+18",9,1,84,131,2017,12,1,7,3,1,5,1,1,0,0,0,0,2,1,704673.2513,5338098.0806,11.752579877,48.16314869,1,#66c2a5,bicycle
187135,"9,17E+18",9,1,84,120,2017,12,23,7,3,0,1,1,0,0,0,0,0,2,1,680813.0965,5333479.6803,11.430050733,48.128868823,1,#66c2a5,bicycle
187136,"9,17E+18",9,1,62,0,2017,12,22,7,3,0,5,1,1,0,0,0,0,2,0,691423439.0,5332920.9571,11.572253363,48.120744872,1,#66c2a5,bicycle
187137,"9,17E+18",9,1,62,0,2017,12,19,7,3,4,2,0,1,0,0,0,0,2,0,686221.7479,5339861.6558,11.505462855,48.184672877,2,#fc8d62,car
187140,"9,17E+18",9,7,77,121,2017,12,16,7,3,4,6,0,1,0,0,0,0,0,2,628133.8788,5321761.7525,10.718948277,48.036277599,2,#fc8d62,car
187143,"9,17E+18",9,7,61,0,2017,12,8,7,3,0,3,1,1,0,0,0,0,0,1,637066.3822,5360159.8489,10.851123431,48.37970568,1,#66c2a5,bicycle
187144,"9,17E+18",9,7,72,202,2017,12,18,7,3,5,3,0,1,0,0,0,0,2,1,636637.4473,5359743.1734,10.845198214,48.376052008,2,#fc8d62,car
187145,"9,17E+18",9,7,61,0,2017,12,13,7,3,0,1,1,1,0,0,0,0,0,0,641019.5766,5358684913.0,10.90398761,48.365572401,1,#66c2a5,bicycle
187146,"9,17E+18",9,7,61,0,2017,12,16,7,3,5,3,0,1,0,0,0,0,2,0,639067908.0,5356156.0173,10.876816187,48.34326609,2,#fc8d62,car
187147,"9,17E+18",9,7,61,0,2017,12,21,7,3,0,1,1,0,0,0,0,0,2,1,640759553.0,5358736.8599,10.900496274,48.366097527,1,#66c2a5,bicycle
187168,"9,17E+18",9,2,74,126,2017,12,16,7,3,5,3,0,1,0,0,0,0,0,0,734314.4136,5384435.8968,12.176428234,48.569166061,2,#fc8d62,car
187169,"9,17E+18",9,2,61,0,2017,12,14,7,3,5,3,0,1,0,0,0,0,0,0,732155.7034,5380926.1441,12.145253678,48.53844198,2,#fc8d62,car
187170,"9,17E+18",9,1,90,144,2017,12,15,7,3,4,5,0,1,0,0,0,0,0,2,657273.9279,5308392.4976,11.104728251,47.909560959,2,#fc8d62,car
187172,"9,17E+18",9,1,79,126,2017,12,9,7,3,0,7,1,0,0,0,0,0,0,2,676236.2301,5340416.3668,11.371468761,48.192507964,1,#66c2a5,bicycle
187173,"9,17E+18",9,1,62,0,2017,12,10,6,3,0,7,0,0,0,0,0,1,0,0,692554185.0,5334169.2614,11.587995704,48.131623441,6,#ffd92f,circle
187174,"9,17E+18",9,1,62,0,2017,12,21,6,3,5,3,0,1,0,0,0,0,2,1,690426.3602,5342683.0152,11.563239844,48.20878454,2,#fc8d62,car
187175,"9,17E+18",9,1,62,0,2017,12,12,6,3,6,4,0,1,1,0,0,0,0,1,688904.2292,5336694.9152,11.54010998,48.155418064,2,#fc8d62,car
187176,"9,17E+18",9,1,62,0,2017,12,13,6,3,3,6,0,1,0,1,0,0,0,1,684402318.0,5332339.8335,11.477748912,48.117593579,2,#fc8d62,car
187177,"9,17E+18",9,1,62,0,2017,12,9,6,3,5,3,1,1,0,0,0,0,0,1,687151.3086,5330141.6982,11.513685291,48.097033998,1,#66c2a5,bicycle
187178,"9,17E+18",9,1,62,0,2017,12,11,6,3,4,2,0,1,0,0,0,0,0,1,679380.3222,5334105.3579,11.411076035,48.134898428,2,#fc8d62,car
187179,"9,17E+18",9,1,62,0,2017,12,12,6,3,2,6,0,1,0,0,0,0,0,1,691162.4814,5339259.6449,11.57159701,48.177794699,2,#fc8d62,car
187180,"9,17E+18",9,1,62,0,2017,12,10,6,2,7,7,1,0,0,0,0,1,0,1,688785.0159,5337739.1431,11.538971996,48.164839082,1,#66c2a5,bicycle
187181,"9,17E+18",9,1,62,0,2017,12,7,6,3,6,4,0,1,1,0,0,0,1,1,692833894.0,5331730.4931,11.590648049,48.109619634,2,#fc8d62,car
187182,"9,17E+18",9,1,62,0,2017,12,21,6,3,4,6,1,0,0,0,0,0,2,0,690292.0154,5335694.4934,11.558304421,48.146012566,1,#66c2a5,bicycle
187188,"9,17E+18",9,7,72,177,2017,12,13,6,3,5,3,1,1,0,0,0,0,0,1,637075.3884,5381656.3465,10.858293166,48.572994183,1,#66c2a5,bicycle
187189,"9,17E+18",9,7,72,163,2017,12,5,6,3,5,2,1,1,0,0,0,0,2,1,640487.4128,5350593.3551,10.894109414,48.292933878,1,#66c2a5,bicycle
187190,"9,17E+18",9,7,72,163,2017,12,16,6,2,9,1,0,1,0,0,0,0,0,1,639388498.0,5347470.6849,10.878271758,48.265098128,2,#fc8d62,car
187191,"9,17E+18",9,7,61,0,2017,12,22,6,3,5,3,0,1,0,0,0,0,2,2,640618.1165,5357242.6658,10.898088369,48.352693739,2,#fc8d62,car
187192,"9,17E+18",9,7,71,113,2017,12,12,6,3,2,2,1,1,0,0,0,0,0,0,658354.9719,5369609942.0,11.142005762,48.459680766,1,#66c2a5,bicycle
187193,"9,17E+18",9,7,71,113,2017,12,15,6,3,4,1,0,1,0,0,0,1,1,1,656833.7466,5369956.4463,11.121573371,48.463176971,2,#fc8d62,car
187221,"9,17E+18",9,2,61,0,2017,12,6,3,3,5,3,1,1,0,0,0,0,2,0,732106.4949,5382071.4827,12.145226079,48.54874849,1,#66c2a5,bicycle
187224,"9,17E+18",9,1,63,0,2017,12,12,3,3,2,6,1,1,0,0,0,0,0,0,732838.3379,5305248.1408,12.112984584,47.858342939,1,#66c2a5,bicycle
187225,"9,17E+18",9,1,63,0,2017,12,14,3,3,3,6,0,1,0,0,0,0,0,0,731606.0677,5304375.7295,12.096067342,47.850950236,2,#fc8d62,car
187226,"9,17E+18",9,1,87,150,2017,12,16,3,3,2,6,0,1,0,0,0,0,2,0,729184626.0,5304334.3692,12.063724144,47.851446504,2,#fc8d62,car
187227,"9,17E+18",9,1,86,143,2017,12,14,3,3,2,6,0,1,0,0,0,1,0,0,685455.7416,5377974.3571,11.511961026,48.527455005,2,#fc8d62,car
187229,"9,17E+18",9,1,74,115,2017,12,17,3,3,4,6,1,1,0,0,0,0,2,0,681291.2545,5348843.6866,11.443031934,48.266835415,1,#66c2a5,bicycle
187230,"9,17E+18",9,1,77,117,2017,12,13,3,3,6,4,0,1,1,0,0,0,0,0,715547.2214,5354326.8842,11.906885362,48.305375664,2,#fc8d62,car
187231,"9,17E+18",9,1,62,0,2017,12,14,2,3,2,6,0,1,0,0,0,0,0,0,684404.4226,5332386.1039,11.477797174,48.118008875,2,#fc8d62,car
187232,"9,17E+18",9,1,62,0,2017,12,11,2,3,6,4,0,1,1,0,0,0,0,1,683130.5111,5335966.3508,11.462235435,48.15055815,2,#fc8d62,car
187233,"9,17E+18",9,1,62,0,2017,12,17,2,3,2,6,0,1,0,0,0,0,2,1,690337.5501,5332508.8399,11.55749287,48.117366285,2,#fc8d62,car
187234,"9,17E+18",9,1,62,0,2017,12,17,2,3,2,7,0,1,0,0,0,0,2,0,686219503.0,5334378534.0,11.503032527,48.135389416,2,#fc8d62,car
187235,"9,17E+18",9,1,62,0,2017,12,19,2,3,6,4,0,1,1,0,0,0,2,0,698207.5145,5333656.8522,11.663656164,48.125282983,2,#fc8d62,car
187236,"9,17E+18",9,1,62,0,2017,12,21,2,3,0,7,0,1,0,0,0,1,2,0,686209.4873,5334368.7913,11.502893778,48.135304776,2,#fc8d62,car
187237,"9,17E+18",9,1,62,0,2017,12,17,2,3,2,6,0,1,0,0,0,0,2,0,690836.5383,5339385666.0,11.567273447,48.179025328,2,#fc8d62,car
187238,"9,17E+18",9,1,62,0,2017,12,14,2,3,5,3,0,1,0,0,0,0,0,1,696588.5781,5336461.3289,11.643218213,48.15098988,2,#fc8d62,car
187239,"9,17E+18",9,1,62,0,2017,12,18,2,3,5,3,0,1,0,0,0,0,2,0,690133489.0,5339166647.0,11.557727325,48.177267554,2,#fc8d62,car
187240,"9,17E+18",9,1,62,0,2017,12,9,2,3,0,3,1,1,0,0,0,0,0,2,688901.1237,5332570.1413,11.53823903,48.118344996,1,#66c2a5,bicycle
187241,"9,17E+18",9,1,62,0,2017,12,23,2,3,6,4,0,1,1,0,0,0,2,0,700449.7157,5334427.1256,11.694116437,48.131503447,2,#fc8d62,car
187242,"9,17E+18",9,1,62,0,2017,12,11,2,3,6,4,0,1,1,0,0,0,0,0,689550061.0,5341051.3916,11.550727922,48.19438188,2,#fc8d62,car
187243,"9,17E+18",9,1,62,0,2017,12,8,2,3,3,2,1,1,0,0,0,0,0,2,688117.1034,5330763.7099,11.526918271,48.102340437,1,#66c2a5,bicycle
187244,"9,17E+18",9,1,62,0,2017,12,8,2,3,0,7,0,0,0,0,0,1,0,1,693357.6247,5333422.0892,11.598443718,48.1246645,6,#ffd92f,circle
187245,"9,17E+18",9,1,62,0,2017,12,19,2,3,1,6,0,1,0,0,0,0,2,0,690879.9545,5333261767.0,11.56511049,48.12397122,2,#fc8d62,car
187246,"9,17E+18",9,1,62,0,2017,12,7,2,3,6,4,0,0,1,0,0,1,1,0,692146.8975,5334401.1995,11.582631993,48.133831146,3,#8da0cb,toilet
187253,"9,17E+18",9,7,72,200,2017,12,8,2,3,5,3,1,1,0,0,0,0,0,0,630774.6045,5337812.8269,10.759278139,48.180086034,1,#66c2a5,bicycle
187254,"9,17E+18",9,7,61,0,2017,12,14,2,3,5,3,1,1,0,0,0,0,0,1,637568.1235,5360177.3924,10.857901644,48.379754226,1,#66c2a5,bicycle
187255,"9,17E+18",9,7,61,0,2017,12,19,2,3,2,6,0,1,0,0,0,0,2,1,636493.8043,5360888.0683,10.843631303,48.386377907,2,#fc8d62,car
187256,"9,17E+18",9,7,61,0,2017,12,10,2,3,5,3,1,1,0,0,0,0,0,0,639275611.0,5361127086.0,10.881263741,48.387918993,1,#66c2a5,bicycle
187257,"9,17E+18",9,7,61,0,2017,12,16,2,3,5,3,1,1,0,0,0,0,2,0,644510.8856,5355957.5257,10.950161369,48.340259718,1,#66c2a5,bicycle
187258,"9,17E+18",9,7,61,0,2017,12,6,2,3,5,3,0,1,0,0,0,0,1,0,638903.2362,5356152.9831,10.874594065,48.343275037,2,#fc8d62,car
187273,"9,17E+18",9,2,61,0,2017,12,14,2,3,0,1,1,0,0,0,0,0,0,0,730697.4314,5380613.9992,12.125354903,48.536175741,1,#66c2a5,bicycle
187278,"9,17E+18",9,1,87,186,2017,12,6,2,3,4,6,0,1,0,0,0,0,2,1,732126.7996,5331631.3539,12.117737167,48.095625785,2,#fc8d62,car
187279,"9,17E+18",9,1,87,130,2017,12,17,2,2,6,4,0,1,1,0,0,0,2,1,712651.1618,5310208.7276,11.845890506,47.909917859,2,#fc8d62,car
187281,"9,17E+18",9,1,81,144,2017,12,14,2,3,5,3,1,1,0,0,0,0,0,0,655238.4876,5321168.6614,11.08212145,48.024931218,1,#66c2a5,bicycle
187282,"9,17E+18",9,1,75,135,2017,12,14,2,3,6,2,0,0,1,0,0,1,0,0,708584.3884,5339104.8633,11.805608387,48.170924758,3,#8da0cb,toilet
187283,"9,17E+18",9,1,78,145,2017,12,18,2,2,6,1,0,1,1,0,0,0,2,0,696878881.0,5354843.7092,11.655658247,48.316105778,2,#fc8d62,car
187284,"9,17E+18",9,1,77,117,2017,12,9,2,3,4,2,0,1,0,0,0,0,0,0,715080.6663,5352933.5804,11.899892027,48.293015357,2,#fc8d62,car
187285,"9,17E+18",9,1,62,0,2017,12,15,1,3,6,4,0,1,1,0,0,0,0,0,693186.4592,5336201.5603,11.597406548,48.149697571,2,#fc8d62,car
187286,"9,17E+18",9,1,62,0,2017,12,15,1,3,5,3,0,1,1,0,0,0,0,1,691590.5586,5336739.6324,11.576214358,48.15501637,2,#fc8d62,car
187287,"9,17E+18",9,1,62,0,2017,12,13,1,3,5,3,0,1,0,0,0,0,0,1,679500.7307,5334395.8003,11.412815367,48.13747526,2,#fc8d62,car
187288,"9,17E+18",9,1,62,0,2017,12,11,1,3,5,2,1,1,0,0,0,0,0,1,691067.2883,5334364.0388,11.568119542,48.133822177,1,#66c2a5,bicycle
187291,"9,17E+18",9,7,71,146,2017,12,14,1,3,5,3,1,1,0,0,0,0,0,0,647458.9707,5348198.0865,10.987209619,48.269811216,1,#66c2a5,bicycle
187292,"9,17E+18",9,7,61,0,2017,12,0,1,3,0,1,0,0,0,1,0,0,2,1,639425.6367,5361758.4861,10.883498656,48.393563212,4,#e78ac3,marker
187304,"9,17E+18",9,1,77,117,2017,12,14,1,3,6,4,0,1,1,0,0,0,0,0,715579.2827,5354423.8109,11.907366669,48.306235638,2,#fc8d62,car
187305,"9,17E+18",9,1,62,0,2017,12,17,7,3,1,5,0,1,0,1,0,0,2,1,686810.5067,5339519.2753,11.513225696,48.18142263,2,#fc8d62,car
187306,"9,17E+18",9,1,62,0,2017,12,15,7,3,2,7,1,1,0,0,0,0,0,1,693522.4155,5335192.7357,11.601460147,48.140528464,1,#66c2a5,bicycle
187307,"9,17E+18",9,1,62,0,2017,12,17,7,3,6,4,0,1,1,0,0,0,2,1,685409.6292,5337687.6958,11.493598963,48.165370036,2,#fc8d62,car
187308,"9,17E+18",9,1,62,0,2017,12,0,7,3,6,7,0,1,1,0,0,0,2,0,690566.6043,5339998.7377,11.563920822,48.184616555,2,#fc8d62,car
187312,"9,17E+18",9,7,71,146,2017,12,14,7,3,1,6,0,1,0,0,0,0,0,0,647296.3835,5347491.7277,10.98477388,48.263497922,2,#fc8d62,car
187313,"9,17E+18",9,7,61,0,2017,12,18,7,3,2,6,0,1,0,0,0,0,2,2,639430106.0,5354183.1936,10.881048706,48.325447004,2,#fc8d62,car
187314,"9,17E+18",9,7,61,0,2017,12,21,7,2,0,1,1,0,0,0,0,0,2,2,638999.9542,5355278.3128,10.875609979,48.335388879,1,#66c2a5,bicycle
187329,"9,17E+18",9,1,87,122,2017,12,12,7,3,5,3,0,1,0,0,0,1,0,1,716421.5015,5305937.1135,11.894141353,47.8702728,2,#fc8d62,car
187330,"9,17E+18",9,1,86,143,2017,12,20,7,3,5,7,0,1,0,0,0,0,2,0,685303.5672,5378251.3271,11.510025014,48.529989271,2,#fc8d62,car
187331,"9,17E+18",9,1,79,118,2017,12,20,7,3,5,3,1,1,0,0,0,0,2,1,672423.1913,5337417.3952,11.318987045,48.166595299,1,#66c2a5,bicycle
187332,"9,17E+18",9,1,74,115,2017,12,10,7,3,0,1,1,0,0,0,0,0,0,1,681697.8818,5348022.4553,11.448153609,48.259337235,1,#66c2a5,bicycle
187333,"9,17E+18",9,1,84,112,2017,12,14,6,3,5,3,0,1,0,0,0,1,0,0,699537.7198,5336577.9431,11.6828806,48.151119599,2,#fc8d62,car
187334,"9,17E+18",9,1,62,0,2017,12,3,6,3,6,4,0,1,1,0,0,0,2,1,692726.0563,5340428.3694,11.59313872,48.187826539,2,#fc8d62,car
187335,"9,17E+18",9,1,62,0,2017,12,16,6,3,5,3,0,1,0,0,0,0,1,0,685944376.0,5334317641.0,11.499311535,48.134922532,2,#fc8d62,car
187336,"9,17E+18",9,1,62,0,2017,12,13,6,3,6,3,0,1,1,0,0,0,0,0,688320.8732,5336387.2041,11.532137643,48.152825325,2,#fc8d62,car
187337,"9,17E+18",9,1,84,119,2017,12,15,6,2,5,3,1,0,0,0,0,1,0,0,695917.4893,5347560.2152,11.639327729,48.250946325,1,#66c2a5,bicycle
187338,"9,17E+18",9,1,88,127,2017,12,15,6,3,0,1,1,0,0,0,0,0,0,2,679731823.0,5329590.4456,11.413893461,48.094214677,1,#66c2a5,bicycle
187339,"9,17E+18",9,1,62,0,2017,12,11,6,3,5,2,0,1,0,0,0,0,0,1,700659.2024,5334655.4795,11.697036323,48.133489657,2,#fc8d62,car
187340,"9,17E+18",9,1,62,0,2017,12,12,6,3,2,6,0,1,0,0,0,0,0,0,694198.7127,5334388096.0,11.610174789,48.133090618,2,#fc8d62,car
187341,"9,17E+18",9,1,62,0,2017,12,12,6,3,2,6,0,1,0,0,0,0,0,0,690618.2733,5337378.4944,11.563440396,48.16105058,2,#fc8d62,car
187342,"9,17E+18",9,1,62,0,2017,12,14,6,3,1,5,1,1,0,0,0,0,0,0,690579.3631,5337144.7372,11.562812956,48.158961252,1,#66c2a5,bicycle
187343,"9,17E+18",9,1,62,0,2017,12,8,6,3,0,6,0,1,0,0,0,0,2,0,691983.9264,5335628.8385,11.580997198,48.144914139,2,#fc8d62,car
187344,"9,17E+18",9,1,62,0,2017,12,14,6,3,5,2,1,1,0,0,0,0,0,0,690856.3124,5334812.5593,11.565487736,48.137916757,1,#66c2a5,bicycle
187355,"9,17E+18",9,7,72,130,2017,12,7,6,3,0,1,1,0,0,0,0,0,0,2,631986216.0,5357191.3065,10.781617818,48.354095046,1,#66c2a5,bicycle
187356,"9,17E+18",9,7,72,200,2017,12,8,6,2,0,1,1,0,0,0,0,0,0,2,630429.7503,5337956.9483,10.754685405,48.181452964,1,#66c2a5,bicycle
187357,"9,17E+18",9,7,72,163,2017,12,9,6,3,0,1,1,0,0,0,0,0,0,2,640080.2988,5347390.4868,10.887562028,48.264224389,1,#66c2a5,bicycle
187358,"9,17E+18",9,7,72,202,2017,12,9,6,3,5,3,1,1,0,0,0,0,0,0,636194.9177,5359973.6194,10.839300018,48.37821984,1,#66c2a5,bicycle
187359,"9,17E+18",9,7,61,0,2017,12,12,6,3,1,6,0,1,0,0,0,1,0,0,637884.6434,5357617355.0,10.861334662,48.35666565,2,#fc8d62,car
187387,"9,17E+18",9,1,90,157,2017,12,14,6,2,0,1,1,0,0,0,0,0,0,2,661432.1159,5301198.9641,11.157646966,47.843850895,1,#66c2a5,bicycle
187391,"9,17E+18",9,1,87,176,2017,12,9,6,3,9,1,0,1,0,0,0,0,0,1,736486.7534,5330415.9868,12.175531201,48.08310518,2,#fc8d62,car
187392,"9,17E+18",9,1,63,0,2017,12,22,6,3,3,6,1,1,0,0,0,0,2,1,733825.05,5306267114.0,12.126707384,47.867139152,1,#66c2a5,bicycle
187393,"9,17E+18",9,1,63,0,2017,12,13,6,3,1,5,1,1,0,0,0,0,0,0,733314.5946,5304648.4004,12.119018791,47.85278211,1,#66c2a5,bicycle
187394,"9,17E+18",9,1,87,150,2017,12,15,6,3,6,2,1,0,1,0,0,0,0,1,728439006.0,5303799747.0,12.053489178,47.846908525,1,#66c2a5,bicycle
187399,"9,17E+18",9,1,85,158,2017,12,8,6,3,4,7,0,1,0,0,0,0,0,0,667041.7458,5381432.0285,11.264147763,48.563707667,2,#fc8d62,car
187400,"9,17E+18",9,1,85,158,2017,12,12,6,3,6,3,0,1,1,0,0,0,0,0,667165716.0,5380079223.0,11.265283445,48.551513889,2,#fc8d62,car
187402,"9,17E+18",9,1,81,130,2017,12,18,6,3,5,3,0,1,0,0,0,0,2,0,641160.1326,5323972.6179,10.89433348,48.053411347,2,#fc8d62,car
187403,"9,17E+18",9,1,79,123,2017,12,12,6,2,0,1,1,0,0,0,0,0,0,2,675025.9275,5331697.8466,11.351611152,48.114468856,1,#66c2a5,bicycle
187404,"9,17E+18",9,1,79,123,2017,12,8,6,3,5,3,0,1,0,0,0,0,0,1,676681.3191,5332552.6229,11.374187135,48.121695564,2,#fc8d62,car
187405,"9,17E+18",9,1,79,121,2017,12,8,6,3,0,7,1,0,0,0,0,0,0,0,666503.1049,5337774644.0,11.239569614,48.171385252,1,#66c2a5,bicycle
187406,"9,17E+18",9,1,81,123,2017,12,15,6,2,0,1,1,0,0,0,0,0,0,2,656674.9749,5327069495.0,11.103535361,48.077635159,1,#66c2a5,bicycle
187407,"9,17E+18",9,1,81,144,2017,12,13,6,3,0,1,1,0,0,0,0,0,0,2,655399091.0,5319631807.0,11.083716936,48.011074003,1,#66c2a5,bicycle
187408,"9,17E+18",9,1,75,132,2017,12,6,6,3,5,3,1,1,0,0,0,0,2,1,707426.6889,5330841.6166,11.78603262,48.097047481,1,#66c2a5,bicycle
187409,"9,17E+18",9,1,78,124,2017,12,9,6,3,0,1,1,0,0,0,0,0,0,2,704672.8079,5367516.5755,11.766831681,48.427511521,1,#66c2a5,bicycle
187410,"9,17E+18",9,1,62,0,2017,12,14,5,3,5,3,1,1,0,0,0,0,0,0,693392414.0,5332823.5563,11.598639216,48.119274481,1,#66c2a5,bicycle
187411,"9,17E+18",9,1,62,0,2017,12,5,5,3,5,3,0,1,0,0,0,0,2,1,691315337.0,5336408058.0,11.572368416,48.152119076,2,#fc8d62,car
187412,"9,17E+18",9,1,62,0,2017,12,11,5,3,4,2,0,1,0,0,0,0,0,1,691207.0906,5340325.4781,11.572676113,48.187360797,2,#fc8d62,car
187413,"9,17E+18",9,1,62,0,2017,12,7,5,2,6,4,0,1,1,0,0,0,1,1,689003768.0,5342668.2632,11.544104096,48.209077122,2,#fc8d62,car
187414,"9,17E+18",9,1,62,0,2017,12,7,5,3,5,2,1,1,0,0,0,0,1,1,682683.0593,5336218.3043,11.456333223,48.152951549,1,#66c2a5,bicycle
187415,"9,17E+18",9,1,62,0,2017,12,13,5,3,1,5,0,1,0,1,0,0,0,0,691794.9228,5332369.2526,11.576991786,48.115674424,2,#fc8d62,car
187416,"9,17E+18",9,1,62,0,2017,12,15,5,3,2,6,0,1,0,0,0,0,1,0,690667.6545,5334093.1229,11.562632436,48.131507044,2,#fc8d62,car
187417,"9,17E+18",9,1,62,0,2017,12,6,5,2,6,4,0,1,1,0,0,0,2,1,692507.2288,5341938173.0,11.590881996,48.201462514,2,#fc8d62,car
187418,"9,17E+18",9,1,84,145,2017,12,7,5,3,6,4,0,1,1,0,0,0,1,2,694677.5725,5324763.5856,11.612216682,48.046442415,2,#fc8d62,car
187419,"9,17E+18",9,1,62,0,2017,12,10,5,3,0,3,0,1,0,0,0,1,0,1,690291.9722,5336163.9976,11.558513715,48.15023247,2,#fc8d62,car
187420,"9,17E+18",9,1,62,0,2017,12,13,5,3,0,7,1,0,0,0,0,0,0,0,689230.0136,5336297.4591,11.544309449,48.151748849,1,#66c2a5,bicycle
187421,"9,17E+18",9,1,62,0,2017,12,13,5,3,1,4,0,0,1,0,0,1,0,0,691989.5005,5332324.3868,11.579583224,48.115212546,3,#8da0cb,toilet
187422,"9,17E+18",9,1,62,0,2017,12,7,5,3,2,6,0,1,0,0,0,0,1,1,694457.8187,5334203.2464,11.613569246,48.131350151,2,#fc8d62,car
187423,"9,17E+18",9,1,62,0,2017,12,13,5,3,1,7,0,1,1,0,0,0,0,0,689090.0058,5333007.5858,11.54096844,48.122220749,2,#fc8d62,car
187424,"9,17E+18",9,1,62,0,2017,12,1,5,3,0,1,1,0,0,0,0,0,2,1,688550.1085,5334715.4021,11.53447642,48.137731011,1,#66c2a5,bicycle
187425,"9,17E+18",9,1,62,0,2017,12,13,5,3,2,5,1,0,0,0,0,1,0,0,691737.6652,5335366.1482,11.577571695,48.142627385,1,#66c2a5,bicycle
187428,"9,17E+18",9,7,77,114,2017,12,7,5,3,8,1,0,1,0,0,0,0,1,1,617086.0522,5314001.2725,10.568681195,47.968602969,2,#fc8d62,car