OBJECTID,UIDENTSTLA,ULAND,UREGBEZ,UKREIS,UGEMEINDE,UJAHR,UMONAT,USTUNDE,UWOCHENTAG,UKATEGORIE,UART,UTYP1,IstRad,IstPKW,IstFuss,IstKrad,IstGkfz,IstSonstig,ULICHTVERH,STRZUSTAND,LINREFX,LINREFY,XGCSWGS84,YGCSWGS84,Teilnehmer,color,symbol
187429,"9,17E+18",9,7,72,211,2017,12,7,5,3,8,1,0,1,0,0,0,0,1,1,620120.8347,5354013.3393,10.620616338,48.32788414,2,#fc8d62,car
187430,"9,17E+18",9,7,61,0,2017,12,18,5,3,4,2,0,1,0,0,0,0,2,0,637531.4203,5361468.5734,10.857828874,48.391372329,2,#fc8d62,car
187431,"9,17E+18",9,7,61,0,2017,12,18,5,3,0,7,0,0,0,0,0,1,2,0,641182204.0,5358020043.0,10.905958946,48.359557781,6,#ffd92f,circle
187460,"9,17E+18",9,1,63,0,2017,12,14,5,3,2,6,0,1,0,0,0,0,0,0,732776.4448,5305244.8774,12.112156596,47.858336041,2,#fc8d62,car
187461,"9,17E+18",9,1,63,0,2017,12,18,5,3,4,2,1,1,0,0,0,0,2,1,733695.21,5303358.7318,12.123402774,47.841057411,1,#66c2a5,bicycle
187462,"9,17E+18",9,1,74,115,2017,12,13,5,3,2,6,0,1,0,0,0,1,0,0,684200.3963,5347656.5345,11.481679976,48.255325685,2,#fc8d62,car
187463,"9,17E+18",9,1,78,113,2017,12,14,5,3,5,3,0,1,0,0,0,0,0,0,692023.9144,5367220.7704,11.595893086,48.428835909,2,#fc8d62,car
187464,"9,17E+18",9,1,77,133,2017,12,7,5,3,5,3,0,1,0,0,0,0,0,1,709551.5907,5359481.2563,11.82869401,48.353705599,2,#fc8d62,car
187465,"9,17E+18",9,1,78,124,2017,12,7,5,3,6,4,0,1,1,0,0,0,1,1,702908.8448,5365031.9233,11.741812659,48.405754534,2,#fc8d62,car
187466,"9,17E+18",9,1,62,0,2017,12,12,4,3,0,6,0,1,0,1,0,0,0,0,691251.9645,5336862.8935,11.571721628,48.156226139,2,#fc8d62,car
187471,"9,17E+18",9,1,88,118,2017,12,19,5,3,4,6,0,1,0,0,0,0,2,2,671536.25,5313361186.0,11.297421235,47.950574196,2,#fc8d62,car
187472,"9,17E+18",9,1,88,145,2017,12,20,5,3,1,5,0,1,0,0,0,0,2,2,663793.5172,5325673.2776,11.198503343,48.06329374,2,#fc8d62,car
187473,"9,17E+18",9,1,75,127,2017,12,21,5,3,5,1,0,1,0,0,0,0,2,2,711873.1477,5341224.2057,11.850844741,48.188880998,2,#fc8d62,car
187474,"9,17E+18",9,1,62,0,2017,12,9,4,3,5,3,0,1,0,0,0,0,0,0,690715.2275,5340294.8887,11.566051298,48.187233721,2,#fc8d62,car
187475,"9,17E+18",9,1,62,0,2017,12,5,4,3,5,3,0,1,0,0,0,0,2,0,689427.9451,5337173.9823,11.547358227,48.159568158,2,#fc8d62,car
187476,"9,17E+18",9,7,61,0,2017,12,19,4,3,5,3,0,1,0,0,0,0,2,1,641124.4501,5351853.3237,10.903114496,48.304121459,2,#fc8d62,car
187477,"9,17E+18",9,7,71,113,2017,12,19,4,3,9,1,0,1,0,0,0,0,2,2,654597.9859,5368236.3701,11.090714849,48.448266077,2,#fc8d62,car
187478,"9,17E+18",9,1,62,0,2017,12,18,4,3,2,6,0,1,0,0,0,0,2,0,688050.7426,5339675.5804,11.529963365,48.182461663,2,#fc8d62,car
187479,"9,17E+18",9,7,71,122,2017,12,20,4,3,1,1,0,1,0,0,0,1,2,2,654566.8938,5363107.6707,11.088403902,48.402163988,2,#fc8d62,car
187497,"9,17E+18",9,1,74,115,2017,12,12,4,3,5,3,0,1,0,0,0,1,0,0,682035772.0,5346480.6572,11.452038859,48.245381741,2,#fc8d62,car
187498,"9,17E+18",9,1,78,145,2017,12,12,4,2,0,1,1,0,0,0,0,0,0,1,696585.6212,5354470.5906,11.65153306,48.312843771,1,#66c2a5,bicycle
187499,"9,17E+18",9,1,62,0,2017,12,23,3,1,6,4,0,1,1,0,0,0,2,0,684302795.0,5331351206.0,11.475985739,48.108736017,2,#fc8d62,car
187500,"9,17E+18",9,1,62,0,2017,12,8,3,2,5,2,1,1,0,0,0,0,0,1,684973.2666,5337838.7158,11.487801697,48.166854585,1,#66c2a5,bicycle
187510,"9,17E+18",9,1,87,150,2017,12,17,3,3,0,3,0,1,0,0,0,0,2,1,729311.9532,5303490.5109,12.064976589,47.843819419,2,#fc8d62,car
187512,"9,17E+18",9,1,88,141,2017,12,15,3,3,6,7,0,1,1,0,0,0,0,0,669131.4242,5307621.4055,11.262986018,47.899611575,2,#fc8d62,car
187513,"9,17E+18",9,1,84,120,2017,12,3,2,3,1,5,1,1,0,0,0,0,2,0,681162.6827,5332577.3175,11.434361091,48.120658212,1,#66c2a5,bicycle
187516,"9,17E+18",9,7,72,131,2017,12,13,2,3,9,6,0,1,0,0,0,0,0,0,618374.7793,5357578.3985,10.598071118,48.36027467,2,#fc8d62,car
187523,"9,17E+18",9,1,84,146,2017,12,10,1,3,5,3,1,1,0,0,0,0,0,0,699849.4566,5328060.3105,11.683076374,48.074472753,1,#66c2a5,bicycle
187524,"9,17E+18",9,1,84,134,2017,12,21,1,2,9,1,0,1,0,0,0,0,2,2,690027883.0,5318326.8032,11.547037973,47.989988064,2,#fc8d62,car
187527,"9,17E+18",9,7,77,140,2017,12,8,1,3,8,1,0,1,0,0,0,0,0,0,624762919.0,5314039.6297,10.671500596,47.967497473,2,#fc8d62,car
187528,"9,17E+18",9,7,61,0,2017,12,14,1,3,5,3,1,1,0,0,0,0,0,0,641839.9245,5361741.6525,10.916088736,48.392873445,1,#66c2a5,bicycle
187540,"9,17E+18",9,1,62,0,2017,12,14,7,3,1,7,0,1,0,0,0,0,0,0,690351.7306,5334589.6729,11.558612576,48.136064593,2,#fc8d62,car
187541,"9,17E+18",9,1,62,0,2017,12,10,7,3,0,5,1,1,0,0,0,0,0,1,688949.1975,5333346.5593,11.53922846,48.125309296,1,#66c2a5,bicycle
187542,"9,17E+18",9,1,62,0,2017,12,11,7,3,2,6,0,1,0,0,0,0,0,1,684562.1889,5330300.5878,11.479012732,48.099217335,2,#fc8d62,car
187543,"9,17E+18",9,1,62,0,2017,12,11,7,2,5,3,0,1,0,0,0,0,0,0,688651.3444,5335670.1094,11.53625879,48.14628205,2,#fc8d62,car
187544,"9,17E+18",9,1,62,0,2017,12,7,7,2,6,4,0,1,1,0,0,0,2,1,692424.9451,5334383.5006,11.586357269,48.133588066,2,#fc8d62,car
187545,"9,17E+18",9,1,62,0,2017,12,17,7,3,5,2,1,1,0,0,0,0,2,0,692192.38,5339376.4795,11.585489869,48.178534128,1,#66c2a5,bicycle
187546,"9,17E+18",9,1,62,0,2017,12,12,7,3,5,3,0,1,0,0,0,0,0,0,687856.9496,5339788.6773,11.527408785,48.183535522,2,#fc8d62,car
187547,"9,17E+18",9,1,62,0,2017,12,10,7,3,0,2,0,1,0,1,0,0,0,1,692945.0922,5332339.0501,11.592415654,48.115055544,2,#fc8d62,car
187548,"9,17E+18",9,1,62,0,2017,12,8,7,3,5,3,1,1,0,0,0,0,0,0,687306.4564,5332040.9913,11.516600803,48.114059898,1,#66c2a5,bicycle
187549,"9,17E+18",9,1,62,0,2017,12,18,7,3,6,4,0,1,1,0,0,0,2,0,688594.6412,5331937.2584,11.533845158,48.112747366,2,#fc8d62,car
187550,"9,17E+18",9,1,62,0,2017,12,18,7,3,0,5,1,1,0,0,0,0,2,1,690092.5234,5334738.7132,11.55519855,48.137481649,1,#66c2a5,bicycle
187554,"9,17E+18",9,7,72,202,2017,12,11,7,3,0,7,1,1,0,0,0,0,0,0,636121.4073,5356848.7417,10.837296588,48.350136864,1,#66c2a5,bicycle
187555,"9,17E+18",9,7,61,0,2017,12,17,7,3,0,7,1,0,0,0,0,0,2,0,641661.3636,5362438374.0,10.913913033,48.399178181,1,#66c2a5,bicycle
187569,"9,17E+18",9,1,88,121,2017,12,5,7,3,8,1,0,1,0,0,0,0,2,1,669366.5828,5330130.7716,11.27501445,48.101911283,2,#fc8d62,car
187570,"9,17E+18",9,1,74,115,2017,12,14,7,3,0,7,1,0,0,0,0,0,0,0,680382.2007,5348727.9345,11.430743884,48.266054466,1,#66c2a5,bicycle
187571,"9,17E+18",9,1,84,114,2017,12,11,7,3,2,6,0,1,0,0,0,0,0,0,699104.9308,5323440.0163,11.670942183,48.033181615,2,#fc8d62,car
187572,"9,17E+18",9,1,62,0,2017,12,20,6,3,5,3,0,1,0,0,0,0,2,1,692622.0077,5334816.0413,11.58919874,48.137416035,2,#fc8d62,car
187573,"9,17E+18",9,1,62,0,2017,12,11,6,3,5,2,0,1,0,0,0,0,0,1,688033.7947,5339632.9854,11.529716735,48.182083829,2,#fc8d62,car
187574,"9,17E+18",9,1,62,0,2017,12,17,6,3,5,2,0,1,0,0,0,0,2,1,690198.5279,5333289.0995,11.555974907,48.124420823,2,#fc8d62,car
187575,"9,17E+18",9,1,62,0,2017,12,17,6,3,5,2,1,1,0,0,0,0,2,1,688296.4784,5336371.28,11.531802921,48.152689419,1,#66c2a5,bicycle
187576,"9,17E+18",9,1,62,0,2017,12,16,6,3,2,7,1,1,0,0,0,0,1,1,691154.6198,5335045.0408,11.569597741,48.139916741,1,#66c2a5,bicycle
187577,"9,17E+18",9,1,62,0,2017,12,12,6,3,6,7,0,1,1,0,0,0,0,0,691030.4799,5335091.4389,11.56795154,48.140371045,2,#fc8d62,car
187578,"9,17E+18",9,1,62,0,2017,12,18,6,3,0,3,0,1,0,0,0,1,2,0,694609.9481,5332460.4714,11.614816061,48.115640273,2,#fc8d62,car
187586,"9,17E+18",9,7,61,0,2017,12,16,6,3,5,3,0,1,0,0,0,0,2,1,639285.3821,5360256.2695,10.881106993,48.380086691,2,#fc8d62,car
187587,"9,17E+18",9,7,61,0,2017,12,10,6,3,6,4,0,1,1,0,0,0,0,1,641076.2299,5358748.0986,10.904773272,48.366127883,2,#fc8d62,car
187604,"9,17E+18",9,2,74,126,2017,12,16,6,3,5,3,0,1,0,0,0,0,2,1,733173.9873,5383948.4041,12.16071972,48.565212311,2,#fc8d62,car
187605,"9,17E+18",9,2,74,126,2017,12,7,6,3,5,3,0,1,0,0,0,0,2,1,733216.64,5382216805.0,12.160327002,48.549642173,2,#fc8d62,car
187607,"9,17E+18",9,1,73,126,2017,12,18,6,2,5,3,1,1,0,0,0,0,2,1,684836341.0,5305831.4572,11.472158377,47.879190147,1,#66c2a5,bicycle
187608,"9,17E+18",9,1,63,0,2017,12,12,6,3,5,6,0,1,0,0,0,0,0,1,734484.8078,5304884835.0,12.134766548,47.854480415,2,#fc8d62,car
187609,"9,17E+18",9,1,63,0,2017,12,20,6,3,5,3,1,0,0,0,0,1,2,1,732959.7324,5306777.0265,12.115428892,47.87203459,1,#66c2a5,bicycle
187611,"9,17E+18",9,1,87,150,2017,12,15,6,3,5,2,0,1,0,0,0,1,0,1,729866.6764,5304286.3321,12.07280269,47.850771384,2,#fc8d62,car
187613,"9,17E+18",9,1,62,0,2017,12,19,5,3,6,2,0,1,1,0,0,0,1,1,681042.5585,5335772.0337,11.434106173,48.149409206,2,#fc8d62,car
187614,"9,17E+18",9,1,62,0,2017,12,17,5,3,6,2,0,1,1,0,0,0,2,1,687407.4511,5339589.7562,11.521279622,48.181880334,2,#fc8d62,car
187615,"9,17E+18",9,1,62,0,2017,12,15,5,3,5,3,1,1,0,0,0,0,1,1,690870.4608,5339140.4537,11.567619197,48.176811205,1,#66c2a5,bicycle
187616,"9,17E+18",9,1,62,0,2017,12,7,5,3,5,3,1,1,0,0,0,0,1,1,689071969.0,5332577.6449,11.540535643,48.118361736,1,#66c2a5,bicycle
187617,"9,17E+18",9,1,62,0,2017,12,17,5,1,6,4,0,1,1,0,0,0,2,1,692375.6571,5341915.1809,11.58910268,48.201295746,2,#fc8d62,car
187618,"9,17E+18",9,1,62,0,2017,12,10,5,3,5,7,0,1,0,0,0,1,0,1,695745.8793,5333959.6358,11.630750382,48.128765888,2,#fc8d62,car
187619,"9,17E+18",9,1,62,0,2017,12,5,5,2,5,3,0,1,0,0,0,0,2,1,684162.5629,5341224.1242,11.478376048,48.197519637,2,#fc8d62,car
187620,"9,17E+18",9,1,62,0,2017,12,16,5,3,6,4,0,0,1,0,0,1,2,1,691666.03,5333751.4367,11.575883198,48.128136154,3,#8da0cb,toilet
187621,"9,17E+18",9,1,62,0,2017,12,23,5,3,4,2,0,1,0,0,0,0,2,1,690724.3209,5340289.2642,11.566170996,48.187180439,2,#fc8d62,car
187622,"9,17E+18",9,1,62,0,2017,12,16,5,3,0,1,0,0,0,1,0,0,2,1,686782.7714,5336726.0656,11.511625963,48.156324681,4,#e78ac3,marker
187623,"9,17E+18",9,1,62,0,2017,12,18,5,3,5,2,0,1,0,0,0,0,2,1,686744.7519,5330253.1347,11.508278888,48.098154905,2,#fc8d62,car
187624,"9,17E+18",9,1,62,0,2017,12,8,5,3,5,3,0,1,0,0,0,0,1,2,687773.2644,5327558.2294,11.52089492,48.073629964,2,#fc8d62,car
187625,"9,17E+18",9,1,62,0,2017,12,7,5,3,5,3,1,1,0,0,0,0,2,1,691606.8614,5332679.9997,11.574607236,48.118524,1,#66c2a5,bicycle
187626,"9,17E+18",9,1,62,0,2017,12,15,5,3,0,5,1,1,0,0,0,0,0,1,689082.3163,5333261.8057,11.54097798,48.124507996,1,#66c2a5,bicycle
187627,"9,17E+18",9,1,62,0,2017,12,17,5,3,6,2,0,1,1,0,0,0,2,1,690659.6437,5337641.3844,11.564114001,48.163401008,2,#fc8d62,car
187628,"9,17E+18",9,1,62,0,2017,12,12,5,3,6,4,0,1,1,0,0,0,0,0,691569.1833,5334323.8495,11.574840344,48.133310088,2,#fc8d62,car
187638,"9,17E+18",9,7,61,0,2017,12,17,5,3,0,6,1,1,0,0,0,0,1,0,640820936.0,5358541768.0,10.901259261,48.364329637,1,#66c2a5,bicycle
187639,"9,17E+18",9,7,61,0,2017,12,19,5,3,4,2,1,1,0,0,0,0,2,0,640712511.0,5359253829.0,10.900034461,48.370756423,1,#66c2a5,bicycle
187640,"9,17E+18",9,7,71,113,2017,12,17,5,2,6,4,0,1,1,0,0,0,1,1,657014.7095,5369680.5019,11.123916053,48.460651016,2,#fc8d62,car
187666,"9,17E+18",9,2,61,0,2017,12,17,5,3,4,3,0,1,0,0,0,0,2,1,734457614.0,5381726052.0,12.176840417,48.544771446,2,#fc8d62,car
187667,"9,17E+18",9,2,61,0,2017,12,18,5,3,1,6,0,1,0,0,0,0,2,1,731475899.0,5382869.8848,12.137138144,48.556153375,2,#fc8d62,car
187670,"9,17E+18",9,1,82,120,2017,12,17,5,3,2,6,0,1,0,0,0,0,1,1,702744653.0,5306566.8451,11.711759326,47.880395122,2,#fc8d62,car
187672,"9,17E+18",9,1,79,145,2017,12,17,5,3,4,2,1,1,0,0,0,0,2,1,674824.8815,5338078.4751,11.351532102,48.171881999,1,#66c2a5,bicycle
187673,"9,17E+18",9,1,79,121,2017,12,17,5,3,6,4,0,1,1,0,0,0,2,1,665415.3623,5336854.7012,11.224592418,48.16339888,2,#fc8d62,car
187674,"9,17E+18",9,1,78,120,2017,12,16,5,3,0,1,1,0,0,0,0,0,2,1,694737.9526,5353336.7428,11.626115949,48.303225198,1,#66c2a5,bicycle
187675,"9,17E+18",9,1,78,124,2017,12,8,5,2,4,2,1,1,0,0,0,0,0,1,702302.0248,5364861.7211,11.733540682,48.404420058,1,#66c2a5,bicycle
187676,"9,17E+18",9,1,62,0,2017,12,12,4,3,5,3,0,1,0,0,0,0,0,1,691119.37,5338107691.0,11.570499797,48.167454079,2,#fc8d62,car
187677,"9,17E+18",9,1,62,0,2017,12,9,4,3,5,3,0,1,0,0,0,0,0,0,694394.7585,5334969.5013,11.613072264,48.138256212,2,#fc8d62,car
187678,"9,17E+18",9,1,62,0,2017,12,17,4,3,4,2,0,1,0,0,0,0,2,0,698563.9089,5335292.3339,11.669202459,48.139870339,2,#fc8d62,car
187679,"9,17E+18",9,1,62,0,2017,12,19,4,3,1,5,0,1,0,1,0,0,2,0,690565.2001,5334016.0391,11.56122237,48.130844899,2,#fc8d62,car
187680,"9,17E+18",9,1,62,0,2017,12,17,4,3,2,6,0,1,0,0,0,0,2,0,690682.3505,5336020.4157,11.563692665,48.148825058,2,#fc8d62,car
187681,"9,17E+18",9,1,62,0,2017,12,10,4,3,2,6,0,1,0,0,0,1,0,1,688440.2167,5339645.9768,11.535184755,48.182080188,2,#fc8d62,car
187682,"9,17E+18",9,1,62,0,2017,12,18,4,3,5,2,1,1,0,0,0,0,2,0,691861.4257,5335837.8934,11.579446261,48.146830044,1,#66c2a5,bicycle
187683,"9,17E+18",9,1,62,0,2017,12,16,4,3,4,1,0,0,0,1,0,1,2,1,683319.5264,5339882.4223,11.466462618,48.185703633,4,#e78ac3,marker
187684,"9,17E+18",9,1,62,0,2017,12,16,4,3,6,4,0,1,1,0,0,0,1,0,689060.5182,5336488.7838,11.542117803,48.153518896,2,#fc8d62,car
187685,"9,17E+18",9,1,62,0,2017,12,8,4,3,5,3,1,1,0,0,0,0,0,1,692213.3708,5337115.8275,11.584750089,48.158209597,1,#66c2a5,bicycle
187686,"9,17E+18",9,1,62,0,2017,12,17,4,3,2,6,0,1,0,0,0,0,1,0,692015.3988,5336364.6763,11.581751769,48.151518212,2,#fc8d62,car
187690,"9,17E+18",9,7,61,0,2017,12,13,4,3,4,2,0,1,0,0,0,0,0,0,640785.4404,5359238.5311,10.901013538,48.370602605,2,#fc8d62,car
187712,"9,17E+18",9,1,90,157,2017,12,12,4,3,5,7,1,1,0,0,0,0,0,0,660090.4189,5300189.5547,11.139353957,47.835110662,1,#66c2a5,bicycle
187713,"9,17E+18",9,1,63,0,2017,12,19,4,3,5,3,1,1,0,0,0,0,2,0,732518.5504,5305234.5801,12.108708334,47.858336886,1,#66c2a5,bicycle
187714,"9,17E+18",9,1,87,122,2017,12,7,4,3,2,6,0,1,0,0,0,0,1,0,717664.0142,5307135.1727,11.911338505,47.880618455,2,#fc8d62,car
187716,"9,17E+18",9,1,79,142,2017,12,20,4,3,8,7,0,1,0,0,0,0,2,1,676147.7989,5344962.9667,11.372167932,48.233402512,2,#fc8d62,car
187717,"9,17E+18",9,1,81,130,2017,12,15,4,3,9,1,0,1,0,0,0,0,0,0,641162.3459,5323969.4848,10.894362131,48.053382684,2,#fc8d62,car
187718,"9,17E+18",9,1,77,117,2017,12,16,4,3,2,6,0,1,0,0,0,0,1,0,715195.6929,5351742.2642,11.900834068,48.28227206,2,#fc8d62,car
187719,"9,17E+18",9,1,62,0,2017,12,20,3,3,2,6,0,1,0,0,0,0,2,1,694300.2043,5329492.0854,11.609307302,48.089055945,2,#fc8d62,car
187720,"9,17E+18",9,1,62,0,2017,12,8,3,3,3,6,1,1,0,0,0,0,0,0,689642.8692,5335661.3041,11.549571431,48.145908103,1,#66c2a5,bicycle
187721,"9,17E+18",9,1,62,0,2017,12,7,3,3,5,2,1,1,0,0,0,0,1,0,685341.7834,5334451.6521,11.491278241,48.136302866,1,#66c2a5,bicycle
187722,"9,17E+18",9,1,62,0,2017,12,16,3,3,0,4,0,1,1,0,0,0,1,0,684755.8968,5331167.8772,11.481987553,48.106956894,2,#fc8d62,car
187723,"9,17E+18",9,1,62,0,2017,12,9,3,3,2,6,0,1,0,0,0,0,0,0,686283762.0,5333271.0374,11.503411222,48.125416007,2,#fc8d62,car
187724,"9,17E+18",9,1,62,0,2017,12,11,3,3,5,2,1,0,0,0,0,1,0,1,684870.5645,5334497.7792,11.484970542,48.136854546,1,#66c2a5,bicycle
187725,"9,17E+18",9,1,62,0,2017,12,13,3,3,1,5,1,1,0,0,0,0,0,1,692143.1804,5332556.9739,11.581750702,48.117256659,1,#66c2a5,bicycle
187726,"9,17E+18",9,1,62,0,2017,12,13,3,3,6,4,1,0,1,0,0,0,0,0,690434.2259,5333079.7682,11.559045533,48.122468894,1,#66c2a5,bicycle
187731,"9,17E+18",9,7,72,200,2017,12,16,3,3,6,4,0,1,1,0,0,0,2,1,630322.1546,5339171.8328,10.75361138,48.192400107,2,#fc8d62,car
187732,"9,17E+18",9,7,72,163,2017,12,9,3,3,5,3,1,1,0,0,0,0,0,0,639551.5152,5349455.8301,10.881122539,48.282912469,1,#66c2a5,bicycle
187733,"9,17E+18",9,7,61,0,2017,12,15,3,3,2,6,0,1,0,0,0,0,0,0,638967.0968,5358835.7006,10.876341269,48.367383452,2,#fc8d62,car
187734,"9,17E+18",9,7,61,0,2017,12,17,3,3,1,2,1,0,0,0,0,1,2,1,640072.5765,5358136.6869,10.891026331,48.360853766,1,#66c2a5,bicycle
187905,"9,17E+18",9,1,62,0,2017,12,22,1,3,0,1,1,0,0,0,0,0,2,1,681096.8259,5337358255.0,11.435510236,48.163651992,1,#66c2a5,bicycle
187906,"9,17E+18",9,1,62,0,2017,12,10,1,3,5,3,0,1,0,0,0,0,0,0,686251302.0,5333286491.0,11.502982187,48.125564407,2,#fc8d62,car
187907,"9,17E+18",9,1,62,0,2017,12,10,1,3,5,3,0,1,0,0,0,0,0,0,688543.64,5339017.4727,11.536295907,48.176400461,2,#fc8d62,car
187908,"9,17E+18",9,1,62,0,2017,12,9,1,3,5,3,1,1,0,0,0,0,0,0,690235.1867,5337388.2338,11.558298324,48.161252848,1,#66c2a5,bicycle
187911,"9,17E+18",9,7,62,0,2017,12,17,1,3,5,3,0,1,0,1,0,0,2,0,621383.8632,5305409.7772,10.623817086,47.89053316,2,#fc8d62,car
187913,"9,17E+18",9,7,72,125,2017,12,18,1,2,6,4,0,1,1,0,0,0,2,1,636292.0258,5347456.0011,10.836564321,48.265639907,2,#fc8d62,car
187914,"9,17E+18",9,7,61,0,2017,12,19,1,3,5,3,0,1,0,0,0,0,2,0,644058.1953,5358386.4181,10.944887233,48.36220236,2,#fc8d62,car
187915,"9,17E+18",9,7,61,0,2017,12,13,1,3,6,2,0,1,1,0,0,0,0,0,643433.9768,5358709.9479,10.936575173,48.365253501,2,#fc8d62,car
187916,"9,17E+18",9,7,61,0,2017,12,17,1,3,4,2,0,1,0,0,0,0,1,1,641037.5966,5358632.8943,10.904213327,48.365100641,2,#fc8d62,car
187919,"9,17E+18",9,1,79,121,2017,12,17,1,2,0,4,0,1,1,0,0,0,2,0,667806.6831,5338771.3839,11.257483003,48.180003021,2,#fc8d62,car
187920,"9,17E+18",9,1,78,145,2017,12,12,1,3,5,1,0,1,0,1,0,0,0,0,699132.0654,5355461.3502,11.686308074,48.32095094,2,#fc8d62,car
187921,"9,17E+18",9,1,77,117,2017,12,7,1,3,8,7,0,1,0,0,0,0,1,1,716149569.0,5350868.1388,11.913228108,48.274093057,2,#fc8d62,car
187923,"9,17E+18",9,7,61,0,2017,12,9,7,3,5,3,0,1,0,0,0,0,0,2,639294.6787,5359803.4443,10.881082414,48.376012953,2,#fc8d62,car
187937,"9,17E+18",9,1,81,130,2017,12,11,7,2,0,1,1,0,0,0,0,0,0,2,641159.3125,5323992.6085,10.894329076,48.053591287,1,#66c2a5,bicycle
187938,"9,17E+18",9,1,62,0,2017,12,9,6,3,2,1,0,1,0,0,0,0,0,2,689551781.0,5340419413.0,11.550468973,48.188701167,2,#fc8d62,car
187939,"9,17E+18",9,1,62,0,2017,12,21,6,3,6,4,0,1,1,0,0,0,2,2,689479.5938,5334910.5227,11.547044522,48.139208685,2,#fc8d62,car
187940,"9,17E+18",9,1,62,0,2017,12,16,6,3,5,3,0,1,0,0,0,1,0,0,692659.6042,5334794.3057,11.58969374,48.137209299,2,#fc8d62,car
187941,"9,17E+18",9,1,62,0,2017,12,9,6,3,0,5,1,0,1,0,0,0,0,2,690852.2984,5334883.7815,11.56546575,48.138558102,1,#66c2a5,bicycle
187942,"9,17E+18",9,1,62,0,2017,12,20,6,3,3,2,0,1,0,0,0,0,2,2,680217186.0,5338515772.0,11.424181869,48.174306711,2,#fc8d62,car
187943,"9,17E+18",9,1,62,0,2017,12,9,6,3,6,7,0,1,1,0,0,0,0,2,691440.5963,5333927.2222,11.572935636,48.129783934,2,#fc8d62,car
187944,"9,17E+18",9,1,62,0,2017,12,13,6,3,0,7,1,1,0,0,0,0,0,1,690526.1675,5335800.4762,11.561496553,48.146895051,1,#66c2a5,bicycle
187947,"9,17E+18",9,7,62,0,2017,12,20,6,3,6,4,0,1,1,0,0,0,2,0,621958.8206,5307538.2469,10.632107102,47.909566951,2,#fc8d62,car
187948,"9,17E+18",9,7,61,0,2017,12,15,6,3,2,6,1,1,0,0,0,0,0,1,640201.9839,5358443.1564,10.892874518,48.363580724,1,#66c2a5,bicycle
187949,"9,17E+18",9,7,71,113,2017,12,10,6,2,8,1,0,0,0,0,0,1,0,2,656818.5377,5369706.9324,11.121274264,48.46093756,6,#ffd92f,circle
187964,"9,17E+18",9,1,87,117,2017,12,12,6,3,0,1,1,0,0,0,0,0,0,2,724066.1972,5305426.4375,11.995964878,47.863063414,1,#66c2a5,bicycle
187966,"9,17E+18",9,1,88,139,2017,12,15,6,3,2,2,0,1,0,0,0,1,0,2,674974.9057,5318940.1193,11.345708078,47.999796886,2,#fc8d62,car
187967,"9,17E+18",9,1,79,142,2017,12,5,6,3,2,1,0,1,0,0,0,1,2,2,673086.4462,5341030.1963,11.329371583,48.198892183,2,#fc8d62,car
187968,"9,17E+18",9,1,79,145,2017,12,13,6,2,6,4,0,1,1,0,0,0,0,2,675450111.0,5339226.8523,11.360408605,48.182032779,2,#fc8d62,car
187969,"9,17E+18",9,1,79,114,2017,12,17,6,3,8,1,0,1,0,0,0,0,2,2,653887826.0,5345355.3426,11.072755665,48.24272306,2,#fc8d62,car
187970,"9,17E+18",9,1,74,115,2017,12,9,6,2,0,1,1,0,0,0,0,0,0,2,681816.2016,5347602.0125,11.449565659,48.255524125,1,#66c2a5,bicycle
187971,"9,17E+18",9,1,78,145,2017,12,14,6,3,5,3,1,1,0,0,0,0,0,0,696606023.0,5354482.6542,11.651813554,48.312945845,1,#66c2a5,bicycle
187972,"9,17E+18",9,1,62,0,2017,12,20,5,3,8,3,0,1,0,0,0,0,2,2,687840.2359,5339617.5638,11.5271085,48.182002472,2,#fc8d62,car
187973,"9,17E+18",9,1,62,0,2017,12,14,5,3,6,4,0,1,1,0,0,0,0,1,689680.5838,5333387.2067,11.54906535,48.125457144,2,#fc8d62,car
187974,"9,17E+18",9,1,62,0,2017,12,7,5,3,6,2,0,1,1,0,0,0,1,1,679597.8503,5335400.2947,11.414543287,48.146477224,2,#fc8d62,car
187975,"9,17E+18",9,1,62,0,2017,12,8,5,3,5,3,0,1,0,0,0,0,0,1,688011.3635,5328278.8953,11.52440529,48.080037397,2,#fc8d62,car
187977,"9,17E+18",9,7,61,0,2017,12,7,5,3,5,3,0,1,0,0,0,0,2,1,642424843.0,5360881.4331,10.923694018,48.385006954,2,#fc8d62,car
187978,"9,17E+18",9,7,71,113,2017,12,19,5,3,2,6,0,1,0,0,0,0,2,2,658253.9432,5367939.0863,11.140008577,48.444684872,2,#fc8d62,car
187993,"9,17E+18",9,2,61,0,2017,12,11,5,3,5,3,0,1,0,1,0,0,0,1,730017868.0,5381539088.0,12.116673399,48.544735241,2,#fc8d62,car
187998,"9,17E+18",9,1,63,0,2017,12,7,5,3,0,1,1,0,0,0,0,0,1,2,732938.5792,5305587.2667,12.11450539,47.861353356,1,#66c2a5,bicycle